<?xml version="1.0"?>
<VTKFile type="UnstructuredGrid" version="2.2">
  <UnstructuredGrid>
    <Piece NumberOfPoints="2197" NumberOfCells="6705">
      <Points>
        <DataArray type="Float64" NumberOfComponents="3" format="ascii">5.424999999995321 -0.2 47.5925 6.212499999997666 -0.2 46.80193017763668 7.000000000000009 0 47.5925 7.000000000000009 -0.2 47.5925 7.010666666666675 0 46.00608333333334 6.067166666663755 0 46.79929166666666 7.010666666666675 -0.2 46.00608333333334 4.999999999994355 0 47.5925 4.637499999997661 -0.2 46.79929166666668 5.430333333328914 -0.2 46.00608333333334 5.257999999993982 0 46.00608333333334 6.138999999997384 0 45.21287500000001 3.85 -0.2 47.5925 7.021333333333342 0 44.41966666666667 5.435666666661382 -0.2 44.41966666666667 3.505333333325102 0 46.00608333333334 3.85 -0.2 46.00608333333334 5.265999999995538 0 44.41966666666667 2.999999999988551 0 47.5925 4.640166666664411 -0.2 45.21287500000005 7.021333333333342 -0.2 44.41966666666667 3.45 -0.2 47.5925 3.45 -0.2 46.00608333333334 4.384999999993089 0 45.21287500000001 6.148333333331139 0 43.62645833333334 3.85 -0.2 44.41966666666667 2.85 -0.2 46.79929166666668 3.85 -1.005446777779304 46.79945328763402 3.45 -0.2 44.41966666666667 3.510666666657734 0 44.41966666666667 7.032000000000008 0 42.83325000000001 5.440999999995753 -0.2 42.83325000000001 5.273999999995669 0 42.83325000000001 4.644166666664283 -0.2 43.62645833333333 2.25 -0.2 47.5925 1.75266666665033 0 46.00608333333334 3.85 -1.352233888891965 46.00608333333334 2.85 -0.2 45.21287500000001 3.85 -1.007904055557086 45.21335891921682 4.391666666659894 0 43.62645833333334 2.25 -0.2 46.00608333333334 3.85 -1.350000000003037 47.5925 3.450000000000001 -1.150583333333333 46.79929166666667 3.45 -1.152916666666667 45.21287500000001 7.032000000000008 -0.2 42.83325000000001 3.85 -0.2 42.83325000000001 1.85 -0.2 47.5925 2.630999999988274 0 45.21287500000001 3.45 -2.102333333333333 46.00608333333334 3.85 -1.742429688890416 46.79932399086015 2.25 -0.2 44.41966666666667 3.85 -1.358935555558592 44.41966666666667 3.45 -0.2 42.83325000000001 3.515999999990638 0 42.83325000000001 6.157666666664407 0 42.04004166666667 3.45 -2.1 47.5925 0.9999999999845839 0 47.5925 1.85 -0.2 46.00608333333334 1.75533333331993 0 44.41966666666667 3.85 -1.748282477779306 45.21297178384336 2.85 -0.2 43.62645833333334 3.85 -1.013488777779331 43.62726643817003 3.45 -2.109333333333333 44.41966666666667 7.042666666666674 0 41.24683333333333 5.44633333332874 -0.2 41.24683333333333 5.281999999995277 0 41.24683333333333 4.646833333331124 -0.2 42.04004166666667 0.924999999997547 -0.2 46.79929166666668 1.85 -1.005446777776351 46.79945328763399 3.85 -2.504467777777777 46.00608333333334 2.634999999988736 0 43.62645833333334 3.45 -1.157583333333333 43.62645833333333 4.398333333326454 0 42.04004166666667 3.45 -0.2 41.24683333333333 3.85 -2.5 47.5925 -4.906075545818567e-12 -0.2 47.5925 -1.803179827675194e-11 0 46.00608333333334 1.85 -1.349999999997185 47.5925 -4.906075545818567e-12 -0.2 46.00608333333334 1.85 -1.35223388888598 46.00608333333334 2.25 -1.150583333333334 46.79929166666667 1.85 -0.2 44.41966666666667 0.9249999999975469 -0.2 45.212875 2.25 -0.2 42.83325000000001 3.85 -1.760122088890449 43.62661995430067 3.85 -2.517871111111111 44.41966666666667 3.85 -1.37010500000321 42.83325000000001 2.85 -0.2 42.04004166666667 7.042666666666674 -0.2 41.24683333333333 3.85 -0.2 41.24683333333333 3.521333333324229 0 41.24683333333333 3.85 -1.02220094444605 42.04117961923413 1.85 -1.007904055554068 45.21335891921687 0.8769999999834159 0 45.21287500000001 1.757999999986644 0 42.83325000000001 2.850000000000001 -2.502233888888888 46.79929166666667 3.45 -2.121 42.83325000000001 6.248499999997749 -0.2 40.453625 6.166999999997143 0 40.45362499999998 3.450000000000001 -1.164583333333333 42.04004166666667 -1.000000000015342 0 47.5925 2.25 -2.1 47.5925 1.85 -1.742429688887459 46.79932399086012 2.25 -1.152916666666667 45.21287500000001 2.25 -2.102333333333333 46.00608333333334 -4.906075545818567e-12 -0.2 44.41966666666667 1.85 -1.358935555552481 44.41966666666667 1.85 -0.2 42.83325000000001 0.924999999997547 -0.2 43.62645833333334 2.85 -2.511169444444444 45.212875 1.85 -2.504467777777777 46.00608333333334 1.85 -2.5 47.5925 2.85 -2.101166666666667 46.79929166666668 2.638999999988673 0 42.04004166666667 2.25 -0.2 41.24683333333333 7.053333333333341 0 39.66041666666667 5.289999999993284 0 39.66041666666667 4.649499999997746 -0.2 40.453625 3.85 -1.385742222225432 41.24683333333333 3.85 -0.2 39.66041666666667 -0.925000000002453 -0.2 46.79929166666668 -1.856470532857202e-11 0 44.41966666666667 1.85 -1.748282477776283 45.21297178384339 1.85 -1.013488777776223 43.62726643817002 0.8783333333174487 0 43.62645833333334 2.849999999999999 -2.105833333333333 45.21287500000001 1.760666666653181 0 41.24683333333333 3.85 -2.54021 42.83325000000001 2.85 -2.115166666666666 43.62645833333335 1.85 -2.517871111111111 44.41966666666667 3.85 -1.777948522223828 42.04026925718015 2.85 -0.2 40.453625 7.053333333333341 -0.2 39.66041666666667 5.451666666662246 -0.2 39.66041666666667 4.404999999992197 0 40.45362499999998 3.850000000000001 -0.9651350000015986 40.45468016939279 3.45 -2.137333333333333 41.24683333333333 3.526666666655999 0 39.66041666666667 -1.85 -0.2 47.5925 -1.752666666680672 0 46.00608333333334 -0.8770000000159801 0 45.212875 2.25 -1.157583333333333 43.62645833333333 2.25 -2.109333333333333 44.41966666666667 -4.906075545818567e-12 -0.2 42.83325000000001 1.85 -1.370104999996839 42.83325000000001 1.85 -0.2 41.24683333333333 0.924999999997547 -0.2 42.04004166666667 2.64299999998803 0 40.45362499999999 3.45 -0.2 39.66041666666667 3.45 -1.173916666666666 40.453625 -1.85 -0.2 46.00608333333334 -1.821387485279047e-11 0 42.83325000000001 1.85 -1.760122088887331 43.62661995430067 1.85 -1.02220094444283 42.04117961923412 0.8796666666508923 0 42.04004166666667 2.25 -2.121 42.83325000000001 2.85 -2.529040555555555 43.62645833333334 2.25 -0.2 39.66041666666667 6.256499999998032 -0.2 38.86720833333334 6.176333333330684 0 38.86720833333334 3.850000000000001 -1.787980666668261 40.45383603387855 3.85 -2.571484444444444 41.24683333333333 3.85 -1.405847222225388 39.66041666666667 3.45 -0.2 38.07400000000001 -3.000000000009882 0 47.5925 -0.9250000000024531 -0.2 45.212875 -1.755333333346652 0 44.41966666666667 -0.8783333333491541 0 43.62645833333334 2.25 -1.164583333333333 42.04004166666667 -4.906075545818567e-12 -0.2 41.24683333333333 2.85 -2.129166666666666 42.04004166666667 2.85 -0.2 38.86720833333334 7.064000000000007 0 38.07400000000001 4.652166666664694 -0.2 38.86720833333334 5.297999999996106 0 38.07400000000001 3.45 -2.158333333333333 39.66041666666667 3.850000000000001 -0.9786978968269799 38.86851528570809 4.411666666659398 0 38.86720833333334 3.531999999992204 0 38.07400000000001 -2.25 -0.2 47.5925 -1.85 -0.2 44.41966666666667 1.85 -1.777948522220601 42.04026925718015 1.85 -1.385742222218893 41.24683333333333 0.9249999999975469 -0.2 40.453625 1.85 -0.9651349999983702 40.45468016939282 1.85 -0.2 39.66041666666667 -1.804156823936864e-11 0 41.24683333333333 2.85 -2.555847222222222 42.04004166666667 1.85 -2.54021 42.83325000000001 1.76333333331871 0 39.66041666666667 2.646999999988804 0 38.86720833333334 7.064000000000007 -0.2 38.07400000000001 5.456999999996533 -0.2 38.07400000000001 3.45 -1.185583333333333 38.86720833333333 3.85 -0.2 38.07400000000001 -2.85 -0.2 46.79929166666668 -1.85 -1.005446777779304 46.79945328763402 -2.25 -0.2 46.00608333333334 -2.25 -0.2 44.41966666666667 -0.9250000000024531 -0.2 43.62645833333333 -1.758000000013186 0 42.83325000000001 -0.8796666666822914 0 42.04004166666667 0.8809999999838622 0 40.45362499999998 2.25 -1.173916666666666 40.453625 2.25 -2.137333333333333 41.24683333333333 1.85 -2.571484444444444 41.24683333333333 2.25 -0.2 38.07400000000001 3.85 -2.611694444444444 39.66041666666667 2.85 -2.591589444444443 40.453625 3.850000000000001 -1.817499912699996 38.86746972380829 3.85 -1.430420000003167 38.07400000000001 3.45 -0.2 36.48758333333333 -3.45 -0.2 47.5925 -3.505333333342269 0 46.00608333333334 -1.85 -1.350000000003037 47.5925 -1.85 -1.007904055557086 45.21335891921682 -0.9250000000024532 -0.2 42.04004166666667 -4.906075545818567e-12 -0.2 39.66041666666667 1.85 -1.405847222219136 39.66041666666667 -1.840039232092749e-11 0 39.66041666666667 2.85 -0.2 37.28079166666667 6.26449999999814 -0.2 37.28079166666667 6.185666666664493 0 37.28079166666667 2.85 -2.147833333333333 40.453625 3.85 -0.9951329365095195 37.2823625351183 3.45 -2.184 38.07400000000001 3.537333333324053 0 36.48758333333333 -2.25 -1.150583333333333 46.79929166666667 -1.85 -1.352233888891965 46.00608333333334 -2.631000000011039 0 45.212875 -2.25 -0.2 42.83325000000001 -1.85 -1.358935555558592 44.41966666666667 -1.85 -0.2 42.83325000000001 -1.760666666679724 0 41.24683333333333 1.85 -1.787980666665058 40.45383603387857 1.85 -0.9786978968238382 38.8685152857081 2.25 -2.158333333333333 39.66041666666667 1.85 -0.2 38.07400000000001 -0.8810000000152286 0 40.45362499999999 1.765999999988303 0 38.07400000000001 2.65099999998937 0 37.28079166666667 7.074666666666674 0 36.48758333333333 4.654833333331469 -0.2 37.28079166666667 5.305999999995189 0 36.48758333333333 1.85 -2.611694444444444 39.66041666666667 4.418333333326888 0 37.28079166666667 3.45 -1.199583333333333 37.28079166666667 3.85 -0.2 36.48758333333333 -3.85 -0.2 47.5925 -3.45 -0.2 46.00608333333334 -2.25 -2.1 47.5925 -1.85 -1.742429688890416 46.79932399086015 -2.25 -1.152916666666667 45.21287500000001 -2.85 -0.2 45.21287500000001 -3.510666666674566 0 44.41966666666667 -1.85 -1.013488777779331 43.62726643817003 -2.63500000001064 0 43.62645833333333 -1.85 -0.2 41.24683333333333 0.924999999997547 -0.2 38.86720833333334 2.25 -1.185583333333333 38.86720833333333 2.25 -0.2 36.48758333333333 7.074666666666674 -0.2 36.48758333333333 5.462333333329346 -0.2 36.48758333333333 3.85 -2.660839999999999 38.07400000000001 2.85 -2.636267222222222 38.86720833333333 3.85 -1.90800494331224 37.28415781334876 3.85 -1.459460555558722 36.48758333333333 3.85 -0.2 34.90116666666667 -5.00000000000427 0 47.5925 -2.25 -2.102333333333333 46.00608333333334 -2.25 -1.157583333333333 43.62645833333333 -2.85 -0.2 43.62645833333334 -2.25 -2.109333333333333 44.41966666666667 -1.85 -1.748282477779306 45.21297178384336 -2.25 -0.2 41.24683333333333 -0.9250000000024532 -0.2 40.453625 0.8823333333182961 0 38.86720833333334 -1.763333333344748 0 39.66041666666667 1.85 -1.817499912696845 38.86746972380829 1.85 -1.430419999996805 38.07400000000001 2.850000000000001 -2.171166666666667 38.86720833333334 3.45 -2.214333333333333 36.48758333333333 2.85 -0.2 35.694375 3.850000000000001 -1.014440119049202 35.69622461386678 4.424999999992957 0 35.694375 3.542666666657393 0 34.90116666666667 -4.637500000002083 -0.2 46.79929166666667 -3.85 -1.005446777776351 46.79945328763399 -3.85 -0.2 46.00608333333334 -3.45 -0.2 44.41966666666667 -1.85 -2.5 47.5925 -1.85 -1.37010500000321 42.83325000000001 -3.516000000008158 0 42.83325000000001 -1.85 -1.760122088890449 43.62661995430067 -1.85 -1.02220094444605 42.04117961923413 -2.639000000010575 0 42.04004166666666 -1.85 -0.2 39.66041666666667 -4.906075545818567e-12 -0.2 38.07400000000001 -1.542854732861088e-11 0 38.07400000000001 -0.8823333333474401 0 38.86720833333334 2.25 -2.184 38.07400000000001 1.85 -0.9951329365063399 37.2823625351183 1.85 -0.2 36.48758333333333 1.768666666652919 0 36.48758333333333 6.272499999998054 -0.2 35.694375 6.194999999997599 0 35.694375 2.654999999988489 0 35.694375 3.45 -0.2 34.90116666666667 4.657499999998049 -0.2 35.69437499999999 -5.425000000004168 -0.2 47.5925 -5.258000000002998 0 46.00608333333334 -3.85 -1.349999999997185 47.5925 -3.450000000000001 -1.150583333333334 46.79929166666667 -1.85 -2.504467777777777 46.00608333333334 -2.25 -2.121 42.83325000000001 -3.45 -0.2 42.83325000000001 -1.85 -2.517871111111111 44.41966666666667 -2.25 -1.164583333333333 42.04004166666667 -2.85 -0.2 42.04004166666667 -2.25 -0.2 39.66041666666667 -0.925000000002453 -0.2 38.86720833333334 2.25 -1.199583333333333 37.28079166666667 0.924999999997547 -0.2 37.28079166666667 7.08533333333334 0 34.90116666666667 5.313999999995191 0 34.90116666666667 1.85 -2.660839999999999 38.07400000000001 2.85 -2.689880555555555 37.28079166666667 3.85 -2.718921111111111 36.48758333333333 2.25 -0.2 34.90116666666667 3.45 -1.224666666669355 34.90116666666667 3.850000000000001 -1.9500157312941 35.69833845828599 3.85 -0.2 33.31475 -6.067166666668488 0 46.79929166666665 -3.85 -1.35223388888598 46.00608333333334 -3.85 -1.007904055554068 45.21335891921687 -2.85 -2.101166666666667 46.79929166666668 -1.85 -1.385742222225432 41.24683333333333 -3.521333333341233 0 41.24683333333333 -1.85 -0.9651350000015986 40.45468016939279 -2.643000000010285 0 40.45362499999998 -1.766000000011184 0 38.07400000000001 1.85 -1.908004943309061 37.28415781334877 0.8836666666518505 0 37.28079166666667 1.85 -1.459460555552367 36.48758333333333 1.771333333319591 0 34.90116666666667 7.08533333333334 -0.2 34.90116666666667 5.467666666662852 -0.2 34.90116666666667 2.85 -2.199166666666667 37.28079166666667 3.45 -0.9212333333346866 34.10921457293691 3.85 -1.492968888892056 34.90116666666667 4.431666666659982 0 34.10795833333333 3.547999999994107 0 33.31475 -7.000000000000009 0 47.5925 -6.21250000000209 -0.2 46.80193017763636 -4.385000000005708 0 45.21287500000001 -5.430333333337154 -0.2 46.00608333333334 -3.45 -2.1 47.5925 -3.85 -1.742429688887459 46.79932399086012 -3.45 -2.102333333333333 46.00608333333334 -3.85 -0.2 44.41966666666667 -3.45 -1.152916666666667 45.21287500000001 -2.850000000000001 -2.502233888888888 46.79929166666667 -3.85 -0.2 42.83325000000001 -1.85 -1.777948522223828 42.04026925718015 -1.85 -2.54021 42.83325000000001 -2.85 -2.511169444444444 45.212875 -2.25 -2.137333333333333 41.24683333333333 -3.45 -0.2 41.24683333333333 -2.25 -1.173916666666666 40.453625 -2.85 -0.2 40.453625 -1.85 -1.405847222225388 39.66041666666667 2.25 -2.214333333333333 36.48758333333333 -4.906075545818567e-12 -0.2 36.48758333333333 1.85 -1.014440119046007 35.69622461386678 1.85 -0.2 34.90116666666667 0.924999999997547 -0.2 35.694375 3.45 -2.249333333333333 34.90116666666667 2.85 -0.2 34.10795833333333 3.85 -0.9822951587318971 34.10949110823594 4.660166666664651 -0.2 34.10795833333333 3.45 -0.2 33.31475 -4.640166666668577 -0.2 45.21287499999993 -7.010666666666675 0 46.00608333333334 -3.85 -1.358935555552481 44.41966666666667 -3.85 -2.5 47.5925 -3.85 -2.504467777777777 46.00608333333334 -4.3916666666723 0 43.62645833333334 -3.85 -0.2 41.24683333333333 -3.85 -1.013488777776223 43.62726643817002 -2.85 -2.529040555555555 43.62645833333334 -3.85 -2.517871111111111 44.41966666666667 -2.849999999999999 -2.105833333333333 45.21287500000001 -3.526666666675436 0 39.66041666666667 -2.647000000009534 0 38.86720833333334 -1.85 -0.2 38.07400000000001 -1.85 -0.9786978968269799 38.86851528570809 -0.88366666668129 0 37.28079166666667 0.8849999999840201 0 35.69437499999999 6.280499999997987 -0.2 34.10795833333333 6.204333333330444 0 34.10795833333334 1.85 -2.718921111111111 36.48758333333333 2.85 -2.752429444444444 35.69437500000001 3.85 -2.785937777777778 34.90116666666667 2.658999999989173 0 34.10795833333333 1.773999999985601 0 33.31475 3.45 -1.585746666668022 34.10820958125404 5.321999999993237 0 33.31475 3.45 -1.244500000002734 33.31475 3.85 -0.2 31.72833333333334 -7.000000000000009 -0.2 47.5925 -5.266000000002999 0 44.41966666666667 -6.139000000001503 0 45.212875 -3.85 -1.748282477776283 45.21297178384339 -3.45 -2.109333333333333 44.41966666666667 -5.274000000003475 0 42.83325000000001 -4.398333333338901 0 42.04004166666667 -3.85 -1.370104999996839 42.83325000000001 -3.45 -1.157583333333333 43.62645833333333 -3.85 -1.02220094444283 42.04117961923412 -2.85 -2.115166666666666 43.62645833333333 -1.85 -1.787980666668261 40.45383603387855 -1.85 -2.571484444444444 41.24683333333333 -2.25 -2.158333333333333 39.66041666666667 -3.45 -0.2 39.66041666666667 -2.25 -0.2 38.07400000000001 -2.25 -1.185583333333333 38.86720833333333 -1.839151053673049e-11 0 36.48758333333333 -0.9250000000024532 -0.2 37.28079166666667 2.25 -1.224666666664211 34.90116666666667 1.85 -1.950015731290902 35.698338458286 -4.906075545818567e-12 -0.2 34.90116666666667 7.096000000000006 0 33.31475 2.85 -2.231833333333333 35.69437500000001 1.85 -0.2 33.31475 0.9249999999975469 -0.2 34.10795833333333 2.25 -0.2 33.31475 3.85 -2.033001308715716 34.11547205846816 5.472999999995753 -0.2 33.31475 3.85 -1.530945000004686 33.31475 3.45 -0.9355833333347174 32.52297015154699 4.438333333326854 0 32.52154166666667 3.553333333324488 0 31.72833333333334 -7.010666666666675 -0.2 46.00608333333334 -5.435666666670572 -0.2 44.41966666666667 -4.64416666666849 -0.2 43.62645833333333 -2.85 -2.555847222222222 42.04004166666667 -3.85 -2.54021 42.83325000000001 -3.85 -0.2 39.66041666666667 -5.282000000002739 0 41.24683333333333 -4.646833333335179 -0.2 42.04004166666667 -2.85 -0.2 38.86720833333334 -3.532000000006765 0 38.07400000000001 -2.25 -0.2 36.48758333333333 -1.85 -1.817499912699996 38.86746972380829 -1.768666666680156 0 36.48758333333333 -1.85 -0.2 36.48758333333333 -1.803801552568984e-11 0 34.90116666666667 7.096000000000006 -0.2 33.31475 2.25 -2.249333333333333 34.90116666666667 1.85 -2.785937777777778 34.90116666666667 2.25 -0.9212333333319992 34.10921457293688 1.85 -1.492968888885575 34.90116666666667 0.8863333333166261 0 34.10795833333333 3.85 -1.005614223358232 32.52330050787037 4.662833333331297 -0.2 32.52154166666666 2.85 -0.2 32.52154166666667 3.45 -0.2 31.72833333333334 -7.021333333333342 -0.2 44.41966666666667 -3.85 -1.760122088887331 43.62661995430067 -5.441000000003386 -0.2 42.83325000000001 -2.85 -2.129166666666666 42.04004166666667 -3.85 -1.385742222218893 41.24683333333333 -3.45 -1.164583333333333 42.04004166666667 -3.850000000000001 -0.9651349999983702 40.45468016939282 -4.405000000005948 0 40.45362499999998 -3.45 -2.121 42.83325000000001 -1.85 -2.611694444444444 39.66041666666667 -2.651000000009963 0 37.28079166666667 -1.85 -1.430420000003167 38.07400000000001 -1.85 -0.9951329365095196 37.2823625351183 2.85 -2.823913888888889 34.10795833333334 3.45 -2.289 33.31475 1.85 -0.9822951587283996 34.10949110823584 -4.906075545818567e-12 -0.2 33.31475 2.25 -0.2 31.72833333333334 3.45 -1.613816666668054 32.52182736364273 5.329999999995582 0 31.72833333333334 2.662999999989399 0 32.52154166666666 3.45 -1.266666666669487 31.72833333333334 3.45 -0.2 30.14191666666667 -7.021333333333342 0 44.41966666666667 -3.85 -2.571484444444444 41.24683333333333 -4.649500000002105 -0.2 40.453625 -5.446333333337328 -0.2 41.24683333333333 -3.85 -1.777948522220601 42.04026925718015 -2.85 -2.591589444444443 40.453625 -3.85 -0.2 38.07400000000001 -5.290000000004388 0 39.66041666666667 -2.25 -2.184 38.07400000000001 -3.45 -0.2 38.07400000000001 -2.85 -0.2 37.28079166666667 -2.25 -1.199583333333333 37.28079166666667 -0.8850000000157647 0 35.694375 6.288499999997966 -0.2 32.52154166666666 6.213666666663874 0 32.52154166666666 3.85 -2.86189 33.31475 2.25 -1.585746666665311 34.10820958125404 0.9249999999975471 -0.2 32.52154166666667 2.25 -1.244499999997012 33.31475 2.25 -0.9355833333318968 32.52297015154701 1.85 -0.2 31.72833333333334 -2.064926007960821e-11 0 33.31475 3.85 -2.087899988780036 32.53016357803665 5.478333333329434 -0.2 31.72833333333334 3.85 -1.573388888892404 31.72833333333334 3.45 -0.9515666666681203 30.93673448153596 4.444999999993144 0 30.935125 2.85 -0.2 30.935125 3.558666666657571 0 30.14191666666667 -6.148333333334956 0 43.62645833333333 -3.45 -2.137333333333333 41.24683333333333 -3.45 -1.173916666666666 40.453625 -3.85 -1.405847222219136 39.66041666666667 -2.85 -2.147833333333333 40.453625 -3.850000000000001 -0.9786978968238382 38.8685152857081 -4.411666666672233 0 38.86720833333334 -3.537333333341749 0 36.48758333333333 -1.85 -1.459460555558722 36.48758333333333 -2.25 -0.2 34.90116666666667 -1.85 -2.660839999999999 38.07400000000001 -0.925000000002453 -0.2 35.694375 -0.8863333333499354 0 34.10795833333334 -1.771333333346473 0 34.90116666666667 7.106666666666673 0 31.72833333333334 2.849999999999999 -2.269166666666667 34.10795833333333 2.25 -2.289 33.31475 1.85 -2.033001308712192 34.11547205846771 0.8876666666499036 0 32.52154166666667 1.85 -1.530944999995683 33.31475 1.776666666653398 0 31.72833333333334 3.85 -0.9902148931018893 30.93655448396696 4.665499999998354 -0.2 30.935125 3.85 -0.2 30.14191666666667 -6.157666666668224 0 42.04004166666667 -7.032000000000008 0 42.83325000000001 -3.850000000000001 -1.787980666665058 40.45383603387857 -5.451666666671095 -0.2 39.66041666666667 -3.45 -2.158333333333333 39.66041666666667 -4.652166666669011 -0.2 38.86720833333334 -2.85 -2.636267222222222 38.86720833333334 -3.85 -0.2 36.48758333333333 -5.298000000002346 0 38.07400000000001 -1.85 -1.90800494331224 37.28415781334876 -1.85 -1.014440119049202 35.69622461386678 -2.25 -2.214333333333333 36.48758333333333 -1.85 -0.2 34.90116666666667 -2.655000000010734 0 35.694375 -3.45 -0.2 36.48758333333333 -0.9250000000024531 -0.2 34.10795833333333 7.106666666666673 -0.2 31.72833333333334 1.85 -2.86189 33.31475 -4.906075545818567e-12 -0.2 31.72833333333334 1.85 -1.005614223353942 32.52330050787047 2.25 -1.26666666666396 31.72833333333334 1.779333333319166 0 30.14191666666667 3.45 -2.333333333333333 31.72833333333334 3.45 -1.645013333334796 30.93544689630719 5.337999999994934 0 30.14191666666667 2.666999999988656 0 30.935125 3.45 -1.291166666669705 30.14191666666667 2.25 -0.2 30.14191666666667 3.45 -0.2 28.5555 -7.032000000000008 -0.2 42.83325000000001 -3.45 -1.185583333333333 38.86720833333333 -6.167000000001787 0 40.45362499999999 -7.042666666666674 0 41.24683333333333 -3.85 -2.611694444444444 39.66041666666667 -3.85 -1.430419999996805 38.07400000000001 -2.850000000000001 -2.171166666666667 38.86720833333334 -3.85 -0.9951329365063399 37.2823625351183 -4.418333333338595 0 37.28079166666667 -2.25 -1.224666666669355 34.90116666666667 -2.85 -0.2 35.694375 -1.77400000001458 0 33.31475 2.849999999999999 -2.904333888888889 32.52154166666666 2.25 -1.613816666665241 32.52182736364274 2.25 -0.9515666666652752 30.93673448153595 1.85 -0.2 30.14191666666667 0.9249999999975471 -0.2 30.935125 -1.873523558515444e-11 0 31.72833333333334 -0.8876666666835198 0 32.52154166666667 3.85 -2.946777777777778 31.72833333333334 6.222999999997632 0 30.93512500000001 3.85 -2.177784977632997 30.9476942899852 5.483666666663982 -0.2 30.14191666666667 3.45 -0.9691833333348262 29.35050859247779 2.85 -0.2 29.34870833333333 3.563999999990802 0 28.5555 -3.850000000000001 -1.817499912696845 38.86746972380829 -6.248500000002109 -0.2 40.453625 -7.053333333333341 0 39.66041666666667 -7.042666666666674 -0.2 41.24683333333333 -5.457000000004949 -0.2 38.07400000000001 -3.45 -2.184 38.07400000000001 -4.654833333335699 -0.2 37.28079166666667 -1.85 -1.9500157312941 35.69833845828599 -1.85 -2.718921111111111 36.48758333333333 -2.25 -0.2 33.31475 -3.54266666667456 0 34.90116666666667 -2.85 -2.689880555555555 37.28079166666667 -1.85 -0.2 33.31475 6.296499999998357 -0.2 30.935125 2.85 -2.311166666666666 32.52154166666668 1.85 -2.087899988775766 32.53016357803711 1.85 -0.9902148930983529 30.93655448396694 1.85 -1.573388888885466 31.72833333333334 0.8889999999839504 0 30.935125 -0.925000000002453 -0.2 32.52154166666667 3.85 -1.620300555559546 30.14191666666667 4.451666666659374 0 29.34870833333333 3.85 -0.9867683535815108 29.34986241998661 2.670999999988739 0 29.34870833333333 3.85 -0.2 28.5555 -6.176333333335021 0 38.86720833333334 -3.45 -1.199583333333333 37.28079166666667 -3.85 -2.660839999999999 38.07400000000001 -3.85 -1.459460555552367 36.48758333333333 -5.306000000003519 0 36.48758333333333 -3.85 -0.2 34.90116666666667 -2.25 -0.9212333333346866 34.10921457293691 -1.85 -1.492968888892056 34.90116666666667 -2.659000000011551 0 34.10795833333333 -3.45 -0.2 34.90116666666667 -2.85 -2.199166666666667 37.28079166666667 7.117333333333339 0 30.14191666666667 2.25 -2.333333333333333 31.72833333333334 2.25 -1.645013333331934 30.93544689630719 -4.906075545818567e-12 -0.2 30.14191666666667 2.25 -0.2 28.5555 -1.776666666680114 0 31.72833333333334 1.85 -2.946777777777778 31.72833333333334 3.45 -2.382333333333333 30.14191666666667 4.668166666664717 -0.2 29.34870833333333 3.45 -1.679336666668154 29.34906838516223 3.45 -1.318000000002908 28.5555 3.45 -0.2 26.96908333333334 -7.053333333333341 -0.2 39.66041666666667 -6.256500000002348 -0.2 38.86720833333334 -3.85 -1.908004943309061 37.28415781334877 -3.850000000000001 -1.014440119046007 35.69622461386678 -5.462333333337848 -0.2 36.48758333333333 -4.425000000005749 0 35.694375 -2.25 -2.249333333333333 34.90116666666667 -1.85 -0.9822951587318971 34.10949110823594 -2.85 -0.2 34.10795833333333 -3.85 -2.718921111111111 36.48758333333333 -3.45 -2.214333333333333 36.48758333333333 7.117333333333339 -0.2 30.14191666666667 -1.802735738465344e-11 0 30.14191666666667 2.25 -1.291166666663769 30.14191666666667 0.9249999999975469 -0.2 29.34870833333333 2.25 -0.9691833333318759 29.35050859247781 1.85 -0.2 28.5555 -0.8890000000158147 0 30.935125 -1.85 -0.2 31.72833333333334 2.85 -2.993689444444445 30.935125 3.85 -3.040601111111111 30.14191666666667 6.232333333330617 0 29.34870833333333 5.345999999994191 0 28.5555 3.45 -0.9884333333348476 27.76429351394654 2.85 -0.2 27.76229166666667 3.569333333324148 0 26.96908333333334 -7.064000000000007 0 38.07400000000001 -6.185666666668136 0 37.28079166666667 -4.657500000002345 -0.2 35.694375 -1.85 -2.785937777777778 34.90116666666667 -2.85 -2.752429444444444 35.69437500000001 -2.25 -1.585746666668022 34.10820958125404 -2.25 -1.244500000002734 33.31475 -3.548000000010588 0 33.31475 -3.85 -0.2 33.31475 -5.31400000000317 0 34.90116666666667 1.85 -1.620300555551684 30.14191666666667 1.85 -2.177784977629454 30.94769428998503 0.890333333317582 0 29.34870833333333 1.781999999987415 0 28.5555 -0.925000000002453 -0.2 30.935125 2.849999999999999 -2.357833333333333 30.935125 3.85 -2.268521213051035 29.36516568014828 6.304499999998053 -0.2 29.34870833333333 5.488999999994887 -0.2 28.5555 3.85 -1.671680000003772 28.5555 3.85 -1.015365573836871 27.7635890972545 2.67499999998877 0 27.76229166666667 4.458333333326181 0 27.76229166666667 3.85 -0.2 26.96908333333334 -7.064000000000007 -0.2 38.07400000000001 -3.45 -1.224666666664211 34.90116666666667 -3.850000000000001 -1.950015731290902 35.698338458286 -2.85 -2.231833333333333 35.69437500000001 -1.85 -2.033001308715716 34.11547205846816 -2.25 -0.9355833333347174 32.52297015154699 -2.663000000011738 0 32.52154166666666 -3.45 -0.2 33.31475 -3.45 -0.921233333331999 34.10921457293688 -4.431666666672905 0 34.10795833333333 1.85 -0.9867683535775964 29.34986241998663 2.25 -2.382333333333333 30.14191666666667 -4.906075545818567e-12 -0.2 28.5555 2.25 -1.317999999997059 28.5555 1.784666666652714 0 26.96908333333334 -1.779333333346382 0 30.14191666666667 1.85 -3.040601111111111 30.14191666666667 3.45 -2.435999999999999 28.5555 7.128000000000005 0 28.5555 3.45 -1.716786666668193 27.76269203612264 2.25 -0.2 26.96908333333334 4.670833333331146 -0.2 27.76229166666667 3.45 -1.347166666669877 26.96908333333334 3.45 -0.2 25.38266666666667 -6.26450000000237 -0.2 37.28079166666667 -7.074666666666674 0 36.48758333333333 -6.195000000001675 0 35.69437499999999 -5.467666666671528 -0.2 34.90116666666667 -3.85 -1.492968888885575 34.90116666666667 -3.45 -2.249333333333333 34.90116666666667 -1.85 -1.530945000004686 33.31475 -1.85 -1.005614223358232 32.52330050787037 -2.25 -0.2 31.72833333333334 -2.85 -0.2 32.52154166666667 -3.85 -0.9822951587283996 34.10949110823584 -4.660166666668944 -0.2 34.10795833333333 2.25 -1.679336666665207 29.34906838516223 2.25 -0.9884333333318001 27.76429351394651 1.85 -0.2 26.96908333333334 0.9249999999975469 -0.2 27.76229166666667 -1.822542117224657e-11 0 28.5555 -0.8903333333489787 0 29.34870833333333 -1.85 -0.2 30.14191666666667 2.85 -3.091980555555555 29.34870833333333 3.85 -3.14336 28.5555 5.353999999995584 0 26.96908333333334 3.85 -0.9637636111130838 26.175875 2.85 -0.2 26.175875 3.574666666657725 0 25.38266666666667 -2.25 -2.289 33.31475 -3.85 -2.785937777777778 34.90116666666667 -2.85 -2.823913888888889 34.10795833333334 -2.25 -1.613816666668054 32.52182736364273 -3.553333333341666 0 31.72833333333334 -3.85 -0.2 31.72833333333334 -5.322000000003302 0 33.31475 -3.45 -1.244499999997012 33.31475 7.128000000000005 -0.2 28.5555 1.85 -2.268521213047122 29.36516568014848 1.85 -1.015365573833081 27.7635890972545 1.85 -1.671679999996228 28.5555 0.8916666666508382 0 27.76229166666667 -0.9250000000024532 -0.2 29.34870833333333 -2.667000000010593 0 30.935125 2.850000000000001 -2.409166666666665 29.34870833333333 6.241666666664113 0 27.76229166666667 3.85 -2.407520000001886 27.7872127133978 3.85 -1.727527222226168 26.96908333333334 3.45 -1.009316666668228 26.17809027551608 2.678999999988627 0 26.175875 4.464999999993247 0 26.175875 3.85 -0.2 25.38266666666667 -7.074666666666674 -0.2 36.48758333333333 -6.272500000002347 -0.2 35.69437499999999 -7.08533333333334 0 34.90116666666667 -3.45 -1.585746666665311 34.10820958125404 -1.85 -2.86189 33.31475 -2.849999999999999 -2.269166666666667 34.10795833333333 -2.25 -1.266666666669487 31.72833333333334 -3.45 -0.2 31.72833333333334 -3.45 -0.9355833333318957 32.52297015154701 -4.438333333339693 0 32.52154166666667 -3.85 -1.530944999995683 33.31475 -5.473000000004253 -0.2 33.31475 2.25 -2.435999999999999 28.5555 2.25 -1.71678666666512 27.76269203612264 -4.906075545818567e-12 -0.2 26.96908333333334 1.78733333331992 0 25.38266666666667 -1.78200000001328 0 28.5555 -2.25 -0.9515666666681203 30.93673448153596 -2.25 -0.2 30.14191666666667 6.312499999997815 -0.2 27.76229166666667 5.494333333329696 -0.2 26.96908333333334 3.45 -2.494333333333333 26.96908333333334 3.45 -1.757363333334886 26.17631805510322 2.25 -0.2 25.38266666666667 4.673499999998094 -0.2 26.17587499999999 3.45 -1.37866666666966 25.38266666666667 3.45 -0.2 23.79625 -6.204333333334954 0 34.10795833333333 -3.85 -2.033001308712192 34.11547205846771 -3.45 -2.289 33.31475 -1.85 -2.087899988780036 32.53016357803665 -1.85 -1.573388888892404 31.72833333333334 -2.85 -0.2 30.935125 -3.85 -1.005614223353942 32.52330050787047 -4.662833333335351 -0.2 32.52154166666666 2.25 -1.347166666663413 26.96908333333334 0.9249999999975469 -0.2 26.175875 1.85 -0.2 25.38266666666667 -1.855049447385682e-11 0 26.96908333333334 -0.8916666666826265 0 27.76229166666667 -1.85 -0.2 28.5555 -1.85 -0.9902148931018873 30.93655448396696 -3.558666666674212 0 30.14191666666667 1.85 -3.14336 28.5555 2.85 -3.199207222222222 27.76229166666667 7.138666666666672 0 26.96908333333334 3.85 -1.787842222226385 25.38266666666667 5.361999999995533 0 25.38266666666667 2.85 -0.2 24.58945833333333 3.45 -0.9625476190491651 24.59120231435276 3.579999999990897 0 23.79625 -7.08533333333334 -0.2 34.90116666666667 -6.280500000002283 -0.2 34.10795833333333 -3.85 -2.86189 33.31475 -2.25 -2.333333333333333 31.72833333333334 -3.85 -0.2 30.14191666666667 -5.330000000003215 0 31.72833333333334 -3.45 -1.26666666666396 31.72833333333334 -3.45 -1.61381666666524 32.52182736364274 1.85 -1.727527222218287 26.96908333333334 1.85 -0.9637636111091357 26.17587500000001 1.85 -2.407519999998114 27.7872127133978 0.8929999999840934 0 26.175875 -0.9250000000024529 -0.2 27.76229166666667 -2.25 -1.291166666669705 30.14191666666667 -2.671000000010552 0 29.34870833333333 2.85 -2.465166666666666 27.76229166666667 3.85 -3.255054444444444 26.96908333333334 7.138666666666672 -0.2 26.96908333333334 2.682999999988504 0 24.58945833333333 3.85 -1.010116805557593 24.58945833333333 4.471666666659772 0 24.58945833333333 3.85 -0.2 23.79625 -7.096000000000006 0 33.31475 -2.849999999999999 -2.904333888888889 32.52154166666666 -1.85 -2.946777777777778 31.72833333333334 -2.25 -1.645013333334795 30.93544689630719 -3.45 -0.9515666666652752 30.93673448153595 -4.445000000005457 0 30.935125 -3.85 -1.573388888885466 31.72833333333334 -5.478333333337152 -0.2 31.72833333333334 -3.85 -2.087899988775766 32.53016357803711 -6.213666666668299 0 32.52154166666666 2.25 -1.009316666665073 26.17809027551612 2.25 -2.494333333333333 26.96908333333334 -4.906075545818567e-12 -0.2 25.38266666666667 2.25 -0.2 23.79625 -1.77093895104008e-11 0 25.38266666666667 -1.78466666668045 0 26.96908333333334 -1.85 -1.620300555559546 30.14191666666667 -2.25 -0.9691833333348262 29.35050859247779 -2.25 -0.2 28.5555 -3.45 -0.2 30.14191666666667 -2.85 -0.2 29.34870833333333 6.250999999997782 0 26.175875 3.45 -2.557333333333333 25.38266666666667 5.49966666666268 -0.2 25.38266666666667 3.45 -1.787209523811099 24.58980712953721 4.676166666664608 -0.2 24.58945833333333 3.45 -1.41250000000334 23.79625 3.45 -0.2 22.20983333333334 -7.096000000000006 -0.2 33.31475 -2.85 -2.311166666666666 32.52154166666668 -1.85 -2.177784977632997 30.9476942899852 -3.85 -0.9902148930983529 30.93655448396694 -4.665500000002386 -0.2 30.93512500000001 2.25 -1.757363333331746 26.17631805510323 2.25 -1.378666666663581 25.38266666666667 0.9249999999975469 -0.2 24.58945833333333 2.25 -0.9625476190460779 24.59120231435275 1.85 -0.2 23.79625 -0.8930000000156688 0 26.175875 -1.85 -0.2 26.96908333333334 -1.85 -0.9867683535815108 29.34986241998662 -3.564000000008334 0 28.5555 1.85 -3.255054444444444 26.96908333333334 6.320499999998096 -0.2 26.17587499999999 3.85 -1.852625000003988 23.79625 5.36999999999493 0 23.79625 3.45 -0.984630952382616 23.00495721708601 2.85 -0.2 23.00304166666667 3.585333333323966 0 22.20983333333334 -6.288500000002021 -0.2 32.52154166666666 -3.45 -2.333333333333333 31.72833333333334 -3.85 -2.946777777777778 31.72833333333334 -2.25 -2.382333333333333 30.14191666666667 -3.45 -1.291166666663769 30.14191666666667 -5.338000000002735 0 30.14191666666667 -3.45 -0.2 28.5555 -3.45 -1.645013333331934 30.93544689630719 -7.106666666666673 0 31.72833333333334 1.85 -1.787842222217842 25.38266666666667 0.8943333333174988 0 24.58945833333333 1.789999999985477 0 23.79625 -2.675000000010844 0 27.76229166666667 -2.25 -1.679336666668154 29.34906838516223 -2.25 -1.318000000002908 28.5555 2.85 -3.315369444444444 26.175875 7.149333333333338 0 25.38266666666667 3.85 -3.375684444444444 25.38266666666667 3.85 -1.043625138891068 23.00304166666667 2.686999999988369 0 23.00304166666667 4.478333333326148 0 23.00304166666667 3.85 -0.2 22.20983333333334 -2.850000000000001 -2.993689444444445 30.93512500000001 -3.85 -1.620300555551684 30.14191666666667 -3.45 -0.9691833333318759 29.35050859247781 -5.483666666672391 -0.2 30.14191666666667 -4.451666666672168 0 29.34870833333333 -3.85 -2.177784977629454 30.94769428998503 -6.22300000000149 0 30.93512500000001 -0.9250000000024531 -0.2 26.175875 2.25 -2.557333333333333 25.38266666666667 -1.787333333345965 0 25.38266666666667 1.85 -1.010116805553471 24.58945833333333 -4.906075545818567e-12 -0.2 23.79625 2.25 -1.412499999996926 23.79625 2.25 -0.2 22.20983333333334 -1.769162594200679e-11 0 23.79625 -2.25 -0.9884333333348476 27.76429351394654 -2.25 -0.2 26.96908333333334 -1.85 -2.268521213051035 29.36516568014829 -2.85 -0.2 27.76229166666667 -1.85 -1.671680000003772 28.5555 2.849999999999999 -2.525833333333333 26.175875 7.149333333333338 -0.2 25.38266666666667 6.260333333330951 0 24.58945833333333 3.45 -2.625 23.79625 5.504999999995754 -0.2 23.79625 3.45 -1.886518707484656 23.00714641756527 4.678833333331275 -0.2 23.00304166666667 3.45 -1.448666666669963 22.20983333333334 3.45 -0.2 20.62341666666667 -7.106666666666673 -0.2 31.72833333333334 -1.85 -3.040601111111111 30.14191666666667 -3.85 -0.9867683535775964 29.34986241998663 -4.668166666669118 -0.2 29.34870833333333 -3.85 -0.2 28.5555 -6.296500000002388 -0.2 30.93512500000001 -1.85 -0.2 25.38266666666667 -0.8943333333484745 0 24.58945833333333 2.25 -1.787209523807984 24.58980712953721 2.25 -0.9846309523793806 23.00495721708602 1.85 -0.2 22.20983333333334 -1.85 -1.015365573836871 27.7635890972545 -2.25 -0.2 25.38266666666667 -3.56933333334131 0 26.96908333333334 6.328499999997944 -0.2 24.58945833333333 5.377999999994799 0 22.20983333333334 3.45 -1.008214285715934 21.41872278326417 2.85 -0.2 21.416625 3.590666666656257 0 20.62341666666667 -2.85 -2.357833333333333 30.93512500000001 -3.45 -2.382333333333333 30.14191666666667 -3.45 -1.679336666665207 29.34906838516223 -5.346000000003389 0 28.5555 -3.45 -1.317999999997059 28.5555 -3.85 -0.2 26.96908333333334 -7.117333333333339 0 30.14191666666667 1.85 -3.375684444444444 25.38266666666667 -0.9250000000024531 -0.2 24.58945833333333 1.85 -1.852624999996045 23.79625 0.9249999999975472 -0.2 23.00304166666667 1.85 -1.043625138886685 23.00304166666667 1.792666666653135 0 22.20983333333334 -2.25 -1.347166666669877 26.96908333333334 -1.85 -0.9637636111130838 26.175875 -2.679000000010486 0 26.175875 -2.25 -2.435999999999999 28.5555 -2.25 -1.716786666668193 27.76269203612264 2.85 -2.591166666666667 24.58945833333333 3.85 -3.50525 23.79625 7.160000000000005 0 23.79625 3.85 -1.921875555560285 22.20983333333334 3.85 -1.07936736111341 21.416625 2.690999999988332 0 21.416625 4.484999999992671 0 21.41662500000001 3.85 -0.2 20.62341666666667 -3.85 -3.040601111111111 30.14191666666667 -3.85 -2.268521213047122 29.36516568014848 -6.232333333334867 0 29.34870833333333 -5.489000000004078 -0.2 28.5555 -3.45 -0.9884333333318001 27.76429351394651 -4.458333333338931 0 27.76229166666667 -7.117333333333339 -0.2 30.14191666666667 -1.790000000012532 0 23.79625 0.8956666666505892 0 23.00304166666667 2.25 -1.886518707481416 23.00714641756527 2.25 -1.448666666663348 22.20983333333334 2.25 -0.2 20.62341666666667 -1.85 -1.727527222226168 26.96908333333334 -2.25 -1.009316666668228 26.17809027551608 -2.850000000000001 -0.2 26.175875 -3.45 -0.2 26.96908333333334 -1.85 -3.14336 28.5555 -1.85 -2.407520000001886 27.7872127133978 2.85 -3.440467222222223 24.58945833333333 6.269666666664103 0 23.00304166666667 3.45 -2.697333333333333 22.20983333333334 5.510333333329347 -0.2 22.20983333333334 3.45 -1.937387755103689 21.42112024985179 4.681499999997963 -0.2 21.416625 3.45 -1.487166666669964 20.62341666666667 3.45 -0.2 19.037 -2.85 -3.091980555555555 29.34870833333333 -3.85 -1.671679999996228 28.5555 -3.85 -1.015365573833081 27.7635890972545 -4.670833333335286 -0.2 27.76229166666667 -6.304500000002454 -0.2 29.34870833333333 -2.25 -1.37866666666966 25.38266666666667 2.25 -2.625 23.79625 -4.906075545818567e-12 -0.2 22.20983333333334 -0.8956666666822903 0 23.00304166666667 2.25 -1.008214285712597 21.41872278326417 1.85 -0.2 20.62341666666667 -3.574666666674221 0 25.38266666666667 7.160000000000005 -0.2 23.79625 1.85 -3.50525 23.79625 6.336499999997944 -0.2 23.00304166666667 5.385999999995662 0 20.62341666666667 3.45 -0.9790935374166322 19.83184505830751 2.85 -0.2 19.83020833333333 1.795333333319971 0 20.62341666666667 3.595999999991063 0 19.037 -2.850000000000001 -2.409166666666665 29.34870833333333 -3.45 -2.435999999999999 28.5555 -7.128000000000005 0 28.5555 -3.45 -1.71678666666512 27.76269203612264 -3.45 -1.347166666663413 26.96908333333334 -5.35400000000269 0 26.96908333333334 -3.45 -0.2 25.38266666666667 -2.683000000010067 0 24.58945833333334 -1.85 -0.2 23.79625 -2.25 -0.9625476190491651 24.59120231435276 -1.85 -1.787842222226385 25.38266666666667 -1.856292897173262e-11 0 22.20983333333334 -0.925000000002453 -0.2 23.00304166666667 1.85 -1.921875555550695 22.20983333333334 1.85 -1.079367361108734 21.416625 0.9249999999975469 -0.2 21.416625 -2.25 -1.757363333334886 26.17631805510322 -2.25 -2.494333333333333 26.96908333333334 2.85 -3.574500555555556 23.00304166666667 3.85 -3.643751111111111 22.20983333333334 7.170666666666671 0 22.20983333333334 3.85 -1.995593888893354 20.62341666666667 3.85 -2.838102083335632 21.416625 3.850000000000001 -1.117343472224671 19.83020833333333 2.694999999988471 0 19.83020833333333 4.491666666659628 0 19.83020833333333 3.85 -0.2 19.037 -3.85 -3.14336 28.5555 -6.241666666668189 0 27.76229166666667 -3.85 -1.727527222218287 26.96908333333334 -3.85 -0.9637636111091357 26.17587500000001 -5.494333333337063 -0.2 26.96908333333334 -4.465000000005174 0 26.175875 -7.128000000000005 -0.2 28.5555 -2.25 -0.2 23.79625 -1.85 -1.010116805557593 24.58945833333333 -1.792666666680375 0 22.20983333333334 2.25 -2.697333333333333 22.20983333333334 2.25 -1.937387755100348 21.42112024985179 0.8969999999839071 0 21.416625 2.25 -1.487166666663147 20.62341666666667 1.797999999986592 0 19.037 -2.85 -0.2 24.58945833333333 -1.85 -3.255054444444444 26.96908333333334 -2.85 -3.199207222222222 27.76229166666667 2.849999999999999 -2.661166666666666 23.00304166666668 6.278999999997617 0 21.416625 3.45 -2.774333333333333 20.62341666666667 5.515666666662507 -0.2 20.62341666666667 3.45 -2.025734034431767 19.83823162596185 2.25 -0.2 19.037 4.684166666664564 -0.2 19.83020833333333 3.45 -1.52800000000347 19.037 3.45 -0.2 17.45058333333333 -3.85 -2.407519999998114 27.7872127133978 -6.312500000001955 -0.2 27.76229166666667 -3.45 -1.009316666665073 26.17809027551612 -4.67350000000206 -0.2 26.175875 -3.85 -0.2 25.38266666666667 -3.580000000007547 0 23.79625 -2.25 -1.787209523811099 24.58980712953721 -2.25 -2.557333333333333 25.38266666666667 -4.906075545818567e-12 -0.2 20.62341666666667 2.25 -0.9790935374132165 19.83184505830751 1.85 -0.2 19.037 0.924999999997547 -0.2 19.83020833333333 -3.45 -0.2 23.79625 -2.85 -2.465166666666666 27.76229166666667 2.85 -3.717469444444445 21.416625 7.170666666666671 -0.2 22.20983333333334 6.344499999997966 -0.2 21.416625 5.393999999995533 0 19.037 3.45 -1.003914965988165 18.2455753673298 2.85 -0.2 18.24379166666667 3.601333333323351 0 17.45058333333333 -3.45 -2.494333333333333 26.96908333333334 -7.138666666666672 0 26.96908333333334 -3.45 -1.757363333331746 26.17631805510323 -5.362000000002479 0 25.38266666666667 -3.45 -1.378666666663581 25.38266666666667 -2.687000000010616 0 23.00304166666667 -2.25 -1.41250000000334 23.79625 -1.85 -0.2 22.20983333333334 -1.85 -1.852625000003988 23.79625 1.85 -3.643751111111111 22.20983333333334 -1.891464762593387e-11 0 20.62341666666667 -0.8970000000161804 0 21.416625 1.85 -1.995593888884239 20.62341666666667 1.85 -2.838102083330956 21.416625 1.85 -1.117343472219747 19.83020833333333 0.8983333333168352 0 19.83020833333333 3.85 -3.791187777777778 20.62341666666667 7.181333333333337 0 20.62341666666667 2.85 -2.735833333333334 21.416625 3.85 -2.073780000005329 19.037 3.850000000000001 -2.952030416669115 19.83020833333333 3.85 -1.157553472224789 18.24379166666666 2.698999999988174 0 18.24379166666667 4.498333333326326 0 18.24379166666667 3.85 -0.2 17.45058333333333 -3.85 -3.255054444444444 26.96908333333334 -7.138666666666672 -0.2 26.96908333333334 -3.85 -1.787842222217842 25.38266666666667 -6.251000000001294 0 26.175875 -5.499666666671178 -0.2 25.38266666666667 -3.45 -0.9625476190460779 24.59120231435275 -2.85 -0.2 23.00304166666667 -2.25 -0.9846309523826166 23.00495721708601 -2.25 -0.2 22.20983333333334 -0.9250000000024531 -0.2 21.41662500000001 2.25 -2.774333333333333 20.62341666666667 2.25 -2.02573403442835 19.83823162596187 -4.906075545818567e-12 -0.2 19.037 1.800666666651691 0 17.45058333333333 -2.85 -3.315369444444444 26.175875 -1.85 -3.375684444444444 25.38266666666667 1.85 -3.791187777777778 20.62341666666667 6.288333333331133 0 19.83020833333333 3.45 -2.856 19.037 5.520999999995751 -0.2 19.037 3.45 -2.083981118979977 18.25253544012143 2.25 -0.2 17.45058333333333 4.686833333331143 -0.2 18.24379166666667 3.45 -1.571166666670482 17.45058333333333 3.45 -0.2 15.86416666666667 -4.471666666671745 0 24.58945833333333 -3.85 -1.010116805553471 24.58945833333333 -3.85 -0.2 23.79625 2.85 -0.2 16.657375 2.7029999999882 0 16.657375 -3.585333333342012 0 22.20983333333334 -1.85 -1.043625138891068 23.00304166666667 -1.79533333334687 0 20.62341666666667 -2.25 -2.625 23.79625 2.25 -1.527999999996584 19.037 0.9249999999975469 -0.2 18.24379166666666 1.85 -0.2 17.45058333333333 -2.030731138802366e-11 0 19.037 -2.849999999999999 -2.525833333333333 26.175875 7.181333333333337 -0.2 20.62341666666667 2.850000000000001 -3.86937388888889 19.83020833333333 6.352499999997899 -0.2 19.83020833333333 5.401999999995359 0 17.45058333333333 3.45 -0.9888389212846843 16.65876062069781 3.606666666657909 0 15.86416666666667 -6.320500000002061 -0.2 26.17587499999999 -3.45 -2.557333333333333 25.38266666666667 -7.149333333333338 0 25.38266666666667 -4.676166666668857 -0.2 24.58945833333333 -3.45 -1.787209523807984 24.58980712953721 -3.45 -1.412499999996926 23.79625 -3.85 -0.2 22.20983333333334 -2.25 -1.886518707484656 23.00714641756527 -2.69100000001102 0 21.416625 -2.25 -1.448666666669963 22.20983333333334 -1.85 -0.2 20.62341666666667 1.85 -2.073779999994747 19.037 1.85 -2.95203041666419 19.83020833333333 -0.8983333333502866 0 19.83020833333333 2.25 -1.003914965984661 18.24557536732977 0.8996666666498059 0 18.24379166666666 3.85 -3.94756 19.037 7.192000000000004 0 19.037 2.85 -2.815166666666666 19.83020833333333 3.85 -2.156433888893829 17.45058333333333 3.85 -3.072660416669233 18.24379166666666 3.85 -1.029701064816931 16.657375 4.504999999993147 0 16.657375 -7.149333333333338 -0.2 25.38266666666667 -6.260333333334638 0 24.58945833333333 -5.370000000002735 0 23.79625 -3.85 -1.852624999996045 23.79625 -3.45 -0.9846309523793801 23.00495721708602 -4.478333333338985 0 23.00304166666667 2.25 -0.2 15.86416666666667 -3.45 -0.2 22.20983333333334 -1.85 -1.921875555560285 22.20983333333334 -2.85 -0.2 21.41662500000001 -2.25 -1.008214285715934 21.41872278326417 -2.25 -0.2 20.62341666666667 -1.85 -3.50525 23.79625 -2.85 -3.440467222222223 24.58945833333333 2.25 -2.856 19.037 -0.9250000000024531 -0.2 19.83020833333333 1.85 -1.157553472219698 18.24379166666666 -4.906075545818567e-12 -0.2 17.45058333333333 -1.875211097512874e-11 0 17.45058333333333 -3.85 -3.375684444444444 25.38266666666667 6.297666666664391 0 18.24379166666667 3.45 -2.942333333333333 17.45058333333333 5.526333333328822 -0.2 17.45058333333333 3.45 -2.174285635663895 16.66955860524715 4.68949999999768 -0.2 16.657375 3.85 -1.562370370373896 15.86416666666667 3.85 -0.2 15.86416666666667 -6.328500000002193 -0.2 24.58945833333333 -5.505000000004251 -0.2 23.79625 -3.85 -1.043625138886685 23.00304166666667 -4.678833333335546 -0.2 23.00304166666667 -3.45 -0.2 20.62341666666667 -1.85 -1.07936736111341 21.416625 -3.590666666674824 0 20.62341666666667 -2.25 -0.2 19.037 -2.25 -2.697333333333333 22.20983333333334 -2.85 -2.591166666666667 24.58945833333334 -1.798000000015056 0 19.037 2.25 -2.083981118976467 18.25253544012136 0.9249999999975469 -0.2 16.657375 2.25 -1.571166666663002 17.45058333333333 2.25 -0.9888389212809625 16.65876062069783 1.85 -0.2 15.86416666666667 -0.8996666666836133 0 18.24379166666667 7.192000000000004 -0.2 19.037 1.85 -3.94756 19.037 2.85 -4.030213888888889 18.24379166666666 6.360499999997812 -0.2 18.24379166666667 1.803333333319851 0 15.86416666666667 5.409999999995969 0 15.86416666666667 3.45 -1.616666666670179 15.86416666666667 2.85 -0.2 15.07095833333334 3.45 -0.9845776065545975 15.07203269823565 -3.45 -2.625 23.79625 -7.160000000000005 0 23.79625 -3.45 -1.886518707481415 23.00714641756527 -3.45 -1.448666666663348 22.20983333333334 -5.378000000003647 0 22.20983333333334 -2.25 -1.937387755103689 21.42112024985179 -2.695000000011552 0 19.83020833333333 -2.25 -1.487166666669964 20.62341666666667 -2.25 -0.9790935374166322 19.83184505830751 -1.85 -0.2 19.037 -3.85 -3.50525 23.79625 1.85 -2.156433888884046 17.45058333333333 1.85 -3.072660416664142 18.24379166666666 0.9009999999835152 0 16.657375 3.85 -4.112867777777778 17.45058333333333 2.85 -2.899166666666667 18.24379166666666 7.20266666666667 0 17.45058333333333 3.85 -2.924740740743689 15.86416666666667 3.45 -0.2 14.27775 2.706999999988414 0 15.07095833333334 4.511666666659853 0 15.07095833333333 -7.160000000000005 -0.2 23.79625 -3.85 -1.921875555550695 22.20983333333334 -3.45 -1.008214285712598 21.41872278326417 -5.510333333337931 -0.2 22.20983333333334 -4.48500000000586 0 21.416625 -1.85 -1.995593888893354 20.62341666666667 -2.85 -0.2 19.83020833333333 -1.85 -3.643751111111111 22.20983333333334 -2.850000000000001 -3.574500555555556 23.00304166666667 2.25 -2.942333333333333 17.45058333333333 -0.925000000002453 -0.2 18.24379166666666 -1.800666666680338 0 17.45058333333333 -4.906075545818567e-12 -0.2 15.86416666666667 1.85 -1.029701064812822 16.657375 1.85 -1.562370370367242 15.86416666666667 1.805999999985539 0 14.27775 6.306999999997833 0 16.657375 3.45 -3.033333333333333 15.86416666666667 5.531666666661897 -0.2 15.86416666666667 3.45 -2.262686256069705 15.08627884306525 2.25 -0.2 14.27775 3.611999999990359 0 14.27775 4.692166666664281 -0.2 15.07095833333333 3.85 -0.9849337274611734 15.07278363146453 -6.269666666668265 0 23.00304166666667 -3.85 -1.079367361108734 21.416625 -4.681500000002018 -0.2 21.416625 -3.85 -0.2 20.62341666666667 -1.85 -2.838102083335632 21.416625 -3.45 -0.2 19.037 -1.85 -1.117343472224671 19.83020833333333 -2.25 -1.52800000000347 19.037 -3.596000000009458 0 19.037 -2.849999999999999 -2.661166666666666 23.00304166666667 -0.9010000000162235 0 16.657375 2.25 -2.174285635660175 16.66955860524729 2.25 -1.616666666662947 15.86416666666667 2.25 -0.9845776065509597 15.07203269823565 1.85 -0.2 14.27775 0.9249999999975469 -0.2 15.07095833333333 -1.872901833621654e-11 0 15.86416666666667 7.20266666666667 -0.2 17.45058333333333 1.85 -4.112867777777778 17.45058333333333 2.85 -4.199989444444444 16.657375 6.368499999997681 -0.2 16.657375 3.85 -0.2 14.27775 5.417999999995181 0 14.27775 -6.336500000002214 -0.2 23.00304166666667 -3.45 -2.697333333333333 22.20983333333334 -3.45 -1.937387755100348 21.42112024985179 -5.386000000002953 0 20.62341666666667 -3.45 -1.487166666663147 20.62341666666667 -2.25 -2.774333333333333 20.62341666666667 -2.25 -2.025734034431767 19.83823162596185 -2.25 -1.003914965988165 18.2455753673298 -2.699000000011694 0 18.24379166666667 -1.85 -0.2 17.45058333333333 -2.85 -3.717469444444445 21.41662500000001 -0.925000000002453 -0.2 16.657375 1.85 -0.984933727457507 15.07278363146449 0.9023333333168896 0 15.07095833333334 3.85 -4.287111111111111 15.86416666666667 2.85 -2.987833333333333 16.657375 7.213333333333336 0 15.86416666666667 3.85 -2.291376794085724 15.07921855888037 3.85 -1.623430000004426 14.27775 -7.170666666666671 0 22.20983333333334 -7.170666666666671 -0.2 22.20983333333334 -3.85 -1.995593888884239 20.62341666666667 -6.279000000001654 0 21.41662500000001 -5.515666666670137 -0.2 20.62341666666667 -3.45 -0.9790935374132165 19.83184505830751 -1.85 -3.791187777777778 20.62341666666667 -1.85 -2.073780000005329 19.037 -1.85 -1.157553472224789 18.24379166666666 -2.25 -0.2 17.45058333333333 -2.85 -0.2 18.24379166666666 -3.85 -3.643751111111111 22.20983333333334 1.85 -2.924740740737168 15.86416666666667 -1.803333333347075 0 15.86416666666667 2.25 -2.262686256066066 15.0862788430652 -4.906075545818567e-12 -0.2 14.27775 2.25 -0.2 12.69133333333333 3.85 -3.532365358602858 15.10189992418346 2.25 -3.033333333333333 15.86416666666667 6.316333333331121 0 15.07095833333333 5.536999999995229 -0.2 14.27775 3.45 -1.664500000003817 14.27775 2.85 -0.2 13.48454166666666 2.710999999990826 0 13.48454166666666 3.45 -0.2 12.69133333333333 4.518333333327829 0 13.48454166666666 3.85 -0.9891550327047595 13.48597008041113 -3.85 -2.838102083330956 21.416625 -4.491666666672731 0 19.83020833333333 -3.850000000000001 -1.117343472219747 19.83020833333333 -3.85 -0.2 19.037 -2.85 -2.735833333333334 21.416625 -1.85 -2.952030416669115 19.83020833333333 -2.25 -2.083981118979977 18.25253544012143 -3.601333333341926 0 17.45058333333333 -2.25 -0.2 15.86416666666667 -3.45 -0.2 17.45058333333333 -1.85 -0.2 15.86416666666667 1.85 -1.623429999996377 14.27775 1.85 -2.291376794079699 15.07921855888031 0.9249999999975469 -0.2 13.48454166666667 1.85 -0.9891550327004167 13.48597008041108 1.85 -0.2 12.69133333333333 -1.910294145091029e-11 0 14.27775 -0.9023333333497328 0 15.07095833333333 7.213333333333336 -0.2 15.86416666666667 1.85 -4.287111111111111 15.86416666666667 2.85 -4.378700555555556 15.07095833333334 3.45 -3.129 14.27775 6.376499999997616 -0.2 15.07095833333333 3.85 -3.046860000003761 14.27775 3.617333333328297 0 12.69133333333333 4.694833333331056 -0.2 13.48454166666666 3.45 -1.011106032210697 13.48570589352925 -3.45 -2.774333333333333 20.62341666666667 -6.34450000000202 -0.2 21.416625 -7.181333333333337 0 20.62341666666667 -4.684166666668771 -0.2 19.83020833333333 -3.45 -2.02573403442835 19.83823162596187 -3.45 -1.527999999996584 19.037 -3.85 -3.791187777777778 20.62341666666667 -2.850000000000001 -3.86937388888889 19.83020833333333 -2.25 -2.856 19.037 -2.25 -1.571166666670482 17.45058333333333 -2.703000000011103 0 16.657375 -2.25 -0.9888389212846843 16.65876062069781 2.25 -1.664499999996166 14.27775 0.9036666666533915 0 13.48454166666666 2.25 -1.011106032206894 13.48570589352927 1.808666666659111 0 12.69133333333333 -0.925000000002453 -0.2 15.07095833333333 3.85 -4.47029 14.27775 2.85 -3.081166666666666 15.07095833333334 7.224000000000003 0 14.27775 3.45 -2.332446378188525 13.50114361349128 3.85 -0.2 12.69133333333333 5.425999999997483 0 12.69133333333333 -6.288333333334997 0 19.83020833333333 -5.394000000003691 0 19.037 -3.45 -1.003914965984661 18.24557536732977 -1.85 -3.94756 19.037 -1.85 -2.156433888893829 17.45058333333333 -2.85 -0.2 16.657375 1.85 -3.532365358599288 15.10189992418328 -2.25 -0.2 14.27775 1.85 -3.04685999999576 14.27775 -4.906075545818567e-12 -0.2 12.69133333333333 1.85 -1.687468148142902 12.69133333333333 2.25 -0.2 11.10491666666667 -1.806000000014024 0 14.27775 -1.85 -0.2 14.27775 6.325666666664834 0 13.48454166666666 3.85 -2.380070746194831 13.49349455963861 3.85 -1.687468148153063 12.69133333333333 3.45 -0.2 11.10491666666667 5.542333333328997 -0.2 12.69133333333333 -7.181333333333337 -0.2 20.62341666666667 -3.850000000000001 -2.95203041666419 19.83020833333333 -3.85 -2.073779999994747 19.037 -6.352500000002106 -0.2 19.83020833333333 -5.521000000004947 -0.2 19.037 -3.85 -1.157553472219698 18.24379166666666 -4.498333333339648 0 18.24379166666667 -3.85 -0.2 17.45058333333333 -2.850000000000001 -2.815166666666666 19.83020833333333 -1.85 -3.072660416669233 18.24379166666666 -1.85 -1.029701064816931 16.657375 -2.25 -2.942333333333333 17.45058333333333 -1.85 -1.562370370373896 15.86416666666667 -3.45 -0.2 15.86416666666667 -3.606666666675075 0 15.86416666666667 -2.25 -0.9845776065545975 15.07203269823565 -2.707000000011237 0 15.07095833333334 2.25 -3.129 14.27775 2.25 -2.332446378184724 13.50114361349151 1.85 -0.9437340740714509 11.89812499999999 2.25 -1.714666666663011 12.69133333333333 1.85 -0.2 11.10491666666667 2.714999999990775 0 11.898125 -1.198063870333499e-11 0 12.69133333333333 -0.9036666666802229 0 13.48454166666666 1.85 -4.47029 14.27775 7.224000000000003 -0.2 14.27775 3.85 -3.7034774618373 13.52368547188133 6.384499999997725 -0.2 13.48454166666666 3.45 -0.9573333333351119 11.898125 3.45 -1.714666666670224 12.69133333333333 2.850000000000001 -0.2 11.898125 3.622666666656944 0 11.10491666666667 4.524999999994466 0 11.898125 -3.45 -2.856 19.037 -7.192000000000004 0 19.037 -3.45 -2.083981118976467 18.25253544012136 -4.68683333333546 -0.2 18.24379166666666 -3.45 -1.571166666663002 17.45058333333333 -2.85 -4.030213888888889 18.24379166666666 -2.25 -2.174285635663895 16.66955860524715 -2.25 -1.616666666670179 15.86416666666667 -2.85 -0.2 15.07095833333334 1.85 -2.380070746187401 13.49349455963853 0.924999999997547 -0.2 11.898125 2.25 -0.9573333333315055 11.898125 1.811333333318749 0 11.10491666666667 -0.925000000002453 -0.2 13.48454166666667 2.85 -4.566347222222223 13.48454166666666 7.234666666666669 0 12.69133333333333 3.45 -3.229333333333333 12.69133333333333 3.85 -3.174936296301095 12.69133333333333 3.85 -0.9437340740765314 11.898125 3.85 -0.2 11.10491666666667 4.697499999997745 -0.2 11.898125 -3.85 -3.94756 19.037 -7.192000000000004 -0.2 19.037 -5.402000000003517 0 17.45058333333333 -3.45 -0.9888389212809625 16.65876062069783 -1.85 -4.112867777777778 17.45058333333333 -1.85 -2.924740740743689 15.86416666666667 -1.85 -0.9849337274611734 15.07278363146453 -1.85 -1.623430000004426 14.27775 -2.25 -0.2 12.69133333333333 -3.45 -0.2 14.27775 -3.612000000008772 0 14.27775 1.85 -3.703477461833015 13.52368547188102 0.9049999999868261 0 11.898125 1.85 -1.754484814810833 11.10491666666667 1.813999999986244 0 9.518500000000001 -1.808666666675784 0 12.69133333333333 3.85 -4.662404444444445 12.69133333333333 2.850000000000001 -3.179166666666666 13.48454166666666 3.85 -1.754484814819207 11.10491666666667 3.45 -0.2 9.518500000000001 5.43399999999514 0 11.10491666666667 6.334999999998157 0 11.898125 -6.29766666666847 0 18.24379166666667 -3.85 -2.156433888884046 17.45058333333333 -3.85 -3.072660416664142 18.24379166666666 -3.85 -1.029701064812822 16.657375 -4.505000000005899 0 16.657375 -2.85 -2.899166666666667 18.24379166666666 -2.25 -3.033333333333333 15.86416666666667 -2.25 -2.262686256069705 15.08627884306525 -1.85 -0.9891550327047595 13.48597008041113 -2.25 -1.664500000003817 14.27775 -1.85 -0.2 12.69133333333333 -2.711000000009498 0 13.48454166666666 2.25 -3.229333333333333 12.69133333333333 -4.906075545818567e-12 -0.2 11.10491666666667 1.85 -3.17493629629107 12.69133333333333 2.25 -1.767166666662688 11.10491666666667 1.85 -0.2 9.518500000000001 2.718999999988163 0 10.31170833333334 0.9249999999975469 -0.2 10.31170833333334 -0.9050000000132163 0 11.898125 7.234666666666669 -0.2 12.69133333333333 3.45 -1.767166666670613 11.10491666666667 2.85 -0.2 10.31170833333334 3.85 -0.9947412037058495 10.31170833333334 3.627999999990715 0 9.518500000000001 5.547666666661982 -0.2 11.10491666666667 6.392499999997746 -0.2 11.898125 -6.360500000002128 -0.2 18.24379166666667 -5.526333333336894 -0.2 17.45058333333333 -3.45 -2.942333333333333 17.45058333333333 -3.45 -2.174285635660175 16.66955860524729 -4.689500000001953 -0.2 16.657375 -3.85 -1.562370370367242 15.86416666666667 -3.85 -0.2 15.86416666666667 -1.85 -2.291376794085724 15.07921855888037 -3.85 -0.984933727457507 15.07278363146449 -2.25 -1.011106032210697 13.48570589352925 -2.85 -0.2 13.48454166666666 -1.857447529118872e-11 0 11.10491666666667 2.25 -0.2 9.518500000000001 0.9063333333169183 0 10.31170833333333 -0.925000000002453 -0.2 11.898125 1.85 -4.662404444444445 12.69133333333333 3.85 -3.308969629633706 11.10491666666667 3.45 -0.9972916666683678 10.31170833333334 4.531666666659497 0 10.31170833333334 3.85 -0.2 9.518500000000001 7.245333333333336 0 11.10491666666667 -7.20266666666667 0 17.45058333333333 -7.20266666666667 -0.2 17.45058333333333 -5.410000000003078 0 15.86416666666667 -3.45 -1.616666666662947 15.86416666666667 -3.85 -4.112867777777778 17.45058333333333 -2.85 -2.987833333333333 16.65737500000001 -1.85 -4.287111111111111 15.86416666666667 -3.45 -0.9845776065509597 15.07203269823565 -2.25 -2.332446378188525 13.50114361349128 -1.85 -3.046860000003761 14.27775 -1.85 -1.687468148153063 12.69133333333333 -1.811333333346527 0 11.10491666666667 -3.45 -0.2 12.69133333333333 -3.617333333339413 0 12.69133333333333 1.85 -3.308969629625236 11.10491666666667 2.25 -1.821999999996854 9.518500000000001 -4.906075545818567e-12 -0.2 9.518500000000001 2.25 -0.2 7.932083333333334 2.849999999999999 -4.762929444444445 11.898125 3.45 -3.334333333333333 11.10491666666667 3.45 -1.822000000002858 9.518500000000001 4.700166666664497 -0.2 10.31170833333334 3.450000000000001 -1.025291666668477 8.725291666666667 3.45 -0.2 7.932083333333334 -3.85 -2.924740740737168 15.86416666666667 -4.51166666667261 0 15.07095833333333 -2.85 -4.199989444444444 16.657375 -1.85 -3.532365358602858 15.10189992418346 -3.85 -1.623429999996377 14.27775 -3.85 -0.2 14.27775 -1.85 -2.380070746194831 13.49349455963861 -2.25 -3.129 14.27775 -1.85 -0.9437340740765314 11.898125 -2.25 -1.714666666670224 12.69133333333333 -2.715000000009138 0 11.898125 -1.85 -0.2 11.10491666666667 2.25 -1.025291666664804 8.725291666666667 1.85 -1.8244799999958 9.518500000000001 2.722999999988273 0 8.725291666666667 0.9249999999975469 -0.2 8.725291666666667 1.85 -0.2 7.932083333333334 -1.874500554777114e-11 0 9.518500000000001 2.85 -3.281833333333332 11.898125 7.245333333333336 -0.2 11.10491666666667 3.85 -4.863454444444445 11.10491666666667 5.441999999995186 0 9.518500000000001 3.85 -1.824480000004191 9.518500000000001 2.85 -0.2 8.725291666666667 3.633333333323788 0 7.932083333333334 6.344333333330916 0 10.31170833333334 -6.307000000001651 0 16.657375 -3.45 -3.033333333333333 15.86416666666667 -5.531666666670918 -0.2 15.86416666666667 -3.85 -2.291376794079699 15.07921855888031 -4.692166666668619 -0.2 15.07095833333333 -2.850000000000001 -4.378700555555556 15.07095833333334 -3.45 -2.262686256066066 15.0862788430652 -3.45 -1.664499999996166 14.27775 -2.25 -0.9573333333351119 11.898125 -2.25 -0.2 11.10491666666667 -3.85 -0.9891550327004167 13.48597008041108 2.25 -3.334333333333333 11.10491666666667 -0.9063333333493351 0 10.31170833333333 1.85 -1.030483425923857 8.725291666666667 0.9076666666503173 0 8.725291666666667 1.816666666652345 0 7.932083333333334 3.45 -3.444 9.518500000000001 3.85 -0.2 7.932083333333334 3.85 -1.030483425928152 8.725291666666667 4.538333333326142 0 8.725291666666667 5.552999999996008 -0.2 9.518500000000001 6.400499999997832 -0.2 10.31170833333334 -6.368500000001954 -0.2 16.657375 -5.41800000000352 0 14.27775 -3.85 -4.287111111111111 15.86416666666667 -1.85 -4.47029 14.27775 -2.85 -3.081166666666666 15.07095833333334 -3.45 -1.011106032206894 13.48570589352927 -1.85 -3.7034774618373 13.52368547188133 -1.85 -3.174936296301095 12.69133333333333 -1.85 -1.754484814819207 11.10491666666667 -2.850000000000001 -0.2 11.898125 -3.622666666674828 0 11.10491666666667 -1.814000000013494 0 9.518500000000001 -3.85 -0.2 12.69133333333333 -4.518333333338687 0 13.48454166666666 1.85 -4.863454444444445 11.10491666666667 -0.9250000000024531 -0.2 10.31170833333334 2.25 -3.444 9.518500000000001 2.25 -1.879166666662361 7.932083333333334 1.85 -1.897453703699628 7.932083333333334 -4.906075545818567e-12 -0.2 7.932083333333334 2.25 -0.2 6.345666666666667 -1.857447529118872e-11 0 7.932083333333334 3.85 -3.44896000000399 9.518500000000001 2.850000000000001 -4.968447222222222 10.31170833333333 3.45 -1.879166666671048 7.932083333333334 4.702833333331272 -0.2 8.725291666666667 3.85 -0.2 6.345666666666667 7.256000000000002 0 9.518500000000001 -7.213333333333336 0 15.86416666666667 -7.213333333333336 -0.2 15.86416666666667 -3.45 -2.332446378184724 13.50114361349151 -3.85 -3.04685999999576 14.27775 -2.25 -3.229333333333333 12.69133333333333 -2.25 -1.767166666670613 11.10491666666667 -2.71900000001086 0 10.31170833333333 -1.85 -0.2 9.518500000000001 -3.85 -0.2 11.10491666666667 -3.85 -1.687468148142902 12.69133333333333 1.85 -3.448959999995415 9.518500000000001 2.25 -1.054458333331148 7.138875000000001 1.85 -0.2 6.345666666666667 2.726999999988073 0 7.138875000000001 -0.9076666666826898 0 8.725291666666667 3.85 -5.07344 9.518500000000001 2.85 -3.389166666666667 10.31170833333333 3.450000000000001 -1.054458333335545 7.138875000000001 3.85 -1.897453703708416 7.932083333333334 5.449999999994881 0 7.932083333333334 4.544999999992757 0 7.138875000000001 3.63866666665713 0 6.345666666666667 7.256000000000002 -0.2 9.518500000000001 -3.85 -3.532365358599288 15.10189992418328 -6.316333333334984 0 15.07095833333333 -5.537000000003561 -0.2 14.27775 -3.45 -3.129 14.27775 -4.694833333335351 -0.2 13.48454166666667 -2.850000000000001 -4.566347222222223 13.48454166666666 -2.850000000000001 -3.179166666666666 13.48454166666666 -2.25 -0.9972916666683678 10.31170833333334 -3.45 -0.2 11.10491666666667 -2.25 -0.2 9.518500000000001 -4.525000000005103 0 11.898125 -3.85 -0.9437340740714509 11.89812499999999 -3.45 -1.714666666663011 12.69133333333333 -5.426000000003043 0 12.69133333333333 0.9249999999975471 -0.2 7.138875000000001 1.85 -1.06771490740525 7.138875000000001 1.819333333319028 0 6.345666666666667 2.85 -0.2 7.138875000000001 3.45 -3.558333333333333 7.932083333333334 3.85 -1.067714907409801 7.138875000000001 3.45 -0.2 6.345666666666667 4.705499999997808 -0.2 7.138874999999998 6.353666666664184 0 8.725291666666667 -6.376500000001954 -0.2 15.07095833333333 -3.85 -4.47029 14.27775 -3.85 -2.380070746187401 13.49349455963853 -1.85 -4.662404444444445 12.69133333333333 -1.85 -3.308969629633706 11.10491666666667 -1.85 -0.9947412037058495 10.31170833333334 -2.85 -0.2 10.31170833333334 -3.628000000008591 0 9.518500000000001 -1.816666666679946 0 7.932083333333334 -5.434000000003129 0 11.10491666666667 -3.45 -0.9573333333315055 11.898125 -3.85 -0.2 9.518500000000001 -4.697500000002234 -0.2 11.89812499999999 1.85 -5.07344 9.518500000000001 2.25 -3.558333333333333 7.932083333333334 -0.9250000000024531 -0.2 8.725291666666667 0.9089999999840384 0 7.138875000000001 2.25 -1.938666666662231 6.345666666666667 2.25 -1.084791666664437 5.552458333333334 2.25 -0.2 4.759250000000001 3.85 -3.594907407411455 7.932083333333334 2.85 -5.182900555555555 8.725291666666667 5.558333333329081 -0.2 7.932083333333334 3.45 -1.938666666671134 6.345666666666667 5.457999999995231 0 6.345666666666667 3.45 -0.2 4.759250000000001 6.40849999999794 -0.2 8.725291666666669 3.450000000000001 -2.763375000002211 7.138875000000001 -7.224000000000003 0 14.27775 -3.85 -3.703477461833015 13.52368547188102 -1.85 -1.824480000004191 9.518500000000001 -2.25 -3.334333333333333 11.10491666666667 -3.45 -3.229333333333333 12.69133333333333 -2.723000000010793 0 8.725291666666667 -1.85 -1.030483425928152 8.725291666666667 -1.85 -0.2 7.932083333333334 -4.531666666672429 0 10.31170833333333 -3.85 -1.754484814810833 11.10491666666667 -3.85 -3.17493629629107 12.69133333333333 -5.542333333337846 -0.2 12.69133333333333 1.85 -3.594907407402833 7.932083333333334 2.25 -2.763374999997815 7.138875000000001 -4.906075545818567e-12 -0.2 6.345666666666667 -1.664446358518035e-11 0 6.345666666666667 -0.90900000001505 0 7.138875 1.85 -1.973405925921371 6.345666666666667 1.85 -0.2 4.759250000000001 2.730999999987997 0 5.552458333333333 3.85 -5.292361111111112 7.932083333333334 2.85 -3.501166666666667 8.725291666666667 3.85 -1.973405925930788 6.345666666666667 3.45 -1.084791666668889 5.552458333333334 5.563666666662153 -0.2 6.345666666666667 4.551666666659586 0 5.552458333333335 2.85 -0.2 5.552458333333334 3.643999999991235 0 4.759250000000001 7.266666666666668 0 7.932083333333334 3.85 -2.80314472222677 7.138875000000001 -7.224000000000003 -0.2 14.27775 -6.325666666668308 0 13.48454166666666 -3.85 -4.662404444444445 12.69133333333333 -2.25 -1.822000000002858 9.518500000000001 -3.45 -0.2 9.518500000000001 -2.85 -0.2 8.725291666666667 -2.25 -0.2 7.932083333333334 -4.700166666668944 -0.2 10.31170833333334 -5.547666666671093 -0.2 11.10491666666667 -3.45 -1.767166666662688 11.10491666666667 1.85 -2.803144722217695 7.138875000000001 -0.9250000000024532 -0.2 7.138875000000001 1.85 -1.106435648145803 5.552458333333334 0.9249999999975471 -0.2 5.552458333333334 1.821999999984594 0 4.759250000000001 3.45 -3.677333333333333 6.345666666666667 1.85 -5.292361111111112 7.932083333333334 3.85 -1.106435648150564 5.552458333333334 4.708166666664518 -0.2 5.552458333333334 3.85 -0.2 4.759250000000001 7.266666666666668 -0.2 7.932083333333334 -6.384500000002019 -0.2 13.48454166666666 -1.85 -4.863454444444445 11.10491666666667 -2.849999999999999 -4.762929444444445 11.898125 -2.25 -3.444 9.518500000000001 -2.85 -3.281833333333332 11.898125 -5.442000000003169 0 9.518500000000001 -3.45 -0.2 7.932083333333334 -2.25 -1.025291666668477 8.725291666666667 -3.633333333341144 0 7.932083333333334 -2.25 -0.2 6.345666666666667 -3.45 -1.821999999996854 9.518500000000001 2.25 -3.677333333333333 6.345666666666667 -1.819333333345035 0 6.345666666666667 2.25 -2.000499999995515 4.759250000000001 0.9103333333170582 0 5.552458333333333 1.824666666652189 0 3.172833333333334 3.85 -3.746811851856422 6.345666666666667 2.85 -5.406289444444445 7.138875000000001 6.362999999997528 0 7.138875000000001 3.45 -2.000500000004424 4.759250000000001 5.465999999994749 0 4.759250000000001 3.85 -0.2 3.172833333333334 -7.234666666666669 0 12.69133333333333 -1.85 -3.44896000000399 9.518500000000001 -1.85 -1.897453703708416 7.932083333333334 -3.45 -3.334333333333333 11.10491666666667 -4.538333333339029 0 8.725291666666667 -3.45 -1.025291666664804 8.725291666666667 -2.25 -1.879166666671048 7.932083333333334 -2.7270000000098 0 7.138875 -2.25 -1.054458333335545 7.138875000000001 -1.85 -0.2 6.345666666666667 -6.335000000001544 0 11.898125 -3.85 -1.8244799999958 9.518500000000001 -5.553000000004688 -0.2 9.518500000000001 -3.85 -3.308969629625236 11.10491666666667 1.85 -3.746811851846947 6.345666666666667 2.25 -2.85437499999777 5.552458333333334 2.25 -1.116291666664427 3.966041666666667 1.85 -2.052336666661842 4.759250000000001 -4.906075545818567e-12 -0.2 4.759250000000001 2.73499999998778 0 3.966041666666667 1.85 -0.2 3.172833333333334 0.9249999999975469 -0.2 3.966041666666667 3.85 -5.520217777777779 6.345666666666667 2.850000000000001 -3.617833333333333 7.138875000000001 6.416499999997809 -0.2 7.138874999999998 3.45 -2.854375000002223 5.552458333333334 3.85 -2.052336666671469 4.759250000000001 6.372333333330829 0 5.552458333333334 5.568999999995921 -0.2 4.759250000000001 7.277333333333335 0 6.345666666666667 3.45 -1.116291666668836 3.966041666666667 2.85 -0.2 3.966041666666667 4.558333333326123 0 3.966041666666667 3.649333333323104 0 3.172833333333334 -7.234666666666669 -0.2 12.69133333333333 -2.85 -3.389166666666667 10.31170833333333 -4.702833333335656 -0.2 8.725291666666667 -3.850000000000001 -1.030483425923857 8.725291666666667 -3.85 -0.2 7.932083333333334 -2.85 -0.2 7.138875000000001 -6.34433333333491 0 10.31170833333334 -7.245333333333336 0 11.10491666666667 -6.392500000002235 -0.2 11.89812499999999 -1.874411736935144e-11 0 4.759250000000001 -0.9103333333485011 0 5.552458333333334 2.25 -0.2 3.172833333333334 0.9116666666497839 0 3.966041666666667 3.85 -4.732178240743069 5.552458333333333 3.85 -1.14664564815071 3.966041666666667 3.45 -0.2 3.172833333333334 4.710833333329819 -0.2 3.966041666666667 3.85 -2.919306944449189 5.552458333333333 -3.85 -4.863454444444445 11.10491666666667 -2.850000000000001 -4.968447222222222 10.31170833333333 -1.85 -5.07344 9.518500000000001 -2.25 -3.558333333333333 7.932083333333334 -5.450000000003213 0 7.932083333333334 -3.45 -1.879166666662361 7.932083333333334 -3.45 -0.2 6.345666666666667 -1.85 -1.067714907409801 7.138875000000001 -2.25 -1.938666666671134 6.345666666666667 -1.82200000001358 0 4.759250000000001 -3.63866666667308 0 6.345666666666667 -3.45 -3.444 9.518500000000001 1.85 -5.520217777777779 6.345666666666667 -0.9250000000024531 -0.2 5.552458333333334 2.25 -3.801 4.759250000000001 1.85 -2.91930694443962 5.552458333333333 1.85 -1.146645648145788 3.966041666666667 2.25 -2.064666666662192 3.172833333333334 -4.906075545818567e-12 -0.2 3.172833333333334 1.827333333318589 0 1.586416666666667 2.85 -3.739166666666667 5.552458333333335 3.45 -3.801 4.759250000000001 1.85 -4.732178240738262 5.552458333333334 6.424499999997852 -0.2 5.552458333333334 7.288000000000001 0 4.759250000000001 7.277333333333335 -0.2 6.345666666666667 3.45 -2.064666666670919 3.172833333333334 5.473999999995406 0 3.172833333333334 3.45 -0.2 1.586416666666667 -1.85 -3.594907407411455 7.932083333333334 -2.25 -2.763375000002211 7.138875000000001 -3.45 -1.054458333331148 7.138875000000001 -2.25 -1.084791666668889 5.552458333333334 -2.731000000010115 0 5.552458333333334 -1.85 -0.2 4.759250000000001 -6.400500000002278 -0.2 10.31170833333334 -7.256000000000002 0 9.518500000000001 -7.245333333333336 -0.2 11.10491666666667 -3.85 -1.897453703699628 7.932083333333334 -3.85 -3.448959999995415 9.518500000000001 -6.353666666668264 0 8.725291666666669 -5.558333333337934 -0.2 7.932083333333334 2.25 -2.94887499999776 3.966041666666667 2.738999999987535 0 2.379625000000001 0.9249999999975469 -0.2 2.379625 1.85 -0.2 1.586416666666667 -1.890310130647777e-11 0 3.172833333333334 2.849999999999999 -5.638613888888892 5.552458333333334 3.85 -3.904673333338079 4.759250000000001 3.45 -2.948875000002169 3.966041666666667 6.381666666664206 0 3.966041666666667 3.85 -2.134245925931371 3.172833333333334 3.85 -1.062149050928286 2.379625 5.574333333323355 -0.2 3.172833333333334 4.564999999992521 0 2.379625 2.85 -0.2 2.379625 3.654666666656259 0 1.586416666666667 -2.85 -3.501166666666667 8.725291666666667 -1.85 -2.80314472222677 7.138875000000001 -4.545000000004987 0 7.138875000000001 -3.85 -1.06771490740525 7.138875000000001 -3.85 -0.2 6.345666666666667 -1.85 -1.973405925930788 6.345666666666667 -2.25 -0.2 4.759250000000001 1.85 -3.904673333328319 4.759250000000001 1.85 -2.134245925921309 3.172833333333334 1.85 -1.062149050923906 2.379625000000001 -0.9116666666829205 0 3.966041666666667 0.9129999999829819 0 2.379625000000001 2.25 -0.2 1.586416666666667 3.85 -5.757010000000001 4.759250000000001 6.432499999996486 -0.2 3.966041666666667 7.288000000000001 -0.2 4.759250000000001 3.45 -1.148958333335634 2.379625000000001 4.713499999996443 -0.2 2.379625000000001 3.85 -0.2 1.586416666666667 -1.85 -1.106435648150564 5.552458333333334 -3.85 -5.07344 9.518500000000001 -2.85 -5.182900555555555 8.725291666666667 -1.85 -5.292361111111112 7.932083333333334 -2.25 -3.677333333333333 6.345666666666667 -4.705500000002322 -0.2 7.138875000000001 -3.45 -1.938666666662231 6.345666666666667 -3.85 -0.2 4.759250000000001 -2.25 -2.000500000004424 4.759250000000001 -2.85 -0.2 5.552458333333334 -3.644000000008764 0 4.759250000000001 -1.824666666680455 0 3.172833333333334 -7.256000000000002 -0.2 9.518500000000001 -6.408500000002323 -0.2 8.725291666666667 -3.45 -3.558333333333333 7.932083333333334 -7.266666666666668 0 7.932083333333334 1.85 -5.757010000000001 4.759250000000001 2.25 -3.929333333333333 3.172833333333334 1.85 -3.039936944439539 3.966041666666667 2.25 -1.148958333330927 2.379625000000001 -0.925000000002453 -0.2 3.966041666666667 -4.906075545818567e-12 -0.2 1.586416666666667 2.25 -0.2 0 -1.994759912804511e-11 0 1.586416666666667 3.85 -4.933228240743273 3.966041666666667 3.45 -3.929333333333333 3.172833333333334 3.85 -3.039936944449537 3.966041666666667 7.298666666666668 0 3.172833333333334 3.85 -1.714350277781774 1.586416666666667 5.481999999995316 0 1.586416666666667 3.45 -0.2 0 -1.85 -3.746811851856422 6.345666666666667 -5.458000000002514 0 6.345666666666667 -3.45 -1.084791666664437 5.552458333333334 -4.551666666671903 0 5.552458333333333 -2.25 -2.854375000002223 5.552458333333334 -2.735000000011157 0 3.966041666666667 -1.85 -0.2 3.172833333333334 -3.45 -2.763374999997815 7.138875000000001 -3.85 -3.594907407402833 7.932083333333334 -6.363000000001433 0 7.138875000000001 1.85 -4.933228240738196 3.966041666666667 1.85 -1.714350277774313 1.586416666666667 2.25 -3.046874999997594 2.379625000000001 2.742999999998867 0 0.7932083333333335 0.9249999999975469 -0.2 0.7932083333333335 1.85 -0.9571751388871561 0.7932083333333337 1.85 -0.2 0 -0.9130000000169327 0 2.379625000000001 2.85 -3.865166666666667 3.966041666666668 3.45 -3.0468750000023 2.379625 3.45 -2.131166666671615 1.586416666666667 6.39099999999768 0 2.379625 5.579666666662416 -0.2 1.586416666666667 2.85 -0.2 0.7932083333333334 3.85 -0.9571751388908869 0.7932083333333335 3.6600000000078 0 0 -1.85 -2.052336666671469 4.759250000000001 -2.850000000000001 -3.617833333333333 7.138875000000001 -5.563666666671356 -0.2 6.345666666666667 -3.85 -1.973405925921371 6.345666666666667 -3.85 -1.106435648145803 5.552458333333334 -3.45 -0.2 4.759250000000001 -4.708166666669033 -0.2 5.552458333333334 -2.25 -1.116291666668836 3.966041666666667 -2.85 -0.2 3.966041666666667 -2.25 -0.2 3.172833333333334 -7.266666666666668 -0.2 7.932083333333334 -3.85 -2.803144722217695 7.138875000000001 -6.416500000002323 -0.2 7.138875000000001 1.85 -4.068491851846688 3.172833333333334 2.25 -2.131166666661517 1.586416666666667 -0.925000000002453 -0.2 2.379625000000001 0.9143333333323271 0 0.7932083333333335 2.25 -1.182791666664113 0.7932083333333335 1.830000000012823 0 0 3.85 -4.068491851857233 3.172833333333334 7.298666666666668 -0.2 3.172833333333334 3.85 -3.228700555563541 1.586416666666667 4.571666666665537 0 0.7932083333333335 3.45 -1.182791666670245 0.7932083333333335 3.85 -0.2 0 -3.85 -5.292361111111112 7.932083333333334 -2.85 -5.406289444444445 7.138875000000001 -1.85 -5.520217777777779 6.345666666666667 -1.85 -2.919306944449189 5.552458333333333 -3.45 -2.000499999995515 4.759250000000001 -5.466000000003254 0 4.759250000000001 -3.85 -0.2 3.172833333333334 -2.25 -3.801 4.759250000000001 -3.649333333341832 0 3.172833333333334 -1.85 -1.14664564815071 3.966041666666667 -1.85 -0.2 1.586416666666667 -3.45 -3.677333333333333 6.345666666666667 -7.277333333333335 0 6.345666666666667 1.85 -6.002737777777778 3.172833333333334 1.85 -3.228700555547575 1.586416666666667 2.25 -4.062333333333333 1.586416666666667 -4.906075545818567e-12 -0.2 0 1.85 -1.780249999996536 0 1.784439263019522e-11 0 0 2.85 -5.87987388888889 3.966041666666667 3.85 -6.002737777777778 3.172833333333334 6.440499999996442 -0.2 2.379625 3.45 -4.062333333333333 1.586416666666667 3.45 -3.148375000003578 0.7932083333333335 7.309333333333334 0 1.586416666666667 4.716166666664411 -0.2 0.7932083333333335 3.85 -1.780250000004164 0 -1.85 -4.732178240743069 5.552458333333333 -3.45 -2.85437499999777 5.552458333333334 -3.85 -2.052336666661842 4.759250000000001 -3.45 -1.116291666664427 3.966041666666667 -5.569000000004776 -0.2 4.759250000000001 -4.558333333339178 0 3.966041666666667 -2.25 -2.064666666670919 3.172833333333334 -2.25 -2.948875000002169 3.966041666666667 -2.73900000001173 0 2.379625 -1.85 -1.062149050928286 2.379625 -1.827333333348426 0 1.586416666666667 -3.85 -3.746811851846947 6.345666666666667 -7.277333333333335 -0.2 6.345666666666667 1.85 -4.743050833329341 1.586416666666667 -0.9143333333342544 0 0.7932083333333335 2.25 -2.199999999994934 0 3.85 -4.74305083333698 1.586416666666667 6.400333333332854 0 0.7932083333333335 5.490000000002772 0 0 3.45 -2.200000000009364 0 -2.85 -3.739166666666667 5.552458333333335 -1.85 -3.904673333338079 4.759250000000001 -6.372333333334776 0 5.552458333333334 -4.710833333334528 -0.2 3.966041666666666 -3.85 -1.146645648145788 3.966041666666667 -3.45 -0.2 3.172833333333334 -2.85 -0.2 2.379625000000001 -1.85 -2.134245925931371 3.172833333333334 -2.25 -0.2 1.586416666666667 2.85 -6.130069444444444 2.379625000000001 2.25 -3.148374999997446 0.7932083333333335 2.85 -3.995833333333333 2.379625000000001 -0.9250000000024531 -0.2 0.7932083333333336 7.309333333333334 -0.2 1.586416666666667 3.85 -3.360500000008587 0 6.448499999997744 -0.2 0.7932083333333335 5.584999999995229 -0.2 0 -3.85 -4.732178240738262 5.552458333333334 -3.85 -5.520217777777779 6.345666666666667 -2.849999999999999 -5.638613888888892 5.552458333333334 -6.424500000002367 -0.2 5.552458333333334 -3.85 -2.91930694443962 5.552458333333333 -3.45 -3.801 4.759250000000001 -3.45 -2.064666666662192 3.172833333333334 -5.474000000002862 0 3.172833333333334 -3.85 -2.134245925921309 3.172833333333334 -3.85 -0.2 1.586416666666667 -2.25 -3.929333333333333 3.172833333333334 -1.85 -3.039936944449537 3.966041666666667 -3.65466666667621 0 1.586416666666667 -2.25 -1.148958333335634 2.379625000000001 -1.85 -1.714350277781774 1.586416666666667 -1.829999999986489 0 0 1.85 -6.257401111111112 1.586416666666667 1.85 -3.36049999999188 0 3.45 -4.2 0 7.32 0 0 -1.85 -5.757010000000001 4.759250000000001 -7.288000000000001 0 4.759250000000001 -3.45 -2.94887499999776 3.966041666666667 -6.381666666668197 0 3.966041666666667 -5.57433333333334 -0.2 3.172833333333334 -3.85 -1.062149050923906 2.379625000000001 -4.56500000000618 0 2.379625000000001 -1.85 -4.933228240743273 3.966041666666667 -1.85 -0.9571751388908869 0.7932083333333335 -2.743000000000529 0 0.7932083333333335 -1.85 -0.2 0 -7.288000000000001 -0.2 4.759250000000001 2.85 -4.131166666666666 0.7932083333333335 2.25 -4.2 0 3.85 -6.257401111111112 1.586416666666667 -3.85 -3.904673333328319 4.759250000000001 -3.45 -1.148958333330927 2.379625000000001 -4.713500000001085 -0.2 2.379625 -3.45 -0.2 1.586416666666667 -2.25 -3.0468750000023 2.379625 -2.85 -3.865166666666667 3.966041666666668 -1.85 -4.068491851857233 3.172833333333334 -2.25 -2.131166666671615 1.586416666666667 -2.25 -1.182791666670245 0.7932083333333335 -2.25 -0.2 0 2.85 -6.389200555555556 0.7932083333333334 1.85 -4.940749999995984 0 3.85 -4.94075000000399 0 7.32 -0.2 0 -3.85 -5.757010000000001 4.759250000000001 -3.45 -3.929333333333333 3.172833333333334 -3.85 -3.039936944439539 3.966041666666667 -6.432500000001196 -0.2 3.966041666666666 -7.298666666666668 0 3.172833333333334 -3.85 -1.714350277774313 1.586416666666667 -5.482000000003818 0 1.586416666666667 -3.659999999990992 0 0 -3.85 -4.933228240738196 3.966041666666667 -1.85 -6.002737777777778 3.172833333333334 -2.85 -0.2 0.7932083333333334 -1.85 -3.228700555563541 1.586416666666667 -1.85 -1.780250000004164 0 2.84999999999799 -5.666515137355416 0 -3.45 -3.046874999997594 2.379625000000001 -6.39100000000167 0 2.379625 -3.45 -2.131166666661517 1.586416666666667 -5.579666666671004 -0.2 1.586416666666667 -3.85 -0.9571751388871561 0.7932083333333337 -4.571666666666629 0 0.7932083333333335 -2.25 -4.062333333333333 1.586416666666667 -2.85 -5.87987388888889 3.966041666666667 -1.85 -4.74305083333698 1.586416666666667 1.85 -6.521000000000001 0 2.849999999999598 -4.789603027471078 0 -7.298666666666668 -0.2 3.172833333333334 -3.85 -4.068491851846688 3.172833333333334 -6.440500000001086 -0.2 2.379625000000001 -3.85 -3.228700555547575 1.586416666666667 -3.45 -1.182791666664113 0.7932083333333335 -4.716166666668792 -0.2 0.7932083333333335 -3.85 -0.2 0 -3.45 -0.2 0 -3.85 -6.002737777777778 3.172833333333334 -2.85 -6.130069444444444 2.379625000000001 -2.25 -3.148375000003578 0.7932083333333335 -2.25 -2.200000000009364 0 3.85 -6.521000000000001 0 -3.45 -4.062333333333333 1.586416666666667 -7.309333333333334 0 1.586416666666667 -3.45 -3.148374999997446 0.7932083333333335 -3.85 -1.780249999996536 0 -5.489999999995497 0 0 -2.85 -3.995833333333333 2.379625000000001 -1.85 -6.257401111111112 1.586416666666667 -3.85 -4.743050833329341 1.586416666666667 -7.309333333333334 -0.2 1.586416666666667 -6.400333333333163 0 0.7932083333333335 -5.585000000004165 -0.2 0 -1.85 -3.360500000008587 0 -3.85 -6.257401111111112 1.586416666666667 -3.85 -3.36049999999188 0 -3.45 -2.199999999994934 0 -6.448500000002126 -0.2 0.7932083333333335 -2.85 -4.131166666666666 0.7932083333333335 -2.25 -4.2 0 -2.85 -6.389200555555556 0.7932083333333334 -3.45 -4.2 0 -7.32 0 0 -1.85 -4.94075000000399 0 -7.32 -0.2 0 -1.85 -6.521000000000001 0 -2.85000000000201 -5.666515137355416 0 -3.85 -4.940749999995984 0 -2.850000000000402 -4.789603027471078 0 -3.85 -6.521000000000001 0 </DataArray>
      </Points>
      <Cells>
        <DataArray type="Int32" Name="connectivity" format="ascii">0 1 2 3 3 4 1 2 1 5 0 2 5 1 4 2 4 3 1 6 5 7 0 2 5 0 8 1 9 5 1 4 4 1 9 6 7 0 8 5 5 8 9 1 10 4 5 9 4 9 11 6 12 0 8 7 10 7 8 5 10 8 9 5 10 4 9 11 4 11 13 6 9 6 14 11 15 12 8 7 7 8 15 10 8 9 16 10 17 10 9 11 14 6 13 11 9 14 17 11 12 15 18 7 12 16 15 8 8 16 15 10 16 9 19 10 9 10 17 19 14 13 6 20 17 13 11 14 17 14 9 19 21 15 18 12 15 12 22 16 16 23 15 10 19 23 16 10 17 23 19 10 20 24 14 13 17 13 14 24 17 25 14 19 15 22 12 21 18 26 15 21 27 22 12 16 16 15 28 22 15 16 29 23 25 16 19 23 23 25 17 19 20 30 24 13 14 20 31 24 17 14 32 24 14 33 25 17 22 21 15 26 27 12 22 21 34 21 26 18 26 35 18 15 36 16 22 27 37 28 15 22 38 16 28 22 16 28 15 29 16 25 29 23 29 17 23 25 31 20 30 24 31 32 14 24 17 32 14 33 33 39 25 17 15 26 40 22 21 12 41 27 22 21 42 27 18 34 35 26 26 40 35 15 22 16 36 38 36 22 42 27 40 37 15 22 37 15 28 29 38 28 16 25 28 22 43 38 29 25 16 28 29 17 25 39 31 30 20 44 30 32 31 24 31 14 32 33 17 33 39 32 45 25 33 39 41 42 21 27 34 35 46 18 40 34 26 35 47 35 40 15 36 43 22 38 22 48 36 42 36 42 49 27 40 15 37 47 29 37 50 28 29 37 15 47 28 25 38 51 38 43 28 51 25 29 52 28 53 29 25 39 31 54 30 44 32 30 31 54 45 31 32 33 33 45 39 32 25 45 53 39 21 55 42 41 41 49 42 27 35 56 46 18 57 34 35 46 40 34 35 57 35 40 58 47 22 48 43 36 36 59 43 38 42 49 48 36 50 40 37 47 29 50 60 28 50 37 29 47 25 28 61 51 28 62 51 43 38 59 43 51 60 52 29 28 61 25 52 28 25 52 29 53 44 63 54 30 31 44 64 54 65 32 31 54 45 31 66 32 32 53 45 39 53 45 25 52 42 55 49 41 35 56 67 46 57 68 34 46 35 67 57 46 68 57 34 40 40 58 57 35 50 58 40 47 43 48 59 36 48 49 69 36 55 48 42 49 60 50 29 70 29 58 50 47 61 28 71 51 62 28 51 71 59 62 43 51 60 29 52 53 61 52 25 45 52 28 71 61 29 53 60 70 64 44 63 54 31 64 65 54 31 32 65 66 66 72 45 32 53 32 45 72 45 53 73 52 55 74 49 41 75 46 67 56 76 35 56 67 46 77 68 34 57 35 78 67 40 79 68 57 34 40 80 68 40 57 58 81 82 57 58 35 50 40 58 81 48 69 59 36 48 62 43 59 74 48 49 69 55 48 49 74 58 29 50 70 83 50 60 70 61 71 84 51 71 62 84 51 59 85 62 51 53 60 83 52 52 45 61 86 61 71 52 86 83 60 53 70 87 73 53 52 64 63 44 88 65 63 54 64 65 64 31 66 32 66 72 65 89 45 66 72 53 45 90 72 73 91 45 52 45 73 53 90 56 75 76 67 76 78 35 67 77 80 68 34 35 78 82 57 40 92 79 57 68 80 79 40 92 40 81 57 82 58 57 81 35 58 82 93 92 81 40 50 81 50 94 58 48 62 59 69 95 48 74 69 95 48 55 74 58 50 94 70 83 94 50 70 61 84 71 86 62 85 84 51 62 96 71 84 69 62 59 85 83 87 53 52 45 52 91 86 96 52 71 86 53 94 83 70 87 53 73 90 63 64 97 88 65 63 64 98 89 64 65 66 65 66 72 89 45 89 90 72 45 91 73 89 73 52 99 91 90 89 45 73 100 75 76 56 75 78 76 67 76 35 78 93 101 34 80 77 80 102 77 68 82 78 35 93 79 103 92 40 104 40 79 80 80 79 102 68 105 58 82 81 105 82 58 93 50 106 92 81 40 50 103 92 94 50 81 107 94 108 81 58 109 62 48 69 110 48 95 69 111 55 74 95 95 55 48 112 83 50 94 107 84 96 71 86 62 96 84 85 109 62 69 85 83 53 87 113 91 52 99 86 52 96 99 86 94 53 83 113 90 87 114 73 90 87 53 113 88 115 97 63 98 63 64 97 116 65 64 98 89 64 117 65 65 90 89 72 118 73 91 89 91 99 73 118 89 90 119 73 120 75 76 100 76 78 75 120 121 76 78 93 101 102 77 80 82 105 78 93 40 104 79 103 122 79 103 92 79 102 104 80 81 105 58 108 121 105 58 93 50 123 106 81 92 103 106 50 123 50 107 81 81 108 94 107 108 58 94 124 109 48 62 125 110 48 69 109 110 48 112 95 55 111 112 95 123 107 50 83 83 126 107 94 84 127 96 86 128 85 96 62 85 96 84 127 109 129 62 85 83 114 113 87 91 99 130 86 99 96 130 86 94 83 126 113 90 114 131 73 90 114 87 113 115 88 97 132 97 63 115 98 64 98 97 133 64 65 116 117 64 133 116 98 134 117 65 89 90 65 89 134 73 118 135 89 73 136 118 99 130 99 91 118 119 73 135 89 89 119 90 134 137 119 90 73 138 75 120 100 100 76 120 139 78 139 120 76 78 76 121 140 105 121 78 93 111 101 102 77 104 101 80 102 104 122 79 103 92 103 122 106 104 110 102 79 124 58 105 108 124 105 58 121 106 141 123 50 142 50 106 103 143 107 94 108 143 94 124 108 62 125 129 109 48 110 125 109 110 112 48 104 110 112 111 95 55 112 111 101 107 123 144 83 50 83 141 123 83 107 126 145 146 107 126 94 96 127 130 86 127 128 85 96 85 128 129 62 114 126 83 113 96 136 99 130 90 131 114 147 90 137 73 131 126 90 113 114 148 73 137 131 133 132 115 97 115 98 133 97 116 133 64 117 65 116 117 134 116 115 98 133 119 89 117 134 118 149 73 135 73 136 149 118 99 130 136 118 73 119 135 148 137 90 119 134 119 73 137 148 100 120 138 139 78 139 76 140 150 78 139 120 121 105 78 140 101 104 111 102 110 104 122 79 142 104 103 122 103 142 122 106 111 104 110 102 124 108 105 143 121 105 151 124 50 142 106 141 141 123 152 106 107 143 94 146 143 124 94 151 62 129 125 142 110 129 125 109 48 125 110 104 110 112 104 111 111 112 104 101 107 144 153 83 123 141 144 83 83 145 153 107 146 126 107 145 114 83 126 145 94 126 146 154 96 136 130 127 127 155 128 96 127 128 156 85 85 129 128 156 62 128 129 142 126 90 114 147 114 157 147 131 147 131 137 90 137 131 157 148 132 133 115 158 119 133 116 117 134 116 117 119 116 115 133 159 148 73 149 135 118 160 149 135 149 136 160 118 136 130 161 118 135 162 148 119 137 116 134 119 119 137 163 148 100 138 164 139 120 150 138 139 78 165 139 140 150 78 165 139 121 166 105 140 140 105 78 165 104 142 110 122 122 142 129 106 124 105 151 143 167 105 151 121 152 142 141 106 141 152 123 144 94 146 143 154 143 94 154 151 110 125 129 142 110 125 142 104 144 168 153 83 155 83 144 141 145 83 153 114 169 126 146 145 114 126 157 145 169 146 126 154 170 127 136 96 127 136 130 161 127 170 155 96 127 128 155 156 155 128 129 156 155 129 128 142 114 157 126 147 137 157 131 147 137 157 171 148 171 163 137 148 132 172 158 115 115 133 159 158 119 133 173 116 174 116 133 159 148 149 162 135 162 149 160 135 136 161 160 118 136 175 149 160 176 148 162 119 137 116 119 177 176 119 163 148 119 163 137 178 164 138 179 139 139 179 150 138 165 166 139 140 165 180 150 139 166 121 105 167 165 166 140 105 110 142 129 122 142 152 129 106 151 105 167 143 155 142 141 152 155 152 141 144 146 143 154 169 154 143 151 169 83 155 144 168 83 114 168 153 153 181 168 144 145 153 182 114 169 126 145 183 184 157 145 114 157 145 126 185 169 126 186 154 187 127 136 170 187 136 127 161 127 155 170 187 188 127 155 156 155 156 129 188 142 155 129 152 157 189 126 147 189 137 147 157 137 171 157 190 171 137 163 178 132 172 191 158 172 115 159 158 192 158 159 133 173 116 177 119 133 116 174 173 133 192 174 159 148 175 162 149 149 160 175 162 136 175 160 161 162 193 148 176 137 119 178 177 176 163 119 194 163 148 193 176 178 194 119 163 179 195 164 139 196 150 179 138 139 150 179 197 166 165 139 180 150 198 139 180 199 166 105 167 165 166 105 180 151 200 143 167 199 167 105 143 155 188 152 144 154 151 186 169 143 201 151 169 181 155 168 144 153 168 182 114 153 168 181 182 145 182 184 114 126 183 185 145 126 169 202 183 184 145 157 185 114 157 203 184 126 189 157 185 169 126 202 186 136 204 187 170 187 205 136 161 188 127 187 155 187 204 155 170 129 155 188 152 189 137 157 190 157 206 190 171 171 178 190 137 171 206 178 163 192 191 172 158 172 159 192 158 194 119 173 177 173 116 174 177 174 192 133 173 174 172 159 192 175 148 162 193 160 207 175 162 161 175 160 207 208 175 136 161 162 209 193 176 119 194 178 177 210 163 176 194 176 193 163 210 194 178 211 163 212 179 195 164 197 179 139 195 164 195 213 139 196 138 179 214 196 179 150 197 139 197 198 150 166 139 198 180 150 215 198 180 199 166 180 105 166 199 200 167 200 151 143 201 200 143 167 199 155 181 188 144 186 151 201 169 143 216 201 169 204 155 168 181 204 114 182 168 204 181 168 182 182 203 184 114 126 183 189 185 169 217 202 183 126 189 183 202 185 184 218 157 184 203 218 157 206 157 189 185 202 186 219 169 187 136 205 204 208 136 205 161 187 155 204 188 189 157 206 190 171 178 206 190 220 178 206 163 191 192 172 221 177 174 173 194 194 192 174 173 174 172 192 222 193 175 209 162 175 207 209 162 161 175 207 208 208 136 175 223 176 209 193 210 178 174 177 194 210 224 163 194 163 225 210 193 220 211 178 163 224 194 211 163 194 211 178 226 195 213 212 164 197 213 195 139 179 227 196 214 196 197 150 228 197 179 227 196 198 215 150 197 139 198 197 229 166 198 139 229 230 166 198 180 180 198 231 215 199 166 232 180 199 166 200 232 143 216 200 201 143 200 232 199 155 204 188 181 201 169 233 186 201 233 169 216 114 204 182 203 181 204 205 182 203 184 234 182 217 189 183 185 219 217 202 169 217 183 189 202 185 218 235 157 236 157 218 203 234 184 203 218 235 206 185 157 206 189 237 185 238 219 186 169 136 223 205 204 204 187 188 205 136 205 223 208 206 239 189 190 178 239 206 190 206 178 220 240 191 241 221 172 172 192 222 221 192 194 174 242 174 192 243 222 175 225 193 209 175 225 209 207 175 244 207 208 175 236 208 223 209 225 193 210 178 174 194 245 224 163 246 210 225 163 210 246 220 178 211 226 224 211 194 247 211 163 246 224 178 194 226 245 226 247 194 211 213 248 212 164 212 249 213 195 197 229 213 139 195 249 213 197 250 179 214 227 214 227 196 251 215 150 197 228 196 227 197 228 198 197 252 215 198 197 229 253 166 254 198 229 180 230 255 198 180 230 166 232 230 198 166 256 231 198 180 255 215 198 231 252 200 166 230 232 143 200 216 232 233 200 216 201 188 204 205 181 186 169 233 238 257 169 233 216 234 204 203 182 204 234 205 182 189 217 258 185 217 189 219 202 219 238 217 169 218 259 235 157 157 236 218 259 203 236 234 218 235 185 206 237 157 206 259 235 258 237 189 185 206 237 189 239 236 205 223 204 236 223 205 208 239 178 206 240 260 206 220 240 178 220 240 226 241 191 221 261 241 172 222 221 192 222 221 262 174 242 194 245 174 243 192 242 262 243 192 222 207 225 209 263 175 264 225 207 175 244 264 207 175 244 208 236 225 209 263 210 224 246 265 210 246 225 265 210 220 260 226 211 211 224 266 247 246 211 224 266 194 247 226 245 267 247 226 211 268 248 213 164 213 248 249 212 213 197 253 229 253 197 213 249 251 214 227 250 228 196 227 251 252 215 197 228 197 269 228 227 254 253 198 229 254 166 198 256 230 180 255 232 230 198 270 255 230 198 256 271 200 230 166 256 198 231 270 255 198 272 231 252 252 231 215 273 230 274 200 232 216 200 257 232 216 257 200 233 169 275 233 238 169 233 275 257 236 204 203 234 204 236 205 234 258 217 189 276 217 189 276 219 238 217 277 219 275 217 238 169 235 278 259 218 278 236 259 218 236 244 234 218 206 279 235 237 235 259 279 206 258 189 237 239 260 206 239 237 205 236 208 244 239 206 260 240 220 226 260 240 262 261 241 221 241 222 262 221 247 194 242 245 242 174 243 245 262 192 243 242 241 243 262 222 207 225 263 264 175 225 264 280 244 175 264 236 225 263 265 210 224 265 246 266 225 281 246 265 260 282 226 211 247 266 211 283 281 211 246 266 243 226 247 245 283 267 211 247 226 247 267 284 226 285 267 211 248 286 268 213 287 249 248 212 213 249 248 288 253 254 213 229 253 213 289 249 250 251 214 290 250 269 227 251 227 228 251 269 269 197 228 252 228 252 215 273 254 198 253 289 254 198 271 256 232 230 291 255 270 291 230 255 230 292 271 256 200 292 230 256 272 198 231 270 231 270 255 293 273 252 231 272 232 274 294 230 274 257 200 232 230 200 274 295 274 200 257 233 233 275 277 238 296 275 233 257 205 236 244 234 276 217 297 258 189 239 258 276 219 217 298 276 219 217 277 299 238 277 217 275 259 279 278 235 236 278 244 218 300 236 259 278 206 301 279 237 206 300 259 279 297 239 258 237 237 260 206 301 237 239 260 302 303 239 260 240 226 303 260 240 261 262 241 304 247 242 243 245 247 262 243 242 243 241 262 305 300 263 225 264 225 300 264 280 264 236 175 280 264 236 300 244 225 263 281 265 265 281 246 266 260 226 282 306 285 226 282 211 211 281 283 266 226 243 247 284 283 211 267 307 267 247 308 284 267 285 226 284 211 285 267 307 309 248 286 268 286 248 288 213 310 268 286 213 248 311 287 212 287 248 249 288 212 249 312 287 288 289 213 249 253 289 213 254 250 269 251 290 269 228 251 313 273 228 252 269 271 198 254 289 271 292 254 256 291 230 232 294 230 314 291 270 255 270 291 293 271 292 230 315 292 200 230 295 270 231 272 293 231 273 272 316 269 272 252 273 274 232 294 257 274 230 317 294 274 230 295 318 233 274 200 295 319 233 274 257 233 277 275 296 257 319 233 296 297 298 217 276 297 258 239 276 217 298 299 219 217 320 277 299 296 217 277 275 278 300 279 259 236 300 244 278 321 301 279 206 206 300 279 321 297 239 237 322 237 260 301 302 206 260 321 301 302 239 322 237 303 260 239 302 303 226 260 306 261 323 304 241 262 241 304 305 262 247 243 308 243 262 324 305 325 263 300 264 300 263 326 225 264 300 236 280 244 300 264 325 327 281 263 265 225 281 263 326 281 265 327 266 260 328 306 282 285 282 226 306 307 211 285 282 211 281 329 283 281 283 266 330 284 243 247 308 211 329 307 283 307 267 283 329 308 267 284 324 285 324 284 267 307 267 331 285 286 268 332 309 288 310 286 213 332 310 268 286 212 311 287 312 287 333 288 249 287 333 249 312 288 334 289 249 288 213 289 254 290 335 250 269 290 269 251 313 273 228 269 313 254 292 271 289 294 291 230 317 314 230 291 317 314 291 270 293 230 292 318 315 315 292 289 271 318 292 230 295 293 231 272 316 272 314 270 293 313 272 273 316 269 272 273 313 257 274 336 294 274 336 294 317 337 318 274 295 337 233 295 274 274 319 257 338 319 274 233 339 277 233 319 296 257 319 296 338 298 239 276 297 217 298 297 299 217 277 320 296 297 320 217 299 277 320 340 299 325 278 300 279 244 300 325 278 301 279 341 321 279 300 341 321 297 239 322 342 301 343 302 260 343 301 321 260 239 322 303 302 260 344 302 303 303 260 344 306 261 323 345 304 304 305 241 323 262 346 305 304 243 324 262 308 346 324 262 305 325 263 326 300 347 300 326 225 327 263 281 326 225 281 326 347 327 281 266 330 328 344 260 306 328 282 285 306 285 282 328 307 281 283 330 329 308 284 243 324 329 307 267 348 267 349 283 329 267 346 324 308 285 324 267 350 331 267 307 348 267 331 285 350 331 351 307 285 352 332 268 309 286 332 353 309 354 310 288 213 355 310 286 288 332 310 286 355 356 212 312 311 312 311 287 357 288 333 334 249 249 358 312 333 312 287 333 357 289 334 288 359 249 289 360 334 213 254 288 354 254 288 359 289 290 335 356 250 361 290 269 335 361 269 290 313 362 292 254 289 317 294 291 363 314 317 291 363 314 291 293 364 292 315 337 318 362 292 289 315 295 318 292 337 272 314 293 316 365 272 313 316 269 365 272 313 274 257 336 338 366 274 317 336 317 336 294 363 337 274 318 367 337 233 274 339 319 274 368 338 274 319 369 339 277 319 233 339 340 319 296 277 370 296 319 338 298 239 297 342 340 299 297 298 296 320 340 277 297 340 320 299 341 325 300 279 341 343 301 321 371 300 321 341 342 297 372 322 239 303 322 342 343 302 260 373 260 371 321 343 372 303 322 302 260 302 344 374 375 302 344 303 346 323 304 345 323 305 346 304 346 262 324 308 323 324 346 305 300 325 371 326 300 371 347 326 371 327 281 326 281 371 326 347 281 327 376 330 344 285 306 328 328 260 344 374 377 285 328 307 329 281 376 330 349 283 329 330 329 267 378 348 378 349 267 329 267 346 379 324 379 350 267 324 267 331 378 348 307 380 331 348 331 267 379 350 331 351 285 350 331 307 351 380 377 307 351 285 352 353 332 309 286 353 332 355 381 310 288 354 355 381 310 288 310 382 355 332 311 312 356 357 249 333 334 360 358 249 360 333 358 312 333 357 359 334 383 289 289 334 383 360 254 359 288 354 254 359 362 289 384 290 335 356 384 335 290 361 385 269 335 361 269 385 313 361 254 292 362 386 291 314 363 364 314 366 317 363 316 314 293 364 367 337 315 318 337 292 387 315 388 362 289 315 362 387 292 315 389 314 272 316 365 390 272 316 269 272 365 391 269 385 365 313 368 274 336 338 366 274 336 368 363 317 336 366 369 274 337 367 337 274 369 339 368 370 319 338 369 319 392 339 277 392 319 339 277 340 319 393 296 319 340 394 319 296 370 395 298 297 372 342 297 340 298 396 340 320 296 394 297 320 340 394 300 371 325 341 341 371 343 321 372 322 303 342 374 373 260 302 260 373 371 343 372 303 302 375 375 344 302 374 375 303 344 397 323 346 398 345 324 323 346 399 400 371 325 326 400 327 371 326 371 327 401 281 402 376 327 330 281 376 327 401 344 285 328 403 260 373 374 328 328 404 374 344 377 328 285 403 376 349 329 330 378 405 329 348 405 349 378 329 324 406 346 379 350 379 406 324 407 378 331 348 331 380 407 348 331 350 379 406 406 351 331 350 377 351 307 380 380 331 408 351 285 351 377 403 353 352 409 309 382 352 353 332 332 353 382 355 288 359 381 354 310 381 410 354 410 310 355 381 382 310 355 411 311 356 384 357 358 356 312 357 360 333 334 412 333 360 358 412 385 358 333 357 383 388 359 289 413 289 383 360 334 383 360 412 254 410 359 354 388 289 362 359 362 359 254 386 335 384 356 358 385 335 384 361 385 335 269 358 292 414 362 386 314 366 363 364 389 314 316 364 315 387 337 367 337 387 292 415 362 388 416 315 289 315 417 388 362 387 315 418 362 292 387 415 389 272 314 419 389 272 390 316 272 391 390 365 269 385 391 365 336 368 338 420 366 368 336 420 336 363 366 421 337 392 369 367 369 392 337 339 319 422 370 368 338 368 370 420 369 392 319 423 392 277 319 393 424 319 340 393 395 394 319 296 424 340 319 394 395 370 319 425 372 426 298 342 298 297 396 372 297 427 340 396 394 297 427 340 400 325 371 341 341 371 400 343 372 303 426 342 373 260 371 428 373 371 343 429 303 372 397 375 430 374 344 375 344 430 375 397 345 431 398 323 323 398 346 399 324 346 406 399 400 327 401 371 432 281 371 401 402 327 376 401 330 376 349 402 281 376 401 432 404 344 328 403 428 260 328 373 373 374 328 428 328 374 404 433 434 374 404 344 328 435 403 377 329 405 349 376 378 407 405 348 405 378 349 436 437 346 406 379 331 438 378 407 407 380 331 439 331 437 406 379 351 406 331 440 351 377 435 380 408 331 380 439 351 408 440 331 408 441 380 351 435 377 351 403 352 442 353 409 442 352 353 382 353 442 382 355 359 410 381 354 355 310 410 411 355 443 410 381 411 382 442 355 356 358 384 357 333 358 385 412 413 358 360 412 384 358 385 357 383 388 289 417 289 413 383 417 413 360 383 412 410 254 359 386 359 362 444 386 385 335 358 384 269 391 385 358 414 292 362 415 386 444 414 362 364 366 363 421 314 445 366 364 446 314 389 364 367 315 387 418 387 447 337 367 337 448 387 415 416 418 362 315 315 388 416 417 362 387 449 415 446 314 419 389 419 272 390 389 272 390 391 413 385 390 391 365 420 336 366 421 366 422 368 420 423 392 367 369 392 337 447 367 422 319 370 425 422 370 368 420 450 319 392 423 392 319 450 393 319 424 450 393 340 451 424 393 395 319 394 424 424 452 340 394 424 319 425 395 425 395 370 453 426 298 396 372 427 396 297 372 454 340 427 396 427 340 455 394 343 371 400 429 372 303 397 426 428 371 373 429 375 430 372 397 374 430 344 434 430 344 456 397 431 345 398 457 431 399 398 323 437 346 398 399 437 406 346 399 371 400 458 401 371 458 432 401 459 376 401 402 436 349 376 402 376 432 458 401 328 435 404 403 460 374 428 328 428 373 374 461 434 404 374 433 460 374 328 433 404 435 328 433 344 404 434 462 376 405 349 436 438 378 407 405 438 378 405 436 463 438 331 407 407 331 463 439 437 331 406 464 464 440 331 406 465 351 435 380 331 408 463 439 380 466 408 439 408 331 464 440 408 441 351 440 408 380 441 466 465 380 441 351 351 404 435 403 443 410 381 359 410 443 355 411 382 467 411 442 442 355 443 411 358 413 385 412 417 383 388 468 383 417 413 468 390 413 383 412 410 444 386 359 385 391 413 358 415 414 449 362 469 362 414 444 414 410 444 386 445 366 364 421 314 366 445 470 446 314 364 445 418 471 387 367 315 367 472 418 367 447 473 387 387 337 447 474 448 337 387 474 387 448 449 415 416 418 315 472 475 315 416 417 417 388 416 468 446 419 314 475 446 419 390 389 419 390 272 413 385 391 390 413 366 422 420 421 447 392 367 423 392 447 337 474 425 370 422 453 420 422 370 476 392 451 450 423 450 451 392 393 450 424 451 393 451 340 424 477 424 394 395 478 394 452 479 424 452 455 340 394 424 340 452 477 425 424 395 478 395 425 478 453 396 372 454 426 396 454 372 427 427 455 340 454 371 458 400 429 430 426 372 397 371 428 458 429 461 428 373 429 344 430 462 434 430 344 462 456 430 456 426 397 437 457 431 398 431 399 437 398 431 406 437 399 459 458 400 401 376 459 480 402 459 376 458 401 376 402 481 436 374 460 428 482 428 374 482 461 483 404 434 433 460 374 433 482 435 328 433 460 435 404 484 433 483 434 404 462 376 481 405 436 405 407 438 481 438 405 481 436 407 463 438 485 463 407 439 485 437 406 486 464 440 464 486 406 465 435 351 487 439 408 463 488 439 466 408 488 464 408 440 486 486 441 408 440 465 441 380 466 408 441 489 466 441 465 351 487 404 351 435 487 410 443 444 359 410 490 443 411 467 382 411 490 443 442 411 467 385 413 390 412 383 413 390 468 475 413 417 468 469 362 449 414 449 448 414 415 469 414 443 444 410 443 414 444 445 491 366 421 366 470 491 445 314 446 470 445 471 473 387 367 418 471 367 472 367 447 423 473 387 447 492 474 387 474 492 448 493 387 448 449 315 475 416 472 416 418 472 494 475 417 416 468 314 470 446 475 446 419 475 390 390 419 475 413 421 422 420 476 495 422 366 421 447 496 392 423 392 497 447 474 453 370 422 476 422 498 425 453 499 451 423 450 451 392 496 423 450 451 424 499 424 500 451 477 394 424 479 478 452 394 479 455 452 424 501 479 452 340 455 454 452 424 477 500 454 452 340 477 424 498 478 425 498 478 425 453 426 372 454 502 455 372 454 427 459 400 458 429 502 430 426 372 461 428 429 458 462 434 430 483 462 430 456 483 430 456 502 426 457 437 431 503 406 431 437 504 459 376 480 458 376 481 402 480 505 481 402 436 482 460 428 506 461 482 428 506 483 404 433 507 460 482 433 508 433 435 460 508 433 509 484 435 510 484 404 433 435 484 404 487 483 404 511 462 485 438 407 481 481 438 436 505 485 463 438 512 488 463 439 485 486 406 437 504 486 513 437 464 484 435 465 487 514 463 408 488 408 466 515 488 408 513 486 464 441 486 408 516 441 465 484 466 408 489 515 466 517 489 441 466 408 489 441 518 441 484 465 487 490 410 443 519 467 490 411 443 413 475 390 468 414 469 448 449 469 443 414 519 410 414 443 519 495 366 491 421 366 491 470 520 446 491 470 445 471 473 367 521 520 367 471 472 472 418 471 494 522 447 473 423 367 423 521 473 492 474 447 497 493 387 492 448 497 492 474 448 493 448 469 449 475 416 472 494 446 475 416 468 446 470 520 475 390 475 446 468 421 422 476 495 495 366 422 523 524 423 496 447 447 392 496 525 497 392 447 525 422 498 453 476 451 423 496 499 451 496 392 525 424 451 500 499 526 451 500 477 479 424 501 478 452 455 479 527 479 501 452 527 452 528 454 455 500 452 526 477 526 454 477 452 498 424 478 501 453 498 478 529 372 530 454 502 372 454 530 455 458 429 461 459 430 502 530 372 428 461 506 458 456 511 462 483 456 430 531 483 532 456 502 430 457 533 503 431 437 431 503 504 534 376 458 480 458 459 535 480 505 402 481 480 376 481 480 534 482 460 506 508 506 461 482 536 404 507 510 433 404 483 537 507 538 433 482 508 509 433 508 435 484 509 433 510 404 484 510 539 539 404 484 487 483 404 537 511 481 485 438 512 438 481 512 505 485 514 463 512 514 463 488 485 437 513 486 504 408 540 514 488 540 408 515 488 513 408 486 541 518 441 408 516 541 516 408 486 441 484 517 466 489 408 515 542 517 441 489 518 542 408 518 489 539 441 487 484 490 467 519 443 414 448 469 543 544 414 519 469 467 443 469 519 366 491 523 495 366 523 491 520 446 470 491 520 367 520 471 521 471 473 521 545 520 472 471 494 522 524 447 423 423 473 522 521 546 447 497 492 493 546 448 492 448 546 497 492 493 469 448 543 446 416 475 494 520 475 472 494 475 520 446 494 547 476 422 495 523 547 422 495 524 496 423 499 447 496 548 525 548 447 525 497 476 498 453 529 549 498 422 476 496 550 451 499 551 451 525 496 526 500 451 499 478 501 479 552 455 452 553 527 554 452 501 527 527 479 501 552 452 528 455 553 528 555 454 455 452 454 528 556 500 526 452 557 526 454 452 556 552 478 501 498 498 552 478 529 532 454 530 502 530 454 555 455 536 458 461 459 430 532 530 502 458 461 506 536 531 511 456 483 558 531 430 483 532 456 430 531 533 457 503 559 533 504 503 431 503 513 437 504 458 535 534 480 560 535 459 480 458 535 459 536 535 505 481 480 535 481 534 480 506 538 482 508 482 538 506 536 510 507 404 539 483 507 561 537 539 507 404 537 538 562 433 508 433 509 508 562 563 484 510 509 433 509 562 510 484 539 564 510 561 511 483 537 481 565 485 512 481 505 565 512 514 485 565 512 485 488 514 565 486 533 504 513 488 540 514 566 408 542 540 515 488 515 540 566 513 486 567 541 542 518 408 516 542 408 541 516 486 541 516 567 517 484 441 568 515 489 542 569 570 518 517 489 441 518 517 568 542 518 571 489 539 441 484 568 490 572 519 467 544 414 469 543 572 544 519 469 469 467 519 572 547 523 491 495 547 491 523 520 446 520 491 494 520 471 521 545 521 473 522 545 471 520 494 491 423 522 524 573 423 547 521 522 546 447 548 497 546 574 493 448 448 546 574 497 448 575 493 543 572 469 493 543 576 476 547 495 547 476 549 422 524 577 496 499 423 499 573 524 548 525 496 551 525 548 497 551 476 498 529 549 549 422 498 578 579 499 550 496 496 451 550 580 526 451 550 499 551 451 496 580 499 557 526 500 452 554 553 527 501 527 552 554 455 528 555 553 452 581 528 553 528 454 555 532 452 528 582 556 532 528 454 556 526 582 452 557 526 452 582 556 498 554 501 552 498 529 554 552 530 555 454 532 555 430 532 530 535 458 506 536 583 511 531 483 483 583 558 531 430 558 532 531 533 513 559 503 533 504 513 503 560 459 535 536 560 505 535 480 535 505 584 481 508 506 538 535 535 506 538 536 561 510 539 507 539 561 507 537 538 585 562 508 585 509 562 508 586 510 563 484 510 563 509 562 564 539 484 568 564 587 484 510 588 564 539 510 511 561 589 537 590 561 511 483 591 565 505 512 481 565 505 584 512 565 514 591 566 514 488 565 486 533 513 592 540 514 566 593 515 542 540 569 569 540 515 566 567 486 513 592 567 594 513 541 518 567 516 542 542 516 541 567 570 484 517 568 569 489 542 595 518 570 596 489 517 518 570 568 489 571 542 595 596 571 518 489 542 571 518 597 490 572 544 519 544 572 543 469 491 547 495 576 520 547 491 545 520 471 545 491 547 520 521 545 521 522 547 545 547 423 573 522 573 522 524 598 551 546 548 497 546 493 574 599 575 493 574 448 497 600 546 574 601 493 575 543 572 493 601 543 576 476 549 547 422 547 578 549 496 577 579 499 524 577 499 573 602 496 551 548 529 603 549 498 578 603 498 549 579 550 499 557 496 550 604 580 526 550 451 580 550 526 499 557 496 580 604 551 452 554 581 553 554 553 527 605 527 552 554 606 553 581 528 555 528 607 532 555 608 582 528 556 532 608 528 556 526 557 608 582 608 582 556 526 606 554 529 552 498 554 529 609 555 430 558 532 583 511 483 590 610 483 583 558 583 558 531 532 611 533 513 559 538 535 536 560 560 505 584 535 612 481 535 584 538 585 508 535 539 561 588 510 589 539 537 561 538 562 585 613 509 563 585 562 586 484 587 510 510 586 563 614 563 510 615 562 564 484 570 568 510 588 564 587 564 570 484 587 539 564 588 616 589 590 561 511 561 590 617 483 591 505 565 584 481 565 584 612 593 514 565 591 565 566 514 593 533 611 513 592 593 566 540 618 569 542 540 618 566 569 540 618 513 594 567 592 542 594 567 541 518 567 542 619 569 542 620 595 596 570 518 621 564 518 568 570 542 571 622 595 596 518 571 597 542 597 518 619 542 571 597 622 544 572 601 543 491 547 576 545 522 547 545 576 547 522 573 598 573 524 577 598 551 546 497 623 546 602 551 548 546 574 600 599 575 574 493 599 600 497 546 623 544 601 575 543 601 575 493 599 549 547 603 576 549 603 547 578 499 577 579 624 603 499 577 573 602 496 604 551 603 529 549 625 603 529 609 498 579 626 550 557 499 557 624 579 580 550 604 627 526 627 550 580 550 628 526 557 580 604 551 627 554 553 605 581 554 605 527 606 528 581 629 555 630 581 553 555 629 555 607 528 607 610 532 555 528 532 607 631 608 528 582 632 608 532 528 631 632 608 557 582 608 526 628 557 606 529 554 609 498 554 609 633 558 532 610 555 483 617 583 590 610 483 617 583 558 610 532 583 559 634 611 533 535 538 613 560 535 560 635 584 535 635 612 584 535 538 585 613 588 561 539 616 589 539 561 616 615 585 562 613 615 585 563 562 510 586 614 587 586 587 484 570 563 615 510 614 586 563 614 636 637 564 588 587 570 564 638 587 637 588 564 616 639 590 561 589 590 639 561 617 640 565 584 591 565 612 635 584 565 591 641 593 565 641 566 593 634 592 611 533 513 594 592 611 593 641 566 618 569 620 542 618 569 566 641 618 567 634 592 594 594 542 567 642 542 567 642 619 542 622 620 595 595 620 569 643 564 518 570 621 570 638 621 596 518 597 596 621 622 571 644 595 638 597 596 571 542 597 619 622 622 597 645 571 547 522 598 576 603 547 573 598 603 573 577 598 623 546 602 551 646 546 600 599 575 574 599 600 600 546 647 623 601 575 599 646 576 603 549 625 547 603 576 598 499 603 577 624 577 579 624 648 551 602 627 604 603 529 625 609 603 633 498 609 649 550 626 557 557 579 626 624 650 550 627 604 627 526 550 651 550 628 557 649 550 526 628 651 581 554 652 605 605 630 581 553 554 606 652 605 653 629 581 555 581 630 653 555 629 607 555 610 607 532 610 583 607 528 631 654 583 607 532 631 528 608 654 632 528 654 608 631 628 608 557 632 608 628 526 651 655 554 609 606 633 656 554 609 617 583 590 639 617 639 610 583 559 634 657 611 535 635 560 613 640 635 560 584 635 535 585 613 588 637 561 616 658 589 561 616 615 585 613 635 563 585 615 635 614 659 587 586 659 570 587 586 563 615 614 636 586 614 659 636 587 637 564 660 587 661 638 570 587 564 638 662 638 564 570 621 658 637 564 616 561 639 589 663 664 561 639 617 640 565 591 665 565 640 584 635 666 641 591 593 565 641 591 665 634 592 594 611 618 593 641 666 620 569 643 618 641 643 569 618 567 634 594 667 594 567 668 642 622 542 642 619 642 567 668 619 644 620 622 595 595 644 620 643 596 597 638 621 644 571 622 669 670 597 638 571 597 668 619 622 622 645 669 571 670 645 597 571 622 645 597 671 577 603 598 625 602 672 623 551 602 546 623 647 546 646 600 647 646 575 599 600 600 623 647 672 576 603 625 598 577 624 603 648 624 579 626 648 551 627 602 673 650 627 602 604 603 625 656 609 603 656 633 609 649 656 557 626 557 656 624 626 650 550 674 627 651 674 550 627 632 557 628 649 550 628 674 651 630 652 605 581 675 652 606 605 554 652 606 676 629 610 555 653 629 581 677 653 581 630 677 653 629 610 678 607 607 610 639 583 607 679 654 631 679 583 631 607 679 654 608 632 679 608 654 631 628 680 608 632 681 608 651 628 655 554 606 676 554 655 609 656 617 610 639 664 634 594 657 611 640 560 635 613 637 658 561 616 658 589 663 561 635 613 615 640 635 615 563 636 587 659 614 682 661 587 659 570 614 615 683 636 636 614 659 682 564 660 662 587 684 564 637 660 638 661 587 662 685 638 564 662 685 564 638 621 684 637 564 658 561 686 639 663 664 561 686 639 640 565 665 635 666 591 641 665 565 641 665 687 618 641 688 666 688 620 643 618 643 641 688 618 668 567 594 667 594 634 689 667 668 690 594 642 619 668 642 622 644 622 620 691 643 644 620 691 685 597 621 638 644 622 692 669 638 597 670 693 597 668 622 694 645 622 669 695 670 597 645 671 671 597 622 694 622 671 695 645 603 577 648 625 551 602 672 673 623 672 602 647 600 696 647 646 600 696 672 647 656 603 624 648 624 626 656 648 650 602 627 673 655 656 625 609 603 656 625 648 656 649 557 697 656 649 698 626 627 650 681 674 681 674 651 627 697 557 632 649 649 632 697 628 681 674 628 651 630 677 652 581 605 675 652 630 675 606 652 676 554 652 676 699 610 629 678 653 629 677 678 653 630 700 677 653 610 701 678 607 607 583 639 702 607 639 610 664 654 679 607 703 679 583 607 702 703 632 654 679 679 608 680 632 628 680 632 704 628 608 680 705 681 608 628 705 655 554 676 656 693 670 671 597 634 594 689 657 561 663 658 637 683 635 615 640 615 635 683 636 659 587 706 682 587 661 659 706 636 683 614 682 636 659 707 682 564 660 685 662 684 637 708 660 564 685 660 684 638 662 709 661 587 661 706 662 685 710 638 662 708 658 637 684 637 561 663 686 663 686 639 711 711 664 686 639 687 565 635 665 635 640 707 665 712 641 665 666 707 641 687 665 641 666 713 688 691 620 643 688 641 713 643 688 594 690 668 667 634 714 689 667 667 689 594 690 622 690 668 642 644 692 622 691 643 713 644 691 685 597 638 693 622 695 692 669 692 644 669 715 716 638 670 693 717 668 694 622 695 645 718 669 671 670 716 645 622 695 671 694 719 695 671 645 672 602 720 673 696 602 672 647 626 656 648 655 627 721 650 673 650 602 673 720 655 625 656 648 656 649 697 698 656 626 698 655 627 681 650 722 723 681 650 674 704 697 632 628 724 649 697 628 723 628 681 674 652 700 677 630 675 700 652 630 725 675 652 676 699 652 676 725 656 676 699 554 653 726 678 610 677 726 678 653 700 726 677 653 607 701 664 610 678 727 701 610 639 728 607 702 607 728 639 664 607 679 729 703 607 729 679 702 632 703 680 679 679 680 608 705 680 628 730 704 632 680 703 704 628 680 731 705 628 731 681 705 656 655 725 676 671 716 670 693 657 714 689 634 663 637 711 658 635 707 640 683 707 635 636 683 732 659 706 682 706 661 659 732 707 683 636 682 659 732 707 682 708 685 660 662 708 660 685 684 733 662 709 638 662 709 661 706 685 638 710 693 734 638 710 662 735 710 685 662 708 736 658 684 658 737 708 637 663 711 637 686 664 711 686 738 711 639 728 664 635 707 687 665 712 707 640 665 641 712 739 666 712 641 707 665 740 713 666 688 641 713 666 739 643 713 691 688 714 668 690 667 714 667 690 689 622 690 717 668 692 644 715 691 715 644 713 691 718 692 695 669 669 718 692 715 716 710 638 693 695 622 717 694 668 741 717 694 742 695 645 718 716 743 671 645 671 741 694 695 671 743 719 645 645 719 695 742 671 695 719 744 672 720 602 696 673 720 672 721 721 627 650 722 650 673 721 720 656 697 725 698 649 697 698 724 656 725 655 698 723 650 681 722 697 704 730 628 697 730 724 628 628 723 681 731 652 745 677 700 652 675 745 700 746 675 725 676 725 675 747 652 656 725 699 676 727 678 726 610 726 678 745 677 745 700 726 677 701 664 610 727 664 701 607 728 701 727 678 748 607 728 729 702 749 639 702 728 749 729 679 703 749 679 729 702 680 750 679 703 679 751 680 705 730 704 752 680 703 752 704 680 751 731 680 705 731 751 681 705 746 725 655 676 710 671 693 716 657 714 753 689 658 637 711 737 712 640 707 683 706 754 732 682 709 661 706 732 707 683 682 712 707 732 754 682 685 708 735 662 708 685 736 684 638 734 733 662 662 733 709 755 706 662 709 756 662 735 710 734 638 710 716 734 685 710 735 757 736 737 708 658 758 708 737 637 738 637 711 686 728 738 711 664 728 639 711 759 712 641 739 707 740 666 713 739 691 713 740 688 641 713 739 760 668 714 690 761 690 714 689 753 690 668 741 717 691 715 692 762 691 713 715 762 718 695 692 763 715 718 692 763 741 717 694 695 742 695 718 763 718 645 742 764 716 671 743 765 671 741 695 766 719 743 671 744 695 719 767 742 719 645 764 742 695 766 744 671 695 719 744 767 672 768 720 696 672 768 721 720 721 650 769 722 721 650 720 768 697 725 698 724 746 655 725 698 681 770 723 722 723 722 769 650 771 697 704 730 730 771 697 724 681 723 751 731 772 745 675 700 652 745 675 747 746 675 747 725 725 652 747 773 727 726 678 748 745 678 726 748 745 700 772 726 664 701 774 727 701 664 774 728 727 701 774 748 749 729 728 702 749 639 728 759 775 703 729 749 749 679 750 703 703 750 776 680 680 679 750 777 751 679 680 777 778 730 752 680 752 771 704 730 776 752 703 680 779 680 751 731 710 671 716 765 637 758 711 737 732 754 706 756 732 706 709 756 682 754 707 712 780 707 732 754 735 708 685 757 708 685 757 736 662 733 755 734 638 734 716 733 755 709 662 756 733 709 755 781 782 710 735 734 710 783 716 734 782 735 710 757 736 784 708 737 758 708 784 737 637 711 758 738 785 738 728 664 728 786 711 738 711 786 728 759 707 760 641 739 707 712 780 739 780 740 713 739 691 740 713 762 713 760 780 739 741 668 690 761 714 787 690 761 714 690 787 753 741 788 690 717 763 692 715 762 713 789 715 762 718 715 789 763 695 788 741 717 790 742 718 763 742 718 764 790 791 716 743 765 744 743 671 765 695 741 792 766 743 791 744 719 719 767 742 793 764 719 742 793 766 767 695 744 794 767 744 719 650 721 769 768 770 769 722 721 725 697 771 724 725 746 698 724 770 681 723 795 723 722 770 769 730 796 771 724 681 751 723 795 779 751 723 731 772 675 745 747 652 745 747 773 725 746 797 747 725 797 773 747 727 798 726 748 726 798 745 748 745 772 798 726 799 774 727 664 785 774 664 728 748 774 727 799 749 728 729 775 728 800 749 759 703 775 750 749 749 750 679 777 750 680 801 776 703 750 775 776 680 750 802 777 777 751 802 680 778 752 801 680 730 752 771 778 752 776 801 680 779 680 802 751 710 716 783 765 784 711 758 737 780 754 732 756 732 709 780 756 707 780 712 754 708 782 757 735 736 708 782 757 755 803 734 733 716 734 803 733 756 755 709 781 733 755 803 781 734 782 710 804 805 716 783 734 710 804 783 734 806 782 710 757 784 736 708 807 784 708 758 808 784 758 711 738 785 738 664 809 785 728 738 786 711 786 784 738 786 728 759 800 810 711 759 786 707 780 760 739 811 780 712 739 811 740 780 739 780 740 812 713 713 740 789 762 690 788 741 761 761 813 714 787 690 761 787 788 813 753 714 787 715 789 763 762 789 790 718 763 788 695 741 792 814 742 790 763 793 742 764 790 791 783 716 765 744 791 743 765 767 695 792 766 815 792 741 766 791 816 744 719 767 719 817 793 814 767 793 742 744 815 766 767 767 794 817 719 744 816 794 719 744 767 794 818 819 769 721 768 769 770 819 721 771 796 725 724 796 746 725 724 770 723 820 795 819 723 770 769 730 771 796 778 779 723 751 795 797 772 745 747 747 745 797 773 821 797 746 747 725 797 746 796 748 727 798 799 745 822 748 798 745 772 822 798 809 774 799 664 809 785 774 664 822 774 748 799 728 749 800 775 810 749 800 759 750 823 749 775 749 824 750 777 776 825 801 750 825 776 775 750 802 824 777 750 802 824 751 777 801 826 752 778 797 771 752 778 752 776 826 801 824 751 779 802 780 754 756 811 756 709 780 781 811 712 780 754 782 806 736 757 736 708 807 782 734 803 755 827 734 716 803 828 756 829 755 781 781 755 803 827 830 710 782 804 805 716 734 828 734 804 783 805 716 783 791 805 710 783 804 830 830 782 710 806 831 784 708 807 831 784 808 708 758 738 784 808 738 785 832 809 785 738 832 786 711 784 786 833 808 784 786 738 786 810 800 759 810 711 786 833 811 740 812 780 812 780 713 834 713 789 740 812 835 789 740 762 813 741 788 761 813 761 788 787 813 836 753 787 763 789 835 762 763 814 789 790 741 815 788 792 790 793 742 814 783 744 765 791 792 815 767 766 791 744 816 837 817 838 767 793 814 767 838 793 744 815 767 839 767 794 840 817 794 816 744 818 744 839 767 818 767 794 818 840 797 725 771 796 819 723 820 770 770 841 795 820 779 795 820 723 771 797 796 778 751 841 779 795 821 772 797 747 797 772 842 745 821 746 797 796 748 798 822 799 843 822 772 798 745 822 772 842 844 809 774 799 844 809 785 774 774 822 844 799 810 800 749 775 750 823 775 845 750 749 823 846 810 749 823 775 824 749 750 846 801 825 847 750 776 825 826 801 775 845 825 750 848 750 824 802 752 826 797 778 849 826 801 778 779 751 824 850 779 848 824 802 756 829 780 811 756 780 829 781 807 806 736 782 831 807 708 782 803 734 828 827 716 803 828 851 781 829 755 827 803 781 827 852 830 782 853 804 791 716 805 828 853 783 804 805 791 783 854 805 853 804 783 830 782 855 806 830 784 831 856 807 856 808 831 784 832 809 857 738 785 809 844 832 786 832 858 738 859 786 784 833 858 808 786 738 859 784 786 808 800 810 786 860 861 810 786 833 780 811 852 812 780 852 834 812 713 789 812 834 835 740 789 812 741 813 788 862 788 813 787 836 763 789 814 835 863 789 814 790 741 788 815 862 864 788 815 792 793 790 863 814 783 744 791 837 767 864 815 792 791 854 837 816 818 816 744 837 767 840 838 817 793 817 838 865 838 793 865 814 815 866 767 839 867 817 840 794 818 816 854 794 840 767 839 818 868 840 818 794 770 819 869 820 841 770 869 820 841 779 795 820 797 821 796 778 841 751 779 850 821 772 842 797 797 745 842 870 798 843 822 799 843 772 822 842 745 822 842 870 809 844 871 799 822 871 844 799 860 775 800 810 823 750 872 845 775 823 860 845 750 823 873 846 810 823 749 846 775 860 823 810 846 824 873 750 872 847 825 750 847 826 825 801 872 825 845 750 750 848 824 873 826 849 797 778 849 826 847 801 824 848 779 850 780 852 811 829 852 780 781 829 806 856 782 807 831 856 807 782 803 828 874 827 716 791 851 828 803 828 851 874 827 781 829 852 827 874 803 852 853 855 782 830 805 791 828 875 805 853 783 876 805 877 854 791 854 805 783 878 854 783 791 837 855 853 783 830 806 879 855 782 808 856 831 880 784 859 856 808 832 857 881 738 857 844 809 832 881 858 832 738 786 859 861 833 882 784 833 859 858 808 738 881 858 786 808 859 786 810 861 860 810 833 861 882 883 852 811 812 789 852 812 834 883 789 812 835 813 884 788 862 813 788 884 836 863 814 789 835 864 815 788 862 863 865 793 814 864 767 815 866 818 854 816 837 817 840 838 867 867 838 817 865 814 865 838 885 840 767 866 839 866 815 886 839 887 867 840 794 854 888 818 794 818 886 839 840 794 868 840 887 818 888 868 794 818 840 868 889 841 779 820 869 797 849 821 778 841 779 890 850 797 821 891 842 797 891 870 842 843 871 822 799 892 822 842 843 870 822 842 891 857 844 871 809 822 893 844 871 845 894 872 823 894 845 860 823 846 873 895 823 810 895 823 846 823 860 896 810 895 824 873 846 825 897 847 872 825 891 826 847 897 825 845 872 895 824 848 873 891 797 826 849 891 849 826 847 824 898 848 850 779 890 850 848 883 811 852 829 856 806 782 879 831 856 782 880 828 899 874 827 828 791 851 875 875 851 828 874 883 827 829 852 827 852 899 874 879 853 855 782 877 805 875 791 805 899 875 828 783 876 878 805 900 783 853 876 854 877 805 878 783 901 854 878 854 901 783 837 900 853 783 855 880 856 859 808 784 856 859 902 903 857 881 832 893 844 857 832 881 858 903 832 861 859 882 833 882 784 859 902 808 858 904 881 858 808 904 859 896 861 810 860 810 861 896 882 789 883 812 852 883 789 835 905 906 813 862 884 864 884 862 788 836 906 884 813 907 863 835 814 905 863 789 835 906 815 864 862 814 863 865 885 815 886 864 866 901 818 837 854 885 840 867 838 865 867 838 885 840 866 886 839 887 840 867 908 854 818 888 909 818 886 840 910 840 868 911 887 868 888 818 889 818 840 889 910 840 868 889 911 779 841 890 869 797 891 821 849 850 841 898 890 892 891 821 842 822 843 893 871 822 892 912 843 892 822 891 842 871 844 857 893 872 894 913 823 845 894 897 872 860 914 894 823 915 823 895 873 895 810 823 916 823 896 860 914 810 896 823 882 825 897 891 847 847 897 917 872 848 824 895 918 848 915 895 873 891 892 849 847 898 824 848 918 848 850 898 890 919 856 782 879 919 856 880 782 899 875 828 874 827 899 852 883 920 899 852 874 855 921 853 879 853 879 919 782 805 877 875 922 899 805 875 922 783 876 901 878 900 853 923 876 876 783 901 900 877 878 854 924 805 877 922 878 854 901 925 878 855 853 926 900 859 927 880 808 928 856 859 880 928 859 856 902 903 893 857 832 929 903 857 881 903 858 881 904 882 859 861 896 859 930 882 902 881 931 904 808 808 927 904 859 789 932 883 852 883 932 789 905 906 862 864 884 836 906 933 884 863 905 907 835 814 907 863 885 905 789 863 932 815 906 864 934 885 863 865 935 815 864 886 934 936 864 886 866 901 818 854 909 885 840 908 867 865 867 885 935 840 936 886 866 840 911 908 887 887 867 937 908 854 925 909 888 889 888 818 909 910 886 840 938 868 887 939 911 888 925 889 868 910 840 889 911 940 911 889 868 941 841 869 890 892 821 891 849 941 898 841 890 942 893 843 871 822 893 843 912 892 822 912 891 871 857 942 893 943 913 894 823 894 913 897 872 943 894 914 823 823 915 895 944 882 823 810 916 895 944 916 823 945 896 823 914 945 823 896 882 917 891 897 847 897 913 917 872 895 915 848 918 891 917 892 847 898 848 946 918 941 848 898 890 856 919 921 879 919 856 947 880 874 899 875 920 920 852 899 883 921 855 853 948 921 919 853 879 875 922 877 949 922 875 899 949 923 878 901 876 923 926 853 900 923 901 900 876 950 878 924 854 878 877 922 924 878 950 925 854 951 925 901 878 854 925 901 909 926 948 853 855 880 927 952 808 880 927 859 928 856 928 953 880 928 859 902 930 856 954 928 902 857 893 903 929 931 903 929 881 881 931 903 904 859 882 930 896 930 954 882 902 904 931 952 808 904 952 927 808 883 852 932 920 905 883 932 920 864 906 884 933 920 907 863 905 885 907 863 935 905 932 863 920 906 955 864 934 936 886 864 934 867 885 937 908 935 867 885 937 840 936 938 886 911 887 939 908 937 939 887 908 889 925 888 909 911 840 938 910 938 910 886 956 868 939 957 911 889 925 958 868 889 956 910 911 868 940 911 957 889 958 940 868 889 911 940 959 942 843 893 912 822 893 912 960 891 822 912 960 891 892 961 912 893 857 942 929 894 962 913 943 897 961 913 894 945 823 943 914 894 914 962 943 915 963 895 944 823 882 945 916 823 945 944 916 963 944 916 895 896 964 914 945 945 965 882 896 961 891 897 917 961 913 917 897 895 966 915 918 915 918 946 848 891 961 892 917 848 941 898 946 946 966 898 918 919 947 856 921 953 947 856 880 949 875 899 920 883 967 899 920 921 968 948 853 921 919 947 853 949 922 877 924 949 899 922 969 878 923 901 970 923 900 901 926 923 926 948 853 878 950 924 971 878 969 924 922 925 950 878 951 901 970 951 878 901 925 951 972 972 901 925 909 880 927 973 952 927 880 973 928 928 953 880 974 953 928 856 975 930 928 954 902 954 856 928 975 893 976 903 929 931 903 976 929 976 903 931 904 882 896 954 930 952 977 931 904 952 927 977 904 883 905 967 920 906 864 955 933 907 978 920 863 967 907 920 905 978 863 907 935 979 907 885 935 906 955 934 980 934 955 864 936 886 980 934 936 885 981 937 908 885 981 935 937 886 956 936 938 981 911 939 908 939 937 981 908 972 889 909 925 938 911 910 956 939 957 911 982 958 925 889 983 889 956 911 984 911 940 985 957 889 983 940 958 889 940 983 959 984 889 959 911 911 940 959 985 961 942 893 912 961 912 893 960 891 961 960 912 986 961 892 912 893 942 976 929 962 913 961 894 962 987 913 943 945 964 914 943 964 962 914 943 915 963 988 895 915 989 963 944 882 963 945 916 944 916 945 963 990 964 896 945 896 965 990 945 945 882 965 991 954 882 965 896 986 913 917 961 966 895 915 988 915 918 966 946 986 892 961 917 898 992 946 941 898 992 966 946 953 856 947 921 880 953 947 974 969 949 899 920 899 967 969 920 921 968 853 947 948 968 923 853 921 968 993 948 922 949 969 924 901 970 923 994 923 901 994 926 993 948 923 926 878 969 971 924 878 950 971 951 971 924 995 950 996 950 925 951 951 970 901 972 925 972 997 951 973 952 998 880 977 927 952 973 880 974 973 928 953 928 999 974 928 953 1000 975 856 921 953 975 954 928 930 1001 928 1000 954 975 976 1002 931 929 931 977 976 904 1001 954 896 930 1003 977 931 952 933 980 955 906 920 978 907 1004 967 907 1004 920 978 907 1004 935 907 979 1004 935 979 885 981 935 980 934 936 955 886 980 936 1005 1006 935 981 937 886 936 956 1005 1007 936 956 938 981 911 982 939 937 981 1006 939 972 889 925 983 911 1007 956 938 911 985 982 957 957 939 1008 982 997 925 958 983 1009 984 911 956 1010 957 985 940 997 940 983 958 997 983 940 959 959 985 984 911 985 959 1011 940 986 942 961 912 961 942 1012 893 1002 976 942 929 893 976 942 1012 987 913 961 962 962 1013 987 943 945 1013 964 943 1013 962 964 943 915 989 988 963 989 945 963 944 963 882 945 991 990 964 945 1014 965 945 1014 990 965 896 990 1001 945 965 1015 991 954 965 882 991 896 965 954 1001 987 913 986 961 966 915 1016 988 966 915 946 992 993 921 953 947 953 974 1017 947 920 969 949 1018 967 969 920 1018 993 947 968 921 948 993 923 968 1018 969 949 924 970 1019 923 994 970 901 972 994 926 923 1019 994 923 993 926 1020 924 995 969 971 950 996 971 951 971 995 996 950 925 1021 996 951 1019 951 972 970 997 951 1021 925 951 972 997 1022 925 997 972 983 973 998 974 880 952 998 977 973 974 999 973 928 1017 999 974 953 953 1023 1000 975 1023 921 975 953 928 954 1000 1001 1023 954 1000 975 976 931 1002 1003 977 931 976 1003 998 977 1003 952 980 933 955 1024 920 1004 1018 978 920 1018 1004 967 1018 978 1004 935 935 1025 979 1004 981 979 935 1006 936 1024 980 955 980 936 1005 1026 1007 956 936 1005 981 1008 939 982 1008 1006 981 939 911 1007 1009 956 1010 985 957 982 1010 957 1008 982 985 911 1009 984 1009 1027 984 956 985 1028 1010 940 959 997 1029 940 1030 959 983 997 959 1027 984 985 1028 985 1011 940 1011 959 1029 940 985 1011 959 1031 986 942 1012 961 961 893 1012 1032 1002 942 976 1012 893 976 1012 1032 1033 961 962 987 962 987 1013 1033 945 964 1013 1014 1033 1013 962 964 1034 988 989 963 915 988 989 1016 945 989 963 1015 1015 945 991 963 964 990 1035 1014 965 1036 990 1014 1001 1036 990 965 1015 991 965 1037 954 1037 965 991 954 965 1038 1001 961 1033 986 987 966 1016 915 992 1034 1016 988 966 953 921 993 1039 953 1040 993 947 1017 1041 953 947 1042 947 1017 974 969 967 1025 1018 947 993 968 1040 1040 923 993 968 969 1018 995 924 1019 972 994 970 926 1019 1043 994 1019 923 926 1020 923 1044 993 1020 995 1045 969 971 951 1045 996 971 1045 995 996 971 1021 1046 996 951 951 1019 972 1047 951 997 1021 1022 1022 972 1047 951 1030 997 972 1022 1030 972 997 983 974 1048 998 973 998 1049 977 973 974 999 1048 973 999 1048 1017 974 1000 1023 953 1038 1023 921 953 1039 1038 1000 954 1001 954 1000 1038 1023 976 1002 1049 1003 976 1049 977 1003 998 977 1049 1003 1004 1025 967 1018 935 1025 1004 1018 935 1025 1050 979 981 979 1006 1051 935 1050 1006 979 1024 936 980 1026 1005 1026 1052 980 936 1007 1005 1026 956 1052 1005 1007 1008 981 1053 982 1006 981 1054 1008 1009 1007 1027 956 1053 985 1010 982 1008 1053 1010 982 1027 984 985 1009 1010 1028 985 1055 1029 997 959 1056 1030 959 997 1056 959 1027 985 1057 1028 1011 985 1058 959 1056 1011 1029 959 1011 1056 1031 985 1031 959 1057 1031 985 1011 1058 961 986 1033 1012 961 1033 1032 1012 1033 1002 976 1012 1032 976 1012 1033 1059 1013 987 1033 964 1035 1013 1014 1033 1035 1013 964 963 989 1034 1060 1034 989 988 1016 1037 963 989 1015 1037 1015 991 963 1036 1035 990 1014 965 1061 1036 1014 965 1001 1036 1062 1063 965 1037 1015 1037 954 965 1064 1001 965 1038 1062 1038 965 954 1023 1059 986 1033 987 966 1065 1016 992 1065 966 1016 1034 1066 953 993 1039 953 1040 947 1041 1066 993 953 1040 1041 1017 1067 947 947 1042 1017 1067 1048 1042 1017 974 1018 1025 969 1045 1040 923 1044 993 1045 969 1018 995 972 1043 1019 994 926 1043 1019 1020 1019 923 1020 1044 1068 993 1044 1020 1045 951 996 1046 995 1069 1045 996 1021 1022 1046 951 1046 996 1070 1021 972 1047 1019 1071 1072 1022 1021 997 972 1030 1022 1047 1030 1073 997 1022 1049 998 1048 973 1042 1048 998 974 1074 953 1023 1038 1023 953 1074 1039 1075 1049 1002 1003 976 1049 1002 1076 998 1049 1075 1003 1025 935 1050 1018 979 1006 1051 1050 1006 1054 981 1051 1006 1050 935 1077 1024 1052 1026 980 1052 1005 1007 1026 956 1052 1007 1078 1054 981 1053 1008 1006 1079 1008 1054 956 1007 1027 1078 1007 1027 1080 1009 1053 985 1055 1010 1008 1053 1079 1010 985 1080 1027 1009 985 1058 1055 1028 1081 1028 1010 1055 1082 997 1029 1056 1030 997 1073 1056 1083 1057 985 1027 1028 1011 1058 1084 1082 1011 1056 1029 1082 1056 1011 1031 1031 985 1058 1057 1058 1031 1085 1011 1059 1033 986 1012 1059 1002 1033 1012 1033 1002 1076 976 1086 1013 1059 1033 1035 1086 1013 1014 1035 1013 1086 1033 989 963 1037 1060 1034 989 1087 1060 1065 989 1034 1016 989 1063 1037 1015 1061 1035 1036 1014 965 1036 1061 1062 1088 1036 1001 1062 965 1063 1037 1089 1064 1023 954 965 1064 965 1037 1089 1090 1038 965 1062 1001 1038 1088 1062 1090 965 1038 1023 1066 953 1039 1074 1091 993 1039 1066 1040 1041 1067 947 953 1040 1041 1066 1066 1040 1068 993 1067 1092 1017 1041 1017 1042 1092 1067 1042 1093 1048 1017 1018 1069 1025 1045 1044 1068 1040 993 1018 1069 1045 995 1043 972 1019 1071 1043 1068 1019 1020 1044 1019 1068 1020 996 1070 1045 1046 1070 1045 1069 996 1021 1046 1022 1072 1070 1046 1021 1072 1047 1094 1019 1071 1047 972 1030 1071 1072 1095 1022 997 1094 1022 1030 1047 1096 997 1073 1022 1022 1073 1097 1030 998 1042 1049 1048 1098 1074 1023 1038 1023 1039 1074 1091 1075 1002 1049 1076 976 1049 1076 1099 998 1049 1042 1075 1077 935 1018 1050 1069 1050 1018 1025 1069 1051 1006 1050 1051 1006 1054 1100 1006 1077 1069 1050 1024 1052 1101 1026 1007 1101 1052 1026 1052 1007 1078 1102 1079 1054 1053 1008 1079 1006 1100 1054 1007 1078 1080 1027 1010 1053 1081 1055 1081 1079 1053 1010 985 1080 1083 1027 1084 1058 1028 1055 1084 1028 1081 1055 997 1082 1073 1056 1058 985 1083 1057 1027 1083 1057 1103 1104 1058 1011 1084 1031 1082 1105 1011 1031 1073 1082 1056 1031 1103 1057 1058 1104 1058 1085 1011 1085 1031 1105 1011 1058 1085 1031 1106 1059 1002 1076 1033 976 1099 1076 1033 1033 1107 1059 1086 1035 1061 1086 1014 1107 1033 1035 1086 1037 1063 989 1060 1034 1087 989 1065 1034 1060 1087 1108 1087 989 1063 1060 1035 1107 1061 1036 1109 1061 1036 1062 1036 1088 1109 1062 1037 1063 1110 1089 1023 1064 1090 965 965 1090 1089 1064 1037 1064 1089 1110 1111 1038 1090 1062 1038 1111 1088 1062 1090 1038 1098 1023 1066 1091 1074 1039 1091 993 1066 1112 1040 1041 1113 1067 1041 1040 1113 1066 993 1068 1066 1112 1066 1068 1040 1114 1067 1113 1092 1041 1092 1093 1042 1017 1115 1092 1042 1067 1093 1049 1042 1048 1045 1069 1025 1116 1044 1040 1068 1114 1117 1043 1019 1071 1118 1068 1019 1043 1068 1019 1044 1114 1119 1045 1070 1046 1069 1120 1045 1070 1022 1119 1072 1046 1046 1070 1119 1072 1094 1117 1019 1071 1047 1030 1094 1071 1096 997 1022 1095 1121 1095 1022 1072 1022 1094 1030 1097 1073 1022 1097 1096 1073 1082 997 1096 1030 1073 1097 1122 1023 1074 1098 1091 1107 1075 1049 1076 1049 1099 1107 1076 1093 1042 1049 1075 1018 1050 1069 1077 1050 1025 1069 1116 1116 1051 1069 1050 1069 1051 1100 1006 1054 1123 1051 1100 1101 1007 1052 1102 1078 1102 1124 1052 1007 1080 1078 1102 1123 1053 1079 1054 1079 1100 1006 1125 1079 1123 1054 1100 1124 1080 1078 1027 1081 1053 1126 1055 1053 1127 1079 1081 1027 1080 1083 1103 1126 1058 1084 1055 1081 1126 1084 1055 1058 1057 1083 1103 1084 1104 1058 1128 1031 1105 1082 1129 1073 1031 1082 1129 1031 1103 1058 1130 1104 1085 1058 1131 1031 1129 1085 1105 1031 1085 1129 1106 1058 1106 1031 1130 1106 1058 1085 1131 1033 1059 1107 1076 1033 1107 1099 1076 1132 1059 1107 1086 1107 1061 1086 1035 1037 1108 1063 1060 1034 1133 1087 1065 1133 1034 1087 1108 1063 1060 1108 1087 1109 1061 1107 1036 1109 1134 1061 1062 1088 1111 1109 1062 1037 1110 1063 1135 1136 1110 1063 1089 1023 1110 1090 1064 1089 1064 1090 1110 1038 1137 1111 1090 1090 1134 1111 1062 1090 1098 1038 1137 1023 1098 1090 1091 1066 1074 1091 1098 1066 1138 1091 1112 1115 1040 1113 1067 1139 1066 1113 1040 1140 1066 1068 1112 1066 1139 1114 1040 1140 1068 1066 1114 1092 1115 1113 1067 1092 1093 1115 1042 1120 1069 1045 1116 1019 1043 1117 1118 1118 1019 1068 1141 1114 1068 1019 1141 1120 1119 1045 1070 1069 1142 1120 1070 1119 1022 1072 1121 1070 1142 1119 1072 1094 1030 1117 1071 1117 1094 1019 1118 1022 1096 1095 1121 1082 997 1096 1095 1121 1143 1095 1072 1122 1030 1094 1097 1144 1096 1073 1097 1082 1145 1096 1073 1073 1144 1097 1122 1132 1075 1107 1076 1107 1075 1146 1049 1042 1075 1093 1147 1049 1146 1093 1075 1116 1051 1100 1069 1069 1125 1006 1100 1101 1124 1102 1052 1124 1078 1080 1102 1123 1053 1127 1079 1142 1079 1125 1100 1148 1079 1100 1123 1124 1080 1027 1149 1127 1053 1126 1081 1079 1150 1081 1127 1103 1027 1080 1149 1103 1080 1083 1151 1058 1126 1084 1128 1081 1126 1150 1084 1058 1151 1103 1083 1058 1131 1128 1104 1152 1104 1084 1128 1082 1153 1129 1105 1145 1073 1082 1129 1154 1130 1058 1103 1104 1085 1131 1155 1153 1085 1129 1105 1153 1129 1085 1106 1106 1058 1131 1130 1106 1156 1131 1085 1132 1107 1059 1076 1132 1061 1086 1107 1108 1037 1063 1135 1108 1063 1087 1133 1061 1107 1134 1109 1134 1109 1111 1062 1136 1063 1110 1135 1136 1090 1110 1089 1110 1023 1090 1157 1090 1137 1111 1158 1090 1134 1158 1111 1159 1098 1090 1137 1157 1091 1023 1090 1159 1090 1098 1091 1160 1156 1106 1085 1161 1160 1106 1085 1066 1091 1138 1098 1140 1066 1112 1138 1162 1091 1138 1112 1040 1115 1113 1163 1113 1163 1139 1040 1068 1162 1140 1112 1114 1139 1163 1040 1114 1139 1066 1140 1164 1140 1114 1068 1115 1165 1092 1113 1042 1093 1115 1147 1115 1165 1093 1092 1100 1069 1120 1116 1094 1019 1118 1141 1164 1068 1141 1118 1114 1141 1164 1068 1119 1120 1142 1070 1142 1100 1069 1120 1119 1143 1121 1072 1143 1119 1142 1072 1122 1094 1030 1117 1117 1164 1094 1118 1096 1095 1121 1166 1095 1096 1082 1166 1121 1095 1143 1166 1144 1094 1097 1122 1096 1144 1073 1167 1082 1096 1145 1168 1167 1096 1145 1073 1144 1073 1169 1122 1132 1075 1146 1107 1049 1107 1170 1146 1147 1075 1093 1146 1093 1146 1049 1170 1142 1069 1100 1125 1124 1101 1102 1171 1080 1171 1124 1102 1079 1127 1123 1172 1079 1148 1100 1142 1148 1079 1123 1172 1080 1124 1173 1149 1126 1150 1127 1081 1150 1079 1172 1127 1151 1103 1080 1149 1084 1126 1152 1128 1152 1150 1126 1084 1058 1151 1154 1103 1155 1131 1104 1128 1155 1104 1152 1128 1082 1153 1145 1129 1131 1058 1154 1130 1103 1154 1130 1174 1155 1085 1131 1175 1145 1106 1129 1153 1161 1153 1085 1106 1106 1174 1130 1131 1085 1156 1131 1175 1106 1131 1156 1176 1061 1134 1107 1132 1108 1063 1177 1135 1108 1177 1063 1133 1178 1134 1107 1109 1178 1134 1109 1111 1110 1179 1136 1135 1177 1063 1136 1135 1090 1136 1110 1180 1180 1090 1157 1110 1159 1090 1158 1137 1181 1111 1137 1158 1111 1181 1134 1158 1182 1137 1098 1159 1090 1157 1091 1159 1098 1091 1183 1159 1156 1106 1161 1160 1085 1153 1161 1160 1162 1138 1091 1098 1140 1162 1138 1112 1163 1184 1115 1113 1184 1163 1139 1113 1162 1068 1140 1185 1114 1139 1186 1163 1139 1114 1186 1140 1068 1164 1140 1185 1114 1140 1164 1187 1165 1115 1184 1113 1093 1165 1115 1147 1100 1120 1148 1116 1141 1094 1164 1118 1164 1141 1114 1187 1119 1148 1142 1120 1120 1148 1142 1100 1119 1143 1188 1121 1142 1189 1119 1143 1117 1094 1169 1122 1190 1164 1094 1117 1096 1188 1166 1121 1191 1082 1096 1166 1121 1143 1188 1166 1094 1144 1169 1122 1073 1144 1192 1167 1167 1145 1096 1168 1082 1168 1191 1096 1145 1153 1082 1168 1192 1073 1167 1145 1144 1073 1192 1169 1146 1107 1178 1132 1146 1178 1107 1170 1178 1147 1093 1146 1170 1178 1093 1146 1171 1080 1124 1173 1127 1193 1123 1172 1148 1079 1172 1142 1173 1124 1194 1149 1173 1151 1080 1149 1193 1126 1150 1127 1150 1172 1079 1195 1150 1193 1127 1172 1103 1194 1149 1151 1152 1126 1196 1128 1150 1126 1197 1152 1154 1103 1151 1174 1196 1131 1155 1128 1155 1152 1196 1128 1131 1130 1154 1174 1175 1131 1155 1198 1145 1106 1153 1161 1106 1174 1131 1199 1131 1156 1198 1175 1161 1106 1156 1176 1131 1176 1106 1199 1131 1198 1156 1176 1178 1107 1134 1132 1108 1135 1177 1179 1177 1133 1108 1200 1134 1178 1181 1111 1179 1110 1136 1201 1136 1135 1179 1177 1110 1136 1202 1180 1090 1159 1180 1157 1157 1180 1110 1202 1182 1137 1159 1158 1137 1182 1181 1158 1203 1134 1181 1158 1204 1182 1098 1159 1091 1202 1159 1157 1098 1183 1204 1159 1205 1183 1091 1159 1098 1183 1091 1162 1161 1206 1156 1160 1153 1206 1161 1160 1098 1207 1162 1138 1140 1138 1162 1207 1115 1184 1163 1208 1186 1163 1139 1184 1162 1140 1209 1185 1208 1114 1186 1163 1114 1140 1210 1186 1211 1140 1164 1185 1140 1210 1187 1114 1211 1164 1140 1187 1208 1115 1184 1165 1212 1115 1165 1147 1093 1213 1165 1147 1164 1094 1141 1187 1148 1119 1142 1189 1189 1119 1143 1188 1142 1214 1189 1143 1190 1094 1169 1117 1190 1094 1164 1215 1096 1188 1216 1166 1191 1096 1216 1166 1188 1143 1214 1166 1169 1144 1094 1190 1167 1217 1144 1192 1217 1168 1145 1167 1216 1168 1096 1191 1168 1082 1191 1153 1153 1145 1206 1168 1167 1145 1217 1192 1218 1169 1144 1192 1219 1178 1132 1146 1219 1147 1178 1146 1178 1147 1213 1093 1171 1194 1173 1124 1142 1195 1079 1172 1189 1142 1148 1172 1194 1149 1151 1173 1193 1126 1197 1150 1195 1214 1150 1172 1193 1214 1172 1150 1103 1194 1151 1220 1197 1126 1196 1152 1150 1221 1152 1197 1220 1151 1103 1174 1222 1154 1151 1174 1131 1196 1155 1198 1196 1221 1152 1155 1131 1222 1174 1154 1175 1155 1223 1198 1153 1206 1145 1161 1131 1174 1224 1199 1156 1225 1198 1175 1156 1206 1161 1176 1176 1131 1226 1199 1176 1131 1198 1226 1156 1198 1225 1176 1178 1132 1134 1219 1179 1177 1108 1200 1203 1134 1178 1181 1110 1202 1136 1201 1179 1136 1227 1201 1179 1136 1177 1200 1228 1202 1136 1180 1157 1159 1180 1202 1159 1203 1182 1158 1182 1203 1181 1158 1182 1204 1229 1159 1202 1091 1159 1205 1183 1159 1229 1204 1183 1098 1204 1207 1159 1183 1230 1205 1205 1091 1183 1162 1207 1098 1162 1183 1209 1140 1162 1207 1184 1186 1163 1208 1140 1211 1209 1185 1185 1162 1231 1209 1114 1208 1186 1232 1210 1232 1114 1186 1164 1233 1211 1185 1232 1114 1187 1210 1187 1210 1140 1211 1234 1164 1211 1187 1208 1212 1115 1165 1235 1208 1184 1165 1147 1165 1212 1213 1165 1213 1093 1236 1187 1164 1094 1215 1143 1214 1189 1188 1214 1172 1142 1189 1144 1094 1190 1215 1190 1164 1237 1215 1216 1188 1238 1166 1191 1216 1238 1166 1238 1188 1214 1166 1144 1237 1190 1169 1217 1218 1144 1192 1168 1217 1145 1239 1191 1216 1168 1240 1168 1153 1191 1240 1206 1168 1241 1153 1242 1206 1145 1168 1217 1145 1218 1192 1218 1169 1243 1144 1219 1147 1213 1178 1178 1236 1093 1213 1194 1171 1173 1244 1214 1142 1172 1195 1148 1245 1189 1172 1194 1151 1244 1173 1197 1193 1150 1246 1214 1193 1172 1245 1214 1193 1246 1150 1151 1194 1247 1220 1197 1196 1221 1152 1221 1150 1246 1197 1151 1220 1222 1174 1155 1196 1223 1198 1221 1196 1223 1155 1222 1131 1174 1224 1175 1223 1225 1198 1248 1145 1206 1161 1226 1131 1224 1199 1174 1249 1224 1199 1175 1250 1156 1225 1251 1176 1206 1156 1176 1248 1206 1161 1176 1249 1199 1226 1198 1225 1176 1226 1252 1225 1176 1156 1178 1134 1203 1219 1178 1253 1203 1181 1228 1136 1202 1201 1179 1227 1136 1200 1201 1227 1179 1254 1228 1136 1201 1227 1228 1159 1202 1180 1203 1159 1182 1229 1181 1253 1203 1182 1255 1204 1229 1182 1159 1205 1230 1202 1229 1183 1204 1256 1204 1183 1207 1256 1257 1230 1183 1205 1162 1257 1183 1205 1231 1207 1162 1183 1207 1231 1162 1209 1208 1184 1186 1235 1185 1209 1231 1211 1231 1162 1185 1233 1232 1186 1258 1208 1186 1210 1232 1258 1233 1164 1211 1259 1231 1185 1211 1233 1187 1260 1232 1210 1260 1187 1211 1210 1187 1234 1261 1211 1187 1234 1164 1262 1211 1164 1234 1259 1235 1212 1208 1165 1165 1263 1212 1213 1165 1236 1253 1213 1164 1187 1262 1215 1188 1245 1214 1189 1189 1245 1214 1172 1237 1144 1190 1215 1237 1164 1262 1215 1264 1188 1238 1216 1238 1216 1191 1240 1188 1214 1265 1238 1144 1237 1169 1243 1243 1217 1218 1144 1145 1239 1242 1168 1145 1217 1266 1239 1168 1264 1240 1216 1241 1168 1240 1153 1206 1168 1242 1241 1145 1206 1242 1248 1217 1145 1266 1218 1253 1213 1178 1219 1178 1213 1253 1236 1194 1151 1247 1244 1267 1193 1197 1246 1214 1193 1245 1246 1150 1214 1268 1246 1220 1269 1194 1247 1151 1220 1247 1222 1196 1221 1267 1197 1221 1246 1150 1268 1221 1267 1197 1246 1174 1269 1220 1222 1225 1223 1196 1198 1196 1270 1221 1223 1222 1174 1249 1224 1175 1225 1223 1250 1224 1249 1226 1199 1156 1250 1252 1225 1271 1176 1251 1156 1206 1176 1251 1272 1248 1176 1206 1272 1176 1249 1226 1273 1252 1176 1225 1226 1252 1176 1271 1156 1178 1203 1253 1219 1202 1254 1228 1201 1179 1274 1227 1200 1274 1179 1227 1254 1228 1201 1254 1227 1228 1159 1230 1202 1203 1255 1229 1182 1255 1203 1253 1182 1256 1204 1229 1255 1257 1230 1205 1202 1183 1275 1256 1229 1276 1207 1183 1256 1277 1183 1257 1230 1257 1162 1183 1278 1231 1183 1276 1207 1231 1162 1233 1183 1186 1258 1208 1235 1208 1258 1232 1279 1260 1232 1210 1258 1233 1211 1280 1259 1233 1280 1211 1231 1279 1187 1260 1232 1260 1211 1187 1261 1234 1187 1261 1262 1237 1164 1234 1262 1234 1211 1259 1280 1237 1234 1164 1259 1208 1281 1212 1235 1165 1282 1235 1212 1165 1263 1282 1212 1165 1263 1213 1253 1188 1245 1265 1214 1262 1144 1237 1215 1188 1265 1264 1238 1216 1238 1264 1240 1214 1283 1265 1238 1144 1284 1237 1243 1243 1217 1285 1218 1144 1243 1217 1284 1242 1239 1145 1248 1286 1266 1217 1239 1266 1239 1248 1145 1264 1168 1240 1287 1168 1241 1240 1287 1168 1241 1287 1242 1242 1206 1241 1288 1206 1248 1289 1242 1266 1217 1218 1286 1219 1263 1253 1213 1244 1269 1247 1194 1214 1245 1265 1246 1283 1214 1246 1268 1269 1220 1222 1247 1270 1221 1267 1196 1268 1283 1221 1246 1283 1267 1221 1246 1174 1269 1222 1290 1196 1270 1223 1225 1221 1291 1223 1270 1290 1222 1174 1249 1292 1222 1249 1224 1250 1223 1270 1225 1226 1292 1249 1224 1225 1252 1293 1250 1271 1176 1272 1251 1206 1294 1272 1251 1289 1248 1206 1272 1226 1295 1176 1273 1226 1249 1296 1273 1252 1226 1225 1297 1176 1271 1226 1252 1263 1253 1203 1219 1254 1202 1228 1298 1254 1228 1227 1274 1202 1228 1257 1230 1275 1255 1229 1203 1203 1275 1255 1253 1229 1256 1255 1275 1275 1183 1256 1299 1276 1183 1299 1256 1277 1183 1300 1257 1277 1257 1228 1230 1183 1278 1162 1233 1183 1300 1257 1278 1183 1231 1276 1301 1183 1231 1301 1233 1235 1258 1208 1302 1279 1208 1258 1302 1260 1232 1258 1279 1233 1303 1259 1280 1303 1280 1233 1231 1279 1187 1304 1260 1304 1260 1187 1261 1305 1262 1234 1261 1304 1187 1262 1261 1237 1234 1285 1262 1234 1259 1303 1280 1237 1306 1234 1259 1282 1212 1281 1235 1235 1208 1281 1302 1165 1235 1282 1307 1165 1263 1307 1282 1307 1263 1165 1253 1262 1144 1284 1237 1265 1283 1264 1238 1238 1283 1264 1240 1283 1246 1214 1265 1285 1243 1237 1284 1218 1217 1285 1308 1243 1285 1217 1284 1286 1242 1248 1239 1248 1286 1239 1266 1287 1264 1309 1240 1309 1241 1287 1240 1287 1242 1241 1288 1241 1206 1310 1288 1311 1242 1288 1206 1289 1312 1206 1242 1242 1289 1313 1248 1266 1218 1314 1286 1218 1217 1308 1286 1244 1269 1315 1247 1265 1245 1316 1246 1222 1315 1269 1247 1291 1221 1267 1270 1316 1267 1283 1246 1283 1267 1317 1221 1269 1222 1290 1318 1223 1270 1291 1250 1222 1290 1292 1249 1270 1225 1293 1250 1292 1226 1249 1296 1225 1293 1252 1297 1272 1176 1271 1295 1272 1294 1271 1251 1206 1294 1289 1272 1176 1226 1271 1295 1226 1319 1295 1273 1319 1226 1296 1273 1296 1249 1320 1273 1252 1319 1226 1297 1319 1226 1271 1252 1253 1203 1275 1263 1202 1257 1228 1298 1254 1228 1321 1298 1254 1321 1228 1274 1275 1322 1255 1253 1322 1255 1256 1275 1323 1256 1299 1275 1301 1183 1299 1276 1256 1299 1276 1323 1257 1300 1277 1324 1277 1228 1257 1298 1278 1183 1301 1233 1183 1301 1300 1278 1257 1300 1324 1278 1325 1231 1301 1276 1301 1231 1303 1233 1235 1326 1258 1302 1326 1279 1258 1302 1279 1258 1260 1326 1233 1259 1303 1306 1327 1304 1260 1279 1261 1304 1260 1327 1305 1234 1262 1328 1262 1305 1304 1261 1237 1285 1234 1329 1330 1285 1234 1262 1285 1262 1284 1237 1234 1303 1259 1306 1306 1237 1234 1329 1322 1281 1235 1282 1235 1281 1331 1302 1307 1282 1322 1235 1307 1322 1282 1263 1322 1307 1253 1263 1283 1316 1265 1264 1309 1264 1283 1240 1265 1316 1283 1246 1217 1332 1285 1308 1330 1217 1285 1284 1242 1286 1248 1313 1286 1248 1314 1266 1287 1309 1264 1288 1241 1288 1309 1287 1311 1310 1206 1288 1309 1288 1241 1310 1242 1311 1288 1333 1311 1206 1312 1242 1289 1242 1313 1312 1289 1294 1206 1312 1313 1289 1334 1248 1308 1314 1218 1286 1308 1217 1332 1286 1315 1222 1269 1318 1267 1335 1291 1270 1317 1291 1221 1267 1316 1267 1317 1283 1336 1221 1283 1317 1318 1269 1337 1290 1222 1292 1290 1318 1293 1291 1270 1250 1337 1292 1290 1249 1293 1225 1270 1338 1292 1249 1320 1296 1338 1293 1225 1297 1252 1293 1339 1297 1271 1294 1272 1295 1295 1289 1294 1272 1319 1271 1226 1295 1295 1320 1273 1319 1296 1320 1319 1273 1252 1339 1319 1297 1339 1319 1271 1252 1253 1275 1322 1263 1340 1321 1298 1254 1277 1298 1321 1228 1254 1341 1321 1274 1256 1323 1322 1275 1275 1299 1323 1342 1301 1299 1325 1276 1299 1325 1276 1323 1277 1343 1257 1324 1300 1277 1324 1344 1257 1340 1277 1298 1324 1233 1278 1301 1324 1300 1301 1278 1325 1301 1231 1345 1301 1303 1231 1345 1233 1303 1301 1306 1326 1235 1331 1302 1346 1279 1326 1302 1279 1260 1327 1326 1327 1347 1304 1279 1305 1304 1261 1327 1330 1234 1328 1262 1328 1262 1305 1348 1347 1262 1305 1304 1285 1349 1234 1329 1262 1285 1284 1330 1285 1234 1349 1330 1306 1350 1234 1303 1306 1234 1350 1329 1351 1281 1322 1282 1322 1281 1331 1235 1331 1281 1346 1302 1322 1351 1282 1263 1316 1283 1352 1264 1264 1283 1352 1309 1217 1285 1332 1330 1353 1285 1332 1308 1248 1286 1334 1313 1286 1248 1334 1314 1309 1352 1264 1288 1311 1288 1354 1310 1310 1352 1309 1288 1311 1242 1312 1333 1354 1288 1311 1333 1311 1312 1206 1294 1355 1312 1289 1313 1294 1289 1356 1312 1355 1289 1334 1313 1308 1286 1353 1314 1308 1353 1286 1332 1315 1337 1318 1269 1291 1335 1267 1317 1270 1335 1291 1357 1317 1221 1291 1336 1317 1283 1358 1316 1317 1358 1283 1336 1337 1290 1292 1318 1293 1357 1270 1291 1337 1292 1249 1359 1293 1270 1357 1338 1320 1359 1249 1292 1292 1320 1360 1296 1293 1338 1339 1297 1293 1339 1361 1252 1362 1295 1294 1271 1289 1295 1294 1363 1319 1295 1364 1271 1295 1320 1319 1365 1319 1360 1320 1296 1339 1271 1319 1366 1361 1339 1271 1252 1275 1351 1322 1263 1341 1254 1321 1340 1277 1298 1340 1321 1367 1322 1323 1275 1323 1367 1275 1342 1299 1325 1323 1342 1301 1342 1325 1299 1340 1257 1277 1343 1343 1277 1344 1324 1344 1301 1324 1300 1324 1233 1301 1368 1325 1369 1301 1345 1370 1303 1301 1345 1233 1301 1368 1306 1370 1301 1303 1306 1326 1331 1235 1371 1326 1331 1346 1302 1279 1346 1326 1372 1372 1279 1327 1326 1279 1327 1347 1372 1347 1304 1305 1327 1328 1330 1262 1348 1234 1330 1328 1349 1347 1262 1348 1305 1305 1328 1348 1373 1234 1349 1350 1329 1374 1285 1329 1349 1375 1285 1349 1330 1376 1350 1306 1303 1306 1376 1329 1350 1351 1281 1331 1322 1371 1322 1331 1235 1316 1283 1358 1352 1358 1283 1309 1352 1377 1332 1285 1330 1353 1332 1285 1377 1355 1334 1286 1313 1314 1355 1334 1286 1354 1288 1352 1310 1310 1352 1358 1309 1311 1312 1378 1333 1333 1379 1354 1288 1311 1378 1354 1333 1294 1312 1378 1311 1312 1355 1289 1380 1312 1381 1356 1294 1356 1312 1289 1382 1356 1289 1294 1363 1289 1383 1355 1334 1314 1286 1353 1384 1377 1286 1353 1332 1337 1315 1318 1385 1386 1291 1317 1335 1335 1291 1357 1387 1336 1358 1291 1317 1316 1386 1358 1317 1292 1385 1337 1318 1291 1388 1293 1357 1292 1337 1389 1359 1390 1293 1357 1338 1359 1360 1292 1320 1293 1390 1339 1338 1293 1339 1390 1361 1364 1295 1362 1271 1294 1295 1362 1363 1271 1364 1319 1366 1319 1364 1295 1391 1391 1295 1319 1365 1319 1320 1392 1365 1360 1319 1320 1392 1271 1339 1393 1366 1361 1271 1339 1393 1367 1351 1322 1275 1341 1277 1340 1321 1322 1394 1367 1323 1367 1323 1394 1342 1323 1325 1394 1342 1342 1301 1325 1369 1340 1277 1395 1343 1344 1396 1343 1324 1344 1277 1343 1395 1344 1301 1397 1324 1397 1324 1301 1368 1370 1301 1369 1345 1325 1369 1345 1398 1303 1370 1399 1345 1301 1370 1368 1306 1370 1376 1306 1303 1326 1394 1331 1371 1400 1326 1331 1346 1372 1401 1346 1326 1326 1402 1327 1372 1402 1347 1327 1372 1305 1402 1347 1327 1328 1403 1330 1348 1330 1349 1403 1328 1373 1348 1305 1347 1348 1328 1403 1373 1349 1329 1376 1350 1374 1285 1349 1404 1349 1376 1329 1374 1405 1330 1375 1349 1285 1330 1375 1377 1349 1285 1375 1404 1306 1329 1376 1374 1331 1351 1322 1367 1394 1322 1331 1371 1358 1386 1316 1352 1375 1353 1285 1377 1355 1314 1334 1383 1314 1384 1355 1286 1352 1288 1354 1379 1352 1358 1354 1310 1378 1379 1354 1333 1406 1378 1354 1311 1378 1312 1294 1381 1294 1378 1406 1311 1312 1382 1380 1289 1289 1380 1355 1407 1356 1381 1312 1382 1294 1356 1408 1381 1289 1409 1356 1382 1356 1294 1362 1363 1356 1409 1289 1363 1383 1289 1355 1407 1286 1410 1353 1384 1286 1353 1410 1377 1386 1291 1335 1387 1291 1386 1317 1358 1411 1335 1357 1387 1357 1291 1412 1387 1385 1292 1337 1389 1291 1388 1357 1412 1357 1293 1390 1388 1413 1337 1359 1389 1360 1359 1292 1389 1359 1360 1320 1413 1361 1388 1390 1293 1339 1414 1390 1361 1364 1295 1363 1362 1415 1319 1364 1366 1364 1271 1393 1366 1363 1295 1364 1391 1415 1364 1319 1391 1319 1415 1391 1365 1415 1319 1392 1365 1392 1320 1416 1365 1416 1320 1392 1360 1339 1414 1393 1366 1361 1339 1414 1393 1277 1341 1340 1395 1394 1331 1322 1367 1342 1400 1394 1367 1398 1394 1325 1342 1398 1325 1369 1342 1343 1340 1396 1395 1324 1344 1396 1417 1343 1396 1344 1395 1418 1324 1344 1397 1301 1370 1397 1368 1418 1324 1397 1368 1399 1370 1369 1345 1345 1369 1399 1398 1370 1303 1399 1419 1418 1306 1368 1370 1370 1419 1376 1303 1370 1306 1376 1374 1326 1400 1331 1394 1400 1326 1346 1401 1346 1420 1401 1372 1402 1326 1401 1372 1420 1347 1402 1372 1305 1402 1373 1347 1421 1330 1403 1348 1349 1330 1403 1405 1347 1373 1348 1421 1403 1348 1373 1421 1374 1349 1376 1404 1405 1375 1330 1377 1349 1375 1422 1404 1285 1353 1375 1404 1351 1331 1400 1367 1352 1358 1386 1423 1353 1375 1424 1377 1355 1383 1384 1314 1410 1355 1384 1286 1423 1352 1354 1379 1354 1352 1423 1358 1354 1378 1425 1379 1425 1378 1354 1406 1381 1294 1378 1408 1406 1378 1294 1408 1382 1380 1289 1409 1407 1355 1426 1380 1289 1380 1407 1409 1356 1382 1427 1381 1427 1356 1381 1408 1356 1409 1428 1382 1363 1356 1364 1362 1391 1409 1356 1363 1426 1383 1355 1407 1353 1410 1429 1384 1430 1410 1353 1377 1386 1291 1387 1358 1357 1388 1411 1387 1412 1291 1358 1387 1357 1412 1388 1387 1385 1413 1389 1337 1388 1411 1390 1357 1359 1360 1413 1389 1431 1360 1413 1320 1390 1388 1361 1414 1390 1414 1339 1432 1433 1415 1364 1366 1393 1433 1364 1366 1364 1356 1363 1391 1434 1364 1415 1391 1416 1391 1415 1365 1392 1416 1415 1365 1360 1431 1416 1320 1360 1392 1416 1435 1414 1339 1432 1366 1393 1414 1433 1366 1340 1436 1395 1341 1331 1394 1400 1367 1400 1342 1394 1437 1394 1398 1437 1342 1342 1369 1398 1438 1340 1436 1396 1395 1324 1417 1418 1344 1396 1344 1439 1417 1436 1344 1396 1395 1344 1440 1418 1397 1397 1370 1418 1368 1370 1438 1399 1369 1369 1399 1398 1438 1399 1441 1370 1419 1418 1306 1370 1442 1376 1419 1370 1443 1370 1442 1306 1374 1370 1374 1376 1443 1400 1326 1401 1394 1401 1420 1402 1372 1402 1401 1326 1444 1420 1347 1445 1402 1402 1373 1347 1445 1421 1330 1446 1403 1446 1403 1330 1405 1421 1347 1373 1445 1373 1447 1403 1421 1422 1376 1349 1404 1422 1404 1374 1376 1405 1377 1330 1446 1405 1377 1448 1375 1449 1375 1404 1422 1450 1353 1404 1375 1423 1358 1386 1387 1375 1424 1377 1451 1377 1424 1353 1430 1353 1424 1375 1452 1383 1429 1355 1384 1355 1429 1410 1384 1423 1354 1425 1379 1358 1453 1423 1354 1354 1453 1425 1406 1454 1378 1425 1406 1381 1378 1454 1408 1406 1454 1378 1408 1426 1382 1409 1380 1426 1409 1407 1380 1427 1382 1356 1455 1356 1427 1456 1408 1381 1454 1427 1408 1382 1455 1428 1356 1382 1409 1428 1457 1356 1428 1409 1458 1409 1391 1356 1458 1426 1459 1383 1407 1383 1355 1460 1426 1353 1429 1410 1430 1461 1388 1387 1411 1423 1412 1358 1387 1453 1388 1412 1387 1413 1385 1389 1462 1411 1388 1390 1463 1360 1462 1413 1389 1431 1360 1464 1413 1390 1414 1463 1388 1463 1414 1390 1432 1433 1415 1465 1364 1433 1364 1466 1393 1467 1391 1356 1364 1415 1364 1434 1465 1391 1434 1364 1467 1468 1434 1415 1391 1391 1416 1415 1469 1415 1435 1416 1392 1360 1431 1435 1416 1414 1432 1433 1366 1433 1466 1414 1393 1400 1394 1401 1437 1394 1470 1437 1398 1398 1437 1342 1438 1417 1344 1440 1418 1396 1439 1344 1436 1417 1396 1471 1439 1440 1344 1417 1439 1440 1370 1418 1397 1438 1370 1399 1441 1398 1399 1470 1438 1443 1370 1441 1419 1419 1399 1441 1472 1473 1418 1370 1442 1376 1443 1474 1419 1442 1370 1443 1374 1449 1374 1443 1376 1326 1401 1394 1444 1470 1420 1402 1401 1402 1470 1401 1444 1475 1402 1420 1445 1402 1447 1373 1445 1421 1403 1446 1476 1405 1446 1403 1476 1421 1373 1447 1445 1421 1447 1403 1476 1449 1422 1374 1376 1404 1374 1449 1422 1377 1405 1448 1446 1375 1448 1405 1477 1377 1451 1448 1375 1404 1375 1449 1450 1450 1353 1375 1452 1386 1461 1423 1387 1430 1451 1377 1424 1429 1353 1424 1430 1375 1424 1478 1452 1429 1424 1353 1452 1429 1383 1355 1460 1355 1410 1429 1430 1425 1354 1423 1453 1358 1453 1412 1423 1425 1453 1454 1406 1425 1378 1454 1479 1378 1454 1479 1381 1382 1426 1409 1480 1409 1459 1426 1407 1455 1356 1427 1481 1456 1427 1356 1481 1456 1427 1454 1408 1427 1479 1454 1381 1428 1455 1382 1457 1356 1428 1481 1455 1480 1382 1457 1409 1482 1428 1409 1457 1428 1356 1467 1458 1482 1409 1428 1458 1356 1391 1467 1458 1459 1383 1460 1426 1483 1460 1355 1426 1461 1388 1411 1484 1388 1461 1387 1453 1453 1412 1423 1387 1463 1411 1388 1484 1462 1360 1413 1464 1485 1413 1431 1464 1360 1435 1431 1464 1388 1486 1414 1463 1487 1414 1463 1432 1433 1465 1415 1488 1466 1364 1433 1465 1465 1434 1415 1488 1391 1458 1434 1467 1434 1458 1391 1468 1469 1415 1391 1468 1434 1415 1489 1468 1415 1416 1490 1469 1415 1435 1490 1416 1485 1435 1431 1416 1414 1487 1433 1432 1414 1433 1487 1466 1491 1400 1401 1437 1470 1401 1394 1437 1437 1398 1470 1438 1440 1471 1417 1418 1396 1492 1439 1436 1396 1492 1471 1439 1417 1471 1440 1439 1440 1370 1473 1418 1472 1399 1441 1438 1470 1399 1472 1438 1474 1443 1441 1419 1419 1441 1474 1472 1370 1443 1473 1442 1493 1418 1473 1442 1376 1443 1494 1474 1374 1493 1443 1442 1443 1449 1376 1494 1443 1374 1449 1450 1470 1394 1401 1444 1491 1420 1470 1401 1470 1420 1475 1402 1420 1495 1475 1445 1447 1402 1475 1445 1421 1446 1448 1476 1448 1405 1476 1446 1421 1447 1495 1445 1476 1421 1447 1496 1449 1374 1404 1450 1448 1375 1451 1477 1476 1405 1448 1477 1451 1377 1448 1497 1375 1450 1478 1449 1375 1478 1450 1452 1423 1461 1453 1387 1451 1430 1377 1497 1451 1424 1430 1498 1424 1499 1429 1430 1500 1424 1452 1478 1429 1501 1424 1452 1483 1429 1355 1460 1483 1429 1430 1355 1461 1453 1425 1423 1454 1425 1502 1453 1502 1425 1454 1479 1409 1480 1426 1503 1459 1409 1426 1503 1481 1427 1455 1504 1481 1456 1427 1504 1427 1479 1456 1454 1455 1428 1504 1457 1455 1504 1428 1481 1409 1480 1482 1457 1457 1428 1505 1482 1428 1434 1458 1467 1468 1482 1428 1458 1426 1506 1460 1459 1506 1426 1460 1483 1461 1388 1484 1453 1463 1507 1411 1484 1388 1508 1463 1484 1462 1485 1464 1413 1485 1431 1435 1464 1388 1486 1463 1508 1463 1414 1487 1486 1433 1465 1488 1509 1433 1466 1465 1509 1434 1489 1415 1488 1509 1488 1434 1465 1458 1434 1428 1468 1489 1415 1469 1468 1489 1468 1510 1434 1489 1415 1490 1469 1416 1490 1469 1511 1435 1490 1416 1511 1416 1485 1435 1512 1466 1433 1487 1509 1466 1486 1487 1414 1401 1470 1491 1437 1438 1491 1470 1437 1418 1440 1471 1513 1492 1440 1471 1439 1418 1440 1493 1473 1438 1441 1472 1514 1515 1470 1472 1438 1443 1514 1474 1441 1441 1474 1472 1514 1473 1443 1493 1442 1494 1443 1516 1474 1493 1374 1443 1517 1443 1516 1449 1494 1443 1517 1374 1450 1449 1516 1443 1450 1491 1420 1475 1470 1470 1402 1475 1518 1475 1495 1447 1445 1447 1475 1402 1518 1448 1421 1476 1496 1421 1495 1447 1496 1447 1519 1476 1496 1451 1520 1448 1477 1477 1448 1476 1496 1451 1448 1520 1497 1500 1478 1450 1449 1452 1450 1500 1478 1497 1451 1430 1498 1521 1430 1424 1498 1424 1451 1522 1498 1430 1499 1521 1424 1499 1523 1429 1430 1424 1429 1499 1524 1452 1424 1500 1501 1501 1429 1424 1524 1429 1483 1506 1460 1483 1429 1523 1430 1425 1453 1461 1502 1453 1525 1502 1454 1525 1454 1479 1502 1480 1426 1503 1526 1409 1482 1480 1503 1503 1426 1459 1526 1527 1427 1456 1504 1504 1481 1456 1528 1427 1456 1479 1527 1525 1456 1479 1454 1428 1529 1504 1457 1504 1428 1481 1528 1526 1482 1480 1457 1482 1428 1505 1530 1505 1428 1457 1529 1505 1531 1457 1482 1482 1468 1428 1530 1426 1506 1459 1532 1523 1426 1506 1483 1388 1453 1508 1484 1502 1453 1461 1484 1486 1507 1463 1484 1463 1508 1486 1484 1485 1462 1464 1533 1533 1485 1435 1464 1487 1486 1507 1463 1534 1465 1466 1509 1434 1488 1509 1489 1534 1434 1465 1509 1468 1428 1535 1434 1511 1468 1489 1469 1535 1510 1468 1434 1434 1510 1489 1536 1489 1510 1468 1537 1469 1490 1489 1511 1416 1512 1435 1511 1511 1435 1490 1538 1485 1539 1435 1512 1534 1466 1487 1509 1534 1486 1487 1466 1491 1438 1470 1515 1493 1513 1440 1418 1471 1440 1540 1513 1471 1540 1440 1492 1541 1493 1440 1473 1472 1515 1438 1514 1470 1542 1515 1472 1443 1514 1516 1474 1472 1474 1542 1514 1541 1443 1493 1473 1474 1516 1494 1543 1443 1517 1544 1493 1516 1545 1449 1494 1517 1443 1546 1450 1516 1443 1450 1546 1449 1545 1516 1450 1475 1491 1470 1515 1542 1470 1475 1518 1495 1542 1475 1447 1475 1447 1542 1518 1519 1447 1495 1496 1477 1476 1519 1496 1520 1496 1448 1477 1520 1497 1448 1547 1497 1451 1498 1520 1548 1449 1500 1450 1500 1450 1452 1501 1521 1424 1549 1498 1522 1549 1424 1498 1498 1451 1522 1520 1499 1430 1521 1523 1499 1424 1549 1521 1499 1429 1523 1506 1499 1424 1524 1550 1506 1499 1429 1524 1424 1501 1550 1500 1424 1550 1501 1524 1483 1523 1429 1506 1453 1525 1508 1502 1479 1527 1525 1502 1526 1480 1482 1503 1459 1551 1503 1526 1532 1459 1426 1526 1504 1456 1527 1528 1525 1479 1456 1527 1529 1428 1504 1552 1528 1428 1552 1504 1457 1526 1482 1531 1552 1505 1428 1530 1457 1531 1505 1529 1552 1428 1505 1529 1482 1505 1531 1553 1535 1428 1468 1530 1426 1554 1506 1532 1523 1426 1554 1506 1502 1508 1453 1484 1461 1555 1502 1484 1525 1507 1486 1484 1508 1525 1486 1484 1485 1435 1539 1533 1507 1486 1487 1556 1489 1434 1536 1509 1534 1557 1434 1509 1468 1511 1489 1558 1468 1530 1510 1535 1510 1489 1536 1559 1510 1434 1557 1536 1468 1510 1530 1537 1468 1558 1489 1537 1489 1510 1537 1559 1489 1538 1511 1490 1512 1435 1511 1538 1539 1485 1560 1512 1435 1512 1539 1538 1487 1534 1509 1556 1486 1556 1534 1487 1513 1440 1541 1493 1540 1561 1471 1513 1541 1440 1513 1540 1471 1562 1540 1492 1515 1472 1542 1514 1542 1475 1470 1515 1543 1474 1516 1514 1542 1474 1543 1514 1541 1443 1544 1493 1494 1545 1543 1516 1443 1546 1544 1517 1563 1544 1517 1493 1494 1545 1449 1564 1450 1563 1546 1517 1450 1545 1516 1546 1548 1450 1545 1449 1475 1565 1491 1515 1566 1542 1495 1447 1542 1495 1475 1565 1519 1495 1447 1566 1519 1495 1567 1496 1477 1519 1520 1496 1520 1448 1496 1547 1520 1498 1497 1547 1548 1500 1449 1568 1450 1546 1500 1548 1450 1500 1546 1501 1549 1521 1498 1569 1498 1522 1549 1569 1520 1498 1570 1522 1499 1523 1521 1571 1521 1549 1499 1571 1506 1499 1572 1523 1573 1499 1524 1550 1506 1574 1499 1524 1573 1550 1501 1500 1524 1501 1573 1550 1525 1508 1502 1484 1527 1555 1525 1502 1551 1526 1482 1503 1459 1532 1551 1526 1554 1532 1426 1526 1527 1504 1528 1575 1525 1528 1527 1456 1576 1552 1529 1504 1552 1528 1504 1576 1553 1482 1526 1531 1428 1552 1530 1535 1537 1505 1552 1530 1577 1505 1531 1529 1578 1552 1505 1529 1577 1531 1505 1553 1572 1506 1554 1532 1572 1523 1554 1506 1502 1555 1525 1484 1555 1507 1525 1484 1525 1507 1579 1486 1560 1533 1485 1539 1486 1507 1580 1556 1557 1536 1434 1509 1581 1509 1557 1534 1582 1558 1489 1511 1552 1510 1530 1535 1536 1510 1559 1583 1510 1581 1536 1557 1552 1530 1510 1537 1559 1489 1558 1537 1537 1584 1559 1510 1538 1489 1511 1582 1511 1560 1512 1538 1560 1512 1538 1539 1509 1581 1556 1534 1486 1534 1556 1580 1541 1561 1513 1493 1471 1562 1561 1540 1513 1561 1541 1540 1515 1542 1565 1514 1475 1542 1565 1515 1516 1545 1543 1514 1514 1543 1542 1585 1493 1563 1544 1541 1494 1543 1545 1564 1544 1517 1546 1563 1564 1449 1548 1545 1563 1450 1546 1586 1545 1450 1548 1546 1566 1495 1542 1587 1542 1495 1565 1587 1495 1519 1587 1566 1519 1567 1495 1587 1588 1519 1567 1496 1588 1496 1520 1519 1520 1496 1588 1547 1520 1570 1498 1547 1564 1548 1449 1568 1548 1589 1500 1568 1590 1500 1546 1548 1546 1586 1450 1501 1590 1546 1500 1501 1591 1498 1521 1569 1521 1549 1571 1569 1498 1569 1570 1522 1520 1592 1522 1570 1593 1523 1499 1571 1594 1499 1549 1571 1506 1572 1499 1595 1596 1572 1499 1523 1524 1499 1573 1574 1574 1506 1499 1595 1573 1501 1590 1500 1573 1501 1524 1574 1527 1525 1555 1575 1553 1526 1482 1551 1532 1526 1572 1551 1532 1572 1526 1554 1575 1576 1504 1528 1575 1525 1528 1527 1597 1529 1576 1552 1598 1576 1529 1504 1526 1531 1577 1553 1505 1537 1552 1599 1577 1505 1529 1600 1529 1597 1578 1552 1601 1578 1505 1529 1505 1552 1578 1599 1577 1505 1602 1553 1523 1572 1554 1596 1555 1507 1579 1525 1603 1486 1525 1579 1579 1580 1486 1507 1604 1533 1560 1539 1580 1507 1605 1556 1536 1581 1509 1557 1559 1489 1582 1558 1558 1582 1606 1511 1583 1559 1584 1510 1607 1559 1583 1536 1581 1510 1536 1583 1537 1552 1608 1510 1606 1537 1559 1558 1608 1584 1537 1510 1537 1559 1584 1609 1582 1606 1511 1538 1511 1560 1538 1610 1538 1604 1560 1539 1509 1556 1581 1607 1581 1534 1580 1556 1493 1541 1561 1611 1562 1541 1561 1540 1514 1542 1565 1585 1545 1543 1514 1585 1612 1542 1543 1585 1541 1493 1563 1611 1563 1613 1544 1541 1545 1564 1543 1585 1613 1546 1563 1544 1548 1614 1564 1545 1615 1546 1586 1563 1612 1542 1587 1566 1587 1542 1612 1565 1587 1519 1612 1566 1612 1567 1519 1587 1616 1519 1567 1588 1519 1592 1520 1588 1588 1570 1520 1547 1548 1568 1564 1617 1500 1589 1548 1590 1618 1568 1500 1589 1617 1548 1568 1589 1586 1546 1590 1501 1570 1569 1498 1591 1591 1521 1571 1569 1549 1594 1571 1569 1522 1592 1569 1570 1520 1570 1588 1592 1499 1593 1596 1523 1499 1619 1593 1571 1594 1619 1499 1571 1499 1572 1620 1595 1620 1572 1499 1596 1574 1499 1573 1595 1500 1590 1573 1621 1590 1501 1573 1574 1622 1555 1525 1575 1526 1602 1551 1553 1551 1526 1572 1623 1596 1526 1572 1554 1504 1576 1575 1598 1576 1622 1528 1575 1575 1528 1525 1622 1529 1597 1576 1624 1576 1529 1624 1598 1577 1602 1526 1553 1537 1608 1552 1599 1505 1600 1601 1529 1505 1577 1625 1600 1624 1578 1529 1597 1578 1624 1529 1601 1505 1578 1601 1626 1578 1552 1608 1599 1578 1626 1505 1599 1577 1505 1625 1602 1579 1525 1622 1555 1579 1622 1525 1603 1579 1486 1580 1603 1580 1605 1507 1579 1556 1627 1605 1580 1581 1536 1509 1607 1582 1559 1558 1606 1583 1584 1559 1628 1559 1607 1583 1629 1581 1536 1607 1583 1537 1606 1559 1630 1537 1599 1584 1608 1537 1584 1599 1609 1609 1559 1630 1537 1609 1559 1584 1628 1610 1511 1606 1538 1582 1606 1538 1631 1560 1538 1610 1632 1604 1538 1560 1632 1627 1581 1556 1607 1581 1627 1556 1580 1561 1541 1633 1611 1561 1633 1541 1562 1612 1565 1542 1585 1543 1564 1612 1585 1541 1563 1613 1611 1614 1564 1545 1585 1613 1546 1615 1563 1564 1614 1548 1617 1546 1590 1615 1586 1586 1615 1563 1634 1565 1635 1612 1587 1635 1567 1612 1587 1612 1567 1616 1519 1567 1636 1616 1588 1588 1616 1519 1637 1519 1592 1588 1637 1621 1500 1590 1589 1500 1638 1618 1589 1618 1617 1568 1589 1614 1548 1617 1589 1501 1634 1590 1586 1570 1639 1569 1591 1571 1569 1640 1591 1640 1569 1571 1594 1570 1569 1639 1592 1588 1636 1592 1570 1596 1593 1499 1620 1620 1499 1619 1593 1593 1619 1641 1571 1594 1641 1619 1571 1499 1620 1642 1595 1572 1643 1620 1595 1644 1572 1620 1596 1642 1573 1499 1595 1595 1643 1573 1574 1645 1573 1590 1621 1500 1573 1638 1621 1574 1646 1590 1501 1645 1590 1573 1574 1555 1622 1647 1575 1602 1551 1623 1526 1526 1648 1572 1623 1526 1572 1648 1596 1576 1649 1575 1598 1649 1576 1575 1622 1624 1576 1650 1597 1651 1576 1624 1598 1623 1577 1602 1526 1601 1600 1505 1626 1652 1577 1600 1625 1600 1505 1626 1625 1578 1624 1650 1597 1650 1601 1624 1578 1653 1578 1626 1601 1578 1584 1599 1608 1609 1626 1578 1599 1654 1602 1577 1625 1647 1622 1555 1579 1603 1622 1580 1579 1622 1605 1580 1579 1556 1605 1627 1655 1580 1627 1605 1656 1559 1631 1606 1582 1584 1657 1628 1583 1628 1559 1583 1629 1583 1607 1657 1629 1607 1583 1657 1581 1658 1630 1559 1606 1578 1599 1584 1609 1559 1630 1628 1609 1584 1659 1609 1628 1538 1606 1610 1631 1610 1660 1560 1632 1610 1632 1538 1631 1604 1660 1632 1560 1607 1657 1627 1581 1556 1627 1607 1655 1611 1561 1661 1633 1613 1541 1611 1633 1561 1662 1633 1562 1612 1635 1565 1585 1617 1612 1564 1585 1563 1661 1613 1611 1614 1617 1564 1585 1615 1613 1563 1634 1615 1586 1590 1634 1635 1567 1616 1612 1616 1612 1519 1637 1616 1636 1592 1588 1592 1616 1588 1637 1638 1500 1621 1589 1638 1663 1618 1589 1589 1617 1664 1618 1589 1664 1617 1614 1634 1501 1590 1646 1640 1569 1639 1591 1571 1594 1641 1640 1569 1665 1594 1640 1639 1592 1636 1570 1592 1665 1569 1639 1620 1593 1641 1596 1641 1593 1620 1619 1619 1666 1641 1594 1642 1620 1643 1595 1643 1572 1620 1667 1620 1572 1644 1667 1620 1668 1644 1596 1644 1648 1572 1596 1595 1573 1643 1642 1574 1573 1669 1643 1645 1573 1621 1670 1638 1621 1573 1670 1590 1645 1646 1574 1669 1573 1574 1645 1649 1575 1647 1622 1577 1623 1648 1526 1644 1572 1648 1623 1671 1649 1598 1575 1598 1576 1649 1651 1651 1624 1576 1650 1623 1577 1644 1602 1601 1626 1652 1600 1577 1652 1654 1625 1652 1626 1625 1600 1601 1650 1672 1578 1650 1601 1651 1624 1601 1672 1653 1578 1653 1626 1673 1601 1626 1578 1653 1674 1626 1609 1578 1674 1675 1654 1602 1577 1647 1605 1622 1579 1622 1605 1656 1580 1676 1627 1605 1655 1676 1605 1627 1656 1627 1656 1580 1677 1631 1559 1606 1658 1657 1584 1628 1678 1628 1657 1629 1583 1679 1629 1657 1607 1559 1628 1630 1658 1630 1658 1680 1606 1578 1584 1674 1609 1680 1628 1630 1609 1584 1678 1659 1628 1681 1609 1659 1628 1584 1609 1659 1682 1606 1660 1610 1631 1660 1610 1631 1632 1604 1660 1683 1632 1607 1627 1657 1679 1607 1627 1679 1655 1662 1561 1633 1661 1613 1611 1661 1633 1635 1612 1684 1585 1617 1585 1684 1612 1661 1563 1613 1685 1684 1585 1617 1614 1613 1563 1634 1685 1613 1615 1686 1634 1686 1590 1634 1615 1635 1612 1616 1684 1684 1612 1616 1637 1687 1636 1592 1616 1616 1592 1687 1637 1663 1638 1621 1589 1663 1589 1664 1618 1618 1687 1617 1664 1617 1664 1684 1614 1688 1590 1646 1634 1640 1639 1569 1665 1594 1666 1641 1640 1666 1665 1640 1594 1689 1592 1636 1639 1592 1665 1639 1690 1691 1596 1620 1641 1666 1641 1620 1619 1643 1620 1642 1692 1620 1667 1692 1643 1693 1620 1644 1667 1596 1644 1648 1668 1620 1691 1668 1596 1693 1644 1620 1668 1573 1643 1642 1692 1669 1694 1574 1643 1573 1692 1669 1643 1573 1645 1695 1670 1696 1638 1573 1670 1621 1638 1663 1670 1590 1645 1688 1646 1697 1574 1646 1645 1645 1669 1573 1695 1574 1694 1669 1645 1647 1575 1649 1671 1622 1647 1649 1656 1623 1644 1577 1648 1649 1598 1651 1671 1650 1649 1576 1651 1602 1577 1644 1675 1626 1652 1698 1601 1652 1625 1626 1654 1654 1675 1652 1577 1650 1601 1672 1699 1650 1601 1699 1651 1699 1653 1601 1672 1699 1601 1653 1673 1698 1673 1626 1601 1653 1673 1626 1700 1653 1578 1701 1674 1653 1700 1626 1674 1647 1605 1656 1622 1677 1580 1622 1656 1655 1702 1676 1627 1649 1676 1627 1656 1649 1627 1677 1656 1658 1680 1606 1631 1703 1657 1628 1678 1628 1657 1679 1629 1680 1630 1628 1658 1578 1674 1584 1701 1682 1674 1584 1609 1680 1628 1609 1681 1703 1628 1659 1678 1704 1584 1678 1659 1659 1628 1705 1681 1681 1659 1609 1682 1682 1584 1704 1659 1606 1660 1631 1706 1660 1631 1683 1632 1657 1627 1702 1679 1627 1702 1679 1655 1662 1613 1661 1633 1612 1687 1684 1617 1661 1613 1707 1685 1634 1686 1613 1685 1686 1590 1688 1634 1616 1708 1635 1684 1612 1687 1637 1684 1684 1616 1687 1637 1708 1636 1687 1616 1687 1636 1689 1592 1621 1663 1589 1709 1664 1589 1663 1709 1618 1663 1687 1664 1684 1664 1617 1687 1646 1688 1634 1697 1710 1665 1639 1640 1666 1711 1641 1640 1665 1711 1666 1640 1689 1636 1710 1639 1639 1689 1592 1690 1665 1689 1639 1690 1691 1596 1641 1712 1620 1641 1666 1691 1620 1692 1667 1713 1714 1692 1667 1643 1620 1693 1713 1667 1644 1714 1693 1667 1668 1577 1644 1648 1691 1668 1596 1712 1668 1691 1620 1693 1715 1693 1668 1644 1716 1643 1694 1669 1669 1692 1573 1717 1692 1643 1718 1669 1717 1573 1695 1670 1696 1573 1717 1670 1696 1663 1638 1670 1663 1621 1670 1709 1646 1645 1688 1697 1697 1574 1645 1694 1717 1573 1669 1695 1645 1669 1719 1694 1720 1647 1649 1671 1720 1649 1647 1656 1622 1656 1649 1677 1649 1721 1671 1651 1649 1650 1721 1651 1577 1722 1644 1675 1698 1652 1626 1723 1654 1626 1652 1723 1715 1654 1675 1652 1675 1652 1577 1722 1699 1650 1724 1672 1650 1699 1724 1651 1724 1653 1699 1672 1653 1699 1673 1725 1698 1626 1673 1700 1700 1726 1653 1673 1701 1682 1653 1674 1682 1700 1653 1674 1655 1676 1702 1727 1728 1702 1627 1676 1720 1676 1649 1656 1649 1676 1728 1627 1680 1606 1631 1706 1658 1680 1631 1729 1703 1657 1679 1628 1657 1703 1730 1678 1628 1729 1680 1658 1682 1584 1674 1701 1628 1680 1705 1681 1659 1730 1703 1678 1704 1730 1659 1678 1731 1681 1659 1705 1682 1731 1681 1659 1682 1584 1701 1704 1659 1682 1732 1704 1631 1660 1733 1706 1660 1631 1733 1683 1734 1657 1702 1679 1655 1702 1679 1727 1613 1662 1661 1707 1735 1661 1707 1685 1707 1613 1686 1685 1634 1735 1686 1685 1634 1688 1686 1697 1616 1687 1708 1684 1708 1636 1689 1687 1689 1687 1592 1690 1664 1663 1736 1709 1664 1736 1663 1687 1684 1687 1708 1664 1665 1710 1711 1640 1710 1665 1689 1639 1666 1641 1711 1737 1665 1666 1711 1738 1689 1665 1739 1690 1712 1737 1641 1691 1737 1666 1641 1691 1714 1667 1692 1713 1692 1718 1643 1714 1714 1713 1693 1667 1714 1644 1693 1740 1577 1644 1722 1668 1737 1668 1691 1712 1691 1668 1741 1693 1644 1715 1693 1740 1668 1693 1715 1742 1668 1722 1715 1644 1716 1643 1669 1743 1694 1716 1669 1719 1692 1744 1717 1669 1692 1744 1669 1718 1743 1718 1643 1669 1717 1695 1744 1670 1696 1717 1744 1670 1670 1663 1745 1696 1745 1663 1670 1709 1746 1645 1697 1688 1719 1645 1694 1697 1695 1744 1669 1717 1721 1671 1720 1649 1671 1651 1721 1747 1651 1650 1721 1748 1715 1644 1722 1675 1698 1749 1652 1723 1626 1700 1698 1723 1750 1654 1652 1723 1715 1654 1652 1751 1722 1652 1715 1675 1651 1724 1650 1748 1752 1724 1699 1651 1653 1724 1699 1725 1673 1725 1726 1653 1673 1752 1725 1699 1749 1673 1700 1698 1673 1700 1726 1753 1700 1653 1726 1754 1653 1682 1701 1704 1700 1682 1653 1754 1755 1702 1676 1727 1755 1676 1702 1728 1728 1627 1702 1756 1720 1676 1728 1649 1627 1649 1756 1728 1680 1631 1729 1706 1703 1657 1730 1679 1729 1628 1680 1705 1680 1705 1681 1731 1757 1659 1730 1703 1730 1704 1659 1758 1659 1759 1731 1705 1682 1731 1659 1760 1732 1704 1758 1659 1761 1732 1682 1704 1659 1732 1682 1762 1660 1763 1733 1706 1733 1729 1631 1706 1683 1763 1733 1660 1734 1730 1657 1679 1679 1702 1734 1764 1764 1679 1702 1727 1661 1765 1707 1662 1765 1661 1707 1735 1735 1686 1685 1707 1735 1634 1686 1766 1686 1634 1697 1766 1746 1686 1688 1697 1689 1708 1687 1736 1736 1687 1689 1690 1663 1745 1736 1709 1736 1708 1687 1664 1687 1739 1736 1663 1665 1710 1738 1711 1767 1665 1689 1710 1737 1711 1666 1768 1711 1738 1666 1768 1665 1767 1689 1739 1736 1689 1739 1690 1666 1737 1768 1691 1769 1692 1713 1714 1743 1643 1718 1714 1769 1692 1714 1718 1714 1693 1713 1769 1770 1714 1693 1740 1668 1737 1691 1741 1693 1741 1742 1668 1691 1741 1768 1693 1771 1693 1715 1740 1715 1722 1668 1742 1771 1715 1693 1742 1772 1716 1669 1743 1773 1669 1716 1719 1694 1716 1719 1697 1744 1692 1717 1774 1769 1744 1692 1718 1772 1669 1718 1743 1670 1744 1696 1745 1744 1774 1717 1696 1696 1739 1663 1745 1645 1746 1697 1719 1720 1671 1721 1747 1721 1728 1649 1720 1775 1721 1651 1747 1748 1721 1651 1775 1749 1750 1652 1723 1749 1700 1723 1698 1750 1654 1751 1652 1652 1776 1715 1751 1715 1652 1722 1742 1752 1724 1651 1748 1699 1752 1725 1724 1726 1725 1673 1753 1673 1752 1777 1725 1673 1749 1700 1778 1753 1673 1700 1778 1779 1726 1700 1753 1653 1726 1754 1761 1779 1700 1726 1754 1682 1653 1761 1704 1682 1761 1653 1754 1755 1780 1702 1727 1781 1702 1728 1755 1721 1702 1756 1728 1649 1728 1721 1756 1680 1763 1706 1729 1679 1730 1703 1757 1731 1680 1705 1729 1757 1659 1782 1730 1659 1782 1730 1758 1659 1759 1783 1731 1705 1731 1729 1759 1659 1760 1762 1682 1731 1659 1760 1783 1659 1732 1784 1758 1761 1682 1732 1762 1659 1732 1762 1784 1763 1706 1729 1733 1763 1683 1733 1785 1734 1730 1679 1757 1702 1780 1734 1764 1757 1679 1734 1764 1702 1780 1764 1727 1735 1686 1707 1765 1735 1686 1786 1766 1746 1686 1697 1766 1767 1708 1689 1736 1687 1739 1690 1736 1736 1745 1663 1739 1787 1738 1710 1711 1665 1788 1738 1710 1767 1665 1710 1788 1768 1711 1789 1737 1711 1768 1789 1738 1790 1767 1665 1739 1689 1739 1767 1736 1691 1741 1737 1768 1791 1714 1743 1718 1714 1718 1792 1769 1693 1714 1770 1769 1771 1693 1740 1770 1714 1792 1740 1770 1741 1693 1742 1793 1693 1741 1768 1793 1794 1715 1740 1771 1742 1793 1693 1771 1715 1771 1795 1742 1669 1773 1716 1772 1772 1791 1716 1743 1746 1773 1716 1719 1719 1716 1746 1697 1769 1744 1774 1692 1744 1769 1796 1718 1772 1718 1791 1743 1744 1774 1696 1745 1739 1774 1745 1696 1721 1781 1720 1747 1721 1720 1781 1728 1721 1797 1747 1775 1797 1721 1748 1775 1748 1651 1752 1775 1700 1750 1749 1723 1652 1751 1750 1749 1742 1652 1776 1715 1749 1652 1751 1776 1776 1798 1715 1751 1797 1752 1748 1724 1752 1725 1724 1799 1753 1725 1799 1726 1753 1725 1673 1777 1752 1725 1799 1777 1700 1778 1749 1800 1700 1778 1779 1753 1726 1779 1801 1753 1762 1726 1761 1754 1779 1762 1754 1726 1754 1761 1762 1682 1780 1727 1755 1802 1755 1702 1780 1803 1702 1781 1803 1755 1781 1702 1721 1728 1680 1763 1729 1804 1729 1731 1680 1804 1730 1805 1782 1757 1782 1659 1784 1758 1782 1758 1805 1730 1806 1759 1731 1783 1731 1729 1759 1804 1760 1784 1659 1762 1784 1659 1783 1760 1731 1806 1783 1760 1732 1805 1784 1758 1762 1761 1726 1732 1762 1732 1807 1784 1763 1729 1785 1733 1780 1734 1757 1730 1734 1780 1757 1764 1727 1780 1764 1802 1686 1735 1786 1765 1786 1808 1735 1766 1686 1746 1786 1766 1697 1808 1746 1766 1736 1739 1767 1745 1738 1787 1710 1788 1711 1789 1787 1738 1665 1738 1788 1790 1790 1665 1767 1788 1711 1809 1789 1737 1810 1789 1737 1768 1739 1767 1811 1790 1768 1810 1741 1737 1791 1714 1718 1812 1718 1813 1792 1769 1792 1770 1714 1769 1792 1718 1714 1794 1771 1740 1792 1770 1714 1740 1792 1794 1741 1742 1814 1793 1741 1814 1768 1793 1794 1715 1771 1815 1771 1792 1740 1794 1814 1742 1771 1793 1742 1795 1816 1771 1742 1795 1715 1817 1715 1795 1771 1815 1791 1716 1773 1772 1818 1746 1773 1716 1697 1716 1746 1818 1769 1744 1796 1774 1813 1718 1796 1769 1744 1819 1718 1796 1820 1718 1791 1772 1774 1744 1821 1745 1739 1774 1821 1745 1781 1721 1797 1747 1747 1797 1822 1775 1752 1797 1748 1775 1750 1700 1749 1800 1750 1798 1749 1751 1817 1742 1776 1715 1776 1798 1751 1749 1798 1776 1715 1817 1752 1797 1823 1724 1799 1724 1752 1823 1726 1799 1753 1824 1753 1799 1725 1777 1799 1777 1825 1752 1826 1800 1749 1778 1700 1779 1778 1800 1826 1779 1778 1753 1801 1779 1726 1827 1801 1828 1726 1753 1829 1801 1779 1753 1779 1762 1726 1827 1830 1780 1755 1802 1830 1755 1780 1803 1780 1803 1702 1831 1781 1702 1803 1721 1729 1763 1832 1804 1805 1730 1833 1757 1834 1782 1805 1757 1805 1784 1758 1782 1835 1759 1731 1806 1806 1836 1759 1783 1731 1837 1804 1759 1729 1759 1804 1832 1762 1806 1760 1784 1806 1760 1784 1783 1805 1732 1784 1838 1839 1762 1726 1732 1732 1838 1807 1784 1807 1840 1762 1784 1807 1732 1762 1841 1763 1729 1832 1785 1757 1780 1730 1833 1802 1757 1780 1764 1735 1842 1786 1765 1735 1842 1808 1786 1746 1766 1808 1786 1808 1697 1746 1818 1821 1767 1739 1745 1811 1787 1738 1788 1738 1789 1787 1843 1711 1787 1789 1809 1788 1738 1811 1790 1788 1811 1767 1790 1789 1809 1810 1737 1789 1810 1814 1768 1739 1811 1767 1821 1768 1741 1810 1814 1718 1714 1794 1812 1844 1791 1718 1812 1845 1792 1718 1813 1792 1718 1794 1846 1810 1742 1814 1741 1794 1771 1847 1815 1794 1847 1771 1792 1816 1814 1742 1771 1795 1742 1816 1817 1798 1715 1795 1817 1795 1771 1815 1847 1798 1795 1715 1815 1773 1848 1716 1791 1791 1773 1820 1772 1773 1849 1818 1716 1773 1746 1818 1850 1821 1796 1744 1774 1718 1813 1796 1845 1796 1819 1718 1845 1744 1796 1821 1819 1820 1718 1844 1791 1739 1821 1774 1811 1797 1822 1781 1747 1797 1721 1781 1803 1797 1752 1822 1775 1851 1749 1800 1750 1798 1750 1749 1852 1776 1798 1749 1817 1752 1797 1822 1823 1752 1825 1799 1823 1824 1726 1828 1753 1825 1753 1799 1824 1825 1799 1753 1777 1749 1851 1800 1826 1826 1778 1779 1800 1753 1826 1779 1829 1853 1801 1726 1827 1753 1829 1801 1828 1726 1801 1853 1828 1829 1779 1801 1854 1726 1762 1839 1827 1855 1780 1830 1802 1830 1797 1803 1780 1797 1780 1831 1803 1803 1702 1831 1721 1804 1837 1763 1832 1834 1805 1833 1757 1784 1805 1834 1782 1731 1837 1759 1835 1759 1835 1836 1806 1784 1836 1806 1783 1837 1804 1759 1832 1762 1806 1784 1840 1805 1784 1834 1838 1732 1841 1839 1762 1784 1807 1856 1838 1857 1732 1838 1807 1784 1807 1840 1858 1762 1840 1807 1841 1732 1841 1807 1857 1785 1837 1832 1763 1757 1859 1780 1833 1802 1757 1859 1780 1842 1746 1808 1786 1808 1746 1850 1818 1787 1843 1811 1738 1860 1787 1811 1788 1861 1787 1789 1843 1787 1862 1789 1809 1811 1767 1860 1788 1789 1863 1810 1809 1814 1789 1863 1810 1860 1767 1811 1821 1718 1846 1812 1794 1718 1812 1846 1844 1844 1864 1791 1812 1792 1845 1718 1846 1792 1845 1865 1813 1846 1866 1794 1792 1742 1810 1814 1867 1815 1794 1866 1847 1866 1847 1794 1792 1816 1742 1814 1867 1795 1868 1817 1816 1816 1817 1742 1867 1869 1798 1795 1817 1866 1795 1815 1847 1870 1798 1815 1795 1773 1849 1716 1848 1848 1773 1820 1791 1818 1849 1773 1850 1774 1811 1821 1796 1813 1865 1796 1845 1819 1796 1865 1845 1871 1821 1796 1819 1864 1791 1820 1844 1872 1781 1797 1822 1797 1781 1872 1803 1797 1721 1803 1831 1852 1851 1750 1749 1873 1798 1749 1852 1873 1798 1817 1749 1822 1823 1797 1874 1752 1822 1875 1823 1799 1874 1823 1825 1825 1752 1875 1823 1876 1828 1753 1824 1824 1828 1726 1853 1753 1825 1876 1824 1825 1824 1799 1877 1851 1826 1779 1800 1852 1851 1749 1826 1854 1779 1826 1829 1726 1853 1827 1839 1841 1801 1853 1827 1878 1801 1829 1828 1801 1879 1853 1828 1878 1829 1801 1854 1827 1839 1841 1762 1830 1855 1880 1780 1780 1855 1881 1802 1830 1780 1882 1797 1882 1803 1830 1797 1805 1881 1834 1833 1833 1859 1834 1757 1837 1759 1835 1883 1884 1836 1835 1806 1759 1836 1835 1883 1784 1836 1858 1806 1759 1885 1837 1832 1806 1784 1840 1858 1784 1834 1838 1856 1834 1838 1886 1805 1841 1732 1839 1857 1886 1807 1838 1856 1857 1886 1807 1838 1887 1840 1807 1858 1887 1807 1840 1841 1841 1888 1807 1857 1837 1785 1832 1885 1780 1881 1833 1859 1780 1881 1859 1802 1842 1746 1850 1808 1818 1808 1849 1850 1787 1843 1860 1811 1787 1789 1862 1861 1789 1871 1861 1843 1860 1843 1787 1861 1809 1863 1862 1789 1809 1889 1863 1810 1810 1890 1863 1814 1871 1821 1860 1811 1864 1812 1846 1794 1864 1846 1812 1844 1846 1865 1792 1845 1891 1866 1846 1792 1846 1794 1866 1870 1868 1814 1810 1867 1866 1794 1815 1870 1868 1814 1867 1816 1868 1795 1817 1892 1868 1817 1816 1867 1795 1798 1869 1893 1795 1894 1869 1817 1869 1817 1873 1798 1815 1795 1866 1870 1870 1798 1795 1893 1849 1773 1895 1848 1791 1896 1820 1848 1895 1773 1820 1848 1849 1773 1850 1897 1821 1871 1796 1811 1865 1819 1871 1796 1865 1898 1819 1845 1899 1821 1871 1819 1791 1820 1900 1864 1820 1901 1864 1844 1797 1882 1872 1822 1872 1882 1797 1803 1749 1873 1852 1826 1798 1873 1869 1852 1882 1797 1874 1822 1822 1823 1874 1875 1799 1874 1825 1902 1825 1874 1823 1875 1828 1877 1824 1876 1828 1824 1877 1853 1825 1824 1877 1876 1799 1825 1877 1902 1854 1826 1779 1851 1851 1869 1826 1852 1854 1826 1878 1829 1841 1853 1839 1827 1801 1841 1853 1903 1878 1801 1828 1904 1801 1853 1879 1903 1905 1853 1879 1828 1828 1879 1904 1801 1801 1878 1854 1906 1780 1881 1855 1880 1880 1882 1830 1780 1880 1855 1830 1907 1855 1881 1802 1908 1880 1882 1780 1797 1882 1803 1872 1830 1881 1805 1834 1909 1881 1834 1833 1859 1885 1759 1837 1883 1883 1837 1884 1835 1884 1836 1806 1910 1884 1835 1836 1883 1887 1836 1806 1858 1806 1887 1858 1840 1834 1838 1856 1886 1886 1805 1909 1834 1841 1839 1853 1857 1807 1886 1911 1856 1857 1886 1912 1807 1807 1913 1887 1858 1887 1807 1841 1914 1841 1888 1857 1915 1888 1857 1912 1807 1888 1807 1916 1841 1908 1859 1881 1802 1808 1897 1850 1842 1897 1808 1850 1849 1871 1811 1860 1843 1871 1862 1789 1861 1861 1871 1860 1843 1789 1863 1862 1917 1809 1862 1863 1889 1918 1863 1889 1810 1814 1810 1890 1868 1863 1918 1890 1810 1860 1821 1871 1899 1846 1864 1794 1919 1864 1846 1844 1901 1846 1865 1891 1792 1846 1898 1865 1845 1920 1866 1846 1891 1870 1846 1794 1919 1870 1866 1846 1921 1868 1810 1922 1867 1892 1894 1795 1817 1868 1817 1922 1892 1817 1868 1922 1867 1923 1795 1869 1893 1817 1869 1873 1894 1923 1869 1795 1894 1795 1893 1866 1870 1773 1849 1895 1897 1896 1849 1895 1848 1896 1791 1820 1900 1820 1848 1896 1895 1865 1871 1819 1898 1871 1899 1819 1898 1900 1820 1901 1864 1873 1869 1852 1826 1882 1874 1797 1880 1882 1822 1874 1924 1874 1875 1924 1822 1825 1874 1924 1902 1874 1825 1924 1875 1925 1877 1828 1876 1853 1926 1877 1828 1877 1825 1876 1925 1925 1877 1825 1902 1826 1906 1851 1854 1869 1851 1826 1927 1826 1878 1906 1854 1853 1841 1915 1903 1801 1878 1928 1904 1929 1879 1853 1903 1905 1926 1853 1828 1879 1828 1904 1905 1853 1879 1929 1905 1928 1904 1879 1801 1878 1801 1928 1906 1880 1881 1855 1907 1830 1882 1880 1907 1855 1930 1830 1907 1930 1908 1881 1855 1882 1830 1872 1907 1881 1834 1908 1909 1834 1881 1908 1859 1885 1884 1883 1837 1806 1910 1836 1887 1836 1884 1931 1910 1836 1932 1884 1883 1913 1836 1887 1858 1911 1856 1886 1834 1911 1886 1909 1834 1915 1841 1853 1857 1911 1912 1886 1807 1857 1912 1886 1933 1913 1807 1887 1934 1914 1916 1807 1841 1807 1887 1934 1914 1841 1888 1915 1916 1935 1807 1888 1912 1888 1857 1933 1912 1888 1916 1807 1935 1817 1922 1892 1936 1917 1871 1862 1789 1937 1862 1871 1861 1871 1860 1937 1861 1938 1862 1863 1917 1863 1862 1939 1889 1863 1940 1918 1889 1922 1890 1810 1868 1863 1940 1890 1918 1918 1890 1810 1922 1871 1937 1860 1899 1864 1846 1941 1919 1846 1864 1941 1901 1865 1920 1846 1891 1898 1846 1865 1920 1920 1846 1866 1921 1866 1920 1942 1891 1870 1921 1846 1919 1866 1870 1943 1921 1894 1892 1936 1817 1892 1795 1894 1923 1922 1892 1944 1868 1795 1923 1945 1893 1946 1869 1893 1923 1873 1869 1826 1894 1947 1923 1894 1869 1795 1866 1893 1945 1946 1866 1893 1870 1849 1948 1895 1897 1849 1948 1896 1895 1896 1820 1949 1900 1896 1820 1895 1948 1871 1865 1950 1898 1871 1950 1899 1898 1901 1951 1900 1864 1901 1820 1900 1949 1882 1874 1880 1907 1924 1952 1874 1882 1924 1902 1874 1953 1825 1924 1954 1902 1925 1877 1926 1828 1853 1877 1926 1955 1877 1953 1902 1925 1825 1925 1902 1954 1927 1906 1851 1826 1956 1869 1826 1927 1906 1927 1878 1826 1853 1929 1903 1915 1903 1915 1916 1841 1928 1878 1957 1904 1916 1929 1903 1879 1853 1926 1905 1929 1957 1905 1879 1904 1958 1929 1879 1905 1957 1879 1928 1904 1959 1906 1878 1928 1874 1881 1880 1907 1930 1881 1907 1855 1908 1930 1881 1960 1882 1872 1952 1907 1908 1909 1961 1881 1834 1908 1909 1962 1885 1884 1932 1883 1836 1910 1913 1887 1932 1836 1884 1931 1910 1963 1884 1931 1836 1913 1910 1931 1886 1961 1911 1909 1909 1962 1911 1834 1912 1886 1964 1911 1912 1964 1886 1933 1913 1965 1934 1887 1914 1807 1916 1935 1935 1914 1807 1934 1965 1934 1887 1914 1916 1915 1929 1888 1912 1888 1935 1964 1933 1888 1912 1964 1966 1888 1935 1916 1922 1892 1936 1944 1862 1917 1937 1871 1863 1939 1862 1938 1938 1863 1950 1917 1937 1917 1862 1938 1863 1939 1940 1889 1889 1940 1918 1967 1890 1922 1940 1868 1922 1890 1940 1918 1950 1899 1937 1871 1846 1921 1941 1919 1968 1864 1941 1919 1901 1968 1864 1941 1942 1865 1891 1920 1865 1942 1898 1920 1969 1920 1866 1921 1920 1969 1866 1942 1870 1968 1921 1919 1943 1866 1921 1969 1970 1943 1870 1921 1866 1943 1870 1946 1944 1894 1892 1936 1923 1944 1894 1892 1868 1922 1971 1944 1946 1945 1923 1893 1946 1869 1923 1972 1956 1869 1894 1826 1923 1869 1947 1972 1894 1923 1947 1973 1894 1956 1947 1869 1946 1893 1866 1945 1896 1949 1820 1948 1896 1951 1900 1949 1974 1898 1950 1865 1899 1950 1975 1898 1901 1951 1864 1976 1900 1951 1901 1949 1874 1952 1907 1882 1924 1952 1977 1874 1953 1977 1874 1924 1924 1902 1953 1954 1877 1926 1978 1925 1853 1929 1955 1926 1877 1978 1926 1955 1877 1953 1925 1979 1925 1953 1902 1954 1878 1927 1956 1826 1869 1956 1947 1927 1927 1878 1947 1906 1916 1929 1915 1903 1957 1959 1878 1928 1916 1929 1879 1980 1905 1929 1926 1978 1905 1957 1879 1981 1958 1905 1982 1929 1983 1958 1879 1905 1879 1929 1958 1980 1879 1959 1957 1928 1906 1984 1959 1878 1985 1881 1874 1907 1930 1881 1960 1907 1961 1881 1960 1908 1908 1909 1962 1961 1963 1913 1910 1887 1932 1963 1931 1884 1963 1910 1913 1931 1961 1886 1911 1986 1961 1911 1909 1962 1987 1964 1886 1911 1987 1886 1964 1933 1913 1988 1965 1887 1965 1989 1913 1934 1935 1914 1965 1916 1935 1914 1934 1965 1929 1990 1916 1888 1991 1935 1888 1964 1987 1888 1933 1964 1916 1966 1888 1990 1935 1888 1966 1991 1935 1992 1966 1916 1993 1944 1922 1936 1871 1937 1950 1917 1939 1950 1938 1863 1938 1950 1937 1917 1863 1940 1939 1994 1889 1939 1940 1967 1967 1922 1940 1918 1922 1940 1868 1971 1937 1899 1950 1975 1921 1919 1968 1941 1976 1901 1968 1864 1968 1901 1995 1941 1942 1898 1974 1865 1996 1898 1942 1920 1969 1920 1921 1996 1969 1920 1996 1942 1968 1870 1921 1970 1969 1921 1943 1997 1866 1943 1998 1969 1921 1943 1999 1970 1970 1870 1943 1946 1998 1866 1946 1943 1894 1944 1993 1936 1944 1923 1894 2000 1944 1922 1971 1993 1946 1923 1945 1998 2001 1946 1923 1972 1947 2002 1923 1972 1947 1956 1894 1973 1923 1973 1894 2000 1923 2002 1947 1973 1866 1998 1946 1945 1896 2003 1949 1948 1896 2003 1951 1949 1950 2004 1898 1974 2004 1975 1950 1898 1951 1901 2005 1976 2003 1901 1951 1949 1874 1952 1977 1907 1953 1874 1977 1985 1977 1924 1953 2006 2006 1953 1954 1924 1979 1877 1978 1925 1929 1955 1926 1978 1955 1877 1978 2007 1925 1953 2006 1979 1953 1925 2006 1954 1927 1947 1878 1956 1906 1878 1947 1984 2008 1959 1878 1957 1929 1916 1990 1980 1929 1905 1982 1978 1879 1981 1983 1905 1879 1981 1957 2009 1905 1958 1982 1983 1929 1958 2010 1982 1879 1958 1983 2011 1958 1929 1990 1980 1958 2011 1879 1980 1959 1879 1957 2009 2008 1878 1959 1984 1977 1985 1874 1907 1907 1985 1881 1960 1952 1960 1907 1930 1961 1960 1881 1985 1960 1961 1908 2012 1961 1962 1908 2012 1887 1963 1913 1988 1932 1963 2013 1931 2013 1963 1913 1931 1987 1886 1986 1911 1961 1911 2012 1986 1911 1961 2012 1962 1987 1911 2014 1964 1913 1988 1989 1965 1935 1989 1965 1934 1935 2015 1916 1965 2016 1991 1888 1964 1987 1888 1964 2016 1916 1966 1990 1992 1966 2017 1935 1991 1966 1888 2016 1991 1966 1935 2017 1992 1935 2015 1992 1916 1994 1950 1939 1863 1950 1939 1938 2018 2018 1950 1937 1938 2019 1939 1940 1994 1940 1939 2020 1967 1967 1922 2021 1940 1922 2021 1940 1971 2018 1937 1950 1975 1968 1921 1941 1995 1976 1901 1995 1968 2004 1942 1898 1974 1942 2004 1898 1996 1921 1969 1996 1997 1996 1969 1942 2022 1921 1999 1968 1970 1943 2022 1969 1997 1943 1969 2022 1998 1943 1970 2023 1999 1943 1970 1946 2023 1998 1946 2024 1943 1944 1894 1993 2000 1944 2025 1993 1971 2021 1971 1922 1993 1923 1946 2001 1998 1923 2002 2001 1972 2001 2026 1946 1972 1947 2026 2002 1972 1973 1878 1947 1956 2027 1894 1973 2000 1923 1973 2000 2002 2028 1947 2002 1973 2029 1950 1974 2004 1950 2029 1975 2004 2003 1901 2005 1951 2005 2030 1951 1976 1995 1901 1976 2005 1952 1960 1977 1907 1977 1953 1985 1960 2006 2031 1953 1977 1979 1925 1978 2032 1979 1978 1877 2007 2007 1929 1978 1955 2033 1953 1979 2006 2032 1979 1925 2006 1878 2008 1947 1984 2028 1957 1959 2008 1990 1916 1992 1980 2010 1929 1982 1978 1983 1981 1879 2011 2009 1957 2034 1981 2009 1981 2011 1879 1982 1983 1958 2035 2010 1982 1958 2035 1990 1992 1958 1980 1980 1992 1958 2011 1959 1957 2036 2009 1984 2028 1959 2008 1907 1977 1985 1960 1960 1952 2037 1930 1953 1961 1985 1960 2012 1961 2038 1960 1963 2039 1913 1988 1963 1913 2039 2013 2014 1911 1987 1986 1986 1961 2040 2012 1911 1986 2014 2012 2014 2041 1987 1964 2042 1989 1988 1965 1913 1989 1988 2039 1989 1935 1965 2043 1935 2015 1965 2043 2044 1991 2016 1964 2016 1987 2044 1964 1958 1992 1990 1966 1991 1966 2017 2044 1966 1991 2016 2044 1935 2015 2017 1992 1994 2018 1939 1950 1940 2020 1939 2019 1940 2029 2019 1994 1994 1939 2018 2019 2045 1940 2020 1967 1940 2025 2021 1967 1940 2025 1971 2021 1950 2029 2018 1975 1921 1968 1999 1995 1995 2030 1976 1968 2029 1942 2004 1974 1996 2029 1942 2004 1996 1969 2022 1997 1942 2046 1996 2022 2023 1968 1999 1970 2047 2022 1943 1997 1998 2022 1943 2048 2049 1943 2023 1999 2023 1946 1943 2050 1943 2048 2024 1998 2050 2024 1946 1943 1998 2024 1946 2026 1894 1993 2000 2027 1993 2000 2051 1944 2025 1944 1993 2052 2025 1993 1971 2021 2026 1998 2001 1946 2001 2002 2026 1972 2026 1947 2002 2053 1878 1947 2008 1973 2051 2027 1973 2000 2051 1973 2002 2000 2028 2002 2054 1973 2028 2008 1947 1973 1947 2002 2055 2028 1975 2029 2056 2004 1951 2057 2005 2003 2057 1951 2005 2030 1976 2030 1995 2005 1952 1960 2037 1977 2037 1953 1977 1960 2031 1953 2058 2006 1977 2031 1953 2037 1978 2007 1979 2032 1929 2007 1978 2010 2033 2058 1953 2006 2032 2033 1979 2006 2028 1947 2008 1984 2059 2028 1957 1959 2010 1982 2035 1978 1981 1983 2034 2011 1957 2034 2036 2009 2034 2009 1981 2011 1958 2060 2010 2035 1957 2036 2059 1959 1984 1959 2028 2055 2037 1930 2038 1960 1953 1960 2038 1961 2038 2061 1961 2012 1988 2042 1963 2039 2013 1963 2042 2039 2040 1987 1986 2014 2040 1961 2061 2012 2014 1986 2040 2012 2041 2014 2044 1964 2040 1987 2014 2041 2044 1987 2041 1964 2042 1989 1965 2062 2042 1988 1989 2039 1965 2063 1989 2043 2015 1935 2017 2043 2043 1965 2063 2015 2016 1987 2064 2044 2064 1966 2016 2044 2015 2063 2017 1992 1950 2018 2029 1994 2020 2029 2019 1940 2019 2029 2018 1994 2020 2045 2065 1940 1940 2045 2025 1967 2025 1967 2066 2021 1975 2029 2018 2056 2023 1999 1968 1995 1995 2030 1968 2067 1996 2029 2046 1942 1996 2056 2029 2004 2022 2047 1996 1997 2046 2047 1996 2022 2047 1943 2022 2048 2049 1943 2068 2023 1999 2023 2049 1995 1943 2023 2050 2068 1943 2048 2069 2024 2070 1998 2024 2048 1943 2024 2068 2050 2050 1946 2024 2026 2070 1998 2026 2024 1993 2000 2027 2051 1944 2052 2051 1993 2025 1993 2066 2052 1993 2025 2066 2021 1998 2070 2026 2001 2026 2002 2001 2070 1947 2055 2002 2053 2002 2071 2026 2053 2051 2027 2072 1973 2051 2002 1973 2054 2002 2028 2054 2073 2028 1984 2055 1947 2073 2055 2002 2028 1995 2030 2057 2005 1977 1952 2031 2037 2038 1960 1953 2037 2031 2058 1953 2074 2031 2038 1953 2037 2007 2033 1979 2032 2007 1978 2075 2032 1978 2035 2010 2007 2033 1953 2058 2076 2006 2032 2033 2058 2059 1957 2028 2077 2028 1959 2059 2055 2009 2034 2036 2011 2034 2036 2059 1957 2007 2035 2010 2060 2038 2076 1953 1961 2038 1961 2061 2076 2042 2078 2013 2039 2040 2061 1961 2076 2040 2014 2012 2061 2044 2014 2041 2079 2040 2041 2014 2079 2041 2064 1987 2044 1989 2062 2063 1965 1989 2042 2080 2062 1989 2078 2042 2039 2063 2081 1989 2043 2063 2017 2043 2015 2020 1940 2082 2029 2082 2019 2020 2029 2018 2083 2029 2019 1940 2025 2045 2065 2065 2082 2020 1940 2065 2045 2020 2084 2025 1967 2045 2066 2018 2029 2083 2056 2023 2067 1995 1968 2030 1995 2085 2067 2029 2086 1996 2046 2056 1996 2029 2086 2047 2046 2087 2022 2086 2047 1996 2046 1943 2048 2047 2069 2047 2048 2022 2088 2023 2089 2068 2049 2067 1995 2049 2023 2089 2068 2050 2023 2024 2090 2048 2069 2070 2024 2088 2048 2024 2050 2089 2068 2024 2050 2026 2089 2091 2026 2024 2070 2051 2027 1993 2072 2051 2052 2072 1993 2066 2052 2092 2025 1993 2066 2052 2093 2002 2026 2071 2070 2073 2002 2055 2053 2002 2073 2071 2053 2026 2053 2071 2094 2051 1973 2072 2054 2051 2002 2054 2095 2028 2073 2096 2054 2073 2002 2095 2054 2097 2073 2028 2055 1995 2030 2085 2057 2031 2098 2058 2074 2031 2038 2074 1953 2074 2058 1953 2076 2007 2033 2032 2075 2075 1978 2035 2032 2007 1978 2035 2075 2076 2033 2040 2058 2099 2033 2032 2058 2034 2059 2077 1957 2028 2077 2097 2059 2028 2059 2097 2055 2036 2059 2097 2034 2060 2007 2035 2075 2038 1953 2076 2074 2076 2061 2038 2074 2040 2061 2076 2058 2079 2014 2040 2061 2044 2041 2064 2079 2041 2040 2100 2079 2062 2081 1989 2063 2078 1989 2042 2080 2042 2101 2080 2062 2080 2081 1989 2062 2017 2081 2063 2043 2065 2082 1940 2029 2082 2019 2083 2020 2082 2029 2083 2019 2025 2084 2045 2065 2020 2082 2065 2084 2020 2102 2084 2045 2102 2066 2025 2045 2082 2083 2029 2056 2067 2030 2103 2085 2049 1995 2067 2085 2087 2029 2046 2086 2029 2087 2056 2086 2022 2087 2047 2104 2047 2087 2046 2086 2090 2048 2069 2047 2022 2104 2047 2088 2090 2048 2047 2088 2049 2023 2089 2105 2106 2068 2089 2049 2049 2103 2067 2023 2090 2088 2024 2048 2070 2088 2024 2107 2106 2024 2089 2068 2089 2026 2024 2108 2070 2091 2107 2024 2091 2026 2108 2024 2094 2070 2026 2091 2051 2092 2072 2052 2072 2052 2093 1993 2092 2025 2109 2066 2066 2052 2093 2092 2094 2070 2071 2026 2094 2053 2073 2055 2094 2071 2073 2053 2096 2054 2051 2072 2051 2054 2096 2095 2096 2073 2028 2110 2095 2096 2073 2054 2073 2055 2097 2111 2028 2073 2097 2112 2030 2113 2085 2057 2061 2098 2074 2058 2061 2076 2058 2074 2032 2075 2033 2099 2035 2075 2032 2099 2040 2033 2114 2058 2099 2115 2033 2058 2034 2097 2077 2059 2028 2097 2077 2112 2035 2060 2075 2099 2116 2038 2061 2074 2114 2061 2040 2058 2079 2040 2100 2061 2100 2064 2041 2079 2101 2081 2062 2063 2042 2101 2078 2080 2101 2081 2080 2062 2082 2087 2029 2065 2082 2020 2083 2084 2084 2025 2087 2065 2102 2025 2084 2045 2087 2084 2065 2082 2066 2102 2025 2109 2082 2029 2087 2056 2030 2113 2103 2085 2067 2103 2049 2085 2117 2056 2087 2086 2117 2047 2087 2104 2117 2087 2047 2086 2104 2090 2047 2088 2049 2103 2023 2105 2105 2049 2106 2089 2090 2024 2088 2107 2070 2088 2107 2118 2024 2106 2089 2119 2024 2089 2108 2119 2070 2091 2120 2107 2024 2091 2119 2108 2026 2091 2108 2094 2094 2070 2091 2120 2092 2051 2072 2121 2092 2072 2052 2093 2092 2109 2025 2122 2092 2066 2109 2123 2092 2066 2123 2093 2070 2094 2071 2120 2073 2111 2094 2055 2094 2073 2071 2120 2121 2096 2051 2072 2095 2096 2051 2124 2112 2073 2110 2028 2073 2096 2125 2110 2073 2124 2096 2095 2097 2126 2073 2111 2073 2126 2097 2112 2061 2098 2116 2074 2098 2061 2127 2058 2075 2115 2033 2099 2114 2033 2115 2058 2058 2099 2115 2128 2034 2077 2097 2112 2060 2115 2075 2099 2061 2040 2100 2114 2114 2061 2058 2127 2100 2079 2061 2129 2101 2130 2078 2080 2130 2101 2081 2080 2084 2131 2083 2082 2084 2087 2025 2122 2102 2025 2109 2084 2082 2131 2087 2084 2082 2056 2087 2117 2103 2049 2085 2113 2087 2132 2117 2104 2047 2117 2133 2104 2090 2104 2132 2088 2133 2090 2047 2104 2103 2049 2134 2105 2106 2135 2105 2089 2106 2049 2105 2134 2107 2136 2088 2090 2070 2120 2118 2107 2107 2088 2136 2118 2137 2119 2089 2106 2119 2089 2108 2137 2136 2120 2091 2107 2108 2137 2091 2119 2094 2137 2091 2108 2138 2091 2120 2094 2092 2072 2123 2121 2072 2092 2123 2093 2092 2139 2109 2122 2109 2084 2025 2122 2140 2092 2109 2123 2094 2073 2141 2111 2141 2073 2094 2120 2142 2121 2072 2096 2121 2051 2096 2124 2073 2112 2110 2126 2124 2073 2096 2125 2126 2073 2125 2110 2125 2096 2143 2110 2111 2097 2126 2138 2073 2126 2141 2111 2061 2098 2127 2116 2127 2058 2128 2098 2058 2115 2114 2128 2100 2061 2114 2129 2144 2114 2058 2127 2061 2114 2144 2127 2084 2139 2087 2122 2109 2131 2102 2084 2082 2087 2131 2117 2139 2087 2131 2084 2049 2103 2134 2113 2132 2139 2087 2117 2132 2117 2104 2133 2088 2132 2090 2145 2090 2132 2104 2133 2134 2135 2103 2105 2106 2135 2089 2146 2105 2135 2106 2134 2147 2088 2136 2090 2120 2136 2118 2107 2147 2136 2088 2118 2137 2089 2146 2106 2119 2137 2148 2106 2136 2091 2120 2149 2148 2091 2137 2119 2094 2137 2150 2091 2091 2094 2138 2150 2120 2091 2138 2149 2094 2138 2141 2120 2151 2092 2123 2121 2123 2142 2121 2072 2139 2092 2132 2122 2092 2139 2152 2109 2139 2084 2109 2122 2140 2153 2092 2123 2152 2140 2092 2109 2141 2138 2094 2111 2121 2142 2124 2096 2112 2126 2143 2110 2096 2143 2124 2125 2125 2143 2126 2110 2126 2138 2141 2111 2129 2061 2127 2116 2098 2154 2128 2127 2127 2128 2058 2144 2155 2114 2115 2128 2144 2114 2128 2058 2155 2100 2114 2129 2114 2144 2129 2061 2129 2127 2061 2144 2132 2087 2139 2122 2109 2131 2152 2102 2109 2131 2084 2139 2139 2131 2087 2117 2103 2156 2134 2113 2139 2117 2132 2157 2157 2117 2132 2133 2088 2145 2090 2147 2157 2090 2132 2145 2157 2132 2090 2133 2103 2156 2135 2134 2135 2106 2158 2146 2135 2106 2134 2156 2147 2159 2090 2136 2120 2147 2118 2136 2146 2148 2137 2106 2160 2136 2120 2149 2148 2091 2161 2137 2137 2091 2161 2150 2162 2091 2138 2150 2091 2162 2138 2149 2163 2120 2138 2149 2163 2120 2141 2138 2151 2092 2153 2123 2142 2151 2123 2121 2139 2092 2164 2132 2139 2164 2092 2152 2131 2109 2152 2139 2140 2092 2153 2165 2102 2140 2152 2109 2092 2164 2140 2152 2151 2124 2121 2142 2142 2166 2124 2096 2143 2167 2124 2125 2143 2124 2166 2096 2167 2126 2125 2143 2141 2138 2126 2163 2116 2168 2127 2129 2144 2128 2154 2127 2115 2100 2114 2155 2144 2128 2114 2155 2129 2144 2114 2155 2127 2168 2144 2129 2139 2132 2164 2157 2147 2090 2159 2145 2157 2132 2169 2145 2159 2090 2157 2145 2106 2135 2158 2156 2158 2170 2135 2146 2146 2158 2148 2106 2136 2159 2171 2147 2120 2147 2136 2160 2137 2170 2148 2146 2120 2163 2160 2149 2172 2136 2160 2149 2161 2137 2173 2148 2091 2162 2161 2150 2150 2161 2137 2173 2150 2138 2162 2173 2138 2162 2163 2149 2151 2153 2092 2174 2123 2153 2151 2142 2174 2164 2092 2132 2139 2131 2164 2152 2140 2175 2165 2153 2092 2164 2165 2140 2165 2092 2153 2174 2151 2124 2142 2166 2166 2142 2143 2096 2167 2124 2166 2143 2144 2154 2168 2127 2164 2132 2176 2157 2169 2147 2159 2145 2169 2176 2132 2157 2159 2157 2169 2145 2135 2156 2177 2158 2135 2177 2170 2158 2146 2170 2148 2158 2172 2136 2159 2171 2147 2169 2159 2171 2172 2136 2171 2147 2172 2136 2147 2160 2137 2170 2178 2148 2163 2172 2160 2149 2178 2173 2137 2148 2179 2161 2173 2148 2161 2150 2162 2173 2172 2163 2162 2149 2153 2151 2169 2174 2180 2151 2153 2142 2164 2176 2132 2174 2174 2092 2164 2165 2181 2153 2165 2175 2174 2153 2165 2176 2142 2180 2151 2166 2166 2142 2180 2143 2167 2166 2180 2143 2169 2132 2176 2174 2169 2176 2157 2159 2177 2148 2170 2158 2182 2172 2159 2171 2159 2169 2182 2171 2183 2172 2171 2147 2147 2183 2172 2160 2170 2148 2184 2178 2163 2183 2160 2172 2173 2178 2179 2148 2173 2162 2161 2179 2153 2169 2151 2185 2174 2169 2153 2176 2186 2151 2153 2180 2174 2165 2164 2176 2181 2153 2175 2187 2153 2181 2165 2176 2180 2186 2151 2166 2186 2167 2166 2180 2176 2169 2182 2159 2177 2148 2184 2170 2182 2172 2171 2183 2182 2169 2188 2171 2178 2170 2189 2184 2178 2184 2179 2148 2189 2173 2178 2179 2153 2151 2186 2185 2185 2153 2169 2176 2153 2190 2186 2180 2181 2164 2165 2176 2187 2190 2153 2175 2181 2153 2187 2176 2169 2188 2176 2182 2170 2191 2184 2177 2183 2188 2171 2182 2191 2170 2184 2189 2189 2178 2184 2179 2153 2186 2190 2185 2185 2169 2188 2176 2185 2187 2153 2176 2187 2175 2192 2190 2153 2190 2187 2193 2181 2187 2193 2176 2188 2194 2176 2182 2184 2191 2189 2179 2195 2190 2186 2185 2185 2193 2190 2153 2188 2194 2185 2176 2185 2193 2187 2176 2153 2193 2187 2185 2193 2187 2192 2190 2193 2194 2181 2176 2193 2181 2196 2187 2186 2188 2195 2185 2185 2190 2193 2195 2188 2194 2195 2185 2194 2193 2185 2176 2187 2192 2196 2193 2193 2196 2181 2194 2185 2193 2194 2195 </DataArray>
        <DataArray type="Int32" Name="offsets" format="ascii">4 8 12 16 20 24 28 32 36 40 44 48 52 56 60 64 68 72 76 80 84 88 92 96 100 104 108 112 116 120 124 128 132 136 140 144 148 152 156 160 164 168 172 176 180 184 188 192 196 200 204 208 212 216 220 224 228 232 236 240 244 248 252 256 260 264 268 272 276 280 284 288 292 296 300 304 308 312 316 320 324 328 332 336 340 344 348 352 356 360 364 368 372 376 380 384 388 392 396 400 404 408 412 416 420 424 428 432 436 440 444 448 452 456 460 464 468 472 476 480 484 488 492 496 500 504 508 512 516 520 524 528 532 536 540 544 548 552 556 560 564 568 572 576 580 584 588 592 596 600 604 608 612 616 620 624 628 632 636 640 644 648 652 656 660 664 668 672 676 680 684 688 692 696 700 704 708 712 716 720 724 728 732 736 740 744 748 752 756 760 764 768 772 776 780 784 788 792 796 800 804 808 812 816 820 824 828 832 836 840 844 848 852 856 860 864 868 872 876 880 884 888 892 896 900 904 908 912 916 920 924 928 932 936 940 944 948 952 956 960 964 968 972 976 980 984 988 992 996 1000 1004 1008 1012 1016 1020 1024 1028 1032 1036 1040 1044 1048 1052 1056 1060 1064 1068 1072 1076 1080 1084 1088 1092 1096 1100 1104 1108 1112 1116 1120 1124 1128 1132 1136 1140 1144 1148 1152 1156 1160 1164 1168 1172 1176 1180 1184 1188 1192 1196 1200 1204 1208 1212 1216 1220 1224 1228 1232 1236 1240 1244 1248 1252 1256 1260 1264 1268 1272 1276 1280 1284 1288 1292 1296 1300 1304 1308 1312 1316 1320 1324 1328 1332 1336 1340 1344 1348 1352 1356 1360 1364 1368 1372 1376 1380 1384 1388 1392 1396 1400 1404 1408 1412 1416 1420 1424 1428 1432 1436 1440 1444 1448 1452 1456 1460 1464 1468 1472 1476 1480 1484 1488 1492 1496 1500 1504 1508 1512 1516 1520 1524 1528 1532 1536 1540 1544 1548 1552 1556 1560 1564 1568 1572 1576 1580 1584 1588 1592 1596 1600 1604 1608 1612 1616 1620 1624 1628 1632 1636 1640 1644 1648 1652 1656 1660 1664 1668 1672 1676 1680 1684 1688 1692 1696 1700 1704 1708 1712 1716 1720 1724 1728 1732 1736 1740 1744 1748 1752 1756 1760 1764 1768 1772 1776 1780 1784 1788 1792 1796 1800 1804 1808 1812 1816 1820 1824 1828 1832 1836 1840 1844 1848 1852 1856 1860 1864 1868 1872 1876 1880 1884 1888 1892 1896 1900 1904 1908 1912 1916 1920 1924 1928 1932 1936 1940 1944 1948 1952 1956 1960 1964 1968 1972 1976 1980 1984 1988 1992 1996 2000 2004 2008 2012 2016 2020 2024 2028 2032 2036 2040 2044 2048 2052 2056 2060 2064 2068 2072 2076 2080 2084 2088 2092 2096 2100 2104 2108 2112 2116 2120 2124 2128 2132 2136 2140 2144 2148 2152 2156 2160 2164 2168 2172 2176 2180 2184 2188 2192 2196 2200 2204 2208 2212 2216 2220 2224 2228 2232 2236 2240 2244 2248 2252 2256 2260 2264 2268 2272 2276 2280 2284 2288 2292 2296 2300 2304 2308 2312 2316 2320 2324 2328 2332 2336 2340 2344 2348 2352 2356 2360 2364 2368 2372 2376 2380 2384 2388 2392 2396 2400 2404 2408 2412 2416 2420 2424 2428 2432 2436 2440 2444 2448 2452 2456 2460 2464 2468 2472 2476 2480 2484 2488 2492 2496 2500 2504 2508 2512 2516 2520 2524 2528 2532 2536 2540 2544 2548 2552 2556 2560 2564 2568 2572 2576 2580 2584 2588 2592 2596 2600 2604 2608 2612 2616 2620 2624 2628 2632 2636 2640 2644 2648 2652 2656 2660 2664 2668 2672 2676 2680 2684 2688 2692 2696 2700 2704 2708 2712 2716 2720 2724 2728 2732 2736 2740 2744 2748 2752 2756 2760 2764 2768 2772 2776 2780 2784 2788 2792 2796 2800 2804 2808 2812 2816 2820 2824 2828 2832 2836 2840 2844 2848 2852 2856 2860 2864 2868 2872 2876 2880 2884 2888 2892 2896 2900 2904 2908 2912 2916 2920 2924 2928 2932 2936 2940 2944 2948 2952 2956 2960 2964 2968 2972 2976 2980 2984 2988 2992 2996 3000 3004 3008 3012 3016 3020 3024 3028 3032 3036 3040 3044 3048 3052 3056 3060 3064 3068 3072 3076 3080 3084 3088 3092 3096 3100 3104 3108 3112 3116 3120 3124 3128 3132 3136 3140 3144 3148 3152 3156 3160 3164 3168 3172 3176 3180 3184 3188 3192 3196 3200 3204 3208 3212 3216 3220 3224 3228 3232 3236 3240 3244 3248 3252 3256 3260 3264 3268 3272 3276 3280 3284 3288 3292 3296 3300 3304 3308 3312 3316 3320 3324 3328 3332 3336 3340 3344 3348 3352 3356 3360 3364 3368 3372 3376 3380 3384 3388 3392 3396 3400 3404 3408 3412 3416 3420 3424 3428 3432 3436 3440 3444 3448 3452 3456 3460 3464 3468 3472 3476 3480 3484 3488 3492 3496 3500 3504 3508 3512 3516 3520 3524 3528 3532 3536 3540 3544 3548 3552 3556 3560 3564 3568 3572 3576 3580 3584 3588 3592 3596 3600 3604 3608 3612 3616 3620 3624 3628 3632 3636 3640 3644 3648 3652 3656 3660 3664 3668 3672 3676 3680 3684 3688 3692 3696 3700 3704 3708 3712 3716 3720 3724 3728 3732 3736 3740 3744 3748 3752 3756 3760 3764 3768 3772 3776 3780 3784 3788 3792 3796 3800 3804 3808 3812 3816 3820 3824 3828 3832 3836 3840 3844 3848 3852 3856 3860 3864 3868 3872 3876 3880 3884 3888 3892 3896 3900 3904 3908 3912 3916 3920 3924 3928 3932 3936 3940 3944 3948 3952 3956 3960 3964 3968 3972 3976 3980 3984 3988 3992 3996 4000 4004 4008 4012 4016 4020 4024 4028 4032 4036 4040 4044 4048 4052 4056 4060 4064 4068 4072 4076 4080 4084 4088 4092 4096 4100 4104 4108 4112 4116 4120 4124 4128 4132 4136 4140 4144 4148 4152 4156 4160 4164 4168 4172 4176 4180 4184 4188 4192 4196 4200 4204 4208 4212 4216 4220 4224 4228 4232 4236 4240 4244 4248 4252 4256 4260 4264 4268 4272 4276 4280 4284 4288 4292 4296 4300 4304 4308 4312 4316 4320 4324 4328 4332 4336 4340 4344 4348 4352 4356 4360 4364 4368 4372 4376 4380 4384 4388 4392 4396 4400 4404 4408 4412 4416 4420 4424 4428 4432 4436 4440 4444 4448 4452 4456 4460 4464 4468 4472 4476 4480 4484 4488 4492 4496 4500 4504 4508 4512 4516 4520 4524 4528 4532 4536 4540 4544 4548 4552 4556 4560 4564 4568 4572 4576 4580 4584 4588 4592 4596 4600 4604 4608 4612 4616 4620 4624 4628 4632 4636 4640 4644 4648 4652 4656 4660 4664 4668 4672 4676 4680 4684 4688 4692 4696 4700 4704 4708 4712 4716 4720 4724 4728 4732 4736 4740 4744 4748 4752 4756 4760 4764 4768 4772 4776 4780 4784 4788 4792 4796 4800 4804 4808 4812 4816 4820 4824 4828 4832 4836 4840 4844 4848 4852 4856 4860 4864 4868 4872 4876 4880 4884 4888 4892 4896 4900 4904 4908 4912 4916 4920 4924 4928 4932 4936 4940 4944 4948 4952 4956 4960 4964 4968 4972 4976 4980 4984 4988 4992 4996 5000 5004 5008 5012 5016 5020 5024 5028 5032 5036 5040 5044 5048 5052 5056 5060 5064 5068 5072 5076 5080 5084 5088 5092 5096 5100 5104 5108 5112 5116 5120 5124 5128 5132 5136 5140 5144 5148 5152 5156 5160 5164 5168 5172 5176 5180 5184 5188 5192 5196 5200 5204 5208 5212 5216 5220 5224 5228 5232 5236 5240 5244 5248 5252 5256 5260 5264 5268 5272 5276 5280 5284 5288 5292 5296 5300 5304 5308 5312 5316 5320 5324 5328 5332 5336 5340 5344 5348 5352 5356 5360 5364 5368 5372 5376 5380 5384 5388 5392 5396 5400 5404 5408 5412 5416 5420 5424 5428 5432 5436 5440 5444 5448 5452 5456 5460 5464 5468 5472 5476 5480 5484 5488 5492 5496 5500 5504 5508 5512 5516 5520 5524 5528 5532 5536 5540 5544 5548 5552 5556 5560 5564 5568 5572 5576 5580 5584 5588 5592 5596 5600 5604 5608 5612 5616 5620 5624 5628 5632 5636 5640 5644 5648 5652 5656 5660 5664 5668 5672 5676 5680 5684 5688 5692 5696 5700 5704 5708 5712 5716 5720 5724 5728 5732 5736 5740 5744 5748 5752 5756 5760 5764 5768 5772 5776 5780 5784 5788 5792 5796 5800 5804 5808 5812 5816 5820 5824 5828 5832 5836 5840 5844 5848 5852 5856 5860 5864 5868 5872 5876 5880 5884 5888 5892 5896 5900 5904 5908 5912 5916 5920 5924 5928 5932 5936 5940 5944 5948 5952 5956 5960 5964 5968 5972 5976 5980 5984 5988 5992 5996 6000 6004 6008 6012 6016 6020 6024 6028 6032 6036 6040 6044 6048 6052 6056 6060 6064 6068 6072 6076 6080 6084 6088 6092 6096 6100 6104 6108 6112 6116 6120 6124 6128 6132 6136 6140 6144 6148 6152 6156 6160 6164 6168 6172 6176 6180 6184 6188 6192 6196 6200 6204 6208 6212 6216 6220 6224 6228 6232 6236 6240 6244 6248 6252 6256 6260 6264 6268 6272 6276 6280 6284 6288 6292 6296 6300 6304 6308 6312 6316 6320 6324 6328 6332 6336 6340 6344 6348 6352 6356 6360 6364 6368 6372 6376 6380 6384 6388 6392 6396 6400 6404 6408 6412 6416 6420 6424 6428 6432 6436 6440 6444 6448 6452 6456 6460 6464 6468 6472 6476 6480 6484 6488 6492 6496 6500 6504 6508 6512 6516 6520 6524 6528 6532 6536 6540 6544 6548 6552 6556 6560 6564 6568 6572 6576 6580 6584 6588 6592 6596 6600 6604 6608 6612 6616 6620 6624 6628 6632 6636 6640 6644 6648 6652 6656 6660 6664 6668 6672 6676 6680 6684 6688 6692 6696 6700 6704 6708 6712 6716 6720 6724 6728 6732 6736 6740 6744 6748 6752 6756 6760 6764 6768 6772 6776 6780 6784 6788 6792 6796 6800 6804 6808 6812 6816 6820 6824 6828 6832 6836 6840 6844 6848 6852 6856 6860 6864 6868 6872 6876 6880 6884 6888 6892 6896 6900 6904 6908 6912 6916 6920 6924 6928 6932 6936 6940 6944 6948 6952 6956 6960 6964 6968 6972 6976 6980 6984 6988 6992 6996 7000 7004 7008 7012 7016 7020 7024 7028 7032 7036 7040 7044 7048 7052 7056 7060 7064 7068 7072 7076 7080 7084 7088 7092 7096 7100 7104 7108 7112 7116 7120 7124 7128 7132 7136 7140 7144 7148 7152 7156 7160 7164 7168 7172 7176 7180 7184 7188 7192 7196 7200 7204 7208 7212 7216 7220 7224 7228 7232 7236 7240 7244 7248 7252 7256 7260 7264 7268 7272 7276 7280 7284 7288 7292 7296 7300 7304 7308 7312 7316 7320 7324 7328 7332 7336 7340 7344 7348 7352 7356 7360 7364 7368 7372 7376 7380 7384 7388 7392 7396 7400 7404 7408 7412 7416 7420 7424 7428 7432 7436 7440 7444 7448 7452 7456 7460 7464 7468 7472 7476 7480 7484 7488 7492 7496 7500 7504 7508 7512 7516 7520 7524 7528 7532 7536 7540 7544 7548 7552 7556 7560 7564 7568 7572 7576 7580 7584 7588 7592 7596 7600 7604 7608 7612 7616 7620 7624 7628 7632 7636 7640 7644 7648 7652 7656 7660 7664 7668 7672 7676 7680 7684 7688 7692 7696 7700 7704 7708 7712 7716 7720 7724 7728 7732 7736 7740 7744 7748 7752 7756 7760 7764 7768 7772 7776 7780 7784 7788 7792 7796 7800 7804 7808 7812 7816 7820 7824 7828 7832 7836 7840 7844 7848 7852 7856 7860 7864 7868 7872 7876 7880 7884 7888 7892 7896 7900 7904 7908 7912 7916 7920 7924 7928 7932 7936 7940 7944 7948 7952 7956 7960 7964 7968 7972 7976 7980 7984 7988 7992 7996 8000 8004 8008 8012 8016 8020 8024 8028 8032 8036 8040 8044 8048 8052 8056 8060 8064 8068 8072 8076 8080 8084 8088 8092 8096 8100 8104 8108 8112 8116 8120 8124 8128 8132 8136 8140 8144 8148 8152 8156 8160 8164 8168 8172 8176 8180 8184 8188 8192 8196 8200 8204 8208 8212 8216 8220 8224 8228 8232 8236 8240 8244 8248 8252 8256 8260 8264 8268 8272 8276 8280 8284 8288 8292 8296 8300 8304 8308 8312 8316 8320 8324 8328 8332 8336 8340 8344 8348 8352 8356 8360 8364 8368 8372 8376 8380 8384 8388 8392 8396 8400 8404 8408 8412 8416 8420 8424 8428 8432 8436 8440 8444 8448 8452 8456 8460 8464 8468 8472 8476 8480 8484 8488 8492 8496 8500 8504 8508 8512 8516 8520 8524 8528 8532 8536 8540 8544 8548 8552 8556 8560 8564 8568 8572 8576 8580 8584 8588 8592 8596 8600 8604 8608 8612 8616 8620 8624 8628 8632 8636 8640 8644 8648 8652 8656 8660 8664 8668 8672 8676 8680 8684 8688 8692 8696 8700 8704 8708 8712 8716 8720 8724 8728 8732 8736 8740 8744 8748 8752 8756 8760 8764 8768 8772 8776 8780 8784 8788 8792 8796 8800 8804 8808 8812 8816 8820 8824 8828 8832 8836 8840 8844 8848 8852 8856 8860 8864 8868 8872 8876 8880 8884 8888 8892 8896 8900 8904 8908 8912 8916 8920 8924 8928 8932 8936 8940 8944 8948 8952 8956 8960 8964 8968 8972 8976 8980 8984 8988 8992 8996 9000 9004 9008 9012 9016 9020 9024 9028 9032 9036 9040 9044 9048 9052 9056 9060 9064 9068 9072 9076 9080 9084 9088 9092 9096 9100 9104 9108 9112 9116 9120 9124 9128 9132 9136 9140 9144 9148 9152 9156 9160 9164 9168 9172 9176 9180 9184 9188 9192 9196 9200 9204 9208 9212 9216 9220 9224 9228 9232 9236 9240 9244 9248 9252 9256 9260 9264 9268 9272 9276 9280 9284 9288 9292 9296 9300 9304 9308 9312 9316 9320 9324 9328 9332 9336 9340 9344 9348 9352 9356 9360 9364 9368 9372 9376 9380 9384 9388 9392 9396 9400 9404 9408 9412 9416 9420 9424 9428 9432 9436 9440 9444 9448 9452 9456 9460 9464 9468 9472 9476 9480 9484 9488 9492 9496 9500 9504 9508 9512 9516 9520 9524 9528 9532 9536 9540 9544 9548 9552 9556 9560 9564 9568 9572 9576 9580 9584 9588 9592 9596 9600 9604 9608 9612 9616 9620 9624 9628 9632 9636 9640 9644 9648 9652 9656 9660 9664 9668 9672 9676 9680 9684 9688 9692 9696 9700 9704 9708 9712 9716 9720 9724 9728 9732 9736 9740 9744 9748 9752 9756 9760 9764 9768 9772 9776 9780 9784 9788 9792 9796 9800 9804 9808 9812 9816 9820 9824 9828 9832 9836 9840 9844 9848 9852 9856 9860 9864 9868 9872 9876 9880 9884 9888 9892 9896 9900 9904 9908 9912 9916 9920 9924 9928 9932 9936 9940 9944 9948 9952 9956 9960 9964 9968 9972 9976 9980 9984 9988 9992 9996 10000 10004 10008 10012 10016 10020 10024 10028 10032 10036 10040 10044 10048 10052 10056 10060 10064 10068 10072 10076 10080 10084 10088 10092 10096 10100 10104 10108 10112 10116 10120 10124 10128 10132 10136 10140 10144 10148 10152 10156 10160 10164 10168 10172 10176 10180 10184 10188 10192 10196 10200 10204 10208 10212 10216 10220 10224 10228 10232 10236 10240 10244 10248 10252 10256 10260 10264 10268 10272 10276 10280 10284 10288 10292 10296 10300 10304 10308 10312 10316 10320 10324 10328 10332 10336 10340 10344 10348 10352 10356 10360 10364 10368 10372 10376 10380 10384 10388 10392 10396 10400 10404 10408 10412 10416 10420 10424 10428 10432 10436 10440 10444 10448 10452 10456 10460 10464 10468 10472 10476 10480 10484 10488 10492 10496 10500 10504 10508 10512 10516 10520 10524 10528 10532 10536 10540 10544 10548 10552 10556 10560 10564 10568 10572 10576 10580 10584 10588 10592 10596 10600 10604 10608 10612 10616 10620 10624 10628 10632 10636 10640 10644 10648 10652 10656 10660 10664 10668 10672 10676 10680 10684 10688 10692 10696 10700 10704 10708 10712 10716 10720 10724 10728 10732 10736 10740 10744 10748 10752 10756 10760 10764 10768 10772 10776 10780 10784 10788 10792 10796 10800 10804 10808 10812 10816 10820 10824 10828 10832 10836 10840 10844 10848 10852 10856 10860 10864 10868 10872 10876 10880 10884 10888 10892 10896 10900 10904 10908 10912 10916 10920 10924 10928 10932 10936 10940 10944 10948 10952 10956 10960 10964 10968 10972 10976 10980 10984 10988 10992 10996 11000 11004 11008 11012 11016 11020 11024 11028 11032 11036 11040 11044 11048 11052 11056 11060 11064 11068 11072 11076 11080 11084 11088 11092 11096 11100 11104 11108 11112 11116 11120 11124 11128 11132 11136 11140 11144 11148 11152 11156 11160 11164 11168 11172 11176 11180 11184 11188 11192 11196 11200 11204 11208 11212 11216 11220 11224 11228 11232 11236 11240 11244 11248 11252 11256 11260 11264 11268 11272 11276 11280 11284 11288 11292 11296 11300 11304 11308 11312 11316 11320 11324 11328 11332 11336 11340 11344 11348 11352 11356 11360 11364 11368 11372 11376 11380 11384 11388 11392 11396 11400 11404 11408 11412 11416 11420 11424 11428 11432 11436 11440 11444 11448 11452 11456 11460 11464 11468 11472 11476 11480 11484 11488 11492 11496 11500 11504 11508 11512 11516 11520 11524 11528 11532 11536 11540 11544 11548 11552 11556 11560 11564 11568 11572 11576 11580 11584 11588 11592 11596 11600 11604 11608 11612 11616 11620 11624 11628 11632 11636 11640 11644 11648 11652 11656 11660 11664 11668 11672 11676 11680 11684 11688 11692 11696 11700 11704 11708 11712 11716 11720 11724 11728 11732 11736 11740 11744 11748 11752 11756 11760 11764 11768 11772 11776 11780 11784 11788 11792 11796 11800 11804 11808 11812 11816 11820 11824 11828 11832 11836 11840 11844 11848 11852 11856 11860 11864 11868 11872 11876 11880 11884 11888 11892 11896 11900 11904 11908 11912 11916 11920 11924 11928 11932 11936 11940 11944 11948 11952 11956 11960 11964 11968 11972 11976 11980 11984 11988 11992 11996 12000 12004 12008 12012 12016 12020 12024 12028 12032 12036 12040 12044 12048 12052 12056 12060 12064 12068 12072 12076 12080 12084 12088 12092 12096 12100 12104 12108 12112 12116 12120 12124 12128 12132 12136 12140 12144 12148 12152 12156 12160 12164 12168 12172 12176 12180 12184 12188 12192 12196 12200 12204 12208 12212 12216 12220 12224 12228 12232 12236 12240 12244 12248 12252 12256 12260 12264 12268 12272 12276 12280 12284 12288 12292 12296 12300 12304 12308 12312 12316 12320 12324 12328 12332 12336 12340 12344 12348 12352 12356 12360 12364 12368 12372 12376 12380 12384 12388 12392 12396 12400 12404 12408 12412 12416 12420 12424 12428 12432 12436 12440 12444 12448 12452 12456 12460 12464 12468 12472 12476 12480 12484 12488 12492 12496 12500 12504 12508 12512 12516 12520 12524 12528 12532 12536 12540 12544 12548 12552 12556 12560 12564 12568 12572 12576 12580 12584 12588 12592 12596 12600 12604 12608 12612 12616 12620 12624 12628 12632 12636 12640 12644 12648 12652 12656 12660 12664 12668 12672 12676 12680 12684 12688 12692 12696 12700 12704 12708 12712 12716 12720 12724 12728 12732 12736 12740 12744 12748 12752 12756 12760 12764 12768 12772 12776 12780 12784 12788 12792 12796 12800 12804 12808 12812 12816 12820 12824 12828 12832 12836 12840 12844 12848 12852 12856 12860 12864 12868 12872 12876 12880 12884 12888 12892 12896 12900 12904 12908 12912 12916 12920 12924 12928 12932 12936 12940 12944 12948 12952 12956 12960 12964 12968 12972 12976 12980 12984 12988 12992 12996 13000 13004 13008 13012 13016 13020 13024 13028 13032 13036 13040 13044 13048 13052 13056 13060 13064 13068 13072 13076 13080 13084 13088 13092 13096 13100 13104 13108 13112 13116 13120 13124 13128 13132 13136 13140 13144 13148 13152 13156 13160 13164 13168 13172 13176 13180 13184 13188 13192 13196 13200 13204 13208 13212 13216 13220 13224 13228 13232 13236 13240 13244 13248 13252 13256 13260 13264 13268 13272 13276 13280 13284 13288 13292 13296 13300 13304 13308 13312 13316 13320 13324 13328 13332 13336 13340 13344 13348 13352 13356 13360 13364 13368 13372 13376 13380 13384 13388 13392 13396 13400 13404 13408 13412 13416 13420 13424 13428 13432 13436 13440 13444 13448 13452 13456 13460 13464 13468 13472 13476 13480 13484 13488 13492 13496 13500 13504 13508 13512 13516 13520 13524 13528 13532 13536 13540 13544 13548 13552 13556 13560 13564 13568 13572 13576 13580 13584 13588 13592 13596 13600 13604 13608 13612 13616 13620 13624 13628 13632 13636 13640 13644 13648 13652 13656 13660 13664 13668 13672 13676 13680 13684 13688 13692 13696 13700 13704 13708 13712 13716 13720 13724 13728 13732 13736 13740 13744 13748 13752 13756 13760 13764 13768 13772 13776 13780 13784 13788 13792 13796 13800 13804 13808 13812 13816 13820 13824 13828 13832 13836 13840 13844 13848 13852 13856 13860 13864 13868 13872 13876 13880 13884 13888 13892 13896 13900 13904 13908 13912 13916 13920 13924 13928 13932 13936 13940 13944 13948 13952 13956 13960 13964 13968 13972 13976 13980 13984 13988 13992 13996 14000 14004 14008 14012 14016 14020 14024 14028 14032 14036 14040 14044 14048 14052 14056 14060 14064 14068 14072 14076 14080 14084 14088 14092 14096 14100 14104 14108 14112 14116 14120 14124 14128 14132 14136 14140 14144 14148 14152 14156 14160 14164 14168 14172 14176 14180 14184 14188 14192 14196 14200 14204 14208 14212 14216 14220 14224 14228 14232 14236 14240 14244 14248 14252 14256 14260 14264 14268 14272 14276 14280 14284 14288 14292 14296 14300 14304 14308 14312 14316 14320 14324 14328 14332 14336 14340 14344 14348 14352 14356 14360 14364 14368 14372 14376 14380 14384 14388 14392 14396 14400 14404 14408 14412 14416 14420 14424 14428 14432 14436 14440 14444 14448 14452 14456 14460 14464 14468 14472 14476 14480 14484 14488 14492 14496 14500 14504 14508 14512 14516 14520 14524 14528 14532 14536 14540 14544 14548 14552 14556 14560 14564 14568 14572 14576 14580 14584 14588 14592 14596 14600 14604 14608 14612 14616 14620 14624 14628 14632 14636 14640 14644 14648 14652 14656 14660 14664 14668 14672 14676 14680 14684 14688 14692 14696 14700 14704 14708 14712 14716 14720 14724 14728 14732 14736 14740 14744 14748 14752 14756 14760 14764 14768 14772 14776 14780 14784 14788 14792 14796 14800 14804 14808 14812 14816 14820 14824 14828 14832 14836 14840 14844 14848 14852 14856 14860 14864 14868 14872 14876 14880 14884 14888 14892 14896 14900 14904 14908 14912 14916 14920 14924 14928 14932 14936 14940 14944 14948 14952 14956 14960 14964 14968 14972 14976 14980 14984 14988 14992 14996 15000 15004 15008 15012 15016 15020 15024 15028 15032 15036 15040 15044 15048 15052 15056 15060 15064 15068 15072 15076 15080 15084 15088 15092 15096 15100 15104 15108 15112 15116 15120 15124 15128 15132 15136 15140 15144 15148 15152 15156 15160 15164 15168 15172 15176 15180 15184 15188 15192 15196 15200 15204 15208 15212 15216 15220 15224 15228 15232 15236 15240 15244 15248 15252 15256 15260 15264 15268 15272 15276 15280 15284 15288 15292 15296 15300 15304 15308 15312 15316 15320 15324 15328 15332 15336 15340 15344 15348 15352 15356 15360 15364 15368 15372 15376 15380 15384 15388 15392 15396 15400 15404 15408 15412 15416 15420 15424 15428 15432 15436 15440 15444 15448 15452 15456 15460 15464 15468 15472 15476 15480 15484 15488 15492 15496 15500 15504 15508 15512 15516 15520 15524 15528 15532 15536 15540 15544 15548 15552 15556 15560 15564 15568 15572 15576 15580 15584 15588 15592 15596 15600 15604 15608 15612 15616 15620 15624 15628 15632 15636 15640 15644 15648 15652 15656 15660 15664 15668 15672 15676 15680 15684 15688 15692 15696 15700 15704 15708 15712 15716 15720 15724 15728 15732 15736 15740 15744 15748 15752 15756 15760 15764 15768 15772 15776 15780 15784 15788 15792 15796 15800 15804 15808 15812 15816 15820 15824 15828 15832 15836 15840 15844 15848 15852 15856 15860 15864 15868 15872 15876 15880 15884 15888 15892 15896 15900 15904 15908 15912 15916 15920 15924 15928 15932 15936 15940 15944 15948 15952 15956 15960 15964 15968 15972 15976 15980 15984 15988 15992 15996 16000 16004 16008 16012 16016 16020 16024 16028 16032 16036 16040 16044 16048 16052 16056 16060 16064 16068 16072 16076 16080 16084 16088 16092 16096 16100 16104 16108 16112 16116 16120 16124 16128 16132 16136 16140 16144 16148 16152 16156 16160 16164 16168 16172 16176 16180 16184 16188 16192 16196 16200 16204 16208 16212 16216 16220 16224 16228 16232 16236 16240 16244 16248 16252 16256 16260 16264 16268 16272 16276 16280 16284 16288 16292 16296 16300 16304 16308 16312 16316 16320 16324 16328 16332 16336 16340 16344 16348 16352 16356 16360 16364 16368 16372 16376 16380 16384 16388 16392 16396 16400 16404 16408 16412 16416 16420 16424 16428 16432 16436 16440 16444 16448 16452 16456 16460 16464 16468 16472 16476 16480 16484 16488 16492 16496 16500 16504 16508 16512 16516 16520 16524 16528 16532 16536 16540 16544 16548 16552 16556 16560 16564 16568 16572 16576 16580 16584 16588 16592 16596 16600 16604 16608 16612 16616 16620 16624 16628 16632 16636 16640 16644 16648 16652 16656 16660 16664 16668 16672 16676 16680 16684 16688 16692 16696 16700 16704 16708 16712 16716 16720 16724 16728 16732 16736 16740 16744 16748 16752 16756 16760 16764 16768 16772 16776 16780 16784 16788 16792 16796 16800 16804 16808 16812 16816 16820 16824 16828 16832 16836 16840 16844 16848 16852 16856 16860 16864 16868 16872 16876 16880 16884 16888 16892 16896 16900 16904 16908 16912 16916 16920 16924 16928 16932 16936 16940 16944 16948 16952 16956 16960 16964 16968 16972 16976 16980 16984 16988 16992 16996 17000 17004 17008 17012 17016 17020 17024 17028 17032 17036 17040 17044 17048 17052 17056 17060 17064 17068 17072 17076 17080 17084 17088 17092 17096 17100 17104 17108 17112 17116 17120 17124 17128 17132 17136 17140 17144 17148 17152 17156 17160 17164 17168 17172 17176 17180 17184 17188 17192 17196 17200 17204 17208 17212 17216 17220 17224 17228 17232 17236 17240 17244 17248 17252 17256 17260 17264 17268 17272 17276 17280 17284 17288 17292 17296 17300 17304 17308 17312 17316 17320 17324 17328 17332 17336 17340 17344 17348 17352 17356 17360 17364 17368 17372 17376 17380 17384 17388 17392 17396 17400 17404 17408 17412 17416 17420 17424 17428 17432 17436 17440 17444 17448 17452 17456 17460 17464 17468 17472 17476 17480 17484 17488 17492 17496 17500 17504 17508 17512 17516 17520 17524 17528 17532 17536 17540 17544 17548 17552 17556 17560 17564 17568 17572 17576 17580 17584 17588 17592 17596 17600 17604 17608 17612 17616 17620 17624 17628 17632 17636 17640 17644 17648 17652 17656 17660 17664 17668 17672 17676 17680 17684 17688 17692 17696 17700 17704 17708 17712 17716 17720 17724 17728 17732 17736 17740 17744 17748 17752 17756 17760 17764 17768 17772 17776 17780 17784 17788 17792 17796 17800 17804 17808 17812 17816 17820 17824 17828 17832 17836 17840 17844 17848 17852 17856 17860 17864 17868 17872 17876 17880 17884 17888 17892 17896 17900 17904 17908 17912 17916 17920 17924 17928 17932 17936 17940 17944 17948 17952 17956 17960 17964 17968 17972 17976 17980 17984 17988 17992 17996 18000 18004 18008 18012 18016 18020 18024 18028 18032 18036 18040 18044 18048 18052 18056 18060 18064 18068 18072 18076 18080 18084 18088 18092 18096 18100 18104 18108 18112 18116 18120 18124 18128 18132 18136 18140 18144 18148 18152 18156 18160 18164 18168 18172 18176 18180 18184 18188 18192 18196 18200 18204 18208 18212 18216 18220 18224 18228 18232 18236 18240 18244 18248 18252 18256 18260 18264 18268 18272 18276 18280 18284 18288 18292 18296 18300 18304 18308 18312 18316 18320 18324 18328 18332 18336 18340 18344 18348 18352 18356 18360 18364 18368 18372 18376 18380 18384 18388 18392 18396 18400 18404 18408 18412 18416 18420 18424 18428 18432 18436 18440 18444 18448 18452 18456 18460 18464 18468 18472 18476 18480 18484 18488 18492 18496 18500 18504 18508 18512 18516 18520 18524 18528 18532 18536 18540 18544 18548 18552 18556 18560 18564 18568 18572 18576 18580 18584 18588 18592 18596 18600 18604 18608 18612 18616 18620 18624 18628 18632 18636 18640 18644 18648 18652 18656 18660 18664 18668 18672 18676 18680 18684 18688 18692 18696 18700 18704 18708 18712 18716 18720 18724 18728 18732 18736 18740 18744 18748 18752 18756 18760 18764 18768 18772 18776 18780 18784 18788 18792 18796 18800 18804 18808 18812 18816 18820 18824 18828 18832 18836 18840 18844 18848 18852 18856 18860 18864 18868 18872 18876 18880 18884 18888 18892 18896 18900 18904 18908 18912 18916 18920 18924 18928 18932 18936 18940 18944 18948 18952 18956 18960 18964 18968 18972 18976 18980 18984 18988 18992 18996 19000 19004 19008 19012 19016 19020 19024 19028 19032 19036 19040 19044 19048 19052 19056 19060 19064 19068 19072 19076 19080 19084 19088 19092 19096 19100 19104 19108 19112 19116 19120 19124 19128 19132 19136 19140 19144 19148 19152 19156 19160 19164 19168 19172 19176 19180 19184 19188 19192 19196 19200 19204 19208 19212 19216 19220 19224 19228 19232 19236 19240 19244 19248 19252 19256 19260 19264 19268 19272 19276 19280 19284 19288 19292 19296 19300 19304 19308 19312 19316 19320 19324 19328 19332 19336 19340 19344 19348 19352 19356 19360 19364 19368 19372 19376 19380 19384 19388 19392 19396 19400 19404 19408 19412 19416 19420 19424 19428 19432 19436 19440 19444 19448 19452 19456 19460 19464 19468 19472 19476 19480 19484 19488 19492 19496 19500 19504 19508 19512 19516 19520 19524 19528 19532 19536 19540 19544 19548 19552 19556 19560 19564 19568 19572 19576 19580 19584 19588 19592 19596 19600 19604 19608 19612 19616 19620 19624 19628 19632 19636 19640 19644 19648 19652 19656 19660 19664 19668 19672 19676 19680 19684 19688 19692 19696 19700 19704 19708 19712 19716 19720 19724 19728 19732 19736 19740 19744 19748 19752 19756 19760 19764 19768 19772 19776 19780 19784 19788 19792 19796 19800 19804 19808 19812 19816 19820 19824 19828 19832 19836 19840 19844 19848 19852 19856 19860 19864 19868 19872 19876 19880 19884 19888 19892 19896 19900 19904 19908 19912 19916 19920 19924 19928 19932 19936 19940 19944 19948 19952 19956 19960 19964 19968 19972 19976 19980 19984 19988 19992 19996 20000 20004 20008 20012 20016 20020 20024 20028 20032 20036 20040 20044 20048 20052 20056 20060 20064 20068 20072 20076 20080 20084 20088 20092 20096 20100 20104 20108 20112 20116 20120 20124 20128 20132 20136 20140 20144 20148 20152 20156 20160 20164 20168 20172 20176 20180 20184 20188 20192 20196 20200 20204 20208 20212 20216 20220 20224 20228 20232 20236 20240 20244 20248 20252 20256 20260 20264 20268 20272 20276 20280 20284 20288 20292 20296 20300 20304 20308 20312 20316 20320 20324 20328 20332 20336 20340 20344 20348 20352 20356 20360 20364 20368 20372 20376 20380 20384 20388 20392 20396 20400 20404 20408 20412 20416 20420 20424 20428 20432 20436 20440 20444 20448 20452 20456 20460 20464 20468 20472 20476 20480 20484 20488 20492 20496 20500 20504 20508 20512 20516 20520 20524 20528 20532 20536 20540 20544 20548 20552 20556 20560 20564 20568 20572 20576 20580 20584 20588 20592 20596 20600 20604 20608 20612 20616 20620 20624 20628 20632 20636 20640 20644 20648 20652 20656 20660 20664 20668 20672 20676 20680 20684 20688 20692 20696 20700 20704 20708 20712 20716 20720 20724 20728 20732 20736 20740 20744 20748 20752 20756 20760 20764 20768 20772 20776 20780 20784 20788 20792 20796 20800 20804 20808 20812 20816 20820 20824 20828 20832 20836 20840 20844 20848 20852 20856 20860 20864 20868 20872 20876 20880 20884 20888 20892 20896 20900 20904 20908 20912 20916 20920 20924 20928 20932 20936 20940 20944 20948 20952 20956 20960 20964 20968 20972 20976 20980 20984 20988 20992 20996 21000 21004 21008 21012 21016 21020 21024 21028 21032 21036 21040 21044 21048 21052 21056 21060 21064 21068 21072 21076 21080 21084 21088 21092 21096 21100 21104 21108 21112 21116 21120 21124 21128 21132 21136 21140 21144 21148 21152 21156 21160 21164 21168 21172 21176 21180 21184 21188 21192 21196 21200 21204 21208 21212 21216 21220 21224 21228 21232 21236 21240 21244 21248 21252 21256 21260 21264 21268 21272 21276 21280 21284 21288 21292 21296 21300 21304 21308 21312 21316 21320 21324 21328 21332 21336 21340 21344 21348 21352 21356 21360 21364 21368 21372 21376 21380 21384 21388 21392 21396 21400 21404 21408 21412 21416 21420 21424 21428 21432 21436 21440 21444 21448 21452 21456 21460 21464 21468 21472 21476 21480 21484 21488 21492 21496 21500 21504 21508 21512 21516 21520 21524 21528 21532 21536 21540 21544 21548 21552 21556 21560 21564 21568 21572 21576 21580 21584 21588 21592 21596 21600 21604 21608 21612 21616 21620 21624 21628 21632 21636 21640 21644 21648 21652 21656 21660 21664 21668 21672 21676 21680 21684 21688 21692 21696 21700 21704 21708 21712 21716 21720 21724 21728 21732 21736 21740 21744 21748 21752 21756 21760 21764 21768 21772 21776 21780 21784 21788 21792 21796 21800 21804 21808 21812 21816 21820 21824 21828 21832 21836 21840 21844 21848 21852 21856 21860 21864 21868 21872 21876 21880 21884 21888 21892 21896 21900 21904 21908 21912 21916 21920 21924 21928 21932 21936 21940 21944 21948 21952 21956 21960 21964 21968 21972 21976 21980 21984 21988 21992 21996 22000 22004 22008 22012 22016 22020 22024 22028 22032 22036 22040 22044 22048 22052 22056 22060 22064 22068 22072 22076 22080 22084 22088 22092 22096 22100 22104 22108 22112 22116 22120 22124 22128 22132 22136 22140 22144 22148 22152 22156 22160 22164 22168 22172 22176 22180 22184 22188 22192 22196 22200 22204 22208 22212 22216 22220 22224 22228 22232 22236 22240 22244 22248 22252 22256 22260 22264 22268 22272 22276 22280 22284 22288 22292 22296 22300 22304 22308 22312 22316 22320 22324 22328 22332 22336 22340 22344 22348 22352 22356 22360 22364 22368 22372 22376 22380 22384 22388 22392 22396 22400 22404 22408 22412 22416 22420 22424 22428 22432 22436 22440 22444 22448 22452 22456 22460 22464 22468 22472 22476 22480 22484 22488 22492 22496 22500 22504 22508 22512 22516 22520 22524 22528 22532 22536 22540 22544 22548 22552 22556 22560 22564 22568 22572 22576 22580 22584 22588 22592 22596 22600 22604 22608 22612 22616 22620 22624 22628 22632 22636 22640 22644 22648 22652 22656 22660 22664 22668 22672 22676 22680 22684 22688 22692 22696 22700 22704 22708 22712 22716 22720 22724 22728 22732 22736 22740 22744 22748 22752 22756 22760 22764 22768 22772 22776 22780 22784 22788 22792 22796 22800 22804 22808 22812 22816 22820 22824 22828 22832 22836 22840 22844 22848 22852 22856 22860 22864 22868 22872 22876 22880 22884 22888 22892 22896 22900 22904 22908 22912 22916 22920 22924 22928 22932 22936 22940 22944 22948 22952 22956 22960 22964 22968 22972 22976 22980 22984 22988 22992 22996 23000 23004 23008 23012 23016 23020 23024 23028 23032 23036 23040 23044 23048 23052 23056 23060 23064 23068 23072 23076 23080 23084 23088 23092 23096 23100 23104 23108 23112 23116 23120 23124 23128 23132 23136 23140 23144 23148 23152 23156 23160 23164 23168 23172 23176 23180 23184 23188 23192 23196 23200 23204 23208 23212 23216 23220 23224 23228 23232 23236 23240 23244 23248 23252 23256 23260 23264 23268 23272 23276 23280 23284 23288 23292 23296 23300 23304 23308 23312 23316 23320 23324 23328 23332 23336 23340 23344 23348 23352 23356 23360 23364 23368 23372 23376 23380 23384 23388 23392 23396 23400 23404 23408 23412 23416 23420 23424 23428 23432 23436 23440 23444 23448 23452 23456 23460 23464 23468 23472 23476 23480 23484 23488 23492 23496 23500 23504 23508 23512 23516 23520 23524 23528 23532 23536 23540 23544 23548 23552 23556 23560 23564 23568 23572 23576 23580 23584 23588 23592 23596 23600 23604 23608 23612 23616 23620 23624 23628 23632 23636 23640 23644 23648 23652 23656 23660 23664 23668 23672 23676 23680 23684 23688 23692 23696 23700 23704 23708 23712 23716 23720 23724 23728 23732 23736 23740 23744 23748 23752 23756 23760 23764 23768 23772 23776 23780 23784 23788 23792 23796 23800 23804 23808 23812 23816 23820 23824 23828 23832 23836 23840 23844 23848 23852 23856 23860 23864 23868 23872 23876 23880 23884 23888 23892 23896 23900 23904 23908 23912 23916 23920 23924 23928 23932 23936 23940 23944 23948 23952 23956 23960 23964 23968 23972 23976 23980 23984 23988 23992 23996 24000 24004 24008 24012 24016 24020 24024 24028 24032 24036 24040 24044 24048 24052 24056 24060 24064 24068 24072 24076 24080 24084 24088 24092 24096 24100 24104 24108 24112 24116 24120 24124 24128 24132 24136 24140 24144 24148 24152 24156 24160 24164 24168 24172 24176 24180 24184 24188 24192 24196 24200 24204 24208 24212 24216 24220 24224 24228 24232 24236 24240 24244 24248 24252 24256 24260 24264 24268 24272 24276 24280 24284 24288 24292 24296 24300 24304 24308 24312 24316 24320 24324 24328 24332 24336 24340 24344 24348 24352 24356 24360 24364 24368 24372 24376 24380 24384 24388 24392 24396 24400 24404 24408 24412 24416 24420 24424 24428 24432 24436 24440 24444 24448 24452 24456 24460 24464 24468 24472 24476 24480 24484 24488 24492 24496 24500 24504 24508 24512 24516 24520 24524 24528 24532 24536 24540 24544 24548 24552 24556 24560 24564 24568 24572 24576 24580 24584 24588 24592 24596 24600 24604 24608 24612 24616 24620 24624 24628 24632 24636 24640 24644 24648 24652 24656 24660 24664 24668 24672 24676 24680 24684 24688 24692 24696 24700 24704 24708 24712 24716 24720 24724 24728 24732 24736 24740 24744 24748 24752 24756 24760 24764 24768 24772 24776 24780 24784 24788 24792 24796 24800 24804 24808 24812 24816 24820 24824 24828 24832 24836 24840 24844 24848 24852 24856 24860 24864 24868 24872 24876 24880 24884 24888 24892 24896 24900 24904 24908 24912 24916 24920 24924 24928 24932 24936 24940 24944 24948 24952 24956 24960 24964 24968 24972 24976 24980 24984 24988 24992 24996 25000 25004 25008 25012 25016 25020 25024 25028 25032 25036 25040 25044 25048 25052 25056 25060 25064 25068 25072 25076 25080 25084 25088 25092 25096 25100 25104 25108 25112 25116 25120 25124 25128 25132 25136 25140 25144 25148 25152 25156 25160 25164 25168 25172 25176 25180 25184 25188 25192 25196 25200 25204 25208 25212 25216 25220 25224 25228 25232 25236 25240 25244 25248 25252 25256 25260 25264 25268 25272 25276 25280 25284 25288 25292 25296 25300 25304 25308 25312 25316 25320 25324 25328 25332 25336 25340 25344 25348 25352 25356 25360 25364 25368 25372 25376 25380 25384 25388 25392 25396 25400 25404 25408 25412 25416 25420 25424 25428 25432 25436 25440 25444 25448 25452 25456 25460 25464 25468 25472 25476 25480 25484 25488 25492 25496 25500 25504 25508 25512 25516 25520 25524 25528 25532 25536 25540 25544 25548 25552 25556 25560 25564 25568 25572 25576 25580 25584 25588 25592 25596 25600 25604 25608 25612 25616 25620 25624 25628 25632 25636 25640 25644 25648 25652 25656 25660 25664 25668 25672 25676 25680 25684 25688 25692 25696 25700 25704 25708 25712 25716 25720 25724 25728 25732 25736 25740 25744 25748 25752 25756 25760 25764 25768 25772 25776 25780 25784 25788 25792 25796 25800 25804 25808 25812 25816 25820 25824 25828 25832 25836 25840 25844 25848 25852 25856 25860 25864 25868 25872 25876 25880 25884 25888 25892 25896 25900 25904 25908 25912 25916 25920 25924 25928 25932 25936 25940 25944 25948 25952 25956 25960 25964 25968 25972 25976 25980 25984 25988 25992 25996 26000 26004 26008 26012 26016 26020 26024 26028 26032 26036 26040 26044 26048 26052 26056 26060 26064 26068 26072 26076 26080 26084 26088 26092 26096 26100 26104 26108 26112 26116 26120 26124 26128 26132 26136 26140 26144 26148 26152 26156 26160 26164 26168 26172 26176 26180 26184 26188 26192 26196 26200 26204 26208 26212 26216 26220 26224 26228 26232 26236 26240 26244 26248 26252 26256 26260 26264 26268 26272 26276 26280 26284 26288 26292 26296 26300 26304 26308 26312 26316 26320 26324 26328 26332 26336 26340 26344 26348 26352 26356 26360 26364 26368 26372 26376 26380 26384 26388 26392 26396 26400 26404 26408 26412 26416 26420 26424 26428 26432 26436 26440 26444 26448 26452 26456 26460 26464 26468 26472 26476 26480 26484 26488 26492 26496 26500 26504 26508 26512 26516 26520 26524 26528 26532 26536 26540 26544 26548 26552 26556 26560 26564 26568 26572 26576 26580 26584 26588 26592 26596 26600 26604 26608 26612 26616 26620 26624 26628 26632 26636 26640 26644 26648 26652 26656 26660 26664 26668 26672 26676 26680 26684 26688 26692 26696 26700 26704 26708 26712 26716 26720 26724 26728 26732 26736 26740 26744 26748 26752 26756 26760 26764 26768 26772 26776 26780 26784 26788 26792 26796 26800 26804 26808 26812 26816 26820 </DataArray>
        <DataArray type="Int8" Name="types" format="ascii">71 71 71 71 71 71 71 71 71 71 71 71 71 71 71 71 71 71 71 71 71 71 71 71 71 71 71 71 71 71 71 71 71 71 71 71 71 71 71 71 71 71 71 71 71 71 71 71 71 71 71 71 71 71 71 71 71 71 71 71 71 71 71 71 71 71 71 71 71 71 71 71 71 71 71 71 71 71 71 71 71 71 71 71 71 71 71 71 71 71 71 71 71 71 71 71 71 71 71 71 71 71 71 71 71 71 71 71 71 71 71 71 71 71 71 71 71 71 71 71 71 71 71 71 71 71 71 71 71 71 71 71 71 71 71 71 71 71 71 71 71 71 71 71 71 71 71 71 71 71 71 71 71 71 71 71 71 71 71 71 71 71 71 71 71 71 71 71 71 71 71 71 71 71 71 71 71 71 71 71 71 71 71 71 71 71 71 71 71 71 71 71 71 71 71 71 71 71 71 71 71 71 71 71 71 71 71 71 71 71 71 71 71 71 71 71 71 71 71 71 71 71 71 71 71 71 71 71 71 71 71 71 71 71 71 71 71 71 71 71 71 71 71 71 71 71 71 71 71 71 71 71 71 71 71 71 71 71 71 71 71 71 71 71 71 71 71 71 71 71 71 71 71 71 71 71 71 71 71 71 71 71 71 71 71 71 71 71 71 71 71 71 71 71 71 71 71 71 71 71 71 71 71 71 71 71 71 71 71 71 71 71 71 71 71 71 71 71 71 71 71 71 71 71 71 71 71 71 71 71 71 71 71 71 71 71 71 71 71 71 71 71 71 71 71 71 71 71 71 71 71 71 71 71 71 71 71 71 71 71 71 71 71 71 71 71 71 71 71 71 71 71 71 71 71 71 71 71 71 71 71 71 71 71 71 71 71 71 71 71 71 71 71 71 71 71 71 71 71 71 71 71 71 71 71 71 71 71 71 71 71 71 71 71 71 71 71 71 71 71 71 71 71 71 71 71 71 71 71 71 71 71 71 71 71 71 71 71 71 71 71 71 71 71 71 71 71 71 71 71 71 71 71 71 71 71 71 71 71 71 71 71 71 71 71 71 71 71 71 71 71 71 71 71 71 71 71 71 71 71 71 71 71 71 71 71 71 71 71 71 71 71 71 71 71 71 71 71 71 71 71 71 71 71 71 71 71 71 71 71 71 71 71 71 71 71 71 71 71 71 71 71 71 71 71 71 71 71 71 71 71 71 71 71 71 71 71 71 71 71 71 71 71 71 71 71 71 71 71 71 71 71 71 71 71 71 71 71 71 71 71 71 71 71 71 71 71 71 71 71 71 71 71 71 71 71 71 71 71 71 71 71 71 71 71 71 71 71 71 71 71 71 71 71 71 71 71 71 71 71 71 71 71 71 71 71 71 71 71 71 71 71 71 71 71 71 71 71 71 71 71 71 71 71 71 71 71 71 71 71 71 71 71 71 71 71 71 71 71 71 71 71 71 71 71 71 71 71 71 71 71 71 71 71 71 71 71 71 71 71 71 71 71 71 71 71 71 71 71 71 71 71 71 71 71 71 71 71 71 71 71 71 71 71 71 71 71 71 71 71 71 71 71 71 71 71 71 71 71 71 71 71 71 71 71 71 71 71 71 71 71 71 71 71 71 71 71 71 71 71 71 71 71 71 71 71 71 71 71 71 71 71 71 71 71 71 71 71 71 71 71 71 71 71 71 71 71 71 71 71 71 71 71 71 71 71 71 71 71 71 71 71 71 71 71 71 71 71 71 71 71 71 71 71 71 71 71 71 71 71 71 71 71 71 71 71 71 71 71 71 71 71 71 71 71 71 71 71 71 71 71 71 71 71 71 71 71 71 71 71 71 71 71 71 71 71 71 71 71 71 71 71 71 71 71 71 71 71 71 71 71 71 71 71 71 71 71 71 71 71 71 71 71 71 71 71 71 71 71 71 71 71 71 71 71 71 71 71 71 71 71 71 71 71 71 71 71 71 71 71 71 71 71 71 71 71 71 71 71 71 71 71 71 71 71 71 71 71 71 71 71 71 71 71 71 71 71 71 71 71 71 71 71 71 71 71 71 71 71 71 71 71 71 71 71 71 71 71 71 71 71 71 71 71 71 71 71 71 71 71 71 71 71 71 71 71 71 71 71 71 71 71 71 71 71 71 71 71 71 71 71 71 71 71 71 71 71 71 71 71 71 71 71 71 71 71 71 71 71 71 71 71 71 71 71 71 71 71 71 71 71 71 71 71 71 71 71 71 71 71 71 71 71 71 71 71 71 71 71 71 71 71 71 71 71 71 71 71 71 71 71 71 71 71 71 71 71 71 71 71 71 71 71 71 71 71 71 71 71 71 71 71 71 71 71 71 71 71 71 71 71 71 71 71 71 71 71 71 71 71 71 71 71 71 71 71 71 71 71 71 71 71 71 71 71 71 71 71 71 71 71 71 71 71 71 71 71 71 71 71 71 71 71 71 71 71 71 71 71 71 71 71 71 71 71 71 71 71 71 71 71 71 71 71 71 71 71 71 71 71 71 71 71 71 71 71 71 71 71 71 71 71 71 71 71 71 71 71 71 71 71 71 71 71 71 71 71 71 71 71 71 71 71 71 71 71 71 71 71 71 71 71 71 71 71 71 71 71 71 71 71 71 71 71 71 71 71 71 71 71 71 71 71 71 71 71 71 71 71 71 71 71 71 71 71 71 71 71 71 71 71 71 71 71 71 71 71 71 71 71 71 71 71 71 71 71 71 71 71 71 71 71 71 71 71 71 71 71 71 71 71 71 71 71 71 71 71 71 71 71 71 71 71 71 71 71 71 71 71 71 71 71 71 71 71 71 71 71 71 71 71 71 71 71 71 71 71 71 71 71 71 71 71 71 71 71 71 71 71 71 71 71 71 71 71 71 71 71 71 71 71 71 71 71 71 71 71 71 71 71 71 71 71 71 71 71 71 71 71 71 71 71 71 71 71 71 71 71 71 71 71 71 71 71 71 71 71 71 71 71 71 71 71 71 71 71 71 71 71 71 71 71 71 71 71 71 71 71 71 71 71 71 71 71 71 71 71 71 71 71 71 71 71 71 71 71 71 71 71 71 71 71 71 71 71 71 71 71 71 71 71 71 71 71 71 71 71 71 71 71 71 71 71 71 71 71 71 71 71 71 71 71 71 71 71 71 71 71 71 71 71 71 71 71 71 71 71 71 71 71 71 71 71 71 71 71 71 71 71 71 71 71 71 71 71 71 71 71 71 71 71 71 71 71 71 71 71 71 71 71 71 71 71 71 71 71 71 71 71 71 71 71 71 71 71 71 71 71 71 71 71 71 71 71 71 71 71 71 71 71 71 71 71 71 71 71 71 71 71 71 71 71 71 71 71 71 71 71 71 71 71 71 71 71 71 71 71 71 71 71 71 71 71 71 71 71 71 71 71 71 71 71 71 71 71 71 71 71 71 71 71 71 71 71 71 71 71 71 71 71 71 71 71 71 71 71 71 71 71 71 71 71 71 71 71 71 71 71 71 71 71 71 71 71 71 71 71 71 71 71 71 71 71 71 71 71 71 71 71 71 71 71 71 71 71 71 71 71 71 71 71 71 71 71 71 71 71 71 71 71 71 71 71 71 71 71 71 71 71 71 71 71 71 71 71 71 71 71 71 71 71 71 71 71 71 71 71 71 71 71 71 71 71 71 71 71 71 71 71 71 71 71 71 71 71 71 71 71 71 71 71 71 71 71 71 71 71 71 71 71 71 71 71 71 71 71 71 71 71 71 71 71 71 71 71 71 71 71 71 71 71 71 71 71 71 71 71 71 71 71 71 71 71 71 71 71 71 71 71 71 71 71 71 71 71 71 71 71 71 71 71 71 71 71 71 71 71 71 71 71 71 71 71 71 71 71 71 71 71 71 71 71 71 71 71 71 71 71 71 71 71 71 71 71 71 71 71 71 71 71 71 71 71 71 71 71 71 71 71 71 71 71 71 71 71 71 71 71 71 71 71 71 71 71 71 71 71 71 71 71 71 71 71 71 71 71 71 71 71 71 71 71 71 71 71 71 71 71 71 71 71 71 71 71 71 71 71 71 71 71 71 71 71 71 71 71 71 71 71 71 71 71 71 71 71 71 71 71 71 71 71 71 71 71 71 71 71 71 71 71 71 71 71 71 71 71 71 71 71 71 71 71 71 71 71 71 71 71 71 71 71 71 71 71 71 71 71 71 71 71 71 71 71 71 71 71 71 71 71 71 71 71 71 71 71 71 71 71 71 71 71 71 71 71 71 71 71 71 71 71 71 71 71 71 71 71 71 71 71 71 71 71 71 71 71 71 71 71 71 71 71 71 71 71 71 71 71 71 71 71 71 71 71 71 71 71 71 71 71 71 71 71 71 71 71 71 71 71 71 71 71 71 71 71 71 71 71 71 71 71 71 71 71 71 71 71 71 71 71 71 71 71 71 71 71 71 71 71 71 71 71 71 71 71 71 71 71 71 71 71 71 71 71 71 71 71 71 71 71 71 71 71 71 71 71 71 71 71 71 71 71 71 71 71 71 71 71 71 71 71 71 71 71 71 71 71 71 71 71 71 71 71 71 71 71 71 71 71 71 71 71 71 71 71 71 71 71 71 71 71 71 71 71 71 71 71 71 71 71 71 71 71 71 71 71 71 71 71 71 71 71 71 71 71 71 71 71 71 71 71 71 71 71 71 71 71 71 71 71 71 71 71 71 71 71 71 71 71 71 71 71 71 71 71 71 71 71 71 71 71 71 71 71 71 71 71 71 71 71 71 71 71 71 71 71 71 71 71 71 71 71 71 71 71 71 71 71 71 71 71 71 71 71 71 71 71 71 71 71 71 71 71 71 71 71 71 71 71 71 71 71 71 71 71 71 71 71 71 71 71 71 71 71 71 71 71 71 71 71 71 71 71 71 71 71 71 71 71 71 71 71 71 71 71 71 71 71 71 71 71 71 71 71 71 71 71 71 71 71 71 71 71 71 71 71 71 71 71 71 71 71 71 71 71 71 71 71 71 71 71 71 71 71 71 71 71 71 71 71 71 71 71 71 71 71 71 71 71 71 71 71 71 71 71 71 71 71 71 71 71 71 71 71 71 71 71 71 71 71 71 71 71 71 71 71 71 71 71 71 71 71 71 71 71 71 71 71 71 71 71 71 71 71 71 71 71 71 71 71 71 71 71 71 71 71 71 71 71 71 71 71 71 71 71 71 71 71 71 71 71 71 71 71 71 71 71 71 71 71 71 71 71 71 71 71 71 71 71 71 71 71 71 71 71 71 71 71 71 71 71 71 71 71 71 71 71 71 71 71 71 71 71 71 71 71 71 71 71 71 71 71 71 71 71 71 71 71 71 71 71 71 71 71 71 71 71 71 71 71 71 71 71 71 71 71 71 71 71 71 71 71 71 71 71 71 71 71 71 71 71 71 71 71 71 71 71 71 71 71 71 71 71 71 71 71 71 71 71 71 71 71 71 71 71 71 71 71 71 71 71 71 71 71 71 71 71 71 71 71 71 71 71 71 71 71 71 71 71 71 71 71 71 71 71 71 71 71 71 71 71 71 71 71 71 71 71 71 71 71 71 71 71 71 71 71 71 71 71 71 71 71 71 71 71 71 71 71 71 71 71 71 71 71 71 71 71 71 71 71 71 71 71 71 71 71 71 71 71 71 71 71 71 71 71 71 71 71 71 71 71 71 71 71 71 71 71 71 71 71 71 71 71 71 71 71 71 71 71 71 71 71 71 71 71 71 71 71 71 71 71 71 71 71 71 71 71 71 71 71 71 71 71 71 71 71 71 71 71 71 71 71 71 71 71 71 71 71 71 71 71 71 71 71 71 71 71 71 71 71 71 71 71 71 71 71 71 71 71 71 71 71 71 71 71 71 71 71 71 71 71 71 71 71 71 71 71 71 71 71 71 71 71 71 71 71 71 71 71 71 71 71 71 71 71 71 71 71 71 71 71 71 71 71 71 71 71 71 71 71 71 71 71 71 71 71 71 71 71 71 71 71 71 71 71 71 71 71 71 71 71 71 71 71 71 71 71 71 71 71 71 71 71 71 71 71 71 71 71 71 71 71 71 71 71 71 71 71 71 71 71 71 71 71 71 71 71 71 71 71 71 71 71 71 71 71 71 71 71 71 71 71 71 71 71 71 71 71 71 71 71 71 71 71 71 71 71 71 71 71 71 71 71 71 71 71 71 71 71 71 71 71 71 71 71 71 71 71 71 71 71 71 71 71 71 71 71 71 71 71 71 71 71 71 71 71 71 71 71 71 71 71 71 71 71 71 71 71 71 71 71 71 71 71 71 71 71 71 71 71 71 71 71 71 71 71 71 71 71 71 71 71 71 71 71 71 71 71 71 71 71 71 71 71 71 71 71 71 71 71 71 71 71 71 71 71 71 71 71 71 71 71 71 71 71 71 71 71 71 71 71 71 71 71 71 71 71 71 71 71 71 71 71 71 71 71 71 71 71 71 71 71 71 71 71 71 71 71 71 71 71 71 71 71 71 71 71 71 71 71 71 71 71 71 71 71 71 71 71 71 71 71 71 71 71 71 71 71 71 71 71 71 71 71 71 71 71 71 71 71 71 71 71 71 71 71 71 71 71 71 71 71 71 71 71 71 71 71 71 71 71 71 71 71 71 71 71 71 71 71 71 71 71 71 71 71 71 71 71 71 71 71 71 71 71 71 71 71 71 71 71 71 71 71 71 71 71 71 71 71 71 71 71 71 71 71 71 71 71 71 71 71 71 71 71 71 71 71 71 71 71 71 71 71 71 71 71 71 71 71 71 71 71 71 71 71 71 71 71 71 71 71 71 71 71 71 71 71 71 71 71 71 71 71 71 71 71 71 71 71 71 71 71 71 71 71 71 71 71 71 71 71 71 71 71 71 71 71 71 71 71 71 71 71 71 71 71 71 71 71 71 71 71 71 71 71 71 71 71 71 71 71 71 71 71 71 71 71 71 71 71 71 71 71 71 71 71 71 71 71 71 71 71 71 71 71 71 71 71 71 71 71 71 71 71 71 71 71 71 71 71 71 71 71 71 71 71 71 71 71 71 71 71 71 71 71 71 71 71 71 71 71 71 71 71 71 71 71 71 71 71 71 71 71 71 71 71 71 71 71 71 71 71 71 71 71 71 71 71 71 71 71 71 71 71 71 71 71 71 71 71 71 71 71 71 71 71 71 71 71 71 71 71 71 71 71 71 71 71 71 71 71 71 71 71 71 71 71 71 71 71 71 71 71 71 71 71 71 71 71 71 71 71 71 71 71 71 71 71 71 71 71 71 71 71 71 71 71 71 71 71 71 71 71 71 71 71 71 71 71 71 71 71 71 71 71 71 71 71 71 71 71 71 71 71 71 71 71 71 71 71 71 71 71 71 71 71 71 71 71 71 71 71 71 71 71 71 71 71 71 71 71 71 71 71 71 71 71 71 71 71 71 71 71 71 71 71 71 71 71 71 71 71 71 71 71 71 71 71 71 71 71 71 71 71 71 71 71 71 71 71 71 71 71 71 71 71 71 71 71 71 71 71 71 71 71 71 71 71 71 71 71 71 71 71 71 71 71 71 71 71 71 71 71 71 71 71 71 71 71 71 71 71 71 71 71 71 71 71 71 71 71 71 71 71 71 71 71 71 71 71 71 71 71 71 71 71 71 71 71 71 71 71 71 71 71 71 71 71 71 71 71 71 71 71 71 71 71 71 71 71 71 71 71 71 71 71 71 71 71 71 71 71 71 71 71 71 71 71 71 71 71 71 71 71 71 71 71 71 71 71 71 71 71 71 71 71 71 71 71 71 71 71 71 71 71 71 71 71 71 71 71 71 71 71 71 71 71 71 71 71 71 71 71 71 71 71 71 71 71 71 71 71 71 71 71 71 71 71 71 71 71 71 71 71 71 71 71 71 71 71 71 71 71 71 71 71 71 71 71 71 71 71 71 71 71 71 71 71 71 71 71 71 71 71 71 71 71 71 71 71 71 71 71 71 71 71 71 71 71 71 71 71 71 71 71 71 71 71 71 71 71 71 71 71 71 71 71 71 71 71 71 71 71 71 71 71 71 71 71 71 71 71 71 71 71 71 71 71 71 71 71 71 71 71 71 71 71 71 71 71 71 71 71 71 71 71 71 71 71 71 71 71 71 71 71 71 71 71 71 71 71 71 71 71 71 71 71 71 71 71 71 71 71 71 71 71 71 71 71 71 71 71 71 71 71 71 71 71 71 71 71 71 71 71 71 71 71 71 71 71 71 71 71 71 71 71 71 71 71 71 71 71 71 71 71 71 71 71 71 71 71 71 71 71 71 71 71 71 71 71 71 71 71 71 71 71 71 71 71 71 71 71 71 71 71 71 71 71 71 71 71 71 71 71 71 71 71 71 71 71 71 71 71 71 71 71 71 71 71 71 71 71 71 71 71 71 71 71 71 71 71 71 71 71 71 71 71 71 71 71 71 71 71 71 71 71 71 71 71 71 71 71 71 71 71 71 71 71 71 71 71 71 71 71 71 71 71 71 71 71 71 71 71 71 71 71 71 71 71 71 71 71 71 71 71 71 71 71 71 71 71 71 71 71 71 71 71 71 71 71 71 71 71 71 71 71 71 71 71 71 71 71 71 71 71 71 71 71 71 71 71 71 71 71 71 71 71 71 71 71 71 71 71 71 71 71 71 71 71 71 71 71 71 71 71 71 71 71 71 71 71 71 71 71 71 71 71 71 71 71 71 71 71 71 71 71 71 71 71 71 71 71 71 71 71 71 71 71 71 71 71 71 71 71 71 71 71 71 71 71 71 71 71 71 71 71 71 71 71 71 71 71 71 71 71 71 71 71 71 71 71 71 71 71 71 71 71 71 71 71 71 71 71 71 71 71 71 71 71 71 71 71 71 71 71 71 71 71 71 71 71 71 71 71 71 71 71 71 71 71 71 71 71 71 71 71 71 71 71 71 71 71 71 71 71 71 71 71 71 71 71 71 71 71 71 71 71 71 71 71 71 71 71 71 71 71 71 71 71 71 71 71 71 71 71 71 71 71 71 71 71 71 71 71 71 71 71 71 71 71 71 71 71 71 71 71 71 71 71 71 71 71 71 71 71 71 71 71 71 71 71 71 71 71 71 71 71 71 71 71 71 71 71 71 71 71 71 71 71 71 71 71 71 71 71 71 71 71 71 71 71 71 71 71 71 71 71 71 71 71 71 71 71 71 71 71 71 71 71 71 71 71 71 71 71 71 71 71 71 71 71 71 71 71 71 71 71 71 71 71 71 71 71 71 71 71 71 71 71 71 71 71 71 71 71 71 71 71 71 71 71 71 71 71 71 71 71 71 71 71 71 71 71 71 71 71 71 71 71 71 71 71 71 71 71 71 71 71 71 71 71 71 71 71 71 71 71 71 71 71 71 71 71 71 71 71 71 71 71 71 71 71 71 71 71 71 71 71 71 71 71 71 71 71 71 71 71 71 71 71 71 71 71 71 71 71 71 71 71 71 71 71 71 71 71 71 71 71 71 71 71 71 71 71 71 71 71 71 71 71 71 71 71 71 71 71 71 71 71 71 71 71 71 71 71 71 71 71 71 71 71 71 71 71 71 71 71 71 71 71 71 71 71 71 71 71 71 71 71 71 71 71 71 71 71 71 71 71 71 71 71 71 71 71 71 71 71 71 71 71 71 71 71 71 71 71 71 71 71 71 71 71 71 71 71 71 71 71 71 71 71 71 71 71 71 71 71 71 71 71 71 71 71 71 71 71 71 71 71 71 71 71 71 71 71 71 71 71 71 71 71 71 71 71 71 71 71 71 71 71 71 71 71 71 71 71 71 71 71 71 71 71 71 71 71 71 71 71 71 71 71 71 71 71 71 71 71 71 71 71 71 71 71 71 71 71 71 71 71 71 71 71 71 71 71 71 71 71 71 71 71 71 71 71 71 71 71 71 71 71 71 71 71 71 71 71 71 71 71 71 71 71 71 71 71 71 71 71 71 71 71 71 71 71 71 71 71 71 71 71 71 71 71 71 71 71 71 71 71 71 71 71 71 71 71 71 71 71 71 71 71 71 71 71 71 71 71 71 71 71 71 71 71 71 71 71 71 71 71 71 71 71 71 71 71 71 71 71 71 71 71 71 71 71 71 71 71 71 71 71 71 71 71 71 71 71 71 71 71 71 71 71 71 71 71 71 71 71 71 71 71 71 71 71 71 71 71 71 71 71 71 71 71 71 71 71 71 71 71 71 71 71 71 71 71 71 71 71 71 71 71 71 71 71 71 71 71 71 71 71 71 71 71 71 71 71 71 71 71 71 71 71 71 71 71 71 71 71 71 71 71 71 71 71 71 71 71 71 71 71 71 71 71 71 71 71 71 71 71 71 71 71 71 71 71 71 71 71 71 71 71 71 71 71 71 71 71 71 71 71 71 71 71 71 71 71 71 71 71 71 71 71 71 71 71 71 71 71 71 71 71 71 71 71 71 71 71 71 71 71 71 71 71 71 71 71 71 71 71 71 71 71 71 71 71 71 71 71 71 71 71 71 71 71 71 71 71 71 71 71 71 71 71 71 71 71 71 71 71 71 71 71 71 71 71 71 71 71 71 71 71 71 71 71 71 71 71 71 71 71 71 71 71 71 71 71 71 71 71 71 71 71 71 71 71 71 71 71 71 71 71 71 71 71 71 71 71 71 71 71 71 71 71 71 71 71 71 71 71 71 71 71 71 71 71 71 71 71 71 71 71 71 71 71 71 71 71 71 71 71 71 71 71 71 71 71 71 71 71 71 71 71 71 71 71 71 71 71 71 71 71 71 71 71 71 71 71 71 71 71 71 71 71 71 71 71 71 71 71 71 71 71 71 71 71 71 71 71 71 71 71 71 71 71 71 71 71 71 71 71 71 71 71 71 71 71 71 71 71 71 71 71 71 71 71 71 71 71 71 71 71 71 71 71 71 71 71 71 71 71 71 71 71 71 71 71 71 71 71 71 71 71 71 71 71 71 71 71 71 71 71 71 71 71 71 71 71 71 71 71 71 71 71 71 71 71 71 71 71 71 71 71 71 71 71 71 71 71 71 71 71 71 71 71 71 71 71 71 71 71 71 71 71 71 71 71 71 71 71 71 71 71 71 71 71 71 71 71 71 71 71 71 71 71 71 71 71 71 71 71 71 71 71 71 71 71 71 71 71 71 71 71 71 71 71 71 71 71 71 71 71 71 71 71 71 71 71 71 71 71 71 71 71 71 71 71 71 71 71 71 71 71 71 71 71 71 71 71 71 71 71 71 71 71 71 71 71 71 71 71 71 71 71 71 71 71 71 71 71 71 71 71 71 71 71 71 71 71 71 71 71 71 71 71 71 71 71 71 71 71 71 71 71 71 71 71 71 71 71 71 71 71 71 71 71 71 71 71 71 71 71 71 71 71 71 71 71 71 71 71 71 71 71 71 71 71 71 71 71 71 71 71 71 71 71 71 71 71 71 71 71 71 71 71 71 71 71 71 71 71 71 71 71 71 71 71 71 71 71 71 71 71 71 71 71 71 71 71 71 71 71 71 71 71 71 71 71 71 71 71 71 71 71 71 71 71 71 71 71 71 71 71 71 71 71 71 71 71 71 71 71 71 71 71 71 71 71 71 71 71 71 71 71 71 71 71 71 71 71 71 71 71 71 71 71 71 71 71 71 71 71 71 71 71 71 71 71 71 71 71 71 71 71 71 71 71 71 71 71 71 71 71 71 71 71 71 71 71 71 71 71 71 71 71 71 71 71 71 71 71 71 71 71 71 71 71 71 71 71 71 71 71 71 71 71 71 71 71 71 71 71 71 71 71 71 71 71 71 71 71 71 71 71 71 71 71 71 71 71 71 71 71 71 71 71 71 71 71 71 71 71 71 71 71 71 71 71 71 71 71 71 71 71 71 71 71 71 71 71 71 71 71 71 71 71 71 71 71 71 71 71 71 71 71 71 71 71 71 71 71 71 71 71 71 71 71 71 71 71 71 71 71 71 71 71 71 71 71 71 71 71 71 71 71 71 71 71 71 71 71 71 71 71 71 71 71 71 71 71 71 71 71 71 71 71 71 71 71 71 71 71 71 71 71 71 71 71 71 71 71 71 71 71 71 71 71 71 71 71 71 71 71 71 71 71 71 71 71 71 71 71 71 71 71 71 71 71 71 71 71 71 71 71 71 71 71 71 71 71 71 71 71 71 71 71 71 71 71 71 71 71 71 71 71 71 71 71 71 71 71 71 71 71 71 71 71 71 71 71 71 71 71 71 71 71 71 71 71 71 71 71 71 71 71 71 71 71 71 71 71 71 71 71 71 71 71 71 71 71 71 71 71 71 71 71 71 71 71 71 71 71 71 71 71 71 71 71 71 71 71 71 71 71 71 71 71 71 71 71 71 71 71 71 71 71 71 71 71 71 71 71 71 71 71 71 71 71 71 71 71 71 71 71 71 71 71 71 71 71 71 71 71 71 71 71 71 71 71 71 71 71 71 71 71 71 71 71 71 71 71 71 71 71 71 71 71 71 71 71 71 71 71 71 71 71 71 71 71 71 71 71 71 71 71 71 71 71 71 71 71 71 71 71 71 71 71 71 71 71 71 71 71 71 71 71 71 71 71 71 71 71 71 71 71 71 71 71 71 71 71 71 71 71 71 71 71 71 71 71 71 71 71 71 71 71 71 71 71 71 71 71 71 71 71 71 71 71 71 71 71 71 71 71 71 71 71 71 71 71 71 71 71 71 71 71 71 71 71 71 71 71 71 71 71 71 71 71 71 71 71 71 71 71 71 71 71 71 71 71 71 71 71 71 71 71 71 71 71 71 71 71 71 71 71 71 71 71 71 71 71 71 71 71 71 71 71 71 71 71 71 71 71 71 71 71 71 71 71 71 71 71 71 71 71 71 71 71 71 71 71 71 71 71 71 71 71 71 71 71 71 71 71 71 71 71 71 71 71 71 71 71 71 71 71 71 71 71 71 71 71 71 71 71 71 71 71 71 71 71 71 71 71 71 71 71 71 71 71 71 71 71 71 71 71 71 71 71 71 71 71 71 71 71 71 71 71 71 71 71 71 71 71 71 71 71 71 71 71 71 71 71 71 71 71 71 71 71 71 71 71 71 71 71 71 71 71 71 71 71 71 71 71 71 71 71 71 71 71 71 71 71 71 71 71 71 71 71 71 71 71 71 71 71 71 71 71 71 71 71 71 71 71 71 71 71 71 71 71 71 71 71 71 71 71 71 71 71 71 71 71 71 71 71 71 71 71 71 71 71 71 71 71 71 71 71 71 71 71 71 71 71 71 71 71 71 71 71 71 71 71 71 71 71 71 71 71 71 71 71 71 71 71 71 71 71 71 71 71 71 71 71 71 71 71 71 71 71 71 71 71 71 71 71 71 71 71 71 71 71 71 71 71 71 71 71 71 71 71 71 71 71 71 71 71 71 71 71 71 71 71 71 71 71 71 71 71 71 71 71 71 71 71 71 71 71 71 71 71 71 71 71 71 71 71 71 71 71 71 71 71 71 71 71 71 71 71 71 71 71 71 71 71 71 71 71 71 71 71 71 71 71 71 71 71 71 71 71 71 71 71 71 71 71 71 71 71 71 71 71 71 71 71 71 71 71 71 71 71 71 71 71 71 71 71 71 71 71 71 71 71 71 71 71 71 71 71 71 71 71 71 71 71 71 71 71 71 71 71 71 71 71 71 71 71 71 71 71 71 71 71 71 71 71 71 71 71 71 71 71 71 71 71 71 71 71 71 71 71 71 71 71 71 71 71 71 71 71 71 71 71 71 71 71 71 71 71 71 71 71 71 71 71 71 71 71 71 71 71 71 71 71 71 71 71 71 71 71 71 71 71 71 71 71 71 71 71 71 71 71 71 71 71 71 71 71 71 71 71 71 71 71 71 71 71 71 71 71 71 71 71 71 71 71 71 71 71 71 71 71 71 71 71 71 71 71 71 71 71 71 71 71 71 71 71 71 71 71 71 71 71 71 71 71 71 71 71 71 71 71 71 71 71 71 71 71 71 71 71 71 71 71 71 71 71 71 71 71 71 71 71 71 71 71 71 71 71 71 71 71 71 71 71 71 71 71 71 71 71 71 71 71 71 71 71 71 71 71 71 71 71 71 71 71 71 71 71 71 71 71 71 71 71 71 71 71 71 71 71 71 71 71 71 71 71 71 71 71 71 71 71 71 71 71 71 71 71 71 71 71 71 71 71 71 71 71 71 71 71 71 71 71 71 71 71 71 71 71 71 71 71 71 71 71 71 71 71 71 71 71 71 71 71 71 71 71 71 71 71 71 71 71 71 71 71 71 71 71 71 71 71 71 71 71 71 71 71 71 71 71 71 71 71 71 71 71 71 71 71 71 71 71 71 71 71 71 71 71 71 71 71 71 71 71 71 71 71 71 71 71 71 71 71 71 71 71 71 71 71 71 71 71 71 71 71 71 71 71 71 71 71 71 71 71 71 71 71 71 71 71 71 71 71 71 71 71 71 71 71 71 71 71 71 71 71 71 71 71 71 71 71 71 71 71 71 71 71 71 71 71 71 71 71 71 71 71 71 71 71 71 71 71 71 71 71 71 71 71 71 71 71 71 71 71 71 71 71 71 71 71 71 71 71 71 71 71 71 71 71 71 71 71 71 71 71 71 71 71 71 71 71 71 71 71 71 71 71 71 71 71 71 71 71 71 71 71 71 71 71 71 71 71 71 71 71 71 71 71 71 71 71 71 71 71 71 71 71 71 71 71 71 71 71 71 71 71 71 71 71 71 71 71 71 71 71 71 71 71 71 71 71 71 71 71 71 71 71 71 71 71 71 71 71 71 71 71 71 71 71 71 71 71 71 71 71 71 71 71 71 71 71 71 71 71 71 71 71 71 71 71 71 71 71 71 71 71 71 71 71 71 71 71 71 71 71 71 71 71 71 71 71 71 71 71 71 71 71 71 71 71 71 71 71 71 71 71 71 71 71 71 71 71 71 71 71 71 71 71 71 71 71 71 71 71 71 71 71 71 71 71 71 71 71 71 71 71 71 71 71 71 71 71 71 71 71 71 71 71 71 71 71 71 71 71 71 71 71 71 71 71 71 71 71 71 71 71 </DataArray>
      </Cells>
      <CellData>
        <DataArray type="UInt8" Name="vtkGhostType" format="ascii" RangeMin="0" RangeMax="1">0 0 0 0 0 0 0 0 0 0 0 0 0 0 0 0 0 0 0 0 0 0 0 0 0 0 0 0 0 0 0 0 0 0 0 0 0 0 0 0 0 0 0 0 0 0 0 0 0 0 0 0 0 0 0 0 0 0 0 0 0 0 0 0 0 0 0 0 0 0 0 0 0 0 0 0 0 0 0 0 0 0 0 0 0 0 0 0 0 0 0 0 0 0 0 0 0 0 0 0 0 0 0 0 0 0 0 0 0 0 0 0 0 0 0 0 0 0 0 0 0 0 0 0 0 0 0 0 0 0 0 0 0 0 0 0 0 0 0 0 0 0 0 0 0 0 0 0 0 0 0 0 0 0 0 0 0 0 0 0 0 0 0 0 0 0 0 0 0 0 0 0 0 0 0 0 0 0 0 0 0 0 0 0 0 0 0 0 0 0 0 0 0 0 0 0 0 0 0 0 0 0 0 0 0 0 0 0 0 0 0 0 0 0 0 0 0 0 0 0 0 0 0 0 0 0 0 0 0 0 0 0 0 0 0 0 0 0 0 0 0 0 0 0 0 0 0 0 0 0 0 0 0 0 0 0 0 0 0 0 0 0 0 0 0 0 0 0 0 0 0 0 0 0 0 0 0 0 0 0 0 0 0 0 0 0 0 0 0 0 0 0 0 0 0 0 0 0 0 0 0 0 0 0 0 0 0 0 0 0 0 0 0 0 0 0 0 0 0 0 0 0 0 0 0 0 0 0 0 0 0 0 0 0 0 0 0 0 0 0 0 0 0 0 0 0 0 0 0 0 0 0 0 0 0 0 0 0 0 0 0 0 0 0 0 0 0 0 0 0 0 0 0 0 0 0 0 0 0 0 0 0 0 0 0 0 0 0 0 0 0 0 0 0 0 0 0 0 0 0 0 0 0 0 0 0 0 0 0 0 0 0 0 0 0 0 0 0 0 0 0 0 0 0 0 0 0 0 0 0 0 0 0 0 0 0 0 0 0 0 0 0 0 0 0 0 0 0 0 0 0 0 0 0 0 0 0 0 0 0 0 0 0 0 0 0 0 0 0 0 0 0 0 0 0 0 0 0 0 0 0 0 0 0 0 0 0 0 0 0 0 0 0 0 0 0 0 0 0 0 0 0 0 0 0 0 0 0 0 0 0 0 0 0 0 0 0 0 0 0 0 0 0 0 0 0 0 0 0 0 0 0 0 0 0 0 0 0 0 0 0 0 0 0 0 0 0 0 0 0 0 0 0 0 0 0 0 0 0 0 0 0 0 0 0 0 0 0 0 0 0 0 0 0 0 0 0 0 0 0 0 0 0 0 0 0 0 0 0 0 0 0 0 0 0 0 0 0 0 0 0 0 0 0 0 0 0 0 0 0 0 0 0 0 0 0 0 0 0 0 0 0 0 0 0 0 0 0 0 0 0 0 0 0 0 0 0 0 0 0 0 0 0 0 0 0 0 0 0 0 0 0 0 0 0 0 0 0 0 0 0 0 0 0 0 0 0 0 0 0 0 0 0 0 0 0 0 0 0 0 0 0 0 0 0 0 0 0 0 0 0 0 0 0 0 0 0 0 0 0 0 0 0 0 0 0 0 0 0 0 0 0 0 0 0 0 0 0 0 0 0 0 0 0 0 0 0 0 0 0 0 0 0 0 0 0 0 0 0 0 0 0 0 0 0 0 0 0 0 0 0 0 0 0 0 0 0 0 0 0 0 0 0 0 0 0 0 0 0 0 0 0 0 0 0 0 0 0 0 0 0 0 0 0 0 0 0 0 0 0 0 0 0 0 0 0 0 0 0 0 0 0 0 0 0 0 0 0 0 0 0 0 0 0 0 0 0 0 0 0 0 0 0 0 0 0 0 0 0 0 0 0 0 0 0 0 0 0 0 0 0 0 0 0 0 0 0 0 0 0 0 0 0 0 0 0 0 0 0 0 0 0 0 0 0 0 0 0 0 0 0 0 0 0 0 0 0 0 0 0 0 0 0 0 0 0 0 0 0 0 0 0 0 0 0 0 0 0 0 0 0 0 0 0 0 0 0 0 0 0 0 0 0 0 0 0 0 0 0 0 0 0 0 0 0 0 0 0 0 0 0 0 0 0 0 0 0 0 0 0 0 0 0 0 0 0 0 0 0 0 0 0 0 0 0 0 0 0 0 0 0 0 0 0 0 0 0 0 0 0 0 0 0 0 0 0 0 0 0 0 0 0 0 0 0 0 0 0 0 0 0 0 0 0 0 0 0 0 0 0 0 0 0 0 0 0 0 0 0 0 0 0 0 0 0 0 0 0 0 0 0 0 0 0 0 0 0 0 0 0 0 0 0 0 0 0 0 0 0 0 0 0 0 0 0 0 0 0 0 0 0 0 0 0 0 0 0 0 0 0 0 0 0 0 0 0 0 0 0 0 0 0 0 0 0 0 0 0 0 0 0 0 0 0 0 0 0 0 0 0 0 0 0 0 0 0 0 0 0 0 0 0 0 0 0 0 0 0 0 0 0 0 0 0 0 0 0 0 0 0 0 0 0 0 0 0 0 0 0 0 0 0 0 0 0 0 0 0 0 0 0 0 0 0 0 0 0 0 0 0 0 0 0 0 0 0 0 0 0 0 0 0 0 0 0 0 0 0 0 0 0 0 0 0 0 0 0 0 0 0 0 0 0 0 0 0 0 0 0 0 0 0 0 0 0 0 0 0 0 0 0 0 0 0 0 0 0 0 0 0 0 0 0 0 0 0 0 0 0 0 0 0 0 0 0 0 0 0 0 0 0 0 0 0 0 0 0 0 0 0 0 0 0 0 0 0 0 0 0 0 0 0 0 0 0 0 0 0 0 0 0 0 0 0 0 0 0 0 0 0 0 0 0 0 0 0 0 0 0 0 0 0 0 0 0 0 0 0 0 0 0 0 0 0 0 0 0 0 0 0 0 0 0 0 0 0 0 0 0 0 0 0 0 0 0 0 0 0 0 0 0 0 0 0 0 0 0 0 0 0 0 0 0 0 0 0 0 0 0 0 0 0 0 0 0 0 0 0 0 0 0 0 0 0 0 0 0 0 0 0 0 0 0 0 0 0 0 0 0 0 0 0 0 0 0 0 0 0 0 0 0 0 0 0 0 0 0 0 0 0 0 0 0 0 0 0 0 0 0 0 0 0 0 0 0 0 0 0 0 0 0 0 0 0 0 0 0 0 0 0 0 0 0 0 0 0 0 0 0 0 0 0 0 0 0 0 0 0 0 0 0 0 0 0 0 0 0 0 0 0 0 0 0 0 0 0 0 0 0 0 0 0 0 0 0 0 0 0 0 0 0 0 0 0 0 0 0 0 0 0 0 0 0 0 0 0 0 0 0 0 0 0 0 0 0 0 0 0 0 0 0 0 0 0 0 0 0 0 0 0 0 0 0 0 0 0 0 0 0 0 0 0 0 0 0 0 0 0 0 0 0 0 0 0 0 0 0 0 0 0 0 0 0 0 0 0 0 0 0 0 0 0 0 0 0 0 0 0 0 0 0 0 0 0 0 0 0 0 0 0 0 0 0 0 0 0 0 0 0 0 0 0 0 0 0 0 0 0 0 0 0 0 0 0 0 0 0 0 0 0 0 0 0 0 0 0 0 0 0 0 0 0 0 0 0 0 0 0 0 0 0 0 0 0 0 0 0 0 0 0 0 0 0 0 0 0 0 0 0 0 0 0 0 0 0 0 0 0 0 0 0 0 0 0 0 0 0 0 0 0 0 0 0 0 0 0 0 0 0 0 0 0 0 0 0 0 0 0 0 0 0 0 0 0 0 0 0 0 0 0 0 0 0 0 0 0 0 0 0 0 0 0 0 0 0 0 0 0 0 0 0 0 0 0 0 0 0 0 0 0 0 0 0 0 0 0 0 0 0 0 0 0 0 0 0 0 0 0 0 0 0 0 0 0 0 0 0 0 0 0 0 0 0 0 0 0 0 0 0 0 0 0 0 0 0 0 0 0 0 0 0 0 0 0 0 0 0 0 0 0 0 0 0 0 0 0 0 0 0 0 0 0 0 0 0 0 0 0 0 0 0 0 0 0 0 0 0 0 0 0 0 0 0 0 0 0 0 0 0 0 0 0 0 0 0 0 0 0 0 0 0 0 0 0 0 0 0 0 0 0 0 0 0 0 0 0 0 0 0 0 0 0 0 0 0 0 0 0 0 0 0 0 0 0 0 0 0 0 0 0 0 0 0 0 0 0 0 0 0 0 0 0 0 0 0 0 0 0 0 0 0 0 0 0 0 0 0 0 0 0 0 0 0 0 0 0 0 0 0 0 0 0 0 0 0 0 0 0 0 0 0 0 0 0 0 0 0 0 0 0 0 0 0 0 0 0 0 0 0 0 0 0 0 0 0 0 0 0 0 0 0 0 0 0 0 0 0 0 0 0 0 0 0 0 0 0 0 0 0 0 0 0 0 0 0 0 0 0 0 0 0 0 0 0 0 0 0 0 0 0 0 0 0 0 0 0 0 0 0 0 0 0 0 0 0 0 0 0 0 0 0 0 0 0 0 0 0 0 0 0 0 0 0 0 0 0 0 0 0 0 0 0 0 0 0 0 0 0 0 0 0 0 0 0 0 0 0 0 0 0 0 0 0 0 0 0 0 0 0 0 0 0 0 0 0 0 0 0 0 0 0 0 0 0 0 0 0 0 0 0 0 0 0 0 0 0 0 0 0 0 0 0 0 0 0 0 0 0 0 0 0 0 0 0 0 0 0 0 0 0 0 0 0 0 0 0 0 0 0 0 0 0 0 0 0 0 0 0 0 0 0 0 0 0 0 0 0 0 0 0 0 0 0 0 0 0 0 0 0 0 0 0 0 0 0 0 0 0 0 0 0 0 0 0 0 0 0 0 0 0 0 0 0 0 0 0 0 0 0 0 0 0 0 0 0 0 0 0 0 0 0 0 0 0 0 0 0 0 0 0 0 0 0 0 0 0 0 0 0 0 0 0 0 0 0 0 0 0 0 0 0 0 0 0 0 0 0 0 0 0 0 0 0 0 0 0 0 0 0 0 0 0 0 0 0 0 0 0 0 0 0 0 0 0 0 0 0 0 0 0 0 0 0 0 0 0 0 0 0 0 0 0 0 0 0 0 0 0 0 0 0 0 0 0 0 0 0 0 0 0 0 0 0 0 0 0 0 0 0 0 0 0 0 0 0 0 0 0 0 0 0 0 0 0 0 0 0 0 0 0 0 0 0 0 0 0 0 0 0 0 0 0 0 0 0 0 0 0 0 0 0 0 0 0 0 0 0 0 0 0 0 0 0 0 0 0 0 0 0 0 0 0 0 0 0 0 0 0 0 0 0 0 0 0 0 0 0 0 0 0 0 0 0 0 0 0 0 0 0 0 0 0 0 0 0 0 0 0 0 0 0 0 0 0 0 0 0 0 0 0 0 0 0 0 0 0 0 0 0 0 0 0 0 0 0 0 0 0 0 0 0 0 0 0 0 0 0 0 0 0 0 0 0 0 0 0 0 0 0 0 0 0 0 0 0 0 0 0 0 0 0 0 0 0 0 0 0 0 0 0 0 0 0 0 0 0 0 0 0 0 0 0 0 0 0 0 0 0 0 0 0 0 0 0 0 0 0 0 0 0 0 0 0 0 0 0 0 0 0 0 0 0 0 0 0 0 0 0 0 0 0 0 0 0 0 0 0 0 0 0 0 0 0 0 0 0 0 0 0 0 0 0 0 0 0 0 0 0 0 0 0 0 0 0 0 0 0 0 0 0 0 0 0 0 0 0 0 0 0 0 0 0 0 0 0 0 0 0 0 0 0 0 0 0 0 0 0 0 0 0 0 0 0 0 0 0 0 0 0 0 0 0 0 0 0 0 0 0 0 0 0 0 0 0 0 0 0 0 0 0 0 0 0 0 0 0 0 0 0 0 0 0 0 0 0 0 0 0 0 0 0 0 0 0 0 0 0 0 0 0 0 0 0 0 0 0 0 0 0 0 0 0 0 0 0 0 0 0 0 0 0 0 0 0 0 0 0 0 0 0 0 0 0 0 0 0 0 0 0 0 0 0 0 0 0 0 0 0 0 0 0 0 0 0 0 0 0 0 0 0 0 0 0 0 0 0 0 0 0 0 0 0 0 0 0 0 0 0 0 0 0 0 0 0 0 0 0 0 0 0 0 0 0 0 0 0 0 0 0 0 0 0 0 0 0 0 0 0 0 0 0 0 0 0 0 0 0 0 0 0 0 0 0 0 0 0 0 0 0 0 0 0 0 0 0 0 0 0 0 0 0 0 0 0 0 0 0 0 0 0 0 0 0 0 0 0 0 0 0 0 0 0 0 0 0 0 0 0 0 0 0 0 0 0 0 0 0 0 0 0 0 0 0 0 0 0 0 0 0 0 0 0 0 0 0 0 0 0 0 0 0 0 0 0 0 0 0 0 0 0 0 0 0 0 0 0 0 0 0 0 0 0 0 0 0 0 0 0 0 0 0 0 0 0 0 0 0 0 0 0 0 0 0 0 0 0 0 0 0 0 0 0 0 0 0 0 0 0 0 0 0 0 0 0 0 0 0 0 0 0 0 0 0 0 0 0 0 0 0 0 0 0 0 0 0 0 0 0 0 0 0 0 0 0 0 0 0 0 0 0 0 0 0 0 0 0 0 0 0 0 0 0 0 0 0 0 0 0 0 0 0 0 0 0 0 0 0 0 0 0 0 0 0 0 0 0 0 0 0 0 0 0 0 0 0 0 0 0 0 0 0 0 0 0 0 0 0 0 0 0 0 0 0 0 0 0 0 0 0 0 0 0 0 0 0 0 0 0 0 0 0 0 0 0 0 0 0 0 0 0 0 0 0 0 0 0 0 0 0 0 0 0 0 0 0 0 0 0 0 0 0 0 0 0 0 0 0 0 0 0 0 0 0 0 0 0 0 0 0 0 0 0 0 0 0 0 0 0 0 0 0 0 0 0 0 0 0 0 0 0 0 0 0 0 0 0 0 0 0 0 0 0 0 0 0 0 0 0 0 0 0 0 0 0 0 0 0 0 0 0 0 0 0 0 0 0 0 0 0 0 0 0 0 0 0 0 0 0 0 0 0 0 0 0 0 0 0 0 0 0 0 0 0 0 0 0 0 0 0 0 0 0 0 0 0 0 0 0 0 0 0 0 0 0 0 0 0 0 0 0 0 0 0 0 0 0 0 0 0 0 0 0 0 0 0 0 0 0 0 0 0 0 0 0 0 0 0 0 0 0 0 0 0 0 0 0 0 0 0 0 0 0 0 0 0 0 0 0 0 0 0 0 0 0 0 0 0 0 0 0 0 0 0 0 0 0 0 0 0 0 0 0 0 0 0 0 0 0 0 0 0 0 0 0 0 0 0 0 0 0 0 0 0 0 0 0 0 0 0 0 0 0 0 0 0 0 0 0 0 0 0 0 0 0 0 0 0 0 0 0 0 0 0 0 0 0 0 0 0 0 0 0 0 0 0 0 0 0 0 0 0 0 0 0 0 0 0 0 0 0 0 0 0 0 0 0 0 0 0 0 0 0 0 0 0 0 0 0 0 0 0 0 0 0 0 0 0 0 0 0 0 0 0 0 0 0 0 0 0 0 0 0 0 0 0 0 0 0 0 0 0 0 0 0 0 0 0 0 0 0 0 0 0 0 0 0 0 0 0 0 0 0 0 0 0 0 0 0 0 0 0 0 0 0 0 0 0 0 0 0 0 0 0 0 0 0 0 0 0 0 0 0 0 0 0 0 0 0 0 0 0 0 0 0 0 0 0 0 0 0 0 0 0 0 0 0 0 0 0 0 0 0 0 0 0 0 0 0 0 0 0 0 0 0 0 0 0 0 0 0 0 0 0 0 0 0 0 0 0 0 0 0 0 0 0 0 0 0 0 0 0 0 0 0 0 0 0 0 0 0 0 0 0 0 0 0 0 0 0 0 0 0 0 0 0 0 0 0 0 0 0 0 0 0 0 0 0 0 0 0 0 0 0 0 0 0 0 0 0 0 0 0 0 0 0 0 0 0 0 0 0 0 0 0 0 0 0 0 0 0 0 0 0 0 0 0 0 0 0 0 0 0 0 0 0 0 0 0 0 0 0 0 0 0 0 0 0 0 0 0 0 0 0 0 0 0 0 0 0 0 0 0 0 0 0 0 0 0 0 0 0 0 0 0 0 0 0 0 0 0 0 0 0 0 0 0 0 0 0 0 0 0 0 0 0 0 0 0 0 0 0 0 0 0 0 0 0 0 0 0 0 0 0 0 0 0 0 0 0 0 0 0 0 0 0 0 0 0 0 0 0 0 0 0 0 0 0 0 0 0 0 0 0 0 0 0 0 0 0 0 0 0 0 0 0 0 0 0 0 0 0 0 0 0 0 0 0 0 0 0 0 0 0 0 0 0 0 0 0 0 0 0 0 0 0 0 0 0 0 0 0 0 0 0 0 0 0 0 0 0 0 0 0 0 0 0 0 0 0 0 0 0 0 0 0 0 0 0 0 0 0 0 0 0 0 0 0 0 0 0 0 0 0 0 0 0 0 0 0 0 0 0 0 0 0 0 0 0 0 0 0 0 0 0 0 0 0 0 0 0 0 0 0 0 0 0 0 0 0 0 0 0 0 0 0 0 0 0 0 0 0 0 0 0 0 0 0 0 0 0 0 0 0 0 0 0 0 0 0 0 0 0 0 0 0 0 0 0 0 0 0 0 0 0 0 0 0 0 0 0 0 0 0 0 0 0 0 0 0 0 0 0 0 0 0 0 0 0 0 0 0 0 0 0 0 0 0 0 0 0 0 0 0 0 0 0 0 0 0 0 0 0 0 0 0 0 0 0 0 0 0 0 0 0 0 0 0 0 0 0 0 0 0 0 0 0 0 0 0 0 0 0 0 0 0 0 0 0 0 0 0 0 0 0 0 0 0 0 0 0 0 0 0 0 0 0 0 0 0 0 0 0 0 0 0 0 0 0 0 0 0 0 0 0 0 0 0 0 0 0 0 0 0 0 0 0 0 0 0 0 0 0 0 0 0 0 0 0 0 0 0 0 0 0 0 0 0 0 0 0 0 0 0 0 0 0 0 0 0 0 0 0 0 0 0 0 0 0 0 0 0 0 0 0 0 0 0 0 0 0 0 0 0 0 0 0 0 0 0 0 0 0 0 0 0 0 0 0 0 0 0 0 0 0 0 0 0 0 0 0 0 0 0 0 0 0 0 0 0 0 0 0 0 0 0 0 0 0 0 0 0 0 0 0 0 0 0 0 0 0 0 0 0 0 0 0 0 0 0 0 0 0 0 0 0 0 0 0 0 0 0 0 0 0 0 0 0 0 0 0 0 0 0 0 0 0 0 0 0 0 0 0 0 0 0 0 0 0 0 0 0 0 0 0 0 0 0 0 0 0 0 0 0 0 0 0 0 0 0 0 0 0 0 0 0 0 0 0 0 0 0 0 0 0 0 0 0 0 0 0 0 0 0 0 0 0 0 0 0 0 0 0 0 0 0 0 0 0 0 0 0 0 0 0 0 0 0 0 0 0 0 0 0 0 0 0 0 0 0 0 0 0 0 0 0 0 0 0 0 0 0 0 0 0 0 0 0 0 0 0 0 0 0 0 0 0 0 0 0 0 0 0 0 0 0 0 0 0 0 0 0 0 0 0 0 0 0 0 0 0 0 0 0 0 0 0 0 0 0 0 0 0 0 0 0 0 0 0 0 0 0 0 0 0 0 0 0 0 0 0 0 0 0 0 0 0 0 0 0 0 0 0 0 0 0 0 0 0 0 0 0 0 0 0 0 0 0 0 0 0 0 0 0 0 0 0 0 0 0 0 0 0 0 0 0 0 0 0 0 0 0 0 0 0 0 0 0 0 0 0 0 0 0 0 0 0 0 0 0 0 0 0 0 0 0 0 0 0 0 0 0 0 0 0 0 0 0 0 0 0 0 0 0 0 0 0 0 0 0 0 0 0 0 0 0 0 0 0 0 0 0 0 0 0 0 0 0 0 0 0 0 0 0 0 0 0 0 0 0 0 0 0 0 0 0 0 0 0 0 0 0 0 0 0 0 0 0 0 0 0 0 0 0 0 0 0 0 0 0 0 0 0 0 0 0 0 0 0 0 0 0 0 0 0 0 0 0 0 0 0 0 0 0 0 0 0 0 0 0 0 0 0 0 0 0 0 0 0 0 0 0 0 0 0 0 0 0 0 0 0 0 0 0 0 0 0 0 0 0 0 0 0 0 0 0 0 0 0 0 0 0 0 0 0 0 0 0 0 0 0 0 0 0 0 0 0 0 0 0 0 0 0 0 0 0 0 0 0 0 0 0 0 0 0 0 0 0 0 0 0 0 0 0 0 0 0 0 0 0 0 0 0 0 0 0 0 0 0 0 0 0 0 0 0 0 0 0 0 0 0 0 0 0 0 0 0 0 0 0 0 0 0 0 0 0 0 0 0 0 0 0 0 0 0 0 0 0 0 0 0 0 0 0 0 0 0 0 0 0 0 0 0 0 0 0 0 0 0 0 0 0 0 0 0 0 0 0 0 0 0 0 0 0 0 0 0 0 0 0 0 0 0 0 0 0 0 0 0 0 0 0 0 0 0 0 0 0 0 0 0 0 0 0 0 0 0 0 0 0 0 0 0 0 0 0 0 0 0 0 0 0 0 0 0 0 0 0 0 0 0 0 0 0 0 0 0 0 0 0 0 0 0 0 0 0 0 0 0 0 0 0 0 0 0 0 0 0 0 0 0 0 0 0 0 0 0 0 0 0 0 0 0 0 0 0 0 0 0 0 0 0 0 0 0 0 0 0 0 0 0 0 0 0 0 0 0 0 0 0 0 0 0 0 0 0 0 0 0 0 0 0 0 0 0 0 0 0 0 0 0 0 0 0 0 0 0 0 0 0 0 0 0 0 0 0 0 0 0 0 0 0 0 0 0 0 0 0 0 0 0 0 0 0 0 0 0 0 0 0 0 0 0 0 0 0 0 0 0 0 0 0 0 0 0 0 0 0 0 0 0 0 0 0 0 0 0 0 0 0 0 0 0 0 0 0 0 0 0 0 0 0 0 0 0 0 0 0 0 0 0 0 0 0 0 0 0 0 0 0 0 0 0 0 0 0 0 0 0 0 0 0 0 0 0 0 0 0 0 0 0 0 0 0 0 0 0 0 0 0 0 0 0 0 0 0 0 0 0 0 0 0 0 0 0 0 0 0 0 0 0 0 0 0 0 0 0 0 0 0 0 0 0 0 0 0 0 0 0 0 0 0 0 0 0 0 0 0 0 0 0 0 0 0 0 0 0 0 0 0 0 0 0 0 0 0 0 0 0 0 0 0 0 0 0 0 0 0 0 0 0 0 0 0 0 0 0 0 0 0 0 0 0 0 0 0 0 0 0 0 0 0 0 0 0 0 0 0 0 0 0 0 0 0 0 0 0 0 0 0 0 0 0 0 0 0 0 0 0 0 0 0 0 0 0 0 0 0 0 0 0 0 0 0 0 0 0 0 0 0 0 0 0 0 0 0 0 0 0 0 0 0 0 0 0 0 0 0 0 0 0 0 0 0 0 0 0 0 0 0 0 0 0 0 0 0 0 0 0 0 0 0 0 0 0 0 0 0 0 0 0 0 0 0 0 0 0 0 0 0 0 0 0 0 0 0 0 0 0 0 0 0 0 0 0 0 0 0 0 0 0 0 0 0 0 0 0 0 0 0 0 0 0 0 0 0 0 0 0 0 0 0 0 0 0 0 0 0 0 0 0 0 0 0 0 0 0 0 0 0 0 0 0 0 0 0 0 0 0 0 0 0 0 0 0 0 0 0 0 0 0 0 0 0 0 0 0 0 0 0 0 0 0 0 0 0 0 0 0 0 0 0 0 0 0 0 0 0 0 0 0 0 0 0 0 0 0 0 0 0 0 0 0 0 0 0 0 0 0 0 0 0 0 0 0 0 0 0 0 0 0 0 0 0 0 0 0 0 0 0 0 0 0 0 0 0 0 0 0 0 0 0 0 0 0 0 0 0 0 0 0 0 0 0 0 0 0 0 0 0 0 0 0 0 0 0 0 0 0 0 0 0 0 0 0 0 0 0 0 0 0 0 0 0 0 0 0 0 0 0 0 0 0 0 0 0 0 0 0 0 0 0 0 0 0 0 0 0 0 0 0 0 0 0 0 0 0 0 0 0 0 0 0 0 0 0 0 0 0 0 0 0 0 0 0 0 0 0 0 0 0 0 0 0 0 0 0 0 0 0 0 0 0 0 0 0 0 0 0 0 0 0 0 0 0 0 0 0 0 0 0 0 0 0 0 0 0 0 0 0 0 0 0 0 0 0 0 0 0 0 0 0 0 0 0 0 0 0 0 0 0 0 0 0 0 0 0 0 0 0 0 0 0 0 0 0 0 0 0 0 0 0 0 0 0 0 0 0 0 0 0 0 0 0 0 0 0 0 0 0 0 0 0 0 0 0 0 0 0 0 0 0 0 0 0 0 0 0 0 0 0 0 0 0 0 0 0 0 0 0 0 0 0 0 0 0 0 0 0 0 0 0 0 0 0 0 0 0 0 0 0 0 0 0 0 0 0 0 0 0 0 0 0 0 0 0 0 0 0 0 0 0 0 0 0 0 0 0 0 0 0 0 0 0 0 0 0 0 0 0 0 0 0 0 0 0 0 0 0 0 0 0 0 0 0 0 0 0 0 0 0 0 0 0 0 0 0 0 0 0 0 0 0 0 0 0 0 0 0 0 0 0 0 0 0 0 0 0 0 0 0 0 0 0 0 0 0 0 0 0 0 0 0 0 0 0 0 0 0 0 0 0 0 0 0 0 0 0 0 0 0 0 0 0 0 0 0 0 0 0 0 0 0 0 0 0 0 0 0 0 0 0 0 0 0 0 0 0 0 0 0 0 0 0 0 0 0 0 0 0 0 0 0 0 0 0 0 0 0 0 0 0 0 0 0 0 0 0 0 0 0 0 0 0 0 0 0 0 0 0 0 0 0 0 0 0 0 0 0 0 0 0 0 0 0 0 0 0 0 0 0 0 0 0 0 0 0 0 0 0 0 0 0 0 0 0 0 0 0 0 0 0 0 0 0 0 0 0 0 0 0 0 0 0 0 0 0 0 0 0 0 0 0 0 0 0 0 0 0 0 0 0 0 0 0 0 0 0 0 0 0 0 0 0 0 0 0 0 0 0 0 0 0 0 0 0 0 0 0 0 0 0 0 0 0 0 0 0 0 0 0 0 0 0 0 0 0 0 0 0 0 0 0 0 0 0 0 0 0 0 0 0 0 0 0 0 0 0 0 0 0 0 0 0 0 0 0 0 0 0 0 0 0 0 0 0 0 0 0 0 0 0 0 0 0 0 0 0 0 0 0 0 0 0 0 0 0 0 0 0 0 0 0 0 0 0 0 0 0 0 0 0 0 0 0 0 0 0 0 0 0 0 0 0 0 0 0 0 0 0 0 0 0 0 0 0 0 0 0 0 0 0 0 0 0 0 0 0 0 0 0 0 0 0 0 0 0 0 0 0 0 0 0 0 0 0 0 0 0 0 0 0 0 0 0 0 0 0 0 0 0 0 0 0 0 0 0 0 0 0 0 0 0 0 0 0 0 0 0 0 0 0 0 0 0 0 0 0 0 0 0 0 0 0 0 0 0 0 0 0 0 0 0 0 0 0 0 0 0 0 0 0 0 0 0 0 0 0 0 0 0 0 0 0 0 0 0 0 0 0 0 0 0 0 0 0 0 0 0 0 0 0 0 0 0 0 0 0 0 0 0 0 0 0 0 0 0 0 0 0 0 0 0 0 0 0 0 0 0 0 0 0 0 0 0 0 0 0 0 0 0 0 0 0 0 0 0 0 0 0 0 0 0 0 0 0 0 0 0 0 0 0 0 0 0 0 0 0 0 0 0 0 0 0 0 0 0 0 0 0 0 0 0 0 0 0 0 0 0 0 0 0 0 0 0 0 0 0 0 0 0 0 0 0 0 0 0 0 0 0 0 0 0 0 0 0 0 0 0 0 0 0 0 0 0 0 0 0 0 0 0 0 0 0 0 0 0 0 0 0 0 0 0 0 0 0 0 0 0 0 0 0 0 0 0 0 0 0 0 0 0 0 0 0 0 0 0 0 0 0 0 0 0 0 0 0 0 0 0 0 0 0 0 0 0 0 0 0 0 0 0 0 0 0 0 0 0 0 0 0 0 0 0 0 0 0 0 0 0 0 0 0 0 0 0 0 0 0 0 0 0 0 0 0 0 0 0 0 0 0 0 0 0 0 0 0 0 0 0 0 0 0 0 0 0 0 0 0 0 0 0 0 0 0 0 0 0 0 0 0 0 0 0 0 0 0 0 0 0 0 0 0 0 0 0 0 0 0 0 0 0 0 0 0 0 0 0 0 0 0 0 0 0 0 0 0 0 0 0 0 0 0 0 0 0 0 0 0 0 0 0 0 0 0 0 0 0 0 0 0 0 0 0 0 0 0 0 0 0 0 0 0 0 0 0 0 0 0 0 0 0 0 0 0 0 0 0 0 0 0 0 0 0 0 0 0 0 0 0 0 0 0 0 0 0 0 0 0 0 0 0 0 0 0 0 0 0 0 0 0 0 0 0 0 0 0 0 0 0 0 0 0 0 0 0 0 0 0 0 0 0 0 0 0 0 0 0 0 0 0 0 0 0 0 0 0 0 0 0 0 0 0 0 0 0 0 0 0 0 0 0 0 0 0 0 0 0 0 0 0 0 0 0 0 0 0 0 0 0 0 0 0 0 0 0 0 0 0 0 0 0 0 0 0 0 0 0 0 0 0 0 0 0 0 0 0 0 0 0 0 0 0 0 0 0 0 0 0 0 0 0 0 0 0 0 0 0 0 0 0 0 0 0 0 0 0 0 0 0 0 0 0 0 0 0 0 0 0 0 0 0 0 0 0 0 0 0 0 0 0 0 0 0 0 0 0 0 0 0 0 0 0 0 0 0 0 0 0 0 0 0 0 0 0 0 0 0 0 0 0 0 0 0 0 0 0 0 0 0 0 0 0 0 0 0 0 0 0 0 0 0 0 0 0 0 0 </DataArray>
        <DataArray type="Int64" IdType="1" Name="vtkOriginalCellIds" format="ascii" RangeMin="0" RangeMax="6704">0 1 2 3 4 5 6 7 8 9 10 11 12 13 14 15 16 17 18 19 20 21 22 23 24 25 26 27 28 29 30 31 32 33 34 35 36 37 38 39 40 41 42 43 44 45 46 47 48 49 50 51 52 53 54 55 56 57 58 59 60 61 62 63 64 65 66 67 68 69 70 71 72 73 74 75 76 77 78 79 80 81 82 83 84 85 86 87 88 89 90 91 92 93 94 95 96 97 98 99 100 101 102 103 104 105 106 107 108 109 110 111 112 113 114 115 116 117 118 119 120 121 122 123 124 125 126 127 128 129 130 131 132 133 134 135 136 137 138 139 140 141 142 143 144 145 146 147 148 149 150 151 152 153 154 155 156 157 158 159 160 161 162 163 164 165 166 167 168 169 170 171 172 173 174 175 176 177 178 179 180 181 182 183 184 185 186 187 188 189 190 191 192 193 194 195 196 197 198 199 200 201 202 203 204 205 206 207 208 209 210 211 212 213 214 215 216 217 218 219 220 221 222 223 224 225 226 227 228 229 230 231 232 233 234 235 236 237 238 239 240 241 242 243 244 245 246 247 248 249 250 251 252 253 254 255 256 257 258 259 260 261 262 263 264 265 266 267 268 269 270 271 272 273 274 275 276 277 278 279 280 281 282 283 284 285 286 287 288 289 290 291 292 293 294 295 296 297 298 299 300 301 302 303 304 305 306 307 308 309 310 311 312 313 314 315 316 317 318 319 320 321 322 323 324 325 326 327 328 329 330 331 332 333 334 335 336 337 338 339 340 341 342 343 344 345 346 347 348 349 350 351 352 353 354 355 356 357 358 359 360 361 362 363 364 365 366 367 368 369 370 371 372 373 374 375 376 377 378 379 380 381 382 383 384 385 386 387 388 389 390 391 392 393 394 395 396 397 398 399 400 401 402 403 404 405 406 407 408 409 410 411 412 413 414 415 416 417 418 419 420 421 422 423 424 425 426 427 428 429 430 431 432 433 434 435 436 437 438 439 440 441 442 443 444 445 446 447 448 449 450 451 452 453 454 455 456 457 458 459 460 461 462 463 464 465 466 467 468 469 470 471 472 473 474 475 476 477 478 479 480 481 482 483 484 485 486 487 488 489 490 491 492 493 494 495 496 497 498 499 500 501 502 503 504 505 506 507 508 509 510 511 512 513 514 515 516 517 518 519 520 521 522 523 524 525 526 527 528 529 530 531 532 533 534 535 536 537 538 539 540 541 542 543 544 545 546 547 548 549 550 551 552 553 554 555 556 557 558 559 560 561 562 563 564 565 566 567 568 569 570 571 572 573 574 575 576 577 578 579 580 581 582 583 584 585 586 587 588 589 590 591 592 593 594 595 596 597 598 599 600 601 602 603 604 605 606 607 608 609 610 611 612 613 614 615 616 617 618 619 620 621 622 623 624 625 626 627 628 629 630 631 632 633 634 635 636 637 638 639 640 641 642 643 644 645 646 647 648 649 650 651 652 653 654 655 656 657 658 659 660 661 662 663 664 665 666 667 668 669 670 671 672 673 674 675 676 677 678 679 680 681 682 683 684 685 686 687 688 689 690 691 692 693 694 695 696 697 698 699 700 701 702 703 704 705 706 707 708 709 710 711 712 713 714 715 716 717 718 719 720 721 722 723 724 725 726 727 728 729 730 731 732 733 734 735 736 737 738 739 740 741 742 743 744 745 746 747 748 749 750 751 752 753 754 755 756 757 758 759 760 761 762 763 764 765 766 767 768 769 770 771 772 773 774 775 776 777 778 779 780 781 782 783 784 785 786 787 788 789 790 791 792 793 794 795 796 797 798 799 800 801 802 803 804 805 806 807 808 809 810 811 812 813 814 815 816 817 818 819 820 821 822 823 824 825 826 827 828 829 830 831 832 833 834 835 836 837 838 839 840 841 842 843 844 845 846 847 848 849 850 851 852 853 854 855 856 857 858 859 860 861 862 863 864 865 866 867 868 869 870 871 872 873 874 875 876 877 878 879 880 881 882 883 884 885 886 887 888 889 890 891 892 893 894 895 896 897 898 899 900 901 902 903 904 905 906 907 908 909 910 911 912 913 914 915 916 917 918 919 920 921 922 923 924 925 926 927 928 929 930 931 932 933 934 935 936 937 938 939 940 941 942 943 944 945 946 947 948 949 950 951 952 953 954 955 956 957 958 959 960 961 962 963 964 965 966 967 968 969 970 971 972 973 974 975 976 977 978 979 980 981 982 983 984 985 986 987 988 989 990 991 992 993 994 995 996 997 998 999 1000 1001 1002 1003 1004 1005 1006 1007 1008 1009 1010 1011 1012 1013 1014 1015 1016 1017 1018 1019 1020 1021 1022 1023 1024 1025 1026 1027 1028 1029 1030 1031 1032 1033 1034 1035 1036 1037 1038 1039 1040 1041 1042 1043 1044 1045 1046 1047 1048 1049 1050 1051 1052 1053 1054 1055 1056 1057 1058 1059 1060 1061 1062 1063 1064 1065 1066 1067 1068 1069 1070 1071 1072 1073 1074 1075 1076 1077 1078 1079 1080 1081 1082 1083 1084 1085 1086 1087 1088 1089 1090 1091 1092 1093 1094 1095 1096 1097 1098 1099 1100 1101 1102 1103 1104 1105 1106 1107 1108 1109 1110 1111 1112 1113 1114 1115 1116 1117 1118 1119 1120 1121 1122 1123 1124 1125 1126 1127 1128 1129 1130 1131 1132 1133 1134 1135 1136 1137 1138 1139 1140 1141 1142 1143 1144 1145 1146 1147 1148 1149 1150 1151 1152 1153 1154 1155 1156 1157 1158 1159 1160 1161 1162 1163 1164 1165 1166 1167 1168 1169 1170 1171 1172 1173 1174 1175 1176 1177 1178 1179 1180 1181 1182 1183 1184 1185 1186 1187 1188 1189 1190 1191 1192 1193 1194 1195 1196 1197 1198 1199 1200 1201 1202 1203 1204 1205 1206 1207 1208 1209 1210 1211 1212 1213 1214 1215 1216 1217 1218 1219 1220 1221 1222 1223 1224 1225 1226 1227 1228 1229 1230 1231 1232 1233 1234 1235 1236 1237 1238 1239 1240 1241 1242 1243 1244 1245 1246 1247 1248 1249 1250 1251 1252 1253 1254 1255 1256 1257 1258 1259 1260 1261 1262 1263 1264 1265 1266 1267 1268 1269 1270 1271 1272 1273 1274 1275 1276 1277 1278 1279 1280 1281 1282 1283 1284 1285 1286 1287 1288 1289 1290 1291 1292 1293 1294 1295 1296 1297 1298 1299 1300 1301 1302 1303 1304 1305 1306 1307 1308 1309 1310 1311 1312 1313 1314 1315 1316 1317 1318 1319 1320 1321 1322 1323 1324 1325 1326 1327 1328 1329 1330 1331 1332 1333 1334 1335 1336 1337 1338 1339 1340 1341 1342 1343 1344 1345 1346 1347 1348 1349 1350 1351 1352 1353 1354 1355 1356 1357 1358 1359 1360 1361 1362 1363 1364 1365 1366 1367 1368 1369 1370 1371 1372 1373 1374 1375 1376 1377 1378 1379 1380 1381 1382 1383 1384 1385 1386 1387 1388 1389 1390 1391 1392 1393 1394 1395 1396 1397 1398 1399 1400 1401 1402 1403 1404 1405 1406 1407 1408 1409 1410 1411 1412 1413 1414 1415 1416 1417 1418 1419 1420 1421 1422 1423 1424 1425 1426 1427 1428 1429 1430 1431 1432 1433 1434 1435 1436 1437 1438 1439 1440 1441 1442 1443 1444 1445 1446 1447 1448 1449 1450 1451 1452 1453 1454 1455 1456 1457 1458 1459 1460 1461 1462 1463 1464 1465 1466 1467 1468 1469 1470 1471 1472 1473 1474 1475 1476 1477 1478 1479 1480 1481 1482 1483 1484 1485 1486 1487 1488 1489 1490 1491 1492 1493 1494 1495 1496 1497 1498 1499 1500 1501 1502 1503 1504 1505 1506 1507 1508 1509 1510 1511 1512 1513 1514 1515 1516 1517 1518 1519 1520 1521 1522 1523 1524 1525 1526 1527 1528 1529 1530 1531 1532 1533 1534 1535 1536 1537 1538 1539 1540 1541 1542 1543 1544 1545 1546 1547 1548 1549 1550 1551 1552 1553 1554 1555 1556 1557 1558 1559 1560 1561 1562 1563 1564 1565 1566 1567 1568 1569 1570 1571 1572 1573 1574 1575 1576 1577 1578 1579 1580 1581 1582 1583 1584 1585 1586 1587 1588 1589 1590 1591 1592 1593 1594 1595 1596 1597 1598 1599 1600 1601 1602 1603 1604 1605 1606 1607 1608 1609 1610 1611 1612 1613 1614 1615 1616 1617 1618 1619 1620 1621 1622 1623 1624 1625 1626 1627 1628 1629 1630 1631 1632 1633 1634 1635 1636 1637 1638 1639 1640 1641 1642 1643 1644 1645 1646 1647 1648 1649 1650 1651 1652 1653 1654 1655 1656 1657 1658 1659 1660 1661 1662 1663 1664 1665 1666 1667 1668 1669 1670 1671 1672 1673 1674 1675 1676 1677 1678 1679 1680 1681 1682 1683 1684 1685 1686 1687 1688 1689 1690 1691 1692 1693 1694 1695 1696 1697 1698 1699 1700 1701 1702 1703 1704 1705 1706 1707 1708 1709 1710 1711 1712 1713 1714 1715 1716 1717 1718 1719 1720 1721 1722 1723 1724 1725 1726 1727 1728 1729 1730 1731 1732 1733 1734 1735 1736 1737 1738 1739 1740 1741 1742 1743 1744 1745 1746 1747 1748 1749 1750 1751 1752 1753 1754 1755 1756 1757 1758 1759 1760 1761 1762 1763 1764 1765 1766 1767 1768 1769 1770 1771 1772 1773 1774 1775 1776 1777 1778 1779 1780 1781 1782 1783 1784 1785 1786 1787 1788 1789 1790 1791 1792 1793 1794 1795 1796 1797 1798 1799 1800 1801 1802 1803 1804 1805 1806 1807 1808 1809 1810 1811 1812 1813 1814 1815 1816 1817 1818 1819 1820 1821 1822 1823 1824 1825 1826 1827 1828 1829 1830 1831 1832 1833 1834 1835 1836 1837 1838 1839 1840 1841 1842 1843 1844 1845 1846 1847 1848 1849 1850 1851 1852 1853 1854 1855 1856 1857 1858 1859 1860 1861 1862 1863 1864 1865 1866 1867 1868 1869 1870 1871 1872 1873 1874 1875 1876 1877 1878 1879 1880 1881 1882 1883 1884 1885 1886 1887 1888 1889 1890 1891 1892 1893 1894 1895 1896 1897 1898 1899 1900 1901 1902 1903 1904 1905 1906 1907 1908 1909 1910 1911 1912 1913 1914 1915 1916 1917 1918 1919 1920 1921 1922 1923 1924 1925 1926 1927 1928 1929 1930 1931 1932 1933 1934 1935 1936 1937 1938 1939 1940 1941 1942 1943 1944 1945 1946 1947 1948 1949 1950 1951 1952 1953 1954 1955 1956 1957 1958 1959 1960 1961 1962 1963 1964 1965 1966 1967 1968 1969 1970 1971 1972 1973 1974 1975 1976 1977 1978 1979 1980 1981 1982 1983 1984 1985 1986 1987 1988 1989 1990 1991 1992 1993 1994 1995 1996 1997 1998 1999 2000 2001 2002 2003 2004 2005 2006 2007 2008 2009 2010 2011 2012 2013 2014 2015 2016 2017 2018 2019 2020 2021 2022 2023 2024 2025 2026 2027 2028 2029 2030 2031 2032 2033 2034 2035 2036 2037 2038 2039 2040 2041 2042 2043 2044 2045 2046 2047 2048 2049 2050 2051 2052 2053 2054 2055 2056 2057 2058 2059 2060 2061 2062 2063 2064 2065 2066 2067 2068 2069 2070 2071 2072 2073 2074 2075 2076 2077 2078 2079 2080 2081 2082 2083 2084 2085 2086 2087 2088 2089 2090 2091 2092 2093 2094 2095 2096 2097 2098 2099 2100 2101 2102 2103 2104 2105 2106 2107 2108 2109 2110 2111 2112 2113 2114 2115 2116 2117 2118 2119 2120 2121 2122 2123 2124 2125 2126 2127 2128 2129 2130 2131 2132 2133 2134 2135 2136 2137 2138 2139 2140 2141 2142 2143 2144 2145 2146 2147 2148 2149 2150 2151 2152 2153 2154 2155 2156 2157 2158 2159 2160 2161 2162 2163 2164 2165 2166 2167 2168 2169 2170 2171 2172 2173 2174 2175 2176 2177 2178 2179 2180 2181 2182 2183 2184 2185 2186 2187 2188 2189 2190 2191 2192 2193 2194 2195 2196 2197 2198 2199 2200 2201 2202 2203 2204 2205 2206 2207 2208 2209 2210 2211 2212 2213 2214 2215 2216 2217 2218 2219 2220 2221 2222 2223 2224 2225 2226 2227 2228 2229 2230 2231 2232 2233 2234 2235 2236 2237 2238 2239 2240 2241 2242 2243 2244 2245 2246 2247 2248 2249 2250 2251 2252 2253 2254 2255 2256 2257 2258 2259 2260 2261 2262 2263 2264 2265 2266 2267 2268 2269 2270 2271 2272 2273 2274 2275 2276 2277 2278 2279 2280 2281 2282 2283 2284 2285 2286 2287 2288 2289 2290 2291 2292 2293 2294 2295 2296 2297 2298 2299 2300 2301 2302 2303 2304 2305 2306 2307 2308 2309 2310 2311 2312 2313 2314 2315 2316 2317 2318 2319 2320 2321 2322 2323 2324 2325 2326 2327 2328 2329 2330 2331 2332 2333 2334 2335 2336 2337 2338 2339 2340 2341 2342 2343 2344 2345 2346 2347 2348 2349 2350 2351 2352 2353 2354 2355 2356 2357 2358 2359 2360 2361 2362 2363 2364 2365 2366 2367 2368 2369 2370 2371 2372 2373 2374 2375 2376 2377 2378 2379 2380 2381 2382 2383 2384 2385 2386 2387 2388 2389 2390 2391 2392 2393 2394 2395 2396 2397 2398 2399 2400 2401 2402 2403 2404 2405 2406 2407 2408 2409 2410 2411 2412 2413 2414 2415 2416 2417 2418 2419 2420 2421 2422 2423 2424 2425 2426 2427 2428 2429 2430 2431 2432 2433 2434 2435 2436 2437 2438 2439 2440 2441 2442 2443 2444 2445 2446 2447 2448 2449 2450 2451 2452 2453 2454 2455 2456 2457 2458 2459 2460 2461 2462 2463 2464 2465 2466 2467 2468 2469 2470 2471 2472 2473 2474 2475 2476 2477 2478 2479 2480 2481 2482 2483 2484 2485 2486 2487 2488 2489 2490 2491 2492 2493 2494 2495 2496 2497 2498 2499 2500 2501 2502 2503 2504 2505 2506 2507 2508 2509 2510 2511 2512 2513 2514 2515 2516 2517 2518 2519 2520 2521 2522 2523 2524 2525 2526 2527 2528 2529 2530 2531 2532 2533 2534 2535 2536 2537 2538 2539 2540 2541 2542 2543 2544 2545 2546 2547 2548 2549 2550 2551 2552 2553 2554 2555 2556 2557 2558 2559 2560 2561 2562 2563 2564 2565 2566 2567 2568 2569 2570 2571 2572 2573 2574 2575 2576 2577 2578 2579 2580 2581 2582 2583 2584 2585 2586 2587 2588 2589 2590 2591 2592 2593 2594 2595 2596 2597 2598 2599 2600 2601 2602 2603 2604 2605 2606 2607 2608 2609 2610 2611 2612 2613 2614 2615 2616 2617 2618 2619 2620 2621 2622 2623 2624 2625 2626 2627 2628 2629 2630 2631 2632 2633 2634 2635 2636 2637 2638 2639 2640 2641 2642 2643 2644 2645 2646 2647 2648 2649 2650 2651 2652 2653 2654 2655 2656 2657 2658 2659 2660 2661 2662 2663 2664 2665 2666 2667 2668 2669 2670 2671 2672 2673 2674 2675 2676 2677 2678 2679 2680 2681 2682 2683 2684 2685 2686 2687 2688 2689 2690 2691 2692 2693 2694 2695 2696 2697 2698 2699 2700 2701 2702 2703 2704 2705 2706 2707 2708 2709 2710 2711 2712 2713 2714 2715 2716 2717 2718 2719 2720 2721 2722 2723 2724 2725 2726 2727 2728 2729 2730 2731 2732 2733 2734 2735 2736 2737 2738 2739 2740 2741 2742 2743 2744 2745 2746 2747 2748 2749 2750 2751 2752 2753 2754 2755 2756 2757 2758 2759 2760 2761 2762 2763 2764 2765 2766 2767 2768 2769 2770 2771 2772 2773 2774 2775 2776 2777 2778 2779 2780 2781 2782 2783 2784 2785 2786 2787 2788 2789 2790 2791 2792 2793 2794 2795 2796 2797 2798 2799 2800 2801 2802 2803 2804 2805 2806 2807 2808 2809 2810 2811 2812 2813 2814 2815 2816 2817 2818 2819 2820 2821 2822 2823 2824 2825 2826 2827 2828 2829 2830 2831 2832 2833 2834 2835 2836 2837 2838 2839 2840 2841 2842 2843 2844 2845 2846 2847 2848 2849 2850 2851 2852 2853 2854 2855 2856 2857 2858 2859 2860 2861 2862 2863 2864 2865 2866 2867 2868 2869 2870 2871 2872 2873 2874 2875 2876 2877 2878 2879 2880 2881 2882 2883 2884 2885 2886 2887 2888 2889 2890 2891 2892 2893 2894 2895 2896 2897 2898 2899 2900 2901 2902 2903 2904 2905 2906 2907 2908 2909 2910 2911 2912 2913 2914 2915 2916 2917 2918 2919 2920 2921 2922 2923 2924 2925 2926 2927 2928 2929 2930 2931 2932 2933 2934 2935 2936 2937 2938 2939 2940 2941 2942 2943 2944 2945 2946 2947 2948 2949 2950 2951 2952 2953 2954 2955 2956 2957 2958 2959 2960 2961 2962 2963 2964 2965 2966 2967 2968 2969 2970 2971 2972 2973 2974 2975 2976 2977 2978 2979 2980 2981 2982 2983 2984 2985 2986 2987 2988 2989 2990 2991 2992 2993 2994 2995 2996 2997 2998 2999 3000 3001 3002 3003 3004 3005 3006 3007 3008 3009 3010 3011 3012 3013 3014 3015 3016 3017 3018 3019 3020 3021 3022 3023 3024 3025 3026 3027 3028 3029 3030 3031 3032 3033 3034 3035 3036 3037 3038 3039 3040 3041 3042 3043 3044 3045 3046 3047 3048 3049 3050 3051 3052 3053 3054 3055 3056 3057 3058 3059 3060 3061 3062 3063 3064 3065 3066 3067 3068 3069 3070 3071 3072 3073 3074 3075 3076 3077 3078 3079 3080 3081 3082 3083 3084 3085 3086 3087 3088 3089 3090 3091 3092 3093 3094 3095 3096 3097 3098 3099 3100 3101 3102 3103 3104 3105 3106 3107 3108 3109 3110 3111 3112 3113 3114 3115 3116 3117 3118 3119 3120 3121 3122 3123 3124 3125 3126 3127 3128 3129 3130 3131 3132 3133 3134 3135 3136 3137 3138 3139 3140 3141 3142 3143 3144 3145 3146 3147 3148 3149 3150 3151 3152 3153 3154 3155 3156 3157 3158 3159 3160 3161 3162 3163 3164 3165 3166 3167 3168 3169 3170 3171 3172 3173 3174 3175 3176 3177 3178 3179 3180 3181 3182 3183 3184 3185 3186 3187 3188 3189 3190 3191 3192 3193 3194 3195 3196 3197 3198 3199 3200 3201 3202 3203 3204 3205 3206 3207 3208 3209 3210 3211 3212 3213 3214 3215 3216 3217 3218 3219 3220 3221 3222 3223 3224 3225 3226 3227 3228 3229 3230 3231 3232 3233 3234 3235 3236 3237 3238 3239 3240 3241 3242 3243 3244 3245 3246 3247 3248 3249 3250 3251 3252 3253 3254 3255 3256 3257 3258 3259 3260 3261 3262 3263 3264 3265 3266 3267 3268 3269 3270 3271 3272 3273 3274 3275 3276 3277 3278 3279 3280 3281 3282 3283 3284 3285 3286 3287 3288 3289 3290 3291 3292 3293 3294 3295 3296 3297 3298 3299 3300 3301 3302 3303 3304 3305 3306 3307 3308 3309 3310 3311 3312 3313 3314 3315 3316 3317 3318 3319 3320 3321 3322 3323 3324 3325 3326 3327 3328 3329 3330 3331 3332 3333 3334 3335 3336 3337 3338 3339 3340 3341 3342 3343 3344 3345 3346 3347 3348 3349 3350 3351 3352 3353 3354 3355 3356 3357 3358 3359 3360 3361 3362 3363 3364 3365 3366 3367 3368 3369 3370 3371 3372 3373 3374 3375 3376 3377 3378 3379 3380 3381 3382 3383 3384 3385 3386 3387 3388 3389 3390 3391 3392 3393 3394 3395 3396 3397 3398 3399 3400 3401 3402 3403 3404 3405 3406 3407 3408 3409 3410 3411 3412 3413 3414 3415 3416 3417 3418 3419 3420 3421 3422 3423 3424 3425 3426 3427 3428 3429 3430 3431 3432 3433 3434 3435 3436 3437 3438 3439 3440 3441 3442 3443 3444 3445 3446 3447 3448 3449 3450 3451 3452 3453 3454 3455 3456 3457 3458 3459 3460 3461 3462 3463 3464 3465 3466 3467 3468 3469 3470 3471 3472 3473 3474 3475 3476 3477 3478 3479 3480 3481 3482 3483 3484 3485 3486 3487 3488 3489 3490 3491 3492 3493 3494 3495 3496 3497 3498 3499 3500 3501 3502 3503 3504 3505 3506 3507 3508 3509 3510 3511 3512 3513 3514 3515 3516 3517 3518 3519 3520 3521 3522 3523 3524 3525 3526 3527 3528 3529 3530 3531 3532 3533 3534 3535 3536 3537 3538 3539 3540 3541 3542 3543 3544 3545 3546 3547 3548 3549 3550 3551 3552 3553 3554 3555 3556 3557 3558 3559 3560 3561 3562 3563 3564 3565 3566 3567 3568 3569 3570 3571 3572 3573 3574 3575 3576 3577 3578 3579 3580 3581 3582 3583 3584 3585 3586 3587 3588 3589 3590 3591 3592 3593 3594 3595 3596 3597 3598 3599 3600 3601 3602 3603 3604 3605 3606 3607 3608 3609 3610 3611 3612 3613 3614 3615 3616 3617 3618 3619 3620 3621 3622 3623 3624 3625 3626 3627 3628 3629 3630 3631 3632 3633 3634 3635 3636 3637 3638 3639 3640 3641 3642 3643 3644 3645 3646 3647 3648 3649 3650 3651 3652 3653 3654 3655 3656 3657 3658 3659 3660 3661 3662 3663 3664 3665 3666 3667 3668 3669 3670 3671 3672 3673 3674 3675 3676 3677 3678 3679 3680 3681 3682 3683 3684 3685 3686 3687 3688 3689 3690 3691 3692 3693 3694 3695 3696 3697 3698 3699 3700 3701 3702 3703 3704 3705 3706 3707 3708 3709 3710 3711 3712 3713 3714 3715 3716 3717 3718 3719 3720 3721 3722 3723 3724 3725 3726 3727 3728 3729 3730 3731 3732 3733 3734 3735 3736 3737 3738 3739 3740 3741 3742 3743 3744 3745 3746 3747 3748 3749 3750 3751 3752 3753 3754 3755 3756 3757 3758 3759 3760 3761 3762 3763 3764 3765 3766 3767 3768 3769 3770 3771 3772 3773 3774 3775 3776 3777 3778 3779 3780 3781 3782 3783 3784 3785 3786 3787 3788 3789 3790 3791 3792 3793 3794 3795 3796 3797 3798 3799 3800 3801 3802 3803 3804 3805 3806 3807 3808 3809 3810 3811 3812 3813 3814 3815 3816 3817 3818 3819 3820 3821 3822 3823 3824 3825 3826 3827 3828 3829 3830 3831 3832 3833 3834 3835 3836 3837 3838 3839 3840 3841 3842 3843 3844 3845 3846 3847 3848 3849 3850 3851 3852 3853 3854 3855 3856 3857 3858 3859 3860 3861 3862 3863 3864 3865 3866 3867 3868 3869 3870 3871 3872 3873 3874 3875 3876 3877 3878 3879 3880 3881 3882 3883 3884 3885 3886 3887 3888 3889 3890 3891 3892 3893 3894 3895 3896 3897 3898 3899 3900 3901 3902 3903 3904 3905 3906 3907 3908 3909 3910 3911 3912 3913 3914 3915 3916 3917 3918 3919 3920 3921 3922 3923 3924 3925 3926 3927 3928 3929 3930 3931 3932 3933 3934 3935 3936 3937 3938 3939 3940 3941 3942 3943 3944 3945 3946 3947 3948 3949 3950 3951 3952 3953 3954 3955 3956 3957 3958 3959 3960 3961 3962 3963 3964 3965 3966 3967 3968 3969 3970 3971 3972 3973 3974 3975 3976 3977 3978 3979 3980 3981 3982 3983 3984 3985 3986 3987 3988 3989 3990 3991 3992 3993 3994 3995 3996 3997 3998 3999 4000 4001 4002 4003 4004 4005 4006 4007 4008 4009 4010 4011 4012 4013 4014 4015 4016 4017 4018 4019 4020 4021 4022 4023 4024 4025 4026 4027 4028 4029 4030 4031 4032 4033 4034 4035 4036 4037 4038 4039 4040 4041 4042 4043 4044 4045 4046 4047 4048 4049 4050 4051 4052 4053 4054 4055 4056 4057 4058 4059 4060 4061 4062 4063 4064 4065 4066 4067 4068 4069 4070 4071 4072 4073 4074 4075 4076 4077 4078 4079 4080 4081 4082 4083 4084 4085 4086 4087 4088 4089 4090 4091 4092 4093 4094 4095 4096 4097 4098 4099 4100 4101 4102 4103 4104 4105 4106 4107 4108 4109 4110 4111 4112 4113 4114 4115 4116 4117 4118 4119 4120 4121 4122 4123 4124 4125 4126 4127 4128 4129 4130 4131 4132 4133 4134 4135 4136 4137 4138 4139 4140 4141 4142 4143 4144 4145 4146 4147 4148 4149 4150 4151 4152 4153 4154 4155 4156 4157 4158 4159 4160 4161 4162 4163 4164 4165 4166 4167 4168 4169 4170 4171 4172 4173 4174 4175 4176 4177 4178 4179 4180 4181 4182 4183 4184 4185 4186 4187 4188 4189 4190 4191 4192 4193 4194 4195 4196 4197 4198 4199 4200 4201 4202 4203 4204 4205 4206 4207 4208 4209 4210 4211 4212 4213 4214 4215 4216 4217 4218 4219 4220 4221 4222 4223 4224 4225 4226 4227 4228 4229 4230 4231 4232 4233 4234 4235 4236 4237 4238 4239 4240 4241 4242 4243 4244 4245 4246 4247 4248 4249 4250 4251 4252 4253 4254 4255 4256 4257 4258 4259 4260 4261 4262 4263 4264 4265 4266 4267 4268 4269 4270 4271 4272 4273 4274 4275 4276 4277 4278 4279 4280 4281 4282 4283 4284 4285 4286 4287 4288 4289 4290 4291 4292 4293 4294 4295 4296 4297 4298 4299 4300 4301 4302 4303 4304 4305 4306 4307 4308 4309 4310 4311 4312 4313 4314 4315 4316 4317 4318 4319 4320 4321 4322 4323 4324 4325 4326 4327 4328 4329 4330 4331 4332 4333 4334 4335 4336 4337 4338 4339 4340 4341 4342 4343 4344 4345 4346 4347 4348 4349 4350 4351 4352 4353 4354 4355 4356 4357 4358 4359 4360 4361 4362 4363 4364 4365 4366 4367 4368 4369 4370 4371 4372 4373 4374 4375 4376 4377 4378 4379 4380 4381 4382 4383 4384 4385 4386 4387 4388 4389 4390 4391 4392 4393 4394 4395 4396 4397 4398 4399 4400 4401 4402 4403 4404 4405 4406 4407 4408 4409 4410 4411 4412 4413 4414 4415 4416 4417 4418 4419 4420 4421 4422 4423 4424 4425 4426 4427 4428 4429 4430 4431 4432 4433 4434 4435 4436 4437 4438 4439 4440 4441 4442 4443 4444 4445 4446 4447 4448 4449 4450 4451 4452 4453 4454 4455 4456 4457 4458 4459 4460 4461 4462 4463 4464 4465 4466 4467 4468 4469 4470 4471 4472 4473 4474 4475 4476 4477 4478 4479 4480 4481 4482 4483 4484 4485 4486 4487 4488 4489 4490 4491 4492 4493 4494 4495 4496 4497 4498 4499 4500 4501 4502 4503 4504 4505 4506 4507 4508 4509 4510 4511 4512 4513 4514 4515 4516 4517 4518 4519 4520 4521 4522 4523 4524 4525 4526 4527 4528 4529 4530 4531 4532 4533 4534 4535 4536 4537 4538 4539 4540 4541 4542 4543 4544 4545 4546 4547 4548 4549 4550 4551 4552 4553 4554 4555 4556 4557 4558 4559 4560 4561 4562 4563 4564 4565 4566 4567 4568 4569 4570 4571 4572 4573 4574 4575 4576 4577 4578 4579 4580 4581 4582 4583 4584 4585 4586 4587 4588 4589 4590 4591 4592 4593 4594 4595 4596 4597 4598 4599 4600 4601 4602 4603 4604 4605 4606 4607 4608 4609 4610 4611 4612 4613 4614 4615 4616 4617 4618 4619 4620 4621 4622 4623 4624 4625 4626 4627 4628 4629 4630 4631 4632 4633 4634 4635 4636 4637 4638 4639 4640 4641 4642 4643 4644 4645 4646 4647 4648 4649 4650 4651 4652 4653 4654 4655 4656 4657 4658 4659 4660 4661 4662 4663 4664 4665 4666 4667 4668 4669 4670 4671 4672 4673 4674 4675 4676 4677 4678 4679 4680 4681 4682 4683 4684 4685 4686 4687 4688 4689 4690 4691 4692 4693 4694 4695 4696 4697 4698 4699 4700 4701 4702 4703 4704 4705 4706 4707 4708 4709 4710 4711 4712 4713 4714 4715 4716 4717 4718 4719 4720 4721 4722 4723 4724 4725 4726 4727 4728 4729 4730 4731 4732 4733 4734 4735 4736 4737 4738 4739 4740 4741 4742 4743 4744 4745 4746 4747 4748 4749 4750 4751 4752 4753 4754 4755 4756 4757 4758 4759 4760 4761 4762 4763 4764 4765 4766 4767 4768 4769 4770 4771 4772 4773 4774 4775 4776 4777 4778 4779 4780 4781 4782 4783 4784 4785 4786 4787 4788 4789 4790 4791 4792 4793 4794 4795 4796 4797 4798 4799 4800 4801 4802 4803 4804 4805 4806 4807 4808 4809 4810 4811 4812 4813 4814 4815 4816 4817 4818 4819 4820 4821 4822 4823 4824 4825 4826 4827 4828 4829 4830 4831 4832 4833 4834 4835 4836 4837 4838 4839 4840 4841 4842 4843 4844 4845 4846 4847 4848 4849 4850 4851 4852 4853 4854 4855 4856 4857 4858 4859 4860 4861 4862 4863 4864 4865 4866 4867 4868 4869 4870 4871 4872 4873 4874 4875 4876 4877 4878 4879 4880 4881 4882 4883 4884 4885 4886 4887 4888 4889 4890 4891 4892 4893 4894 4895 4896 4897 4898 4899 4900 4901 4902 4903 4904 4905 4906 4907 4908 4909 4910 4911 4912 4913 4914 4915 4916 4917 4918 4919 4920 4921 4922 4923 4924 4925 4926 4927 4928 4929 4930 4931 4932 4933 4934 4935 4936 4937 4938 4939 4940 4941 4942 4943 4944 4945 4946 4947 4948 4949 4950 4951 4952 4953 4954 4955 4956 4957 4958 4959 4960 4961 4962 4963 4964 4965 4966 4967 4968 4969 4970 4971 4972 4973 4974 4975 4976 4977 4978 4979 4980 4981 4982 4983 4984 4985 4986 4987 4988 4989 4990 4991 4992 4993 4994 4995 4996 4997 4998 4999 5000 5001 5002 5003 5004 5005 5006 5007 5008 5009 5010 5011 5012 5013 5014 5015 5016 5017 5018 5019 5020 5021 5022 5023 5024 5025 5026 5027 5028 5029 5030 5031 5032 5033 5034 5035 5036 5037 5038 5039 5040 5041 5042 5043 5044 5045 5046 5047 5048 5049 5050 5051 5052 5053 5054 5055 5056 5057 5058 5059 5060 5061 5062 5063 5064 5065 5066 5067 5068 5069 5070 5071 5072 5073 5074 5075 5076 5077 5078 5079 5080 5081 5082 5083 5084 5085 5086 5087 5088 5089 5090 5091 5092 5093 5094 5095 5096 5097 5098 5099 5100 5101 5102 5103 5104 5105 5106 5107 5108 5109 5110 5111 5112 5113 5114 5115 5116 5117 5118 5119 5120 5121 5122 5123 5124 5125 5126 5127 5128 5129 5130 5131 5132 5133 5134 5135 5136 5137 5138 5139 5140 5141 5142 5143 5144 5145 5146 5147 5148 5149 5150 5151 5152 5153 5154 5155 5156 5157 5158 5159 5160 5161 5162 5163 5164 5165 5166 5167 5168 5169 5170 5171 5172 5173 5174 5175 5176 5177 5178 5179 5180 5181 5182 5183 5184 5185 5186 5187 5188 5189 5190 5191 5192 5193 5194 5195 5196 5197 5198 5199 5200 5201 5202 5203 5204 5205 5206 5207 5208 5209 5210 5211 5212 5213 5214 5215 5216 5217 5218 5219 5220 5221 5222 5223 5224 5225 5226 5227 5228 5229 5230 5231 5232 5233 5234 5235 5236 5237 5238 5239 5240 5241 5242 5243 5244 5245 5246 5247 5248 5249 5250 5251 5252 5253 5254 5255 5256 5257 5258 5259 5260 5261 5262 5263 5264 5265 5266 5267 5268 5269 5270 5271 5272 5273 5274 5275 5276 5277 5278 5279 5280 5281 5282 5283 5284 5285 5286 5287 5288 5289 5290 5291 5292 5293 5294 5295 5296 5297 5298 5299 5300 5301 5302 5303 5304 5305 5306 5307 5308 5309 5310 5311 5312 5313 5314 5315 5316 5317 5318 5319 5320 5321 5322 5323 5324 5325 5326 5327 5328 5329 5330 5331 5332 5333 5334 5335 5336 5337 5338 5339 5340 5341 5342 5343 5344 5345 5346 5347 5348 5349 5350 5351 5352 5353 5354 5355 5356 5357 5358 5359 5360 5361 5362 5363 5364 5365 5366 5367 5368 5369 5370 5371 5372 5373 5374 5375 5376 5377 5378 5379 5380 5381 5382 5383 5384 5385 5386 5387 5388 5389 5390 5391 5392 5393 5394 5395 5396 5397 5398 5399 5400 5401 5402 5403 5404 5405 5406 5407 5408 5409 5410 5411 5412 5413 5414 5415 5416 5417 5418 5419 5420 5421 5422 5423 5424 5425 5426 5427 5428 5429 5430 5431 5432 5433 5434 5435 5436 5437 5438 5439 5440 5441 5442 5443 5444 5445 5446 5447 5448 5449 5450 5451 5452 5453 5454 5455 5456 5457 5458 5459 5460 5461 5462 5463 5464 5465 5466 5467 5468 5469 5470 5471 5472 5473 5474 5475 5476 5477 5478 5479 5480 5481 5482 5483 5484 5485 5486 5487 5488 5489 5490 5491 5492 5493 5494 5495 5496 5497 5498 5499 5500 5501 5502 5503 5504 5505 5506 5507 5508 5509 5510 5511 5512 5513 5514 5515 5516 5517 5518 5519 5520 5521 5522 5523 5524 5525 5526 5527 5528 5529 5530 5531 5532 5533 5534 5535 5536 5537 5538 5539 5540 5541 5542 5543 5544 5545 5546 5547 5548 5549 5550 5551 5552 5553 5554 5555 5556 5557 5558 5559 5560 5561 5562 5563 5564 5565 5566 5567 5568 5569 5570 5571 5572 5573 5574 5575 5576 5577 5578 5579 5580 5581 5582 5583 5584 5585 5586 5587 5588 5589 5590 5591 5592 5593 5594 5595 5596 5597 5598 5599 5600 5601 5602 5603 5604 5605 5606 5607 5608 5609 5610 5611 5612 5613 5614 5615 5616 5617 5618 5619 5620 5621 5622 5623 5624 5625 5626 5627 5628 5629 5630 5631 5632 5633 5634 5635 5636 5637 5638 5639 5640 5641 5642 5643 5644 5645 5646 5647 5648 5649 5650 5651 5652 5653 5654 5655 5656 5657 5658 5659 5660 5661 5662 5663 5664 5665 5666 5667 5668 5669 5670 5671 5672 5673 5674 5675 5676 5677 5678 5679 5680 5681 5682 5683 5684 5685 5686 5687 5688 5689 5690 5691 5692 5693 5694 5695 5696 5697 5698 5699 5700 5701 5702 5703 5704 5705 5706 5707 5708 5709 5710 5711 5712 5713 5714 5715 5716 5717 5718 5719 5720 5721 5722 5723 5724 5725 5726 5727 5728 5729 5730 5731 5732 5733 5734 5735 5736 5737 5738 5739 5740 5741 5742 5743 5744 5745 5746 5747 5748 5749 5750 5751 5752 5753 5754 5755 5756 5757 5758 5759 5760 5761 5762 5763 5764 5765 5766 5767 5768 5769 5770 5771 5772 5773 5774 5775 5776 5777 5778 5779 5780 5781 5782 5783 5784 5785 5786 5787 5788 5789 5790 5791 5792 5793 5794 5795 5796 5797 5798 5799 5800 5801 5802 5803 5804 5805 5806 5807 5808 5809 5810 5811 5812 5813 5814 5815 5816 5817 5818 5819 5820 5821 5822 5823 5824 5825 5826 5827 5828 5829 5830 5831 5832 5833 5834 5835 5836 5837 5838 5839 5840 5841 5842 5843 5844 5845 5846 5847 5848 5849 5850 5851 5852 5853 5854 5855 5856 5857 5858 5859 5860 5861 5862 5863 5864 5865 5866 5867 5868 5869 5870 5871 5872 5873 5874 5875 5876 5877 5878 5879 5880 5881 5882 5883 5884 5885 5886 5887 5888 5889 5890 5891 5892 5893 5894 5895 5896 5897 5898 5899 5900 5901 5902 5903 5904 5905 5906 5907 5908 5909 5910 5911 5912 5913 5914 5915 5916 5917 5918 5919 5920 5921 5922 5923 5924 5925 5926 5927 5928 5929 5930 5931 5932 5933 5934 5935 5936 5937 5938 5939 5940 5941 5942 5943 5944 5945 5946 5947 5948 5949 5950 5951 5952 5953 5954 5955 5956 5957 5958 5959 5960 5961 5962 5963 5964 5965 5966 5967 5968 5969 5970 5971 5972 5973 5974 5975 5976 5977 5978 5979 5980 5981 5982 5983 5984 5985 5986 5987 5988 5989 5990 5991 5992 5993 5994 5995 5996 5997 5998 5999 6000 6001 6002 6003 6004 6005 6006 6007 6008 6009 6010 6011 6012 6013 6014 6015 6016 6017 6018 6019 6020 6021 6022 6023 6024 6025 6026 6027 6028 6029 6030 6031 6032 6033 6034 6035 6036 6037 6038 6039 6040 6041 6042 6043 6044 6045 6046 6047 6048 6049 6050 6051 6052 6053 6054 6055 6056 6057 6058 6059 6060 6061 6062 6063 6064 6065 6066 6067 6068 6069 6070 6071 6072 6073 6074 6075 6076 6077 6078 6079 6080 6081 6082 6083 6084 6085 6086 6087 6088 6089 6090 6091 6092 6093 6094 6095 6096 6097 6098 6099 6100 6101 6102 6103 6104 6105 6106 6107 6108 6109 6110 6111 6112 6113 6114 6115 6116 6117 6118 6119 6120 6121 6122 6123 6124 6125 6126 6127 6128 6129 6130 6131 6132 6133 6134 6135 6136 6137 6138 6139 6140 6141 6142 6143 6144 6145 6146 6147 6148 6149 6150 6151 6152 6153 6154 6155 6156 6157 6158 6159 6160 6161 6162 6163 6164 6165 6166 6167 6168 6169 6170 6171 6172 6173 6174 6175 6176 6177 6178 6179 6180 6181 6182 6183 6184 6185 6186 6187 6188 6189 6190 6191 6192 6193 6194 6195 6196 6197 6198 6199 6200 6201 6202 6203 6204 6205 6206 6207 6208 6209 6210 6211 6212 6213 6214 6215 6216 6217 6218 6219 6220 6221 6222 6223 6224 6225 6226 6227 6228 6229 6230 6231 6232 6233 6234 6235 6236 6237 6238 6239 6240 6241 6242 6243 6244 6245 6246 6247 6248 6249 6250 6251 6252 6253 6254 6255 6256 6257 6258 6259 6260 6261 6262 6263 6264 6265 6266 6267 6268 6269 6270 6271 6272 6273 6274 6275 6276 6277 6278 6279 6280 6281 6282 6283 6284 6285 6286 6287 6288 6289 6290 6291 6292 6293 6294 6295 6296 6297 6298 6299 6300 6301 6302 6303 6304 6305 6306 6307 6308 6309 6310 6311 6312 6313 6314 6315 6316 6317 6318 6319 6320 6321 6322 6323 6324 6325 6326 6327 6328 6329 6330 6331 6332 6333 6334 6335 6336 6337 6338 6339 6340 6341 6342 6343 6344 6345 6346 6347 6348 6349 6350 6351 6352 6353 6354 6355 6356 6357 6358 6359 6360 6361 6362 6363 6364 6365 6366 6367 6368 6369 6370 6371 6372 6373 6374 6375 6376 6377 6378 6379 6380 6381 6382 6383 6384 6385 6386 6387 6388 6389 6390 6391 6392 6393 6394 6395 6396 6397 6398 6399 6400 6401 6402 6403 6404 6405 6406 6407 6408 6409 6410 6411 6412 6413 6414 6415 6416 6417 6418 6419 6420 6421 6422 6423 6424 6425 6426 6427 6428 6429 6430 6431 6432 6433 6434 6435 6436 6437 6438 6439 6440 6441 6442 6443 6444 6445 6446 6447 6448 6449 6450 6451 6452 6453 6454 6455 6456 6457 6458 6459 6460 6461 6462 6463 6464 6465 6466 6467 6468 6469 6470 6471 6472 6473 6474 6475 6476 6477 6478 6479 6480 6481 6482 6483 6484 6485 6486 6487 6488 6489 6490 6491 6492 6493 6494 6495 6496 6497 6498 6499 6500 6501 6502 6503 6504 6505 6506 6507 6508 6509 6510 6511 6512 6513 6514 6515 6516 6517 6518 6519 6520 6521 6522 6523 6524 6525 6526 6527 6528 6529 6530 6531 6532 6533 6534 6535 6536 6537 6538 6539 6540 6541 6542 6543 6544 6545 6546 6547 6548 6549 6550 6551 6552 6553 6554 6555 6556 6557 6558 6559 6560 6561 6562 6563 6564 6565 6566 6567 6568 6569 6570 6571 6572 6573 6574 6575 6576 6577 6578 6579 6580 6581 6582 6583 6584 6585 6586 6587 6588 6589 6590 6591 6592 6593 6594 6595 6596 6597 6598 6599 6600 6601 6602 6603 6604 6605 6606 6607 6608 6609 6610 6611 6612 6613 6614 6615 6616 6617 6618 6619 6620 6621 6622 6623 6624 6625 6626 6627 6628 6629 6630 6631 6632 6633 6634 6635 6636 6637 6638 6639 6640 6641 6642 6643 6644 6645 6646 6647 6648 6649 6650 6651 6652 6653 6654 6655 6656 6657 6658 6659 6660 6661 6662 6663 6664 6665 6666 6667 6668 6669 6670 6671 6672 6673 6674 6675 6676 6677 6678 6679 6680 6681 6682 6683 6684 6685 6686 6687 6688 6689 6690 6691 6692 6693 6694 6695 6696 6697 6698 6699 6700 6701 6702 6703 6704 </DataArray>
      </CellData>
      <PointData>
        <DataArray type="Int64" IdType="1" Name="vtkOriginalPointIds" format="ascii" RangeMin="0" RangeMax="2196">1190 2186 611 610 591 2187 590 1196 2185 1176 1183 2161 609 571 1162 1182 589 1169 1195 2154 570 619 599 2159 2131 569 2196 2183 579 1168 551 1148 1155 2124 616 1181 1175 2170 2152 2129 596 1189 2195 2169 550 549 606 2157 598 2184 576 1161 559 1154 2101 618 1194 586 1167 2153 2140 2122 578 531 1134 1141 2094 2178 2180 588 2127 2139 2099 539 608 1187 1180 1188 1173 1174 2193 566 2147 556 2123 568 1147 2110 530 529 1140 2092 2149 2155 1153 2182 558 2064 2071 2109 1193 617 2181 2167 597 1159 1160 546 2117 2151 587 607 2194 2097 536 511 1127 2063 1133 509 2179 1166 2150 2119 2125 2168 1139 548 2138 567 2093 2080 510 1120 2069 2061 538 1126 605 1179 2156 2137 577 1145 1146 526 2087 2067 519 2079 585 1152 2120 2089 2095 557 2121 516 2032 2039 2062 528 1119 499 1192 2148 1165 2126 2107 1131 2108 2048 491 2031 1113 518 2029 2037 1112 615 565 2090 1132 2056 2058 506 1138 2091 547 1125 2035 490 1106 2047 489 2192 2176 595 575 2118 1151 2096 2065 2077 537 527 496 508 2060 2030 1105 479 612 1178 1186 2145 2088 1117 1118 1124 2016 2000 2007 2078 1997 498 1098 2191 1172 2158 555 1158 545 1137 2059 2026 517 486 2066 1111 2003 471 1999 1099 507 2005 2015 469 602 592 614 2177 2165 2166 1164 2115 2128 525 2024 2045 476 470 1092 488 2028 1998 1091 449 1191 594 2135 2136 574 2146 535 2057 2033 1123 2027 1104 2046 478 1984 1969 1977 1080 2171 2173 582 572 604 1144 1150 2116 2085 2098 505 1103 1110 2034 497 1994 466 1097 1972 1979 1975 459 1971 1184 1177 1185 2189 584 554 552 564 2105 2106 515 2025 2013 1992 451 1081 487 1996 468 456 1085 1970 429 2188 1171 2142 2190 1130 1136 2054 2068 1109 1995 2001 1090 1079 450 1074 2014 1954 1073 1941 1062 600 2172 2160 1170 613 2174 593 562 2163 2175 542 2086 544 2144 534 532 2075 2076 1116 477 1089 1966 446 1964 458 1956 1933 1935 439 2141 580 1157 603 583 2130 522 2112 2114 563 2164 1122 2036 485 2022 2002 1973 1936 1943 467 1968 448 1939 1061 1955 1063 1067 409 601 1163 2162 2143 573 1149 2100 1143 2133 2082 2134 2055 524 514 512 495 2043 1096 1993 1084 1967 1071 431 1983 426 1928 436 1934 1056 1055 1918 1905 1044 581 1156 2111 2084 543 502 1135 2081 2044 1108 475 2023 1095 465 1078 430 457 447 1951 1072 1937 1897 1899 1920 419 561 2113 1142 2104 1129 2103 2051 2070 553 504 2004 1102 1990 1932 438 1930 1053 416 1919 1045 1903 1049 399 560 523 2049 1128 2083 2053 482 1121 494 492 2012 2011 1974 1900 1907 428 1952 1892 1066 1915 406 1060 1898 1038 1037 1882 1869 1884 1026 2132 533 2073 1115 2074 2019 2038 1094 1088 455 484 1965 1938 1077 411 1953 437 1931 1901 1054 1043 1861 1863 389 2102 540 2052 1114 513 2017 2021 462 1107 1991 1962 474 445 1976 472 1929 410 427 1035 1894 1048 1025 418 1883 1027 1867 1031 396 379 541 2041 2072 520 503 1101 2042 1987 2006 1083 1982 1059 1896 1916 1879 386 1856 1042 1902 408 1871 1862 1020 1846 1848 1008 2020 2050 500 521 1100 493 1985 1963 464 435 1076 1989 425 1864 1917 1895 1858 1036 1865 1893 1019 1833 1825 1831 369 2040 2009 483 1087 1093 442 1948 1070 1940 452 2010 391 417 1880 1017 376 1041 407 398 1827 1847 1013 359 501 2018 1988 1959 1086 1978 454 1926 1950 463 473 390 1024 1030 1820 1843 366 1866 405 1860 388 1835 1009 1810 1812 990 480 2008 1957 444 1961 1949 1065 1058 422 1075 1018 1859 1829 1007 1857 1881 1826 1828 1002 1001 1789 1795 1797 349 481 1082 1960 1981 1927 1912 1904 432 1945 1942 1822 397 999 1012 989 1023 387 378 371 1811 356 1791 995 339 1986 460 1980 1068 1069 453 1052 1890 415 1914 1923 1921 1844 1807 346 1784 1006 1830 385 1824 368 991 1754 1776 972 434 443 1925 1913 1040 402 1057 1064 370 1823 1786 1000 1793 1821 1868 1845 1799 1790 983 1774 1759 1761 329 461 1958 440 1946 424 1947 1047 412 1909 1906 1051 1050 377 1808 981 971 1005 1876 395 1792 984 358 1775 336 1755 977 319 1944 1924 433 1891 1034 1878 1887 1885 994 1750 326 988 1794 365 1854 1022 367 1788 351 965 973 1744 1742 954 441 1922 423 414 382 1039 1046 1910 982 1752 1787 1757 1785 1029 1832 1809 348 350 1727 1722 1729 309 420 1889 404 1877 1873 1870 1033 1032 1888 1908 1771 357 963 316 970 987 1016 1840 375 392 1842 1763 338 966 1743 1723 959 299 421 1911 1855 1851 1849 1772 976 1718 1739 306 1758 345 1818 1004 347 1756 947 955 1710 1712 936 1886 413 403 394 1028 1021 372 1874 400 964 1725 953 1796 1841 1011 1753 331 328 1690 1695 1697 289 1853 1015 1837 1014 1834 1852 1872 1751 337 969 1720 945 958 296 952 1804 355 1819 1806 998 1773 330 1731 318 948 1711 1691 941 279 401 384 1815 1813 362 1850 325 1726 1740 1707 286 1782 335 986 1724 937 1678 1680 918 1875 393 1838 1003 1010 342 380 327 1719 946 1686 1688 935 993 1749 1760 374 1805 1741 308 311 929 1657 1663 1665 269 383 1816 1836 996 1801 1798 381 951 1693 1708 940 276 980 1768 1770 352 364 1783 1721 1699 298 930 1679 1659 923 259 1817 997 1779 1777 1814 975 317 927 1694 1675 266 968 310 307 1692 919 1642 1644 917 900 1839 373 360 1802 992 985 332 1728 305 1736 962 934 1687 928 1654 1652 1769 354 1689 288 291 911 1658 1621 1627 1629 249 363 1800 979 1747 978 1762 361 315 1717 933 297 1676 1661 922 899 1738 344 1781 1709 1667 278 912 1643 256 1623 905 239 1780 1778 1765 1745 322 950 1737 334 909 1639 246 1616 312 1803 1656 290 1660 901 1606 1608 882 353 340 1766 967 974 1696 957 285 944 287 916 1662 910 1655 1618 1625 268 271 1677 893 1622 1585 1591 1593 229 343 341 961 1764 960 1733 1706 1704 295 1653 277 1640 891 881 1748 324 267 1631 258 894 1607 236 1587 887 219 1730 1715 302 1572 1555 932 1685 915 314 904 1580 226 898 1767 270 1620 1624 883 1570 864 1746 333 320 1713 1734 956 282 1705 1664 939 265 892 1619 1626 1603 1589 248 251 1641 875 1586 1550 1557 321 1732 949 943 1701 1698 216 292 926 1674 1672 275 304 1716 257 1617 1582 873 880 323 1595 238 876 1571 1551 857 209 1714 942 1683 1681 272 1650 914 255 294 1735 897 1604 1546 886 1567 206 1590 250 247 1584 1588 863 865 869 1540 1538 313 300 1702 938 931 1673 1628 921 1636 245 303 874 1583 1553 228 1605 231 856 199 1523 1525 301 925 1669 924 1666 908 1638 284 1684 237 1581 879 853 1548 854 841 1559 218 858 1539 196 842 1519 1516 1700 1647 1645 262 1651 252 1614 903 896 1703 1554 1568 868 1535 186 1510 862 230 227 1549 1552 189 843 1682 293 1670 913 920 274 1637 1600 1592 225 1649 1547 1512 1521 208 1569 211 1517 835 280 281 907 1668 906 1633 264 890 1578 235 1602 283 855 861 1536 831 176 1518 217 1527 836 847 1500 1484 179 1485 1476 1648 1630 1611 242 1671 1615 1601 878 215 232 205 832 1513 1470 1472 166 840 1522 210 207 1515 198 1520 834 820 1479 1498 273 1646 260 1609 1634 902 263 1613 254 885 1556 1564 846 1482 1495 819 1511 188 1537 191 1499 169 821 1632 895 1597 244 872 1566 1514 195 833 809 810 156 839 185 1487 1477 813 159 814 261 1612 889 1610 888 1575 1594 222 1635 1579 1545 234 852 212 860 1532 1524 197 1496 1440 824 146 1447 818 1481 187 190 1478 1480 1459 825 1460 798 1449 253 240 1598 1573 884 1577 1565 867 1534 1473 1438 1457 797 1471 1475 171 178 812 1442 149 1443 243 241 877 1561 224 851 1507 830 175 192 838 1474 1445 788 775 817 168 1497 791 139 799 1451 1596 871 1576 1543 1558 1599 214 1533 1467 845 165 1483 177 787 811 802 126 1421 1413 1446 170 803 1432 1416 776 792 1444 1574 870 233 1562 1541 849 202 1508 1503 1492 1494 796 136 1419 1439 167 790 1431 1423 129 151 220 221 859 866 223 1563 204 1529 1493 829 808 795 172 816 789 780 765 116 1441 158 781 1417 1407 119 850 1526 1544 1509 827 182 1468 194 1437 823 1448 145 1405 766 1395 1386 106 774 1458 150 148 777 769 1408 754 1425 1560 213 848 1504 1501 1506 1530 844 1455 155 1463 157 1420 1388 1393 753 138 109 1390 1397 770 1418 1542 837 203 184 1531 1489 1469 807 786 1456 794 773 162 1486 147 1414 137 758 744 743 96 752 768 1415 759 1391 89 131 200 201 1490 828 174 801 1422 125 142 805 767 1375 86 1363 1394 128 1430 1378 747 755 1365 732 130 1505 1528 826 193 1461 1466 1491 1428 152 135 1450 1435 822 815 1352 1354 731 1380 118 1357 99 1359 1399 1502 183 1464 164 785 1412 1429 772 751 793 1453 122 1433 127 117 1387 1361 736 1339 76 746 1389 748 737 733 79 1392 1379 180 1465 764 154 173 1396 1385 105 1424 783 806 804 745 1376 721 730 1362 722 66 1327 108 1406 725 1342 726 1329 1344 710 111 1358 181 1488 163 779 132 1404 115 1409 782 800 1355 1353 1316 1314 709 98 107 1320 1323 69 110 1462 144 1436 134 1454 771 112 1403 750 95 778 97 729 714 1325 687 724 1356 1367 715 711 49 160 763 742 153 1398 1401 757 1364 1372 85 1452 761 760 784 723 1340 1299 700 699 1287 46 1274 88 1377 1360 1343 703 1331 704 91 1302 1304 1289 688 161 1427 1381 1383 102 1374 1426 140 1434 708 1326 56 1285 1322 1280 59 1283 1321 143 1411 124 114 749 756 92 1350 735 707 728 133 87 1315 77 1317 1276 692 677 665 1341 78 1318 1324 71 90 693 689 39 741 1373 1369 1336 1328 65 1410 120 141 739 762 1400 738 1300 1247 1238 26 686 1319 702 1303 1291 681 1242 682 1249 1264 666 1402 1351 1366 1347 82 720 75 701 678 1240 1286 1245 36 68 1284 70 1262 1243 29 1311 123 1384 104 94 1345 734 62 713 1338 706 685 121 1382 113 100 67 57 1277 1259 1275 653 16 664 1282 58 1281 51 659 667 19 719 727 1333 1330 1337 1288 45 1370 740 1368 1278 654 1260 1216 1206 1208 6 1246 1301 1263 671 1251 660 1232 1210 636 698 1371 716 717 1307 72 1305 1296 1298 55 101 1348 1346 679 670 1239 1214 1227 637 680 50 658 1218 1230 9 103 1349 84 1312 712 705 42 74 684 1271 25 93 80 47 655 37 627 628 638 1279 48 1244 38 1231 31 1211 633 1313 1334 695 1293 694 1290 691 1297 1248 1237 663 718 81 656 1213 644 657 1220 635 645 1335 697 1332 1265 1267 52 1258 676 35 1241 1228 1261 1207 30 632 1212 634 1309 83 1310 1306 1308 73 690 683 673 22 54 1272 662 1256 652 639 27 629 18 11 64 60 1294 1292 672 1235 1250 1273 1205 1215 5 61 1229 17 28 696 1253 1233 32 1257 1295 675 669 1224 15 1209 630 631 10 63 53 1268 1266 40 647 661 640 1269 44 1226 651 626 1198 1254 1252 668 646 1203 1217 34 1270 650 7 1200 41 674 1234 648 1221 1201 2 12 43 1236 1225 643 8 33 20 1222 621 641 1255 24 649 21 1219 620 625 23 622 642 1202 1223 14 1204 13 0 624 1 4 1197 623 1199 3 </DataArray>
        <DataArray type="UInt8" Name="vtkGhostType" format="ascii" RangeMin="0" RangeMax="0">0 0 0 0 0 0 0 0 0 0 0 0 0 0 0 0 0 0 0 0 0 0 0 0 0 0 0 0 0 0 0 0 0 0 0 0 0 0 0 0 0 0 0 0 0 0 0 0 0 0 0 0 0 0 0 0 0 0 0 0 0 0 0 0 0 0 0 0 0 0 0 0 0 0 0 0 0 0 0 0 0 0 0 0 0 0 0 0 0 0 0 0 0 0 0 0 0 0 0 0 0 0 0 0 0 0 0 0 0 0 0 0 0 0 0 0 0 0 0 0 0 0 0 0 0 0 0 0 0 0 0 0 0 0 0 0 0 0 0 0 0 0 0 0 0 0 0 0 0 0 0 0 0 0 0 0 0 0 0 0 0 0 0 0 0 0 0 0 0 0 0 0 0 0 0 0 0 0 0 0 0 0 0 0 0 0 0 0 0 0 0 0 0 0 0 0 0 0 0 0 0 0 0 0 0 0 0 0 0 0 0 0 0 0 0 0 0 0 0 0 0 0 0 0 0 0 0 0 0 0 0 0 0 0 0 0 0 0 0 0 0 0 0 0 0 0 0 0 0 0 0 0 0 0 0 0 0 0 0 0 0 0 0 0 0 0 0 0 0 0 0 0 0 0 0 0 0 0 0 0 0 0 0 0 0 0 0 0 0 0 0 0 0 0 0 0 0 0 0 0 0 0 0 0 0 0 0 0 0 0 0 0 0 0 0 0 0 0 0 0 0 0 0 0 0 0 0 0 0 0 0 0 0 0 0 0 0 0 0 0 0 0 0 0 0 0 0 0 0 0 0 0 0 0 0 0 0 0 0 0 0 0 0 0 0 0 0 0 0 0 0 0 0 0 0 0 0 0 0 0 0 0 0 0 0 0 0 0 0 0 0 0 0 0 0 0 0 0 0 0 0 0 0 0 0 0 0 0 0 0 0 0 0 0 0 0 0 0 0 0 0 0 0 0 0 0 0 0 0 0 0 0 0 0 0 0 0 0 0 0 0 0 0 0 0 0 0 0 0 0 0 0 0 0 0 0 0 0 0 0 0 0 0 0 0 0 0 0 0 0 0 0 0 0 0 0 0 0 0 0 0 0 0 0 0 0 0 0 0 0 0 0 0 0 0 0 0 0 0 0 0 0 0 0 0 0 0 0 0 0 0 0 0 0 0 0 0 0 0 0 0 0 0 0 0 0 0 0 0 0 0 0 0 0 0 0 0 0 0 0 0 0 0 0 0 0 0 0 0 0 0 0 0 0 0 0 0 0 0 0 0 0 0 0 0 0 0 0 0 0 0 0 0 0 0 0 0 0 0 0 0 0 0 0 0 0 0 0 0 0 0 0 0 0 0 0 0 0 0 0 0 0 0 0 0 0 0 0 0 0 0 0 0 0 0 0 0 0 0 0 0 0 0 0 0 0 0 0 0 0 0 0 0 0 0 0 0 0 0 0 0 0 0 0 0 0 0 0 0 0 0 0 0 0 0 0 0 0 0 0 0 0 0 0 0 0 0 0 0 0 0 0 0 0 0 0 0 0 0 0 0 0 0 0 0 0 0 0 0 0 0 0 0 0 0 0 0 0 0 0 0 0 0 0 0 0 0 0 0 0 0 0 0 0 0 0 0 0 0 0 0 0 0 0 0 0 0 0 0 0 0 0 0 0 0 0 0 0 0 0 0 0 0 0 0 0 0 0 0 0 0 0 0 0 0 0 0 0 0 0 0 0 0 0 0 0 0 0 0 0 0 0 0 0 0 0 0 0 0 0 0 0 0 0 0 0 0 0 0 0 0 0 0 0 0 0 0 0 0 0 0 0 0 0 0 0 0 0 0 0 0 0 0 0 0 0 0 0 0 0 0 0 0 0 0 0 0 0 0 0 0 0 0 0 0 0 0 0 0 0 0 0 0 0 0 0 0 0 0 0 0 0 0 0 0 0 0 0 0 0 0 0 0 0 0 0 0 0 0 0 0 0 0 0 0 0 0 0 0 0 0 0 0 0 0 0 0 0 0 0 0 0 0 0 0 0 0 0 0 0 0 0 0 0 0 0 0 0 0 0 0 0 0 0 0 0 0 0 0 0 0 0 0 0 0 0 0 0 0 0 0 0 0 0 0 0 0 0 0 0 0 0 0 0 0 0 0 0 0 0 0 0 0 0 0 0 0 0 0 0 0 0 0 0 0 0 0 0 0 0 0 0 0 0 0 0 0 0 0 0 0 0 0 0 0 0 0 0 0 0 0 0 0 0 0 0 0 0 0 0 0 0 0 0 0 0 0 0 0 0 0 0 0 0 0 0 0 0 0 0 0 0 0 0 0 0 0 0 0 0 0 0 0 0 0 0 0 0 0 0 0 0 0 0 0 0 0 0 0 0 0 0 0 0 0 0 0 0 0 0 0 0 0 0 0 0 0 0 0 0 0 0 0 0 0 0 0 0 0 0 0 0 0 0 0 0 0 0 0 0 0 0 0 0 0 0 0 0 0 0 0 0 0 0 0 0 0 0 0 0 0 0 0 0 0 0 0 0 0 0 0 0 0 0 0 0 0 0 0 0 0 0 0 0 0 0 0 0 0 0 0 0 0 0 0 0 0 0 0 0 0 0 0 0 0 0 0 0 0 0 0 0 0 0 0 0 0 0 0 0 0 0 0 0 0 0 0 0 0 0 0 0 0 0 0 0 0 0 0 0 0 0 0 0 0 0 0 0 0 0 0 0 0 0 0 0 0 0 0 0 0 0 0 0 0 0 0 0 0 0 0 0 0 0 0 0 0 0 0 0 0 0 0 0 0 0 0 0 0 0 0 0 0 0 0 0 0 0 0 0 0 0 0 0 0 0 0 0 0 0 0 0 0 0 0 0 0 0 0 0 0 0 0 0 0 0 0 0 0 0 0 0 0 0 0 0 0 0 0 0 0 0 0 0 0 0 0 0 0 0 0 0 0 0 0 0 0 0 0 0 0 0 0 0 0 0 0 0 0 0 0 0 0 0 0 0 0 0 0 0 0 0 0 0 0 0 0 0 0 0 0 0 0 0 0 0 0 0 0 0 0 0 0 0 0 0 0 0 0 0 0 0 0 0 0 0 0 0 0 0 0 0 0 0 0 0 0 0 0 0 0 0 0 0 0 0 0 0 0 0 0 0 0 0 0 0 0 0 0 0 0 0 0 0 0 0 0 0 0 0 0 0 0 0 0 0 0 0 0 0 0 0 0 0 0 0 0 0 0 0 0 0 0 0 0 0 0 0 0 0 0 0 0 0 0 0 0 0 0 0 0 0 0 0 0 0 0 0 0 0 0 0 0 0 0 0 0 0 0 0 0 0 0 0 0 0 0 0 0 0 0 0 0 0 0 0 0 0 0 0 0 0 0 0 0 0 0 0 0 0 0 0 0 0 0 0 0 0 0 0 0 0 0 0 0 0 0 0 0 0 0 0 0 0 0 0 0 0 0 0 0 0 0 0 0 0 0 0 0 0 0 0 0 0 0 0 0 0 0 0 0 0 0 0 0 0 0 0 0 0 0 0 0 0 0 0 0 0 0 0 0 0 0 0 0 0 0 0 0 0 0 0 0 0 0 0 0 0 0 0 0 0 0 0 0 0 0 0 0 0 0 0 0 0 0 0 0 0 0 0 0 0 0 0 0 0 0 0 0 0 0 0 0 0 0 0 0 0 0 0 0 0 0 0 0 0 0 0 0 0 0 0 0 0 0 0 0 0 0 0 0 0 0 0 0 0 0 0 0 0 0 0 0 0 0 0 0 0 0 0 0 0 0 0 0 0 0 0 0 0 0 0 0 0 0 0 0 0 0 0 0 0 0 0 0 0 0 0 0 0 0 0 0 0 0 0 0 0 0 0 0 0 0 0 0 0 0 0 0 0 0 0 0 0 0 0 0 0 0 0 0 0 0 0 0 0 0 0 0 0 0 0 0 0 0 0 0 0 0 0 0 0 0 0 0 0 0 0 0 0 0 0 0 0 0 0 0 0 0 0 0 0 0 0 0 0 0 0 0 0 0 0 0 0 0 0 0 0 0 0 0 0 0 0 0 0 0 0 0 0 0 0 0 0 0 0 0 0 0 0 0 0 0 0 0 0 0 0 0 0 0 0 0 0 0 0 0 0 0 0 0 0 0 0 0 0 0 0 0 0 0 0 0 0 0 0 0 0 0 0 0 0 0 0 0 0 0 0 0 0 0 0 0 0 0 0 0 0 0 0 0 0 0 0 0 0 0 0 0 0 0 0 0 0 0 0 0 0 0 0 0 0 0 0 0 0 0 0 0 0 0 0 0 0 0 0 0 0 0 0 0 0 0 0 0 0 0 0 0 0 0 0 0 0 0 0 0 0 0 0 0 0 0 0 0 0 0 0 0 0 0 0 0 0 0 0 0 0 0 0 0 0 0 0 0 0 0 0 0 0 0 0 0 0 0 0 0 0 0 0 0 0 0 0 0 0 0 0 0 0 0 0 0 0 0 0 0 0 0 0 0 0 0 0 0 0 0 0 0 0 0 0 0 0 0 0 0 0 0 0 0 0 0 0 0 0 0 0 0 0 0 0 0 0 0 0 0 0 0 0 0 0 0 0 0 0 0 0 0 0 0 0 0 0 0 0 0 0 0 0 0 0 0 0 0 0 0 0 0 0 0 0 0 0 0 0 0 0 0 0 0 0 0 0 0 0 0 0 0 0 0 0 0 0 0 0 0 0 0 0 0 0 0 0 0 0 0 0 0 0 0 0 0 0 0 0 0 0 0 0 0 0 0 0 0 0 0 0 0 0 0 0 0 0 0 0 0 0 0 0 0 0 0 0 0 0 0 0 0 0 0 0 0 0 0 0 0 0 0 0 0 0 0 0 0 0 0 0 0 0 0 0 0 0 0 0 0 0 0 0 0 0 0 0 0 0 0 0 0 0 0 0 0 0 0 0 0 0 0 0 0 0 0 0 0 0 0 </DataArray>
      </PointData>
    </Piece>
  </UnstructuredGrid>
</VTKFile>
