<?xml version="1.0"?>
<VTKFile type="UnstructuredGrid" version="2.2">
  <UnstructuredGrid>
    <Piece NumberOfPoints="9685" NumberOfCells="4462">
      <Points>
        <DataArray type="Float64" NumberOfComponents="3" format="ascii">3.85 -6.521000000000001 0 3.85 -6.422234375000326 0 3.784024463632941 -6.455046325274012 0 3.817012231816471 -6.43864035013717 0 3.817012231816471 -6.488023162637007 0 3.85 -6.471617187500163 0 3.749999999998973 -6.521000000000001 0 3.767012231815957 -6.488023162637007 0 3.799999999999486 -6.521000000000001 0 3.767389810694222 -6.371605041989318 0 3.775707137163582 -6.413325683631665 0 3.808694905347111 -6.396919708494822 0 3.702732507471518 -6.439392209380422 0 3.74337848555223 -6.447219267327218 0 3.726366253735245 -6.480196104690211 0 3.85 -6.323468750000478 0 3.808694905347111 -6.347536895994898 0 3.85 -6.372851562500403 0 3.73506115908287 -6.405498625684871 0 3.649999999997946 -6.521000000000001 0 3.676366253734732 -6.480196104690211 0 3.699999999998459 -6.521000000000001 0 3.747361536519123 -6.269258708670948 0 3.757375673606672 -6.320431875330133 0 3.798680768259562 -6.296363729335713 0 3.674201570282903 -6.35561918031208 0 3.720795690488563 -6.363612111150699 0 3.688467038877211 -6.397505694846251 0 3.611718182145474 -6.435842071663945 0 3.657225344808496 -6.437617140522184 0 3.63085909107171 -6.478421035831973 0 3.85 -6.224703125000629 0 3.798680768259562 -6.246980916835788 0 3.85 -6.274085937500553 0 3.710781553401013 -6.312438944491515 0 3.642959876214189 -6.395730625988014 0 3.54999999999692 -6.521000000000001 0 3.580859091071197 -6.478421035831973 0 3.599999999997433 -6.521000000000001 0 3.76870830779321 -6.167962343978656 0 3.758034922156167 -6.218610526324802 0 3.809354153896605 -6.196332734489642 0 3.639422486663642 -6.2673416122077 0 3.656812028473273 -6.31148039625989 0 3.693392011591383 -6.268300160439324 0 3.576584898203439 -6.350275437960146 0 3.625393234243171 -6.352947309136113 0 3.594151540174456 -6.393058754812046 0 3.511740586022736 -6.436800459078106 0 3.561729384084105 -6.436321265371026 0 3.530870293009828 -6.478900229539054 0 3.85 -6.125937500000782 0 3.809354153896605 -6.146949921989719 0 3.85 -6.175320312500705 0 3.677036030794345 -6.18648288982634 0 3.722872169293778 -6.177222616902499 0 3.712198783656735 -6.227870799248645 0 3.658229258728994 -6.226912251017021 0 3.608003692433541 -6.308808525083924 0 3.544162742113087 -6.393537948519127 0 3.449999999995892 -6.521000000000001 0 3.480870293009314 -6.478900229539054 0 3.499999999996406 -6.521000000000001 0 3.772785395960695 -6.073077339328995 0 3.811392697980348 -6.099507419664889 0 3.770746851876953 -6.120519841653826 0 3.70672599637071 -6.116108571884216 0 3.73771715208196 -6.142035457931437 0 3.691881013582528 -6.15129573085528 0 3.587176530021281 -6.180644825712994 0 3.632106280407814 -6.183563857769668 0 3.613299508342462 -6.223993218960347 0 3.539419489523548 -6.264206906344633 0 3.558002193863493 -6.30724117215239 0 3.589420988093595 -6.265774259276167 0 3.482488847919397 -6.349676707812704 0 3.529536873061418 -6.349976072886426 0 3.497114716971066 -6.393238583445406 0 3.419759888043473 -6.445805836304396 0 3.465750237033105 -6.441303147691252 0 3.434879944019683 -6.483402918152199 0 3.349999999994864 -6.521000000000001 0 3.384879944019169 -6.483402918152199 0 3.399999999995378 -6.521000000000001 0 3.85 -6.027171875000933 0 3.811392697980348 -6.050124607164964 0 3.85 -6.076554687500858 0 3.739755696165703 -6.094592955606606 0 3.631054478941897 -6.099407165015085 0 3.668890237656304 -6.107757868449651 0 3.654045254868121 -6.142945027420714 0 3.563298009772415 -6.222425866028814 0 3.609115504481589 -6.14002599536404 0 3.510954168721472 -6.306941807078669 0 3.451124367981436 -6.397741272058552 0 3.343534256122929 -6.426113055477813 0 3.381647072083202 -6.435959445891106 0 3.346767128058897 -6.473556527738907 0 3.275055337112776 -6.450993831215563 0 3.309294796617853 -6.438553443346689 0 3.312527668553821 -6.485996915607783 0 3.249999999993836 -6.521000000000001 0 3.262527668553306 -6.485996915607783 0 3.29999999999435 -6.521000000000001 0 3.04999999999178 -6.521000000000001 0 3.149999999992808 -6.521000000000001 0 3.100892460208201 -6.432587394158798 0 3.125446230100504 -6.476793697079399 0 3.075446230099991 -6.476793697079399 0 3.099999999992294 -6.521000000000001 0 3.204559685892626 -6.423230309551857 0 3.227279842943231 -6.472115154775929 0 3.177279842942717 -6.472115154775929 0 3.199999999993322 -6.521000000000001 0 3.773796132280516 -5.977789062501015 0 3.811898066140258 -6.002480468750974 0 3.773290764120605 -6.025433200915005 0 3.687927039184546 -6.019593330449863 0 3.697326517777628 -6.06785095116704 0 3.730356217572621 -6.046335334889429 0 3.659490759063222 -6.059500247732474 0 3.489707920468653 -6.179828159280767 0 3.538442225244967 -6.180236492496881 0 3.5145637049961 -6.222017532812701 0 3.539008505891476 -6.093899109749843 0 3.585031492416687 -6.096653137382464 0 3.563092517956378 -6.137271967731419 0 3.439969850571815 -6.264472713041062 0 3.461229349245606 -6.307074710426884 0 3.489694670047681 -6.264339809692848 0 3.390209868158764 -6.352175854784491 0 3.404984878101119 -6.398990845544445 0 3.43634935803908 -6.350926281298598 0 3.366872062140847 -6.389144455131152 0 3.286845418357547 -6.360359891671261 0 3.280950377735162 -6.405676861443412 0 3.315189837240238 -6.393236473574538 0 3.239807511502701 -6.43711207038371 0 3.000919655467459 -6.43449999871226 0 3.05090605783783 -6.433543696435529 0 3.02545982772962 -6.47774999935613 0 3.152726073050413 -6.427908851855328 0 2.949999999990752 -6.521000000000001 0 2.975459827729106 -6.47774999935613 0 2.999999999991266 -6.521000000000001 0 3.85 -5.928406250001085 0 3.811898066140258 -5.95309765625105 0 3.85 -5.977789062501008 0 3.730861585732531 -5.998691196475439 0 3.588779663562754 -6.007742820053869 0 3.63835335137365 -6.013668075251866 0 3.609917071252325 -6.053574992534477 0 3.464838885520234 -6.222150436160915 0 3.514358213180064 -6.136863634515306 0 3.563894084727115 -6.050820964901856 0 3.415089859365289 -6.308324283912777 0 3.338527643258155 -6.356267873227877 0 3.245702552125087 -6.391795100611559 0 3.059184804614945 -6.346308799243038 0 3.080038632411573 -6.389448096700917 0 3.030052230041202 -6.390404398977649 0 3.145561381477685 -6.35874786851033 0 3.175060533685155 -6.390989089031093 0 3.123226920842943 -6.395667631334564 0 2.90441473049896 -6.438682877760315 0 2.95266719298321 -6.436591438236288 0 2.927207365244857 -6.479841438880158 0 2.849999999989811 -6.521000000000001 0 2.877207365244386 -6.479841438880158 0 2.899999999990281 -6.521000000000001 0 2.649999999992109 -6.521000000000001 0 2.749999999990917 -6.521000000000001 0 2.698722204356985 -6.452673422980548 0 2.724361102173951 -6.486836711490275 0 2.674361102174547 -6.486836711490275 0 2.699999999991513 -6.521000000000001 0 2.799999999990364 -6.434397459622552 0 2.824999999990087 -6.477698729811276 0 2.774999999990641 -6.477698729811276 0 2.799999999990364 -6.521000000000001 0 3.772255943857085 -5.880450561694337 0 3.7730260380688 -5.929119812097676 0 3.811127971928542 -5.90442840584771 0 3.712736293478347 -5.933733477030577 0 3.743266212879432 -5.955761269765796 0 3.700331666331447 -5.97666340374022 0 3.633123397747688 -5.92515906947412 0 3.660525218466117 -5.972376199961991 0 3.610951530655221 -5.966450944763994 0 3.390313330263237 -6.179818322222645 0 3.415141590417526 -6.222145517631853 0 3.440010625365945 -6.179823240751706 0 3.440028972542875 -6.093784618530446 0 3.489518739217176 -6.093841864140146 0 3.464868446505764 -6.136806388905607 0 3.489603880850197 -6.007749115904208 0 3.539191772206475 -6.007745967979038 0 3.514306193370837 -6.050824112827025 0 3.34047245608488 -6.265691644345047 0 3.365341162121822 -6.308933749564769 0 3.390221153328348 -6.265082178693055 0 3.313658937221214 -6.313025768008155 0 3.212691601029811 -6.335353376163869 0 3.249768509693679 -6.347856633917566 0 3.208625643461219 -6.379291842857864 0 2.970220810827819 -6.348573184133893 0 3.014702807721382 -6.347440991688465 0 2.985570233147639 -6.391536591423077 0 3.102373093046315 -6.352528333876684 0 3.179126491253748 -6.347050622337099 0 2.93731777066339 -6.393628030947105 0 2.852207365244662 -6.436540168691434 0 2.599999999992706 -6.434397459622589 0 2.649361102174845 -6.443535441301568 0 2.624999999992407 -6.477698729811294 0 2.749361102173674 -6.443535441301551 0 2.549999999993301 -6.521000000000001 0 2.574999999993004 -6.477698729811294 0 2.599999999992705 -6.521000000000001 0 3.85 -5.829640625001584 0 3.811127971928542 -5.855045593347961 0 3.85 -5.879023437501335 0 3.742496118667717 -5.907092019362457 0 3.672929845613018 -5.929446273252349 0 3.538097346415697 -5.922269674162914 0 3.585610372081693 -5.923714371818517 0 3.563438504989225 -5.965006247108391 0 3.415171151403056 -6.136801470376546 0 3.365392893174059 -6.222754983283846 0 3.464816426696537 -6.050766867217327 0 3.513850613632947 -5.965009395033561 0 3.245540944428225 -6.26283277126416 0 3.293006700256552 -6.264262207804603 0 3.266193181392886 -6.31159633146771 0 3.229116272729018 -6.299093073714015 0 3.03767217819676 -6.26015621245893 0 3.00394649451229 -6.304364698296412 0 3.048428491405852 -6.303232505850984 0 3.142651687185336 -6.27375900590832 0 3.144106534331511 -6.316253437209325 0 3.100918245900141 -6.310033902575679 0 3.177671644107574 -6.304556191036095 0 2.879765229137391 -6.349393114745611 0 2.924993019982605 -6.348983149439753 0 2.892089979818176 -6.394037996252964 0 2.839882614563877 -6.391895287184082 0 2.69361102181883 -6.352572195657601 0 2.696166613087908 -6.402622809319075 0 2.646805510905768 -6.393484827640095 0 2.746805510904597 -6.393484827640076 0 2.498840870534321 -6.452624148902961 0 2.549420435263514 -6.443510804262775 0 2.524420435263811 -6.486812074451482 0 2.449999999994493 -6.521000000000001 0 2.474420435264407 -6.486812074451482 0 2.499999999993897 -6.521000000000001 0 2.249999999996878 -6.521000000000001 0 2.349999999995686 -6.521000000000001 0 2.301468029680953 -6.450886781912843 0 2.32573401483832 -6.485943390956423 0 2.275734014838916 -6.485943390956423 0 2.299999999996282 -6.521000000000001 0 2.399999999995091 -6.434397459622589 0 2.424999999994792 -6.477698729811294 0 2.374999999995389 -6.477698729811294 0 2.39999999999509 -6.521000000000001 0 3.772270612705843 -5.781774890989487 0 3.811135306352922 -5.805707757995536 0 3.772263278281464 -5.831112726341912 0 3.682536777653947 -5.832876143130099 0 3.697636535566147 -5.883304810080338 0 3.727396360755516 -5.856663352412218 0 3.657830087700817 -5.879017606302109 0 3.587743708226719 -5.83538842010809 0 3.562920527321208 -5.878829047135502 0 3.610433552987204 -5.880273744791104 0 3.340686859812947 -6.093743934351799 0 3.365500095038092 -6.136781128287222 0 3.390357916177911 -6.093764276441123 0 3.291686339293233 -6.179235249777111 0 3.340999834778235 -6.179526785999878 0 3.316079397689057 -6.222463447061079 0 3.390364646264 -6.007745878785983 0 3.439984263557099 -6.007747497345095 0 3.415196809403438 -6.050765248658215 0 3.439762150913368 -5.921865661735579 0 3.488929748664533 -5.922067667949246 0 3.464683015881783 -5.964807388819894 0 3.268613641860729 -6.221034010520635 0 3.194096315806781 -6.26829588858624 0 3.090161932691049 -6.266957609183626 0 2.939368267051402 -6.262398101883211 0 2.95479453893961 -6.305485643008552 0 2.988520222624081 -6.261277157171071 0 2.909566748094397 -6.305895608314412 0 2.791901371271141 -6.332915752757184 0 2.835833300204266 -6.341154433751398 0 2.795950685630753 -6.383656606189868 0 2.595158348690488 -6.333505790911308 0 2.64438468525466 -6.343038993284456 0 2.597579174341597 -6.383951625266949 0 2.742756196544986 -6.342743974207393 0 2.494204352696011 -6.352325825269632 0 2.496522611615166 -6.402474987086297 0 2.547102176344358 -6.39336164244611 0 2.449420435264706 -6.443510804262775 0 2.209489566127368 -6.423754963893028 0 2.255478797904161 -6.437320872902936 0 2.229744783062123 -6.472377481946515 0 2.350734014838022 -6.442642120767717 0 2.14999999999807 -6.521000000000001 0 2.179744783062719 -6.472377481946515 0 2.199999999997474 -6.521000000000001 0 1.949999999999918 -6.521000000000001 0 2.049999999999263 -6.521000000000001 0 2.003945062973099 -6.436755327003862 0 2.026972531486181 -6.478877663501931 0 1.976972531486509 -6.478877663501931 0 1.999999999999591 -6.521000000000001 0 2.102217535068452 -6.434665069965526 0 2.126108767533261 -6.477832534982763 0 2.076108767533857 -6.477832534982763 0 2.099999999998666 -6.521000000000001 0 3.85 -5.730875000001736 0 3.811135306352922 -5.756324945495612 0 3.85 -5.780257812501659 0 3.727403695179895 -5.807325517059793 0 3.635140242940333 -5.834132281619095 0 3.489462518052278 -5.835843163000416 0 3.513779932233988 -5.879056418581666 0 3.538603113139499 -5.835615791554254 0 3.365525753038474 -6.050744906568891 0 3.31618659955309 -6.136489592064455 0 3.415063398588685 -5.964805770260782 0 3.464612334482823 -5.878854412367998 0 3.192590720511382 -6.177556280240423 0 3.242138529902308 -6.178395765008768 0 3.219065832469804 -6.220194525752292 0 3.16762120384836 -6.225657643074372 0 3.092419373565361 -6.179196619306872 0 3.06504577588106 -6.219676415882901 0 3.117535530375349 -6.226477812607596 0 2.992826610699086 -6.178502340605721 0 3.015249394447923 -6.219329276532326 0 2.966097438875244 -6.220450221244467 0 2.842676317527339 -6.264022007564925 0 2.861220773332365 -6.306707561155268 0 2.89102229228937 -6.263210054724068 0 2.81728884439924 -6.298468880161055 0 2.544681350693249 -6.342915808090471 0 2.643834032587901 -6.264158987206739 0 2.619496190639194 -6.298832389059024 0 2.668722527203366 -6.30836559143217 0 2.743454287881779 -6.264193986195228 0 2.76767782957646 -6.298554869476206 0 2.718532654850305 -6.308383090926415 0 2.447102176345551 -6.39336164244611 0 2.297850582289743 -6.354281486048603 0 2.299659305985348 -6.402584133980724 0 2.253670074208555 -6.389018224970815 0 2.348925291142417 -6.394339472835596 0 2.15585355059791 -6.429210016929277 0 1.923410867611229 -6.447913730339343 0 1.963677965292164 -6.442334528671603 0 1.936705433805574 -6.484456865169673 0 2.053081299020776 -6.435710198484694 0 1.85 -6.521000000000001 0 1.886705433805615 -6.484456865169673 0 1.899999999999959 -6.521000000000001 0 3.76938190960732 -5.685932016107341 0 3.770826261156581 -5.733853453548414 0 3.80969095480366 -5.708403508054538 0 3.706727223893023 -5.741309713572504 0 3.739498918299433 -5.761542302280995 0 3.694632000773485 -5.787092928351301 0 3.630603286741247 -5.745216025120072 0 3.656570032197597 -5.789046084125085 0 3.609173497483983 -5.790302222614081 0 3.539025119810506 -5.750039352065009 0 3.563384414018612 -5.792713886086549 0 3.514243818931392 -5.792941257532713 0 3.291043850169779 -6.007730570006399 0 3.315865354991363 -6.050737252179099 0 3.34070424821689 -6.007738224396191 0 3.241357564007964 -6.09372467394237 0 3.266521951650598 -6.136479961859741 0 3.291022211910455 -6.093734304147085 0 3.340705969205867 -5.92175505364586 0 3.390234060059618 -5.92181035769072 0 3.365535307734934 -5.964750466215922 0 3.390338544692163 -5.835831084914106 0 3.415050347802765 -5.878848373324843 0 3.439900531372221 -5.835837123957262 0 3.216974142259673 -6.135640477091397 0 3.142505047038371 -6.178376449773648 0 3.042622992132223 -6.178849479956297 0 2.89319387231993 -6.17977300498919 0 2.916281069685666 -6.2210855534362 0 2.943010241509508 -6.179137672797456 0 2.867935094923634 -6.221897506277058 0 2.793065302704559 -6.264107996880076 0 2.544142336356989 -6.264074486799985 0 2.569650342523738 -6.298790138855647 0 2.5191733445265 -6.308200156034808 0 2.69364416023484 -6.264176486700983 0 2.593988184472445 -6.264116737003362 0 2.396277097819262 -6.333775336264703 0 2.445240725257637 -6.343050580767168 0 2.398138548907177 -6.384086397943646 0 2.216141426746342 -6.335847580497754 0 2.256996004518043 -6.345064533273179 0 2.212815496436855 -6.379801272195392 0 2.347063840054503 -6.344028411156653 0 2.148569589281274 -6.361172609766462 0 2.179029577704321 -6.392463786829746 0 2.125393562174863 -6.397918839865994 0 1.943842416984883 -6.357382593721614 0 1.933626642298056 -6.402648162030479 0 1.973893739978991 -6.397068960362738 0 2.06118929101449 -6.337448700350509 0 2.081703413041471 -6.386056885158018 0 2.032567176993795 -6.387102013677186 0 1.85 -6.422234374999642 0 1.886705433805615 -6.435074052669493 0 1.85 -6.471617187499821 0 2.182355508013808 -6.348510095132109 0 3.85 -5.632109375002061 0 3.80969095480366 -5.659020695554701 0 3.85 -5.681492187501899 0 3.738054566750171 -5.713620864839923 0 3.668665255317135 -5.743262869346289 0 3.584814203275877 -5.747627688592541 0 3.439939591279709 -5.749996150905244 0 3.489482355545108 -5.750017751485126 0 3.464701054665994 -5.792919656952831 0 3.315874909687824 -5.96474281182613 0 3.266200707088871 -6.050727621974385 0 3.365522256949015 -5.878793069279983 0 3.415139067985936 -5.792913617909675 0 3.142040681090595 -6.093638285783242 0 3.167315700800989 -6.135597283011833 0 3.19169912254928 -6.093681479862807 0 3.117230027327978 -6.136417452545057 0 3.042616894116855 -6.093876871045119 0 3.067518133841109 -6.136536745175995 0 3.017721752407971 -6.136189605825421 0 2.943119972739851 -6.093839935573524 0 2.91815692252989 -6.136806470281357 0 2.967973291719469 -6.136171138089623 0 2.793471631619012 -6.179547435978082 0 2.843332751969471 -6.179660220483637 0 2.818073974573176 -6.221784721771504 0 2.768462959750396 -6.221870711086655 0 2.444473237406768 -6.263999861762949 0 2.46933879505139 -6.308162843516291 0 2.494307786881878 -6.264037174281468 0 2.693832902410649 -6.179469691225212 0 2.668833467499275 -6.221814339215975 0 2.718643595146214 -6.22183183871022 0 2.594077851506001 -6.179436878335588 0 2.569110093931495 -6.221755682567787 0 2.618955942046951 -6.221797932771164 0 2.420375167613015 -6.298887599013827 0 2.249704429072449 -6.262780933357967 0 2.232922927909396 -6.299314256927861 0 2.273777505681096 -6.308531209703285 0 2.344857316708701 -6.263872048619747 0 2.370567207263982 -6.298823692442225 0 2.321353949499222 -6.309076767334175 0 2.104879440147882 -6.349310655058487 0 2.002515853999686 -6.347415647036062 0 1.896921208492441 -6.389808484360628 0 2.148209380209938 -6.273330635363076 0 2.18217540347814 -6.304589107930415 0 2.148389484745606 -6.317251622564769 0 3.747461321513162 -5.58086378676712 0 3.798730660756581 -5.606486580884591 0 3.758421615560241 -5.63339790143723 0 3.678843532756757 -5.660749492515522 0 3.69278537832489 -5.701029603044013 0 3.724112721182038 -5.673340754311432 0 3.654723409749002 -5.702982758817797 0 3.586955576571615 -5.663368888780719 0 3.608779431656431 -5.704292456950396 0 3.562990348191061 -5.706704120422865 0 3.489537226090028 -5.664244302717973 0 3.514281172950267 -5.707141827391491 0 3.464738408684869 -5.707120226811609 0 3.241437057025113 -5.921717621867632 0 3.266240453597446 -5.964724095937016 0 3.29107151311549 -5.921736337756747 0 3.191724211779463 -6.007701115911347 0 3.241384030974621 -6.007715842958874 0 3.216540887893713 -6.050712894926859 0 3.291119181401275 -5.835782191520668 0 3.340728863046719 -5.835806638217386 0 3.315912575303571 -5.878768622583264 0 3.340784377177966 -5.749916278774316 0 3.390361984228837 -5.749956214839781 0 3.365561460935064 -5.792873681844211 0 3.166882446435029 -6.050669700847296 0 3.092328787603726 -6.093757578414181 0 2.992868433428353 -6.093858403309322 0 2.84345520311799 -6.093684059054558 0 2.893287587928921 -6.093761997314042 0 2.86832453771896 -6.136728532021874 0 2.818463417368501 -6.13661574751632 0 2.743652267014831 -6.179508563601647 0 2.494382968115324 -6.179371731501091 0 2.469428102761046 -6.22168579663202 0 2.519262652236156 -6.221723109150538 0 2.643955376958325 -6.179453284780401 0 2.544230409810663 -6.179404304918339 0 2.394665277057734 -6.263935955191348 0 2.297280872890575 -6.263326490988857 0 2.198956904641193 -6.268055784360522 0 2.104699335612214 -6.305389667856792 0 1.997635565455439 -6.262093642045601 0 2.029412428234965 -6.299771171198055 0 1.970738991220161 -6.309738117883608 0 1.85 -6.323468749999628 0 1.896921208492441 -6.340425671860621 0 1.85 -6.372851562499635 0 3.85 -5.533343750002386 0 3.798730660756581 -5.557103768384753 0 3.85 -5.582726562502224 0 3.713152427134959 -5.620806639641321 0 3.632899554664186 -5.662059190648121 0 3.538246401330821 -5.663806595749346 0 3.390394119368686 -5.664109444473523 0 3.439965672729357 -5.664176873595748 0 3.415166855324197 -5.707052797689384 0 3.266278119213194 -5.87874990669415 0 3.216580634402288 -5.964709368889491 0 3.31595177928962 -5.792849235147492 0 3.365589248273326 -5.70701286162392 0 3.092379161911786 -6.007730281957104 0 3.117209921501191 -6.050684283870174 0 3.142051686845624 -6.007715698934226 0 3.067498028014321 -6.050803576501112 0 2.99296182255647 -6.007677723409706 0 2.96804089764816 -6.050758829491615 0 3.017789358336663 -6.050777297227413 0 2.893561340104656 -6.007628736218037 0 2.918340656422254 -6.050734335895781 0 2.868508271611323 -6.050656397636298 0 2.743969140463731 -6.093537013376891 0 2.793712171790861 -6.093610536215725 0 2.768720386041371 -6.136542224677488 0 2.71890102143719 -6.136503352301052 0 2.394748665103698 -6.179224101106701 0 2.444565816609511 -6.179297916303897 0 2.419610951255233 -6.221611981434825 0 2.644338999797354 -6.093533556447359 0 2.669085951104002 -6.136501623836286 0 2.619208425651677 -6.136485217391474 0 2.544469545483794 -6.093613602895772 0 2.569273698494897 -6.13652524061568 0 2.519426256799559 -6.136492667198432 0 2.3698029909062 -6.221548074863223 0 2.295168863856802 -6.179164194422373 0 2.272436646464626 -6.22097256389017 0 2.320013090282751 -6.22151812152106 0 2.196428037754852 -6.178967327898086 0 2.172318708982395 -6.226148981630581 0 2.22306623341365 -6.220874130628026 0 2.071231232682408 -6.248462420085958 0 2.109720306446173 -6.260896527724517 0 2.066210261848449 -6.292955560218234 0 2.034433399068924 -6.25527803106578 0 1.913910567153511 -6.271261143488444 0 1.955773066304475 -6.266677392767023 0 1.928876492069197 -6.314321868605029 0 1.881955283576755 -6.297364946744036 0 3.768855370300319 -5.477737993414765 0 3.75815834590674 -5.529300890090942 0 3.80942768515016 -5.505540871708575 0 3.638983848293694 -5.579181228813104 0 3.658913690525226 -5.619965360664313 0 3.693222584903428 -5.580022507790112 0 3.612969712432655 -5.621275058796911 0 3.538816609269144 -5.578345553783851 0 3.56288609292038 -5.620857221282286 0 3.514176917679586 -5.621294928250912 0 3.439935376601151 -5.578300190643009 0 3.415164747984918 -5.621204817558266 0 3.46473630134559 -5.621272246680491 0 3.191835730087794 -5.835701747632482 0 3.241477455744534 -5.835741969576575 0 3.216636393556453 -5.878709684750058 0 3.142128135810518 -5.921664130523269 0 3.166926173794991 -5.964682623217309 0 3.191782596417815 -5.921690876195451 0 3.241547909186733 -5.749819127282289 0 3.29116614318235 -5.749867703028303 0 3.266333545294004 -5.792800659401479 0 3.291193305155495 -5.663971346421458 0 3.340793712262091 -5.664040395447491 0 3.315988841166731 -5.706943812597888 0 3.117253648861152 -5.964697206240187 0 3.042670492234128 -6.007704002683405 0 2.943261581330563 -6.007653229813872 0 2.794148867994175 -6.007542120060054 0 2.843855104049416 -6.007585428139047 0 2.818802035556082 -6.050613089557307 0 2.769059004228953 -6.050539566718474 0 2.694154070130542 -6.093535284912125 0 2.444608666552121 -6.093371030448622 0 2.469495817333723 -6.136371380974857 0 2.419678665827909 -6.136297565777662 0 2.594404272640574 -6.093573579671565 0 2.494539106017958 -6.093492316672197 0 2.34495876448025 -6.179194147764537 0 2.245798450805827 -6.17906576116023 0 2.102292179766893 -6.176630240927998 0 2.149360108760873 -6.177798784413042 0 2.125250779988415 -6.224980438145536 0 2.08676170622465 -6.212546330506978 0 2.015914955475567 -6.171567780796914 0 2.043573094078988 -6.210015100441437 0 2.006775260465503 -6.216830711421258 0 1.92807485332723 -6.188657606676111 0 1.920992710240371 -6.229959375082278 0 1.962855209391335 -6.225375624360856 0 1.85 -6.224703124999269 0 1.881955283576755 -6.247982134243857 0 1.85 -6.274085937499448 0 3.85 -5.434578125002364 0 3.80942768515016 -5.456158059208565 0 3.85 -5.483960937502375 0 3.677098629322805 -5.4989937973955 0 3.722976999811562 -5.488365895405133 0 3.712279975417983 -5.539928792081311 0 3.658041238808249 -5.539087513104302 0 3.588900228781419 -5.578763391298478 0 3.489375992935147 -5.57832287221343 0 3.340813780974039 -5.578149810331849 0 3.365603950171363 -5.621129627402686 0 3.390374578787595 -5.578225000487429 0 3.166981932949156 -5.878682939077876 0 3.216691819637264 -5.792760437457386 0 3.266370607171114 -5.706895236851874 0 3.316003543064768 -5.621060578376654 0 3.042780833649102 -5.921633370544445 0 3.067579997780444 -5.964681826250775 0 3.09245448472981 -5.921648750533857 0 3.017871328102786 -5.964655546977076 0 2.943436126140768 -5.921598560740253 0 2.918498733122712 -5.964613648479146 0 2.968198974348619 -5.96463814207498 0 2.844073790343281 -5.921528150897313 0 2.819111329168728 -5.964535135478684 0 2.868817565223969 -5.964578443557675 0 2.694567237843209 -6.007445217496088 0 2.71926818915347 -6.05049111543649 0 2.744358052918692 -6.007493668778071 0 2.669453118820281 -6.050489386971724 0 2.345196869474623 -6.093240173826266 0 2.394902768013372 -6.093305602137444 0 2.369972767289161 -6.136232137466484 0 2.594935352027719 -6.007401835653048 0 2.619637175912537 -6.050467696050204 0 2.569702448755756 -6.05050771927441 0 2.49533409741675 -6.00730328603276 0 2.519901821450272 -6.050458444464266 0 2.469971381984436 -6.050337158240691 0 2.320182866665712 -6.13620218412432 0 2.245911368912702 -6.093141614104402 0 2.270540116384752 -6.136152904263388 0 2.221169703333777 -6.136054471001244 0 2.146104899534008 -6.093405019284005 0 2.12419853965045 -6.135017630106002 0 2.17126646864443 -6.136186173591046 0 2.05910356762123 -6.174099010862456 0 1.971994904401399 -6.180112693736513 0 1.889037426663615 -6.206680365837689 0 3.771088817788183 -5.381519038247287 0 3.810544408894092 -5.408048581624826 0 3.769972094044251 -5.429628515831026 0 3.706841777707047 -5.423345532392118 0 3.737848574003683 -5.450541762903442 0 3.691970203514926 -5.46116966489381 0 3.588656321801081 -5.49290422378179 0 3.632877475561943 -5.495949010588646 0 3.613820085047387 -5.536042726297447 0 3.563736465535113 -5.53562488878282 0 3.489390222441505 -5.492503670601545 0 3.514103415855325 -5.535424612192698 0 3.464662799521328 -5.535401930622277 0 3.390360119212077 -5.492314875974198 0 3.365586950093058 -5.535232343153024 0 3.415147747906614 -5.535307533308604 0 3.09252573046306 -5.835638194658253 0 3.117326933136789 -5.878651162590762 0 3.142180730275427 -5.835669971145368 0 3.142245724579242 -5.74969489753214 0 3.191896816882988 -5.749757012407215 0 3.167040727333518 -5.792698322582312 0 3.191961469777465 -5.663818447356666 0 3.241577387466481 -5.663894896889063 0 3.216754689482099 -5.706818787319478 0 3.241658174448087 -5.578014970310111 0 3.266425739801791 -5.620993158365785 0 3.291235977711063 -5.57808239032098 0 3.067653282056081 -5.878635782601349 0 2.993108479894935 -5.921615965642349 0 2.893754958242025 -5.921563355818783 0 2.744655454874231 -5.921444682893132 0 2.769402161434203 -5.964493401476593 0 2.794364622608756 -5.921486416895223 0 2.71961134635872 -5.96444495019461 0 2.644751294935464 -6.007423526574568 0 2.395886206651149 -6.007117073603298 0 2.420247436601635 -6.05024405202596 0 2.370541538062886 -6.050178623714782 0 2.545134724722235 -6.007352560842905 0 2.44561015203395 -6.00721017981803 0 2.295554119193663 -6.093190893965334 0 2.196008134223355 -6.093273316694203 0 2.047790528339123 -6.089193319984568 0 2.075041354053008 -6.132911780456283 0 2.096947713936566 -6.091299169634286 0 2.031852741907345 -6.130380550390742 0 1.944864470980114 -6.08270822772881 0 1.980389713227841 -6.127138004262862 0 1.936469662153672 -6.135682917202461 0 1.85 -6.125937499999256 0 1.889037426663615 -6.157297553337683 0 1.85 -6.175320312499262 0 3.85 -5.33581250000269 0 3.810544408894092 -5.358665769124988 0 3.85 -5.385195312502526 0 3.738965297747615 -5.402432285319703 0 3.629885346226033 -5.412753603983225 0 3.66836356196654 -5.418049568187673 0 3.653491987774419 -5.455873700689363 0 3.609270834013557 -5.452828913882508 0 3.539023272121293 -5.492703947191668 0 3.439875170826791 -5.492409273287872 0 3.291188344120675 -5.492137874466423 0 3.316001062547357 -5.535143842399137 0 3.340774231666376 -5.49222637522031 0 3.117385727521151 -5.792666546095197 0 3.167103597178354 -5.706756672444404 0 3.216809822112776 -5.620916708833389 0 3.266423259284381 -5.535076422388267 0 2.993210131794847 -5.835581624535275 0 3.042867931128954 -5.835609909596765 0 3.017995482721975 -5.878607497539861 0 2.968323128967808 -5.878590092637765 0 2.893879644181291 -5.83551671056885 0 2.918657885161029 -5.878557635654552 0 2.868976717262286 -5.878522430733082 0 2.794468594570631 -5.835431889234269 0 2.769562024722431 -5.878438286063701 0 2.819271192456957 -5.878480020065791 0 2.64516126365744 -5.921333103869543 0 2.669864250750325 -5.964389160682815 0 2.694908359265836 -5.921388893381337 0 2.62004830784258 -5.964367469761296 0 2.296296796943254 -6.006981399670563 0 2.346091501797201 -6.007049236636931 0 2.320746833208938 -6.050110786748415 0 2.545740967967769 -5.921182247176771 0 2.570338159997744 -5.96429204141491 0 2.52053753269226 -5.964242766604766 0 2.446317949930111 -5.921075278144022 0 2.42110207829063 -5.96409617587366 0 2.470826023673431 -5.964189282088391 0 2.271104082927978 -6.050061506887483 0 2.196192690279748 -6.007304597190558 0 2.221052029596225 -6.05022310564748 0 2.171148794906878 -6.050354808237282 0 2.096695638706967 -6.00744539248827 0 2.072243083523045 -6.048319356236419 0 2.121400269120487 -6.050425205886137 0 1.996327499659619 -6.085950773856689 0 1.897432235490057 -6.104322863864033 0 3.770042865810034 -5.284594403284983 0 3.770565841799109 -5.333056720766136 0 3.810021432905017 -5.310203451643837 0 3.686762934271862 -5.329233467536873 0 3.696802355989455 -5.376289499964496 0 3.728925876030023 -5.35537625289208 0 3.658324140248947 -5.370993535760049 0 3.538718825203909 -5.406758286704104 0 3.563687573502495 -5.449831255242946 0 3.584302085714971 -5.409755945343665 0 3.514054523822707 -5.449630978652825 0 3.439844998894875 -5.40648043378964 0 3.46461761066819 -5.449492052195593 0 3.415102559053476 -5.44939765488192 0 3.340788385516372 -5.406378458091122 0 3.365574252364224 -5.44934666703266 0 3.315988364818524 -5.449258166278772 0 3.04295582816086 -5.749604173216812 0 3.06774077931196 -5.792621183937533 0 3.092600776370051 -5.749649535374477 0 3.09266781524253 -5.663683547549316 0 3.142314642509997 -5.663750997452992 0 3.117456769910886 -5.706689222540728 0 3.142395677541374 -5.577823933887297 0 3.19202692599473 -5.577919452098704 0 3.167178573659419 -5.620821190621982 0 3.192082003683468 -5.492030891290947 0 3.241635173902071 -5.492084382878685 0 3.216870089065777 -5.535022930800529 0 3.018082979977854 -5.792592898876045 0 2.943544887988069 -5.835549167552063 0 2.844174119375961 -5.83547429990156 0 2.695021274898752 -5.835310212581533 0 2.744744934734691 -5.8353710509079 0 2.719838364886491 -5.878377447737332 0 2.670091269278096 -5.878321658225538 0 2.595451115812605 -5.921257675523157 0 2.346513465374285 -5.92103941393554 0 2.371199836012717 -5.96407824376942 0 2.32140513115877 -5.964010406803052 0 2.49602945894894 -5.921128762660397 0 2.396415707652198 -5.921057346039781 0 2.246244743611501 -6.007142998430561 0 2.146444164493357 -6.007374994839414 0 2.00355153823519 -6.002083814180065 0 2.050123588471078 -6.004764603334168 0 2.025671033287157 -6.045638567082317 0 1.974208004607652 -6.042396020954438 0 1.85 -6.027171874998723 0 1.897432235490057 -6.054940051363767 0 1.85 -6.076554687498989 0 3.85 -5.237046875003015 0 3.810021432905017 -5.260820639143999 0 3.85 -5.286429687502853 0 3.728402900040948 -5.306913935410928 0 3.58720363040965 -5.32147410823904 0 3.636983282340756 -5.325353787887957 0 3.608544488317841 -5.367113856111134 0 3.562961227806779 -5.364116197471573 0 3.489281912049392 -5.406619360246872 0 3.390316692205624 -5.406429445940381 0 3.241727228593753 -5.406284746951545 0 3.291257807055063 -5.406331602521334 0 3.266457786357214 -5.449211310708984 0 3.067811821701695 -5.706643860383064 0 3.117531746391952 -5.620753740718307 0 3.167238840612421 -5.534927412589122 0 3.21690461613861 -5.449157819121246 0 2.943653473838534 -5.749514444705453 0 2.968431802816691 -5.792548034620365 0 2.993304650999697 -5.749559308961134 0 2.918766559009913 -5.792515577637152 0 2.844303186393323 -5.749421894676222 0 2.819385890481977 -5.792426891955246 0 2.869091415287307 -5.792469302622536 0 2.744863589906844 -5.749313717278703 0 2.769666092238737 -5.792372803256486 0 2.719942432402798 -5.792311964930118 0 2.595597034347608 -5.835188624794954 0 2.64530915462318 -5.835249418688243 0 2.620379149002524 -5.878260864332248 0 2.570669001157689 -5.878185435985863 0 2.246570246798989 -5.921194969499004 0 2.271433521871121 -5.964088184584783 0 2.296541856086637 -5.921117191717272 0 2.496222194017578 -5.835092213838577 0 2.471270071973844 -5.878083745991299 0 2.520981580992673 -5.878137230507674 0 2.396890812175244 -5.834991411318567 0 2.371702138774765 -5.878015412627054 0 2.421604381052678 -5.878033344731294 0 2.221381468539368 -5.964249783344781 0 2.146327822086783 -5.921614360583658 0 2.171260256183265 -5.964459478887107 0 2.121511730396875 -5.964529876535964 0 2.055237467363505 -5.921434888019688 0 2.075966553035236 -5.964440140253979 0 2.029394502799348 -5.961759351099877 0 1.921462406565361 -5.977429366451207 0 1.962506972400275 -5.989756590315636 0 1.933163438772737 -6.030068797090009 0 1.885731203282681 -6.002300620724966 0 3.772297436766356 -5.189057556685879 0 3.811148718383178 -5.213052215844447 0 3.771170151288195 -5.236825979985431 0 3.710790277802365 -5.237046875003013 0 3.7404165718062 -5.260820639143999 0 3.698776606037114 -5.283140171269944 0 3.631228928846703 -5.235655830916961 0 3.658995931559282 -5.282444649226917 0 3.609216279628177 -5.278564969578001 0 3.489378791709436 -5.320736390937262 0 3.514048808456673 -5.363747338820684 0 3.538291211059543 -5.321105249588152 0 3.464611895302156 -5.363608412363452 0 3.390381327365193 -5.32066059697738 0 3.415113163130034 -5.36357051538351 0 3.365584856440782 -5.363519527534251 0 3.29134225188437 -5.320570569504672 0 3.316065318700371 -5.363474513797897 0 3.266534740239061 -5.363427658228108 0 2.993390279164716 -5.663575183994781 0 3.043029047203623 -5.663629365772049 0 3.018173053662788 -5.706589678605797 0 3.043123555155164 -5.577701838662932 0 3.092759616348269 -5.577762886275115 0 3.067895685198847 -5.620692693106124 0 3.092853639018473 -5.491894818544388 0 3.14246782135097 -5.491962854917668 0 3.117624658279924 -5.534859376215843 0 3.142567688336356 -5.406135286871034 0 3.192147458465055 -5.40621001691129 0 3.167324846009912 -5.44908308908099 0 2.968521876501625 -5.706544814350117 0 2.893978330115929 -5.749468169690838 0 2.794583388150083 -5.749367805977462 0 2.645403086575858 -5.749186996048121 0 2.695133338241351 -5.749250356663412 0 2.670212180737305 -5.792248604314826 0 2.620500060461733 -5.792187810421538 0 2.545909614182593 -5.835140419316765 0 2.296927542880256 -5.835124009066185 0 2.321720504127271 -5.878081711500863 0 2.271748894839623 -5.878159489282595 0 2.446556503096411 -5.835041812578572 0 2.34690917752775 -5.835057710192377 0 2.196449034442886 -5.921404665041331 0 2.100782644725144 -5.921524624301673 0 1.979520877313378 -5.925106396017675 0 2.017379172338441 -5.923270642018682 0 1.991536207774284 -5.963595105098871 0 1.950491641939369 -5.951267881234442 0 1.85 -5.928406249998537 0 1.885731203282681 -5.952917808224873 0 1.85 -5.97778906249863 0 3.85 -5.13828125000334 0 3.811148718383178 -5.16366940334461 0 3.85 -5.187664062503178 0 3.741543857284361 -5.213052215844447 0 3.671009603324534 -5.236351352959987 0 3.538943039722051 -5.235092939123252 0 3.585085984284377 -5.235374385020107 0 3.563073335065851 -5.278283523681147 0 3.514160915715744 -5.277914665030258 0 3.439880059537314 -5.320698493957321 0 3.340861789624781 -5.320615583241025 0 3.192272349452506 -5.320456190419375 0 3.241807300668438 -5.320513379962023 0 3.216999789023129 -5.36337046868546 0 3.01825691715994 -5.620638511328857 0 3.067988597086819 -5.53479832860366 0 3.117710663677415 -5.449015052707711 0 3.167420018894431 -5.363295738645204 0 2.894103265094256 -5.663467062751069 0 2.918878369466395 -5.706490753728261 0 2.943746772129487 -5.663521123372925 0 2.86920322574379 -5.706444478713646 0 2.794735525025581 -5.663353215334848 0 2.819519355709452 -5.706387555005536 0 2.769799557466213 -5.706333466306776 0 2.695221285968488 -5.663231316995718 0 2.720042437937666 -5.706272517137211 0 2.670312186272173 -5.70620915652192 0 2.546047398138772 -5.749052002683928 0 2.595725242357315 -5.749119499366024 0 2.57082221624319 -5.79212031373944 0 2.521134796078175 -5.792072108261252 0 2.196394745348495 -5.835564732781585 0 2.246661144114376 -5.835344370923885 0 2.221482496073742 -5.878379851140295 0 2.446633916438592 -5.74906621693169 0 2.471428055228085 -5.792079215385133 0 2.421762364306918 -5.792028814125128 0 2.347399854460113 -5.748978776896881 0 2.322163698670185 -5.792051392981533 0 2.372145333317679 -5.791985094107725 0 2.171361283717639 -5.878589546682622 0 2.099629529671156 -5.833555883360539 0 2.077433498517331 -5.877495385690113 0 2.122978675878969 -5.877585121972098 0 1.997058816581033 -5.839542782303837 0 1.988289846947205 -5.882324589160756 0 2.026148141972269 -5.880488835161762 0 1.920294157821804 -5.88504112913358 0 1.949907517567591 -5.905073762575627 0 1.920878282193582 -5.931235247792394 0 1.885147078910902 -5.906723689566059 0 3.771568374775575 -5.091336979948439 0 3.771932905770965 -5.140197268317159 0 3.810784187387787 -5.114809114975889 0 3.687517318522718 -5.144081173104219 0 3.699153798162542 -5.190564024053616 0 3.729907377644537 -5.166569364895048 0 3.65937312368471 -5.18986850201059 0 3.586966141041084 -5.148881757853562 0 3.609097534943893 -5.192268794385262 0 3.562954590381568 -5.191987348488407 0 3.439968356928847 -5.2349799743685 0 3.489455698325449 -5.235036456745876 0 3.464673574319141 -5.277858182652881 0 3.41517484214702 -5.27782028567294 0 3.34095353432174 -5.234862894649797 0 3.365667430843466 -5.277761745813589 0 3.316147893103055 -5.277716732077234 0 3.241907281744553 -5.234749547202583 0 3.21708981559853 -5.277602868810979 0 3.266624766814461 -5.277660058353627 0 2.943833014639965 -5.577549780302981 0 2.993478284897565 -5.577625809482956 0 2.968611646902342 -5.620562482148882 0 2.993554763099084 -5.491701749041918 0 3.043204201058779 -5.491798283793154 0 3.018339159127124 -5.534701793852426 0 3.043398146295392 -5.405975211512204 0 3.068125892656933 -5.448935015028296 0 3.092982917315874 -5.406055249191619 0 3.093144959943841 -5.320282893160099 0 3.142708654698174 -5.320369541789737 0 3.117856324140099 -5.363209090015567 0 2.918968139867111 -5.620508421527026 0 2.844419395059918 -5.663410139042959 0 2.744978405497035 -5.663292266165284 0 2.595784731344934 -5.663146525656968 0 2.645503008656711 -5.663188921326343 0 2.620593908960396 -5.706166760852545 0 2.570916064741853 -5.706099264170447 0 2.496340657288682 -5.749059109807809 0 2.247796133124422 -5.748974749965538 0 2.27236183800234 -5.792049379515862 0 2.222095439236458 -5.792269741373562 0 2.397016885449353 -5.749022496914286 0 2.297597993792268 -5.74897676343121 0 2.148012137509825 -5.834560308071062 0 2.048344173126095 -5.836549332832188 0 1.958676487201418 -5.862291955718709 0 1.85 -5.829640624998005 0 1.885147078910902 -5.857340877065792 0 1.85 -5.879023437498271 0 3.85 -5.039515625003492 0 3.810784187387787 -5.065426302475966 0 3.85 -5.088898437503416 0 3.729542846649147 -5.117709076526329 0 3.637241729781901 -5.146481465478891 0 3.489370476503097 -5.149171712905079 0 3.53816830877209 -5.149026735379321 0 3.514156758112574 -5.192132326014166 0 3.464669416715972 -5.19207584363679 0 3.390460945625294 -5.234921434509149 0 3.291430408033146 -5.23480622092619 0 3.142836096061587 -5.234640157730749 0 3.167554222757047 -5.277548174075061 0 3.19237168890307 -5.234694852466665 0 2.968693888869525 -5.53462576467245 0 3.018476454697238 -5.448838480277061 0 3.068271553119617 -5.363129052336152 0 3.117990528002714 -5.277461525445425 0 2.844570845286405 -5.577436335892668 0 2.86933705519033 -5.620451699321869 0 2.894201929963185 -5.577493058097825 0 2.819653185155993 -5.620394775613759 0 2.745070372993758 -5.577307166436399 0 2.769902949009669 -5.620330190885625 0 2.720145829481123 -5.620269241716059 0 2.645606707671485 -5.57720566540236 0 2.670413996819986 -5.620218491199039 0 2.620695719508209 -5.620176095529664 0 2.496440192222919 -5.663122679021099 0 2.546112461783927 -5.663134602339034 0 2.521243795180846 -5.706087340852514 0 2.471537054330756 -5.706094447976396 0 2.148817369076192 -5.748495160889888 0 2.198306751100307 -5.748734955427714 0 2.172606057212344 -5.792029946835737 0 2.397084998269038 -5.663117356999973 0 2.421859457353815 -5.706091786965832 0 2.372242426364576 -5.706048066948427 0 2.29793378654224 -5.66300621979676 0 2.272864959833331 -5.705990484881148 0 2.322666820501176 -5.70599249834682 0 2.124223449373674 -5.791025522125214 0 2.050891149442863 -5.747352782681772 0 2.023974983011948 -5.793447782492805 0 2.07526033955701 -5.790454333021156 0 1.915070167711463 -5.805384063225917 0 1.956064492146248 -5.822463422764877 0 1.917682162766634 -5.845212596179749 0 1.882535083855732 -5.817512344111961 0 3.770212456833705 -4.995566367079083 0 3.810106228416853 -5.017540996041288 0 3.77089041580464 -5.043451673513761 0 3.70792001736337 -5.050037013033507 0 3.739744196069473 -5.070686996490974 0 3.697718667943044 -5.097059093068864 0 3.632316729484235 -5.060200038517273 0 3.659917024003477 -5.102140605810746 0 3.60964143526266 -5.104540898185418 0 3.539410851703571 -5.063513438974455 0 3.514390664103334 -5.106342575939767 0 3.563188496372327 -5.10619759841401 0 3.390578263363249 -5.149180396249831 0 3.439974369933173 -5.149176054577456 0 3.415273310146048 -5.192080185309166 0 3.365765898842494 -5.192021645449815 0 3.291539064759939 -5.149019145026049 0 3.31624629954084 -5.191941019837923 0 3.266723173252246 -5.191884346114316 0 3.192464348795469 -5.148901892786888 0 3.167650222428528 -5.191771025258818 0 3.217185815270011 -5.191825719994736 0 2.894282928832723 -5.491545717306116 0 2.943918845965904 -5.491623733174018 0 2.919057971736344 -5.534547748804549 0 2.944037618739929 -5.405737920440857 0 2.99371788251766 -5.405856565976531 0 2.968796190919506 -5.448719834741388 0 2.993863209453723 -5.320116510974973 0 3.043504084698782 -5.320199702067537 0 3.018630677874557 -5.363045861243589 0 3.043723594273453 -5.234491430067775 0 3.068434277108647 -5.277387161613937 0 3.09327984516752 -5.234565793899263 0 2.869426887059564 -5.534491026599392 0 2.794820609140081 -5.577371751164534 0 2.695338540332621 -5.577256415919379 0 2.546222900162051 -5.577168445571427 0 2.595914803916768 -5.577187055486894 0 2.571003815753492 -5.620157485614198 0 2.521331546192485 -5.620145562296264 0 2.446762595245978 -5.663120018010536 0 2.198707343037615 -5.662838656231149 0 2.173762356056904 -5.70566690856052 0 2.223251738081018 -5.705906703098345 0 2.347509392405639 -5.663061788398366 0 2.248320564789927 -5.662922438013955 0 2.099854259259528 -5.747923971785831 0 1.95799786415448 -5.741820779696174 0 1.977528340367757 -5.790681781000005 0 2.004444506798672 -5.744586781188973 0 1.936534015932971 -5.773602421461046 0 1.85 -5.730874999997992 0 1.882535083855732 -5.768129531611955 0 1.85 -5.780257812497998 0 3.85 -4.940750000003991 0 3.810106228416853 -4.968158183541537 0 3.85 -4.990132812503742 0 3.739066237098538 -5.022801690056296 0 3.670118373423803 -5.055118525775391 0 3.585863790593903 -5.061856738745864 0 3.440356206259779 -5.063381770860875 0 3.464863341381438 -5.106276741882978 0 3.489883528981675 -5.063447604917666 0 3.415467234811514 -5.106281083555354 0 3.341058664061594 -5.149099770637941 0 3.242001706777704 -5.148960518906469 0 3.093375812162771 -5.148793354909837 0 3.14292008047912 -5.148847623848363 0 3.118105954112179 -5.191716756320293 0 2.919160273786326 -5.448641818873487 0 2.968950414096826 -5.362927215707916 0 3.018793401863588 -5.277303970521375 0 3.068549703218112 -5.191642392488806 0 2.795055793334531 -5.49142298022788 0 2.819813319310468 -5.534429658060274 0 2.844669361083627 -5.491484348766999 0 2.770063083164144 -5.53436507333214 0 2.695460148495109 -5.491373055885331 0 2.720265260744434 -5.534340111160866 0 2.670533428083297 -5.534289360643846 0 2.596013250827511 -5.491256329131606 0 2.620809979249498 -5.534230997266983 0 2.571118075494781 -5.534212387351516 0 2.44686720898413 -5.577185526282619 0 2.471653700603524 -5.62015410265186 0 2.49654505457309 -5.577176985927023 0 2.421976103626584 -5.620151441641296 0 2.099485313832611 -5.662684160318753 0 2.124151341454402 -5.705589660604321 0 2.149096328435113 -5.662761408274951 0 2.347580727285285 -5.577208863442268 0 2.372332862777162 -5.620163110221121 0 2.322757256913762 -5.620107541619514 0 2.248485396242178 -5.57709328480329 0 2.223596369639896 -5.61996597051722 0 2.273209591392209 -5.620049752300025 0 2.075188231637737 -5.705018471500264 0 2.000835285884934 -5.662438420795675 0 1.979416575019707 -5.702129600245925 0 2.025863217663899 -5.704895601738725 0 1.90399893207724 -5.736347889847083 0 3.747880037814765 -4.891936816076814 0 3.759046247324235 -4.943751591577949 0 3.798940018907382 -4.916343408040403 0 3.680225254019792 -4.97651013961821 0 3.694072635691581 -5.013273576325859 0 3.725218855426749 -4.986038253348647 0 3.656270991752014 -5.018355089067741 0 3.589064532874676 -4.977811723364574 0 3.610690631179455 -5.019005880940924 0 3.564237692289123 -5.020662581169514 0 3.490018529029864 -4.977635446588721 0 3.514714690366717 -5.020574442781588 0 3.465187367644821 -5.020508608724798 0 3.341208721079012 -5.063252766246519 0 3.36589349222113 -5.106216581248176 0 3.390782463669396 -5.063317268553698 0 3.316373892919476 -5.106135955636284 0 3.242097504707415 -5.063132348575113 0 3.266818284733677 -5.106075746800581 0 3.217280926751442 -5.106017120681001 0 3.14300010136323 -5.063037708317178 0 3.16773222507935 -5.105969800552034 0 3.118187956763 -5.105915531613508 0 2.844731945198362 -5.405575487540928 0 2.894384781969146 -5.405656703990893 0 2.869507437015542 -5.448560602423523 0 2.894439692113207 -5.319894203865351 0 2.944151450783465 -5.320005357420163 0 2.919238655426568 -5.362816062153104 0 2.944435245356518 -5.23431740680356 0 2.96914922740512 -5.277216958889267 0 2.994079419814986 -5.234404418435668 0 2.994234504050661 -5.148697295537252 0 3.043805158106716 -5.148745325223544 0 3.018979049162057 -5.191594362802514 0 2.819893869266447 -5.448499233884405 0 2.74525797091482 -5.491398018056605 0 2.64573669966131 -5.491314692508469 0 2.496683612976724 -5.491239416798415 0 2.546348431902118 -5.49124787296501 0 2.521453256569387 -5.534203931184921 0 2.471775410980427 -5.534212471540517 0 2.397223968134708 -5.577197194862443 0 2.14943842548406 -5.57694565319655 0 2.174072884260838 -5.61989215471385 0 2.124461869658336 -5.619814906757652 0 2.298033061763731 -5.577151074122779 0 2.198961910863119 -5.57701946899992 0 2.050160299858772 -5.662561290557215 0 1.919719997580513 -5.669454396719872 0 1.960277641732723 -5.665946408757774 0 1.938858930867497 -5.705637588208024 0 1.884859998790257 -5.700164698358932 0 3.85 -4.841984375004142 0 3.798940018907382 -4.866960595540478 0 3.85 -4.891367187504066 0 3.714052645917278 -4.934223477847512 0 3.634644893447234 -4.977160931491392 0 3.53954153095227 -4.977723584976648 0 3.390910838771373 -4.977470846418486 0 3.440464683900618 -4.977553146503603 0 3.415633522515576 -5.020426308639681 0 3.366059779925193 -5.020361806332502 0 3.291653112893214 -5.063192557410816 0 3.192548803035323 -5.063085028446146 0 3.043804907508627 -5.062946834091757 0 3.093402504435929 -5.062992271204468 0 3.068590359835699 -5.105870094500797 0 2.869585818655785 -5.362734845703141 0 2.919437468734863 -5.277105805334456 0 2.969334874703589 -5.191507351170406 0 3.019019705779644 -5.105822064814504 0 2.745310183569469 -5.405502578877358 0 2.770182988452 -5.448462779552619 0 2.795021064383915 -5.405539033209143 0 2.720385166032289 -5.448437817381345 0 2.645969639085025 -5.405409690081462 0 2.670714893790067 -5.448391372983397 0 2.620991444956268 -5.448333009606534 0 2.546548108148365 -5.40532945838028 0 2.571280679487938 -5.448292893755943 0 2.521615860562544 -5.448284437589347 0 2.397381348867043 -5.49128232702331 0 2.447032480921884 -5.491260871910862 0 2.422124278925587 -5.534233926652965 0 2.372481038076164 -5.53424559523279 0 2.048490375767801 -5.577361538116102 0 2.073987844800206 -5.620022849217428 0 2.09896440062593 -5.577153595656325 0 2.298105246643274 -5.491339866941688 0 2.32284298696428 -5.534274365191978 0 2.273295321442726 -5.534216575872489 0 2.199048872436297 -5.491223567176181 0 2.174243648960179 -5.534084610186365 0 2.223767134339237 -5.534158425989736 0 2.024662830826367 -5.619899979455889 0 1.939766837863151 -5.580028408111891 0 1.929743417721832 -5.624741402415882 0 1.970301061874042 -5.621233414453783 0 1.85 -5.632109374997632 0 1.884859998790257 -5.650781885858752 0 1.85 -5.681492187497811 0 3.765115496786033 -4.788193159720633 0 3.756497767300399 -4.840064987898724 0 3.807557748393017 -4.815088767362387 0 3.635471569809637 -4.893089778202496 0 3.691675803812201 -4.892513297139655 0 3.657848411914714 -4.934799958910353 0 3.612268051342157 -4.935450750783534 0 3.538957840287582 -4.892143809987869 0 3.564011186581129 -4.934977766676221 0 3.514488184658723 -4.934889628288295 0 3.440618342816109 -4.891710251325783 0 3.465318435922986 -4.934672848957252 0 3.415764590793741 -4.934590548872134 0 3.291761796952314 -4.977330927065598 0 3.341336317861844 -4.977400886742042 0 3.316485259015663 -5.020291846656058 0 3.266929650829865 -5.020231637820356 0 3.192568700516017 -4.97721127944043 0 3.167784400939623 -5.020124493878805 0 3.217333102611716 -5.020171814007772 0 3.09337688046406 -4.977116578332462 0 3.068590893986344 -5.02003170621211 0 3.118188490913645 -5.020077143324821 0 2.795183187610589 -5.319666822155831 0 2.844811439861898 -5.319780513010592 0 2.819957566404476 -5.36262115484838 0 2.844824398118952 -5.233892107333807 0 2.86963204511608 -5.27689315559958 0 2.894629821737736 -5.234104757068684 0 2.895072845970114 -5.148562204022985 0 2.944653675010387 -5.148629749780119 0 2.919754045663316 -5.191439805413273 0 2.944747336926345 -5.062971512072402 0 2.994276122217486 -5.06295917308208 0 2.969490920488503 -5.105834403804828 0 2.770246685590029 -5.362584700516595 0 2.695639911327247 -5.40545613447941 0 2.596258873616695 -5.405369574230871 0 2.447260513295247 -5.405224414989027 0 2.496904310721806 -5.405276936684653 0 2.471972063135985 -5.448231915893721 0 2.422320931081145 -5.448253371006169 0 2.347743297755159 -5.4913110969825 0 2.100037765371868 -5.491127783977839 0 2.074264070569835 -5.53424466104697 0 2.124738095427964 -5.534036718587194 0 2.248577059539786 -5.491281717058935 0 2.149543318904082 -5.49117567557701 0 1.994128606815476 -5.578694973113997 0 1.894883418931576 -5.606068891554761 0 3.85 -4.743218750004467 0 3.807557748393017 -4.76570595486255 0 3.85 -4.792601562504304 0 3.678240598316946 -4.812897447484501 0 3.72167804755149 -4.800545303602567 0 3.713060318065856 -4.852417131780658 0 3.656856084063292 -4.852993612843498 0 3.58721470504861 -4.892616794095183 0 3.489788091551846 -4.891927030656826 0 3.341502940410511 -4.891459497808316 0 3.39106064161331 -4.89158487456705 0 3.366206889590942 -4.934465172113401 0 3.316632368681413 -4.934395212436957 0 3.242165248734166 -4.977271103253014 0 3.142972790490038 -4.977163928886447 0 2.994094810084698 -4.977064555381411 0 3.018949858796662 -5.020005694736584 0 3.043735845274379 -4.977090566856937 0 2.820003792864771 -5.27677946474482 0 2.869948622044533 -5.191227155678396 0 2.919910091448229 -5.105766858047694 0 2.969421073505521 -5.020018033726906 0 2.695924975985414 -5.319549458216565 0 2.720617579777441 -5.362526018546962 0 2.745554081798002 -5.319608140186199 0 2.67094730753522 -5.362479574149014 0 2.596561167484291 -5.319447259997636 0 2.621265403284658 -5.362428475039549 0 2.571554637816328 -5.362388359188958 0 2.496882959319953 -5.319619318504293 0 2.521715533734159 -5.362474388442286 0 2.4720717363076 -5.36242186674666 0 2.3477907840176 -5.405495873685847 0 2.372586066442322 -5.448389100354579 0 2.397525648656424 -5.405360144337437 0 2.322948015330437 -5.448417870313768 0 2.001067900167571 -5.49104755047523 0 2.05055283276972 -5.491087667226534 0 2.024779137967686 -5.534204544295665 0 2.248658202472138 -5.4054870436852 0 2.273381724557706 -5.448413455313444 0 2.223853537454217 -5.448355305430691 0 2.149968563983085 -5.405617905463672 0 2.174508718209691 -5.448420736319927 0 2.125003164677477 -5.448372844720756 0 1.970417369015361 -5.535537979293561 0 1.85 -5.53334374999762 0 1.894883418931576 -5.556686079054756 0 1.85 -5.582726562497626 0 3.772556951929082 -4.692616965143096 0 3.811278475964541 -4.717917857573782 0 3.768836224357558 -4.740405062431865 0 3.707346710102866 -4.732030060273271 0 3.73623110344445 -4.760111609996953 0 3.692793654209907 -4.772463753878887 0 3.58791314467897 -4.807015421269116 0 3.633076871497958 -4.80995643437681 0 3.611692357244304 -4.850052599735807 0 3.563435492483276 -4.849579615628493 0 3.490660922516235 -4.805600239176527 0 3.514809381401909 -4.848872024582199 0 3.465639632666172 -4.848655245251155 0 3.391340968164271 -4.805528832312295 0 3.366421954287391 -4.848494165060306 0 3.41597965549019 -4.84861954181904 0 3.242285995250219 -4.891333225047569 0 3.291894467830365 -4.891396361427943 0 3.267023896101267 -4.934332076056584 0 3.217427347883118 -4.934272252244 0 3.142995134968615 -4.891219318001487 0 3.118186007716337 -4.934167948166975 0 3.167781917742316 -4.934215298720959 0 3.043670590417475 -4.891129674789246 0 3.068523735440768 -4.934123126560855 0 3.018882700251087 -4.934097115085328 0 2.745686437844638 -5.233708905191481 0 2.795255417981796 -5.233800506262645 0 2.770434812727614 -5.276687863673657 0 2.795415847633059 -5.147954567504778 0 2.820120122876006 -5.190923337419292 0 2.845244346801587 -5.148258385763882 0 2.84553803389123 -5.062742964918747 0 2.895142685408787 -5.062857238495575 0 2.870305439930672 -5.105652584470866 0 2.894910538365419 -4.976991073604001 0 2.919828937645882 -5.019981292838201 0 2.944502674225058 -4.977027814492706 0 2.720805706915026 -5.276629181704024 0 2.646243071734853 -5.319498359107101 0 2.546722063402122 -5.319533289250964 0 2.397222830169337 -5.319803408181656 0 2.447052894744645 -5.319711363342975 0 2.422241671732292 -5.362513911585342 0 2.372506807093469 -5.362649640933752 0 2.298224493244869 -5.405491458685524 0 2.050620834191324 -5.405432100765508 0 2.075329299781596 -5.448279942371673 0 2.025844367179447 -5.448239825620369 0 2.199313383227612 -5.405552474574437 0 2.100294699087205 -5.40552500311459 0 1.917628756179986 -5.483960937497445 0 1.959348328173779 -5.487504243986338 0 1.928697797021568 -5.531994672804668 0 1.883814378089993 -5.508652343747533 0 3.85 -4.644453125004793 0 3.811278475964541 -4.668535045073945 0 3.85 -4.69383593750463 0 3.739951831015974 -4.712323512708184 0 3.632665382088826 -4.725137466770888 0 3.670006046095846 -4.72858376352208 0 3.655452990202886 -4.769017457127695 0 3.610289263383898 -4.766076444020003 0 3.539287033597603 -4.806307830222822 0 3.441000945340253 -4.805564535744412 0 3.292099700508777 -4.805382904680176 0 3.316801320459644 -4.848421201244246 0 3.341720334336524 -4.805455868496236 0 3.267192847879498 -4.848358064863873 0 3.192640565109417 -4.891276271524529 0 3.093332862693045 -4.891174496395367 0 2.944360224088798 -4.891055740226544 0 2.969227517086748 -4.934060147803978 0 2.994015407253136 -4.891092707507894 0 2.770551142738849 -5.19083173634813 0 2.820476940762145 -5.105348766211762 0 2.870224286128324 -5.019867019261374 0 2.919635381227108 -4.934023406915273 0 2.646508128440373 -5.233591718682192 0 2.671216552212893 -5.276570588449379 0 2.696097283142506 -5.233650311936836 0 2.621534647962332 -5.276519489339914 0 2.546971437323331 -5.233698531860066 0 2.571766302403811 -5.276572895928851 0 2.521927198321642 -5.276658925182179 0 2.447179762154502 -5.234112001416839 0 2.472031360737228 -5.276865659960566 0 2.42220129616192 -5.276957704799248 0 2.298255296116065 -5.319752967702203 0 2.347739063142701 -5.31977818794193 0 2.323023040066833 -5.362624420694026 0 2.273456749294102 -5.362620005693701 0 1.94542952942711 -5.394824839933299 0 1.998025181809217 -5.400128470349403 0 1.973248714797341 -5.442936195204265 0 2.199229018686534 -5.319663351029952 0 2.17459879133481 -5.362640628246813 0 2.223943610579336 -5.362575197357576 0 2.102216690740358 -5.320773586147364 0 2.126092627361722 -5.363195745805519 0 2.076418762465841 -5.363102843456437 0 1.931529142803548 -5.439392888715372 0 1.85 -5.434578124997261 0 1.883814378089993 -5.459269531247353 0 1.85 -5.48396093749744 0 3.774525487005745 -4.595214562131069 0 3.812262743502873 -4.619833843567931 0 3.773541219467414 -4.643915763637082 0 3.688155121393439 -4.641305262247243 0 3.697750915748153 -4.686667661260257 0 3.73035603666126 -4.666961113695169 0 3.660410251741133 -4.683221364509065 0 3.540507673854536 -4.719623199173433 0 3.586586527971681 -4.722380332972161 0 3.564210409266753 -4.763319310221275 0 3.515584298185385 -4.762611719174981 0 3.441261041889157 -4.71951425154409 0 3.416301005026714 -4.762521541928193 0 3.465960982202696 -4.762557245360309 0 3.341916248154301 -4.719435444801659 0 3.366628608159286 -4.762482138556978 0 3.317007974331539 -4.762409174740918 0 3.192763489739919 -4.805273026164764 0 3.242431595124348 -4.80532796542247 0 3.217524742495069 -4.848303125606167 0 3.167879312354267 -4.848246172083126 0 3.09343239491858 -4.805156126979679 0 3.068551492668028 -4.848142900884463 0 3.118213764943597 -4.848187722490583 0 2.994088677989097 -4.805060677743978 0 2.969224451038947 -4.848058208985261 0 3.018879634203286 -4.848095176266613 0 2.696213627612118 -5.147851211487722 0 2.745814737622589 -5.14790288949625 0 2.720950032728378 -5.190780058339602 0 2.745882437404112 -5.062399109781645 0 2.795710235647671 -5.062571037350196 0 2.770649142518586 -5.105176838643212 0 2.795605020746344 -4.976638609586468 0 2.820571527318787 -5.019690787252607 0 2.845257779555881 -4.976814841595234 0 2.845016943393484 -4.890925348989343 0 2.894688583741141 -4.890990544607943 0 2.869963740879451 -4.933958211296672 0 2.671360878026245 -5.190721465084957 0 2.596739782881852 -5.233645125271129 0 2.497075599738917 -5.233905266638453 0 2.34806134787621 -5.234033738364363 0 2.397620555015356 -5.234072869890602 0 2.372642089022774 -5.27691857327301 0 2.323158321996138 -5.276893353033283 0 2.2487421574013 -5.319708159366078 0 2.013907716479383 -5.328477461184683 0 2.032264275335353 -5.366954780975096 0 1.979668622953247 -5.361651150558991 0 2.150722854713446 -5.320218468588658 0 2.058062203609871 -5.324625523666024 0 1.897714764713555 -5.414701482465279 0 3.85 -4.545687500005291 0 3.812262743502873 -4.57045103106818 0 3.85 -4.595070312505042 0 3.731340304199592 -4.618259912189156 0 3.58823784717092 -4.634317700379517 0 3.638196484282179 -4.63781148131338 0 3.610451614629873 -4.679727583575203 0 3.564372760512728 -4.676970449776476 0 3.490884357871846 -4.719568725358762 0 3.391588645021729 -4.719474848172874 0 3.242537623915532 -4.719291737854993 0 3.292226936034917 -4.719363591328326 0 3.267318662212155 -4.762337321267585 0 3.217650556827726 -4.762282382009879 0 3.143097942329249 -4.805214576572222 0 3.043760536453838 -4.805108402361829 0 2.894681612056246 -4.804948160429625 0 2.944385145022672 -4.805004419086802 0 2.919520918072522 -4.848001950328085 0 2.721048032508115 -5.105125160634684 0 2.770743729075228 -5.019518859684057 0 2.820310982069914 -4.933781979287906 0 2.869849277724865 -4.847936754709485 0 2.597032347140103 -5.147666684649108 0 2.621770237790238 -5.19062920166565 0 2.64662298737611 -5.147758948068415 0 2.572001892231717 -5.190682608254587 0 2.497586989788485 -5.147890199573938 0 2.472383375971494 -5.19100110049539 0 2.522279213555908 -5.190794365717002 0 2.399022538160859 -5.147975897355066 0 2.423101150157681 -5.191043949385953 0 2.373541943018535 -5.191004817859715 0 2.248806872865716 -5.233975424829502 0 2.298434110370963 -5.234004581596933 0 2.27353108449089 -5.276864196265853 0 2.224017945776125 -5.276819387929727 0 1.935533540270763 -5.286429687496739 0 1.974720628375073 -5.307453574340712 0 1.940481534848936 -5.340627263715019 0 2.149818036009226 -5.233893298913432 0 2.126017363374792 -5.277333442530399 0 2.17452352734788 -5.276778324971692 0 2.035737987767362 -5.234927091580512 0 2.024822852123372 -5.281702276382598 0 2.06897733925386 -5.277850338863939 0 1.85 -5.335812499996901 0 1.897714764713555 -5.365318669965101 0 1.85 -5.385195312497081 0 3.772492855457885 -4.497052163630547 0 3.773509171231815 -4.546133362880808 0 3.811246427728943 -4.521369831817919 0 3.713947993254066 -4.550172356755446 0 3.744236740129906 -4.572693459443258 0 3.701051557323753 -4.595738809501345 0 3.634881088821995 -4.545728552452011 0 3.661518105107717 -4.593516907349627 0 3.611559467996457 -4.590023126415764 0 3.491040059808713 -4.633592741745528 0 3.539638953489816 -4.633955221062523 0 3.515773866831625 -4.676607970459481 0 3.466150550848935 -4.676553496644809 0 3.391707081309053 -4.633464209391402 0 3.416484061599105 -4.676489230467746 0 3.366811664731677 -4.676449827096531 0 3.292337022581305 -4.633306618576899 0 3.317126635367803 -4.676371031689279 0 3.267437323248418 -4.676299178215946 0 3.143182564193224 -4.719172148019242 0 3.192860094054378 -4.719231942937117 0 3.167973026966572 -4.762222587092003 0 3.118307479555902 -4.762164137499461 0 3.04382738899645 -4.719045496227088 0 3.068629891957515 -4.762100811603384 0 3.018958033492773 -4.762053086985533 0 2.944438645524977 -4.718942918186505 0 2.919560128790612 -4.761945539308066 0 2.969263661757037 -4.762001797965242 0 2.646707348929048 -5.06193511530196 0 2.69629489316658 -5.062167112541804 0 2.671460488270583 -5.104893163394841 0 2.696302549476818 -4.976297586518792 0 2.721092493440465 -5.01934834815022 0 2.745953785111581 -4.976468098052631 0 2.745870918731923 -4.890589295621884 0 2.795443931062704 -4.890757322305614 0 2.770737969739133 -4.933613952604176 0 2.795259816499566 -4.804836937557809 0 2.844970714277906 -4.804892548993717 0 2.820138379946525 -4.847881143273576 0 2.621869848034575 -5.104800899975535 0 2.547309668464294 -5.147778442111523 0 2.448304763974672 -5.147933048464503 0 2.29879337422962 -5.148165475005296 0 2.34890795619524 -5.148070686180182 0 2.323427361052915 -5.19109960668483 0 2.273800123547668 -5.191070449917399 0 2.199312454437471 -5.233934361871468 0 1.892766770135382 -5.31112109374682 0 1.985635764019062 -5.260678389538626 0 2.092778011888294 -5.234410195246972 0 3.85 -4.44692187500579 0 3.811246427728943 -4.471987019318169 0 3.85 -4.496304687505541 0 3.743220424355976 -4.523612260192998 0 3.674414541038031 -4.547950454603729 0 3.540846120389253 -4.54767448076451 0 3.564541983780086 -4.590996090572014 0 3.587863604605624 -4.546701516608261 0 3.515943090098983 -4.590633611255019 0 3.441373570558883 -4.633528475568465 0 3.342022051945179 -4.633385413984151 0 3.192892787379227 -4.633152532820334 0 3.242614904980266 -4.633229575698616 0 3.21771520564738 -4.676222135337664 0 3.168037675786226 -4.676162340419788 0 3.093504976594837 -4.719108822123165 0 2.994133017260713 -4.718994207206796 0 2.844925364841557 -4.71886733987358 0 2.869803488448902 -4.761907750151604 0 2.894682005183268 -4.718905129030043 0 2.671504949202934 -5.019116350910377 0 2.721086734104371 -4.933443441070338 0 2.770565367615744 -4.847713116589846 0 2.820092590670562 -4.761852138715695 0 2.547566218002404 -5.06175287192699 0 2.572299282571254 -5.104709778288049 0 2.597136783465726 -5.061843993614476 0 2.522576603895445 -5.104821535750465 0 2.44821309596901 -5.061848593106804 0 2.472900042878748 -5.104869396340371 0 2.423617817064935 -5.104912245230935 0 2.348486020900884 -5.062290815876723 0 2.323639697565252 -5.10522814544101 0 2.373754279530872 -5.105133356615895 0 2.199379929811863 -5.148215058029641 0 2.249086652020742 -5.148190266517469 0 2.22409340133879 -5.191095241429572 0 2.174598982910545 -5.191054178471536 0 1.85 -5.237046874996888 0 1.892766770135382 -5.261738281246814 0 1.85 -5.286429687496895 0 1.935533540270659 -5.187664062496707 0 1.935533540270711 -5.237046874996723 0 1.985635764019011 -5.21129557703861 0 2.10213423886689 -5.14714193698391 0 2.068936113317126 -5.191034514282212 0 2.125976137438058 -5.190517617948672 0 3.76859620820473 -4.400255069788239 0 3.809298104102365 -4.423588472397014 0 3.770544531831308 -4.448653616709393 0 3.683214091918473 -4.457816760416663 0 3.69858104258627 -4.503994558586055 0 3.727853473688179 -4.477434462023606 0 3.659047590370234 -4.501772656434337 0 3.590689957237675 -4.461775050864479 0 3.612785523029835 -4.503751801658245 0 3.565768038813464 -4.504724765814494 0 3.441507035547875 -4.547520810559836 0 3.491176577968564 -4.547597645662172 0 3.466273547678294 -4.590556776152682 0 3.416607058428464 -4.590492509975618 0 3.342158743362269 -4.547482277862803 0 3.366932912335661 -4.590473243627102 0 3.317247882971787 -4.59039444821985 0 3.242756464223715 -4.547201114154161 0 3.26754674340251 -4.59025386636553 0 3.217824625801471 -4.590176823487248 0 3.093604541918196 -4.633003123335127 0 3.143248664648712 -4.633077828077731 0 3.11839355305571 -4.676087635677185 0 3.068715965457323 -4.676024309781107 0 2.994216956451897 -4.632853849759573 0 3.019022172724173 -4.675949672993331 0 2.969327800988437 -4.675898383973038 0 2.894706647202734 -4.632757287999492 0 2.869816006022146 -4.675812313936536 0 2.919572646363855 -4.675850103092998 0 2.597172427883113 -4.975956096002448 0 2.646737488679966 -4.976126841260621 0 2.62193988840608 -5.018945605652204 0 2.646758826988219 -4.890314669243419 0 2.696314872860071 -4.890451982432651 0 2.671530688232519 -4.933306127881107 0 2.696267913013782 -4.804556916104992 0 2.745763864756674 -4.804696926831401 0 2.721069415872853 -4.847573105863438 0 2.74548868034024 -4.718772303642162 0 2.770374248419903 -4.761804620599985 0 2.795207022590899 -4.718819821757871 0 2.572369322942758 -5.01885448396472 0 2.497889656985707 -5.061800732516897 0 2.398349558434947 -5.062069704491764 0 2.249003535762192 -5.062501915576489 0 2.273898454995906 -5.105333695290893 0 2.298744778331538 -5.062396365726606 0 2.224191732787028 -5.105358486803065 0 2.150757084339377 -5.147678497506776 0 1.89276677013533 -5.212355468746797 0 2.013582979330129 -5.141442915565718 0 2.024660483548745 -5.188185003573116 0 1.974558259800394 -5.164553489031213 0 2.05785860909851 -5.144292426274815 0 3.85 -4.348156250006115 0 3.809298104102365 -4.374205659897177 0 3.85 -4.397539062505953 0 3.725905150061601 -4.429035915102451 0 3.636952024578074 -4.459795905640571 0 3.491328201785855 -4.463687715683779 0 3.541009079511765 -4.462731383274129 0 3.516087161087554 -4.505681098224144 0 3.466417618666865 -4.505604263121807 0 3.391832889455072 -4.547501544211319 0 3.292457603792992 -4.547341696008482 0 3.143449176442136 -4.547038247268817 0 3.193102820332926 -4.547119680711489 0 3.168170981910682 -4.590095390044576 0 3.118526859180166 -4.590020685301972 0 3.043910749185047 -4.63292848654735 0 2.944461801827315 -4.632805568879532 0 2.795157505015262 -4.632713809984935 0 2.82004143492841 -4.675790574929258 0 2.844932076108998 -4.632735548992214 0 2.621965627435666 -4.933135382622934 0 2.671513370001001 -4.847435792674205 0 2.720878296677011 -4.761664609873577 0 2.770323092677751 -4.675743056813548 0 2.497815071183537 -4.975946573362576 0 2.52269064459297 -5.018849722644783 0 2.547493749533325 -4.975951334682512 0 2.473014083576274 -5.01889758323469 0 2.398161663793899 -4.976230291303362 0 2.423187379881455 -5.019039442205083 0 2.373323842347391 -5.019260553590042 0 2.298547790727834 -4.976819983746988 0 2.323516905814359 -5.019555399811855 0 2.273775663245013 -5.019660949661739 0 2.150230693035209 -5.06227130415408 0 2.1996171143987 -5.062386609865285 0 2.174805311423536 -5.10524318109186 0 2.126182465951049 -5.104706620568995 0 1.85 -5.138281249996528 0 1.89276677013533 -5.162972656246618 0 1.85 -5.187664062496708 0 1.946581275503082 -5.074233110689748 0 1.980082127416605 -5.107838013127733 0 1.941057407886871 -5.130948586593227 0 2.051545426835885 -5.061986025766314 0 2.032564203083007 -5.101714470666016 0 2.076839832851388 -5.104563981375112 0 3.769204094830722 -4.30267510335945 0 3.768900151517726 -4.351465086573844 0 3.809602047415361 -4.325415676682782 0 3.691057787622969 -4.350853375359123 0 3.729826997913849 -4.375554222573681 0 3.687135939770721 -4.404335067887893 0 3.61991517369036 -4.389631767386881 0 3.651564632804416 -4.423724263901772 0 3.605302565464018 -4.42570340912568 0 3.537822140037163 -4.371320772627274 0 3.564256048637419 -4.416547911745877 0 3.514575170911509 -4.417504244155527 0 3.39195489673341 -4.461398947598263 0 3.441641549259632 -4.462543331641021 0 3.416730966140642 -4.504459879079049 0 3.367056820047839 -4.504440612730533 0 3.295985000819793 -4.459220311146289 0 3.319071872091031 -4.503351294504546 0 3.269370732521754 -4.503210712650226 0 3.195936607001153 -4.460077812794449 0 3.219346535612434 -4.503639463474306 0 3.169692891721644 -4.503558030031634 0 3.044058378046242 -4.546756465915712 0 3.093753777244189 -4.546897356592265 0 3.068831459982219 -4.58987979462542 0 3.01913766724907 -4.589805157837642 0 2.94457033025535 -4.546732164896977 0 2.969393643353623 -4.589793007328275 0 2.919638488729042 -4.589744726448235 0 2.845010919090677 -4.546674300206936 0 2.820084212052969 -4.589694055095936 0 2.869858783146706 -4.589715794103213 0 2.547655991531924 -4.890087628773662 0 2.597207409260072 -4.890201149008541 0 2.572414209707519 -4.933021862388056 0 2.597085485780727 -4.804353106764357 0 2.646676699397255 -4.804455011434674 0 2.621922156384473 -4.847333888003888 0 2.646546218016967 -4.718701167299626 0 2.671407065515375 -4.761629041702308 0 2.696017449178604 -4.718736735470894 0 2.695790223472183 -4.63271832631065 0 2.720639451906211 -4.675745314976406 0 2.745473864243722 -4.632716068147793 0 2.522735531357731 -4.933017101068119 0 2.447988367488718 -4.976088432332969 0 2.348354727260866 -4.976525137525176 0 2.199541274248645 -4.976684151354906 0 2.24904453248824 -4.976752067550947 0 2.224272405005419 -5.019593033465698 0 2.174885983641927 -5.019477727754493 0 2.100888059935547 -5.062128664960197 0 1.898290637751541 -5.106257180343137 0 1.999063351169483 -5.068109568228031 0 3.85 -4.249390625006441 0 3.809602047415361 -4.276032864182945 0 3.85 -4.298773437506278 0 3.730130941226846 -4.326764239359287 0 3.655486480656664 -4.370242571373002 0 3.578868656863762 -4.380476270007078 0 3.445491200680411 -4.39363898468795 0 3.491656670358787 -4.382479878657612 0 3.468409701233133 -4.428663350185865 0 3.418723048706911 -4.427518966143107 0 3.343969948776602 -4.460309629372277 0 3.245960803910473 -4.45964906197037 0 3.09499085587988 -4.460600465008407 0 3.145463731440516 -4.460339138901428 0 3.119220016161008 -4.503819356138612 0 3.069524616963061 -4.503678465462059 0 2.994314354150796 -4.546744315406345 0 2.894790624673013 -4.546703232551957 0 2.745448439426034 -4.546453202711708 0 2.795229679258355 -4.546563751459322 0 2.770302972220648 -4.589583506348322 0 2.572370738656326 -4.84722036776901 0 2.621815851898847 -4.761527137031992 0 2.671168220744575 -4.675709746805138 0 2.720619331449108 -4.589585764511179 0 2.44825607320929 -4.889963538791811 0 2.473035572196413 -4.932955056077193 0 2.497956032370607 -4.890025583782737 0 2.423208868501594 -4.933096915047587 0 2.348556123137398 -4.890339201496529 0 2.373358893465649 -4.933284746399946 0 2.323551956932616 -4.933579592621758 0 2.249081851762606 -4.890983511699946 0 2.27381482124522 -4.933901747723467 0 2.224311563005625 -4.933833831527426 0 2.099873135345969 -4.977088880108423 0 2.149707204797307 -4.976886515731665 0 2.125051914190589 -5.019680092131251 0 2.075709281090927 -5.019537452937369 0 1.85 -5.039515624996516 0 1.898290637751541 -5.056874367843132 0 1.85 -5.088898437496521 0 2.000506784515628 -4.979730143051492 0 1.973544030009355 -5.02698162687062 0 2.026026105675756 -5.020858084408903 0 3.771549135919315 -4.198678706471528 0 3.810774567959657 -4.224034665738984 0 3.770376615375019 -4.250676904915489 0 3.693840448595243 -4.251404460500453 0 3.731522271712983 -4.277039781929952 0 3.692449118109106 -4.301128917929788 0 3.615727089354488 -4.304956668143952 0 3.617821131522424 -4.347294217765417 0 3.653392438488729 -4.327905021751538 0 3.576774614695826 -4.338138720385613 0 3.44952266793949 -4.307548289989927 0 3.447506934309951 -4.350593637338939 0 3.493672403988326 -4.339434531308601 0 3.356828096906143 -4.364239197540508 0 3.401159648793278 -4.37893909111423 0 3.374391496819777 -4.412819072569386 0 3.326406548862968 -4.4117297543434 0 3.249094935670089 -4.373156767767248 0 3.222515771335622 -4.416617290280849 0 3.272539968244941 -4.416188539456769 0 3.149343208971306 -4.373249971421777 0 3.17263990798623 -4.416663892108113 0 3.122167032425593 -4.416925218215093 0 2.994858484233206 -4.460780796552446 0 3.044924670056543 -4.460690630780427 0 3.019458431139724 -4.503768631234079 0 2.969714407244278 -4.503756480724712 0 2.895790728425832 -4.460701330435679 0 2.920180529340591 -4.503716747666328 0 2.870400823758255 -4.503687815321308 0 2.796081906282744 -4.460359598516963 0 2.820546412686711 -4.503516949361949 0 2.770765172854389 -4.503406400614336 0 2.498025127369988 -4.804101208538489 0 2.547555306575358 -4.804227157651423 0 2.522840559450956 -4.847094418656076 0 2.547370174186274 -4.718359598371119 0 2.596958196101621 -4.718530382835374 0 2.5722278299835 -4.761356352567739 0 2.596963174576425 -4.632642443367152 0 2.646376699024304 -4.632680384838901 0 2.621754696296696 -4.675671805333389 0 2.646349550080161 -4.546595717267376 0 2.695898994753097 -4.546524459989542 0 2.671069886776172 -4.589657021789013 0 2.473140600289639 -4.847032373665151 0 2.398406098173344 -4.89015137014417 0 2.298818987450002 -4.890661356598237 0 2.149997585562634 -4.890891162086515 0 2.19953971866262 -4.890937336893231 0 2.174769429905639 -4.93378765672071 0 2.124935360454302 -4.933990021097469 0 2.050189959930798 -4.978409511579958 0 1.917137853006962 -4.985149215914351 0 1.931859564255022 -5.02969116330205 0 1.883568926503481 -5.012332420455434 0 1.958822318761295 -4.982439679482923 0 3.85 -4.15062500000642 0 3.810774567959657 -4.174651853238974 0 3.85 -4.200007812506431 0 3.732694792257279 -4.225041583485991 0 3.654783768974866 -4.278180564322203 0 3.537268343275643 -4.254209762668917 0 3.537545241656403 -4.312765267648096 0 3.576497716315066 -4.279583215406435 0 3.493395505607567 -4.280879026329423 0 3.403175382422816 -4.335893743765217 0 3.302961516288116 -4.368697982653878 0 3.199219072320698 -4.373203369594513 0 3.047698741386017 -4.373666841905786 0 3.098520975178662 -4.373458406663782 0 3.071344798632949 -4.417133653457096 0 3.021278612809612 -4.417223819229116 0 2.945324606329519 -4.460741063494062 0 2.845936317354288 -4.460530464476321 0 2.695830530525793 -4.460280064535713 0 2.745956218404269 -4.460319831526338 0 2.720639484975913 -4.503366633623711 0 2.522697650778131 -4.761230403454805 0 2.57216667438135 -4.675501020869136 0 2.621656362328293 -4.589619080317264 0 2.671090040302977 -4.503437890901544 0 2.398745757006821 -4.803879432769429 0 2.423500915108056 -4.84692148578062 0 2.448385442188405 -4.803990320653959 0 2.37365094007211 -4.847109317132979 0 2.299206447069626 -4.804177713066836 0 2.323881285103512 -4.847258457281683 0 2.274144149416116 -4.847580612383391 0 2.199811882518248 -4.804391514100688 0 2.224446867140427 -4.847687512900317 0 2.174904734040441 -4.847641338093601 0 2.047417047877813 -4.890970494237239 0 2.073645091611891 -4.934029687172831 0 2.098707316720223 -4.890930828161877 0 2.023961916196721 -4.935350318644366 0 1.85 -4.940749999995982 0 1.883568926503481 -4.962949607955167 0 1.85 -4.990132812496249 0 1.938601205016101 -4.891517200838025 0 1.927869529011532 -4.938333208376188 0 1.969553994765864 -4.935623671944759 0 3.770993280420286 -4.097657317647649 0 3.810496640210143 -4.124141158827035 0 3.771271208169801 -4.148168012059589 0 3.695097013874532 -4.150591544501417 0 3.694468731234887 -4.200998002500935 0 3.733323074896924 -4.174635125486472 0 3.620407569969427 -4.200671365167257 0 3.657124009282335 -4.226037912833855 0 3.618067329661958 -4.252814016655605 0 3.578837956622535 -4.227440563918087 0 3.45 -4.2 0 3.449761333969745 -4.253774144994964 0 3.493634171637821 -4.227104881334458 0 3.376807535826218 -4.273212364944611 0 3.413165101882854 -4.29038032746727 0 3.366817816366181 -4.31872578124256 0 3.295916663420356 -4.284238120130986 0 3.326372380163249 -4.324238658835748 0 3.272505799545223 -4.328697443949117 0 3.199175222484723 -4.286165005213088 0 3.174259215728014 -4.329707488317434 0 3.224135079077406 -4.329660886490169 0 3.099070908715973 -4.286546074263712 0 3.12420705884364 -4.329898022842745 0 3.073384825050995 -4.330106458084749 0 2.947359365686463 -4.373793225641591 0 2.99752905353624 -4.373730033773689 0 2.971108924959835 -4.417287011097018 0 2.921575047056147 -4.417247278038635 0 2.847051043671592 -4.37420340515543 0 2.871420886048712 -4.417452367795555 0 2.821566474977168 -4.417281501836197 0 2.746981543684956 -4.374083510607583 0 2.77153172498385 -4.417221554562273 0 2.721406037105375 -4.417181787571648 0 2.448496952371396 -4.717898612698492 0 2.497933563278836 -4.718129105534807 0 2.473261039870692 -4.760999910618491 0 2.498211857190318 -4.632005279990256 0 2.547587515883372 -4.632323861678704 0 2.522791015688296 -4.675182439180688 0 2.547521635093319 -4.546324700714441 0 2.59693559258674 -4.546460208990909 0 2.572242404834872 -4.589483572040796 0 2.597614455167605 -4.460694976652788 0 2.646722492846699 -4.460487520594251 0 2.621982002623883 -4.503645346960083 0 2.423621354689109 -4.760889022733961 0 2.348976102038224 -4.804028572918133 0 2.249509164793937 -4.804284613583762 0 2.100470735173955 -4.805081029378932 0 2.150141308846102 -4.804736271739809 0 2.125234160368294 -4.847986095732724 0 2.073943891525884 -4.848025761808085 0 1.993009126446957 -4.891243847537632 0 1.89430060250805 -4.916133600417004 0 3.85 -4.051859375006744 0 3.810496640210143 -4.074758346327197 0 3.85 -4.101242187506582 0 3.733045147147409 -4.124124431074533 0 3.657752291921979 -4.175631454834337 0 3.536551994686718 -4.1501078353895 0 3.578479782328072 -4.175389600278379 0 3.536910168981181 -4.202158799029209 0 3.493275997343359 -4.175053917694751 0 3.41340376791311 -4.236606182472306 0 3.336362099623288 -4.278725242537799 0 3.24754594295254 -4.285201562672038 0 3.149123065600349 -4.286355539738401 0 2.999223248247087 -4.286628193652248 0 3.04914707848153 -4.286587133957982 0 3.023460994816552 -4.330147517779018 0 2.973291306966775 -4.33021070964692 0 2.897205204679028 -4.373998315398511 0 2.797016293678274 -4.374143457881507 0 2.647970162205978 -4.374058840673023 0 2.697475852945467 -4.374071175640305 0 2.671900346365886 -4.417169452604369 0 2.473354404780857 -4.674951946344374 0 2.522866746141819 -4.589164990352349 0 2.572568045130462 -4.503509838683615 0 2.622792308686792 -4.417376908662907 0 2.349164860579185 -4.717784878487546 0 2.373955308793003 -4.760832155628488 0 2.398830906475291 -4.717841745593019 0 2.324185653824405 -4.760981295777191 0 2.249878207413497 -4.717687739846885 0 2.274542327241561 -4.760932726456861 0 2.224845044965873 -4.761039626973787 0 2.151336747599756 -4.71869846669438 0 2.175574315059003 -4.761544990397534 0 2.125903741386856 -4.761889748036657 0 2.001441447634567 -4.805083491536596 0 2.050956091404261 -4.805082260457764 0 2.02442924775619 -4.848026992886918 0 1.970021326325334 -4.84830034618731 0 1.85 -4.841984374995796 0 1.89430060250805 -4.86675078791691 0 1.85 -4.89136718749589 0 3.764466459729634 -4.002476562506865 0 3.76772987007496 -4.050066940077257 0 3.807233229864817 -4.027167968756805 0 3.694091622954835 -4.051325810137859 0 3.732542451687561 -4.074491563892755 0 3.694594318414683 -4.100958677319638 0 3.620007986335847 -4.100652101675954 0 3.657552500105189 -4.125621823088686 0 3.620207778152637 -4.150661733421606 0 3.578279990511283 -4.125379968532727 0 3.45 -4.100000000000637 0 3.493275997343359 -4.125053917695069 0 3.45 -4.150000000000318 0 3.350000000000029 -4.2 0 3.363403767913124 -4.236606182472306 0 3.400000000000015 -4.2 0 3.322958331710193 -4.242119060065494 0 3.249999999999885 -4.2 0 3.224587611242304 -4.243082502606544 0 3.272958331710121 -4.242119060065494 0 3.149999999999566 -4.2 0 3.174587611242145 -4.243082502606544 0 3.12453545435777 -4.243273037131857 0 3.049999999999335 -4.2 0 3.024611624123211 -4.243314096826125 0 3.074535454357655 -4.243273037131857 0 2.899533948155045 -4.286778786147963 0 2.923446656920754 -4.330286005894777 0 2.949378598201066 -4.286703489900106 0 2.873292495913319 -4.330491095651697 0 2.799123517607581 -4.286869516543182 0 2.773052530646269 -4.330476513575384 0 2.823087280639587 -4.330536460849307 0 2.699697125290116 -4.286740681828944 0 2.673833643748047 -4.330399761250985 0 2.723339334487536 -4.330412096218264 0 2.399038385559797 -4.631693519873425 0 2.448625121375057 -4.631849399931841 0 2.423767668965597 -4.67479606628596 0 2.448724417085609 -4.545785365628595 0 2.498123026089464 -4.546055033171519 0 2.473468137137964 -4.588895322809426 0 2.498725415897785 -4.459856772252693 0 2.548169935532695 -4.460275874452742 0 2.523123525495553 -4.503090736483568 0 2.549105406615235 -4.373654167452691 0 2.598537784410607 -4.373856504062858 0 2.57335993089142 -4.41717457205274 0 2.374101623069491 -4.674739199180486 0 2.299521533996341 -4.717736309167215 0 2.200607477506627 -4.718193103270632 0 2.052909899287299 -4.719666660944371 0 2.102123323443528 -4.719182563819376 0 2.076690317230627 -4.762373845161651 0 2.027175673460933 -4.762375076240484 0 1.918084093135345 -4.797936911627585 0 1.959762770384956 -4.801510201582091 0 1.928342649075723 -4.844727056232806 0 1.884042046567672 -4.819960643311691 0 3.85 -3.953093750006983 0 3.807233229864817 -3.977785156256924 0 3.85 -4.002476562506864 0 3.729279041342235 -4.026901186322362 0 3.657049804645341 -4.075988955906906 0 3.536101226245789 -4.050321237031587 0 3.578054606290818 -4.07548666935377 0 3.536326610466253 -4.100214536210544 0 3.493050613122895 -4.075160618516112 0 3.299999999999957 -4.2 0 3.199999999999726 -4.2 0 3.099999999999451 -4.2 0 2.949999999999335 -4.2 0 2.974611624123211 -4.243314096826125 0 2.999999999999335 -4.2 0 2.92476697407719 -4.243389393073981 0 2.849328732881314 -4.286824151345573 0 2.749410321448849 -4.286805099186064 0 2.599392010397073 -4.286975100876299 0 2.623681086301526 -4.330516970774662 0 2.649544567843595 -4.286857891352623 0 2.423881401322703 -4.588739442751011 0 2.473724916491697 -4.502821068940645 0 2.52391541125651 -4.416755469852693 0 2.574248708506155 -4.330314634164496 0 2.29961709536741 -4.631583527968044 0 2.324390977973297 -4.674684203227795 0 2.349327740463603 -4.631638523920735 0 2.274747651390453 -4.674635633907465 0 2.200532655000694 -4.631525188272645 0 2.175934701300226 -4.675111827483514 0 2.225205431207096 -4.674606464059766 0 2.10441710620485 -4.633838667622761 0 2.127876926902303 -4.676268567158571 0 2.078663502746075 -4.676752664283566 0 1.948733586772161 -4.712620339549891 0 2.00082174302973 -4.716143500247131 0 1.975087517203364 -4.758851915543244 0 1.933408839953753 -4.755278625588739 0 1.85 -4.743218749995264 0 1.884042046567672 -4.770577830811424 0 1.85 -4.79260156249553 0 3.764466459729636 -3.903710937507151 0 3.807233229864818 -3.928402343757067 0 3.764466459729635 -3.953093750007008 0 3.693775416043601 -3.952722243418245 0 3.729120937886617 -3.977599402962555 0 3.693933519499218 -4.002024026778052 0 3.62027186946051 -4.000982788916569 0 3.657181746207673 -4.026154299527214 0 3.620139927898179 -4.050817445296262 0 3.57818654785315 -4.025652012974078 0 3.45 -4.000000000001205 0 3.493050613122895 -4.025160618516396 0 3.45 -4.050000000000921 0 2.849999999999306 -4.2 0 2.874766974077176 -4.243389393073981 0 2.89999999999932 -4.2 0 2.824561758803444 -4.243434758271592 0 2.749999999999277 -4.2 0 2.774561758803429 -4.243434758271592 0 2.724848562644697 -4.243370340914472 0 2.649999999999277 -4.2 0 2.624696005198175 -4.24348755043815 0 2.674848562644697 -4.243370340914472 0 2.349432189790075 -4.545499498796446 0 2.399078303437842 -4.545642432212522 0 2.374235287674936 -4.588596509334937 0 2.399565039498836 -4.459340386711814 0 2.424144728292223 -4.502562876170205 0 2.449145227698311 -4.459598579482254 0 2.449758368212827 -4.373027676926112 0 2.474241892055306 -4.416442224589403 0 2.499431887414031 -4.373340922189402 0 2.499912742624582 -4.286595022768092 0 2.549652376510828 -4.286785061822195 0 2.524509074619909 -4.330124595110392 0 2.324524642578743 -4.588541513382246 0 2.250074875184052 -4.631554358120345 0 2.152474880602772 -4.632681927947704 0 2.013084682263759 -4.634165352196648 0 2.058750894234304 -4.634002009909705 0 2.032997290775529 -4.67691600657051 0 1.98090913451796 -4.67339284587327 0 1.89936679338608 -4.727919544772577 0 3.85 -3.854328125007308 0 3.807233229864818 -3.879019531257229 0 3.85 -3.903710937507145 0 3.729120937886618 -3.928216590462698 0 3.657023642752056 -3.976852516167407 0 3.536866391951954 -3.950411896710787 0 3.578569130706232 -3.975697342813678 0 3.536483809098872 -4.000366566871186 0 3.493433195975977 -3.975205948355996 0 2.799999999999292 -4.2 0 2.699999999999277 -4.2 0 2.549999999999306 -4.2 0 2.57469600519819 -4.24348755043815 0 2.599999999999292 -4.2 0 2.374498614644456 -4.50241994275413 0 2.424661703855832 -4.416184031818963 0 2.474835555418704 -4.329811349847102 0 2.524956371311944 -4.243297511384046 0 2.250023091525813 -4.545358013021484 0 2.274820093446611 -4.588470770494764 0 2.299727640657944 -4.545428755908965 0 2.225277873263253 -4.588441600647065 0 2.152444261648403 -4.545488348278569 0 2.128430683926626 -4.589663507950665 0 2.176488458324549 -4.588506768275607 0 2.061653241261165 -4.547704336832331 0 2.037368961762462 -4.59093484451449 0 2.083035173733008 -4.590771502227547 0 1.933841039008229 -4.595716007335331 0 1.973462860635994 -4.61494067976599 0 1.941287312890195 -4.654168173442612 0 1.85 -4.64445312499525 0 1.89936679338608 -4.678536732272571 0 1.85 -4.693835937495257 0 3.764466459729635 -3.804945312507471 0 3.764466459729635 -3.854328125007311 0 3.807233229864817 -3.829636718757389 0 3.693177666799267 -3.853383658468148 0 3.728822063264452 -3.878547297987649 0 3.693476541421434 -3.903052950943197 0 3.620748122791649 -3.901369358482454 0 3.657261769417625 -3.927045800950349 0 3.62050999612608 -3.951176073699512 0 3.578807257371801 -3.92589062759662 0 3.45 -3.900000000000837 0 3.493433195975977 -3.925205948355812 0 3.45 -3.950000000001021 0 2.299787408440911 -4.459275397472667 0 2.349676223969873 -4.459307892092241 0 2.324609799115493 -4.502387448134558 0 2.349615390380548 -4.373018929490534 0 2.399686879296688 -4.373023303208323 0 2.374590214939692 -4.416179658101174 0 2.399898883893634 -4.286534103392365 0 2.42482862605323 -4.329780890159238 0 2.449905813259108 -4.286564563080228 0 2.44999999999974 -4.2 0 2.474956371312161 -4.243297511384046 0 2.499999999999523 -4.2 0 2.274905249983362 -4.502316705247075 0 2.201233676587108 -4.545423180650026 0 2.107048751454784 -4.546596342555451 0 1.984601694684714 -4.540057626045837 0 2.02312746797294 -4.543880981439085 0 1.998843188474237 -4.587111489121243 0 1.891920519504115 -4.620084566165291 0 1.959221366846472 -4.567886816690585 0 3.85 -3.755562500007634 0 3.807233229864817 -3.780253906257553 0 3.85 -3.804945312507471 0 3.728822063264451 -3.82916448548781 0 3.656962894795458 -3.877376508475301 0 3.536532114962954 -3.85058787544303 0 3.578640118877302 -3.875978616962742 0 3.536699253457455 -3.900499886076909 0 3.493266057481478 -3.875293937721934 0 2.32470139941073 -4.416147163481601 0 2.374757137137092 -4.32977651644145 0 2.424949441946687 -4.243267051696183 0 2.200915936528751 -4.458866292886694 0 2.225469514027282 -4.502112152954089 0 2.250351672484831 -4.459070845179681 0 2.176680099088577 -4.502177320582632 0 2.10466978460866 -4.459341702363606 0 2.083161512934913 -4.503523019597969 0 2.128557023128532 -4.502415025321088 0 2.011432850270129 -4.468041083388582 0 1.998017272477421 -4.50404935471721 0 2.036543045765647 -4.507872710110457 0 1.85 -4.545687499994892 0 1.891920519504115 -4.570701753665111 0 1.85 -4.595070312495071 0 1.925274130971944 -4.496304687494716 0 1.954937912828329 -4.518181156770277 0 1.929557584990087 -4.546010347415024 0 3.764466459729616 -3.706179687507752 0 3.807233229864808 -3.730871093757693 0 3.764466459729626 -3.755562500007612 0 3.693036742009333 -3.754271337877609 0 3.728751600869484 -3.77960832519254 0 3.6931072044043 -3.803827498172879 0 3.619958304848625 -3.801991598885946 0 3.656567985823946 -3.827687628677047 0 3.620353213820137 -3.8516804786842 0 3.57824520990579 -3.826289737164488 0 3.45 -3.800000000000364 0 3.493266057481478 -3.825293937721697 0 3.45 -3.8500000000006 0 2.249981395201682 -4.373651702837299 0 2.299798392791115 -4.373335316163917 0 2.274884401821296 -4.416463550154983 0 2.299935909527536 -4.286517053208107 0 2.324775649954042 -4.329767991349321 0 2.349917396710585 -4.286525578300236 0 2.350000000000029 -4.2 0 2.374949441946832 -4.243267051696183 0 2.399999999999884 -4.2 0 2.225448665865216 -4.416258997861997 0 2.152792860568706 -4.45910399762515 0 2.058051317439395 -4.463691392876095 0 1.968353490621037 -4.482172885441649 0 1.887637065485972 -4.520996093744804 0 3.85 -3.656796875007873 0 3.807233229864808 -3.681488281257812 0 3.85 -3.706179687507754 0 3.728751600869474 -3.730225512692681 0 3.656497523428979 -3.778131468381777 0 3.537177844571755 -3.750384969264535 0 3.57856807471019 -3.77618828407524 0 3.536854979767355 -3.800486422353782 0 3.493588922285878 -3.775192484632449 0 2.274958652364609 -4.330084378022703 0 2.324967954763783 -4.243258526604054 0 2.150297626569904 -4.372951512662493 0 2.175606781549328 -4.415908902774594 0 2.200139510885793 -4.373301607749896 0 2.127483705589282 -4.41614660751305 0 2.052005372955342 -4.377640028729535 0 2.078337578782001 -4.418490865546571 0 2.031719111612736 -4.422840556059059 0 1.943753982306514 -4.388442937689543 0 1.934514056639229 -4.44237381259213 0 1.977593416288321 -4.428242010539063 0 1.85 -4.446921874994533 0 1.887637065485972 -4.471613281244625 0 1.85 -4.496304687494712 0 3.764466459729597 -3.607414062507949 0 3.764466459729606 -3.656796875007851 0 3.807233229864798 -3.632105468757911 0 3.692940208751495 -3.655245369462714 0 3.728703334240556 -3.680712528485233 0 3.692988475380414 -3.704758353670162 0 3.62023764860204 -3.702330894888477 0 3.656637195305686 -3.728301116383043 0 3.620097976725333 -3.752161246887211 0 3.578707746586898 -3.726357932076506 0 3.45 -3.699999999999978 0 3.493588922285878 -3.725192484632256 0 3.45 -3.750000000000171 0 2.200147675513262 -4.290982317754519 0 2.225064535357472 -4.33231701029591 0 2.250041792520399 -4.288749685481314 0 2.25 -4.2 0 2.274967954763768 -4.243258526604054 0 2.300000000000014 -4.2 0 2.175222651041583 -4.331966915208506 0 2.101151499762623 -4.375295770696014 0 1.997879677630928 -4.383041483209539 0 1.896876991153257 -4.417682406342038 0 3.85 -3.558031250008024 0 3.807233229864798 -3.582722656257986 0 3.85 -3.607414062507948 0 3.728703334240546 -3.631329715985331 0 3.656588928676768 -3.678788132175596 0 3.537147824984821 -3.650643699907715 0 3.578692736793431 -3.676487297398096 0 3.537162834778289 -3.700514334586125 0 3.493573912492411 -3.675321849953846 0 2.225073837756631 -4.245491158877259 0 2.100535014867319 -4.291883049117292 0 2.150341345190291 -4.291432683435906 0 2.125416320718612 -4.332417280889892 0 2.076270193911331 -4.334761538923413 0 2.000830574188704 -4.28998528653258 0 2.026417973572023 -4.333812657631057 0 1.972292278247609 -4.339214112111062 0 1.85 -4.348156249994172 0 1.896876991153257 -4.368299593841858 0 1.85 -4.397539062494353 0 3.766942554025696 -3.508548671384665 0 3.808471277012848 -3.533289960696345 0 3.765704506877647 -3.557981366946307 0 3.694173917515837 -3.556761317982485 0 3.729320188622717 -3.582087690245217 0 3.693557063133666 -3.6060033437226 0 3.618638827646476 -3.603244983986461 0 3.655789518198985 -3.629245176724587 0 3.619438238124258 -3.652787939437469 0 3.577893326315649 -3.626944341947088 0 3.45 -3.600000000000529 0 3.493573912492411 -3.625321849954122 0 3.45 -3.650000000000253 0 2.150181238277979 -4.226754294047272 0 2.200090619138989 -4.213377147023637 0 2.175164456895621 -4.258868305900896 0 2.125358126572649 -4.259318671582283 0 2.050682794528011 -4.290934167824936 0 1.916608317703468 -4.295241287124659 0 1.958719445946086 -4.29261328682862 0 1.930181150004991 -4.341842112407102 0 1.883304158851734 -4.321698768559417 0 3.85 -3.45926562500835 0 3.808471277012848 -3.483907148196508 0 3.85 -3.508648437508187 0 3.730558235770767 -3.532654994683575 0 3.656406372581157 -3.580003150984473 0 3.537417042074821 -3.550403419676797 0 3.578027934860649 -3.576824201831629 0 3.537282433529821 -3.600523559792256 0 3.49370852103741 -3.575201709838663 0 2.157897321771013 -4.146444042734886 0 2.154039280024496 -4.18659916839108 0 2.203948660885507 -4.173222021367443 0 2.060944622347914 -4.195875727477972 0 2.105562930312947 -4.211315010762623 0 2.080739818607617 -4.243879388297632 0 2.030887598268309 -4.242930507005276 0 1.938457032022119 -4.200231336413194 0 1.927532674862793 -4.247736311768927 0 1.969643803105412 -4.245108311472887 0 1.85 -4.249390624993813 0 1.883304158851734 -4.272315956059236 0 1.85 -4.298773437493993 0 3.769502087216742 -3.408240263050794 0 3.768222320621219 -3.45839446721773 0 3.809751043608371 -3.433752944029572 0 3.693128903653447 -3.455098134148623 0 3.730035728839572 -3.481823402766644 0 3.693651410584642 -3.505929726065554 0 3.618963068349272 -3.503801358683435 0 3.656568492932554 -3.53028133833296 0 3.618800947997874 -3.553523171334948 0 3.578190055212047 -3.527102389180116 0 3.45 -3.500000000001166 0 3.49370852103741 -3.525201709838981 0 3.45 -3.550000000000848 0 2.25 -4.099999999999907 0 2.203948660885507 -4.123222021367397 0 2.25 -4.149999999999954 0 2.109420972059464 -4.171159885106428 0 1.999700827185017 -4.198053531945583 0 1.89422851601106 -4.224810980703504 0 3.85 -3.360500000008588 0 3.809751043608371 -3.384370131529691 0 3.85 -3.409882812508469 0 3.731315495435094 -3.431669198599709 0 3.656045986001359 -3.479449746416029 0 3.538571080347829 -3.450233710375606 0 3.57876707434855 -3.477017534529521 0 3.537994061211325 -3.500318565026202 0 3.494285540173915 -3.475116855188386 0 2.161541781203093 -4.049770677615983 0 2.205770890601547 -4.074885338807945 0 2.159719551487053 -4.098107360175435 0 2.08148834703008 -4.096444434047129 0 2.119692834400547 -4.121444238391007 0 2.071216484688997 -4.14616008076255 0 1.998906264173649 -4.123487568423853 0 2.029925443260781 -4.159681647950912 0 1.968681648097884 -4.161859452418524 0 1.85 -4.150624999993973 0 1.89422851601106 -4.175428168203583 0 1.85 -4.200007812493893 0 3.771308914362527 -3.308856796384421 0 3.810654457181263 -3.334678398196504 0 3.770405500789634 -3.358548529717607 0 3.693824028128684 -3.3553346236829 0 3.731663057672713 -3.381787443366847 0 3.693476465891066 -3.405216378915762 0 3.617913704101626 -3.402592490527516 0 3.655521303877537 -3.428845312338069 0 3.618438386225449 -3.453196924605475 0 3.578242392224728 -3.426413100451561 0 3.45 -3.400000000001803 0 3.494285540173915 -3.425116855188705 0 3.45 -3.450000000001484 0 2.25 -3.999999999999641 0 2.205770890601547 -4.024885338807812 0 2.25 -4.049999999999774 0 2.121515064116586 -4.073107555831556 0 2.040197305601865 -4.109966001235491 0 1.91774155001714 -4.099308193418085 0 1.958323907095394 -4.111397880920969 0 1.92809929101963 -4.149769764915639 0 1.88387077500857 -4.124966596706029 0 3.85 -3.261734375008307 0 3.810654457181263 -3.285295585696364 0 3.85 -3.311117187508447 0 3.732566471245605 -3.332095710033661 0 3.655868866115155 -3.378963557105208 0 3.537492368426125 -3.350392425840678 0 3.577703036263876 -3.376492458184097 0 3.538031724386977 -3.400313068108142 0 3.493746184213062 -3.375196212921241 0 2.162568585434872 -3.949629532000295 0 2.162055183318983 -3.999700104808139 0 2.206284292717436 -3.974814765999968 0 2.082761187533037 -3.998290202401215 0 2.082124767281559 -4.047367318224172 0 2.122151484368065 -4.024030440008599 0 2.004237228546273 -4.040993043297745 0 2.042862787788176 -4.068718738672437 0 2.001571746359961 -4.082240305860799 0 1.960989389281707 -4.070150618357916 0 1.85 -4.051859374993614 0 1.88387077500857 -4.07558378420585 0 1.85 -4.101242187493794 0 3.769511999496441 -3.210287061967514 0 3.770410456929484 -3.259571929175967 0 3.80975599974822 -3.23601071848791 0 3.693025461259801 -3.254360403537388 0 3.693424744694243 -3.304847513610144 0 3.732167187811164 -3.281608599960904 0 3.618065098177964 -3.302859654448667 0 3.655944563153324 -3.329097139065784 0 3.617989401139795 -3.352726072488092 0 3.577778733302044 -3.326626040144673 0 3.45 -3.300000000002441 0 3.493746184213062 -3.32519621292156 0 3.45 -3.350000000002122 0 2.25 -3.899999999999375 0 2.206284292717436 -3.924814765999835 0 2.25 -3.949999999999508 0 2.122664886483955 -3.973959867200755 0 2.043499208039655 -4.01964162284948 0 1.926744558981293 -3.999953150751181 0 1.965490893763783 -4.020473097024463 0 1.922243054499217 -4.049630672084633 0 1.888372279490647 -4.025906262872398 0 3.85 -3.162968750008024 0 3.80975599974822 -3.186627905987769 0 3.85 -3.212351562508165 0 3.731268730378121 -3.232323732752451 0 3.655545279718883 -3.278610028993028 0 3.536433135723859 -3.250868086548127 0 3.577249116950912 -3.276863870498397 0 3.536962752074992 -3.300630256194403 0 3.49321656786193 -3.275434043275284 0 2.163488762690561 -3.849904379710681 0 2.20674438134528 -3.874952189855028 0 2.163028674062716 -3.899766955855488 0 2.076482070333292 -3.89920900629969 0 2.079621628933165 -3.948749604350453 0 2.119525327884082 -3.924419269149992 0 2.004398159456373 -3.953093749993491 0 2.004317694001323 -3.997043396645618 0 2.043579673494705 -3.975691976197353 0 1.965571359218833 -3.976523450372336 0 1.85 -3.953093749993515 0 1.888372279490647 -3.976523450372348 0 1.85 -4.002476562493564 0 3.771305701407423 -3.110764737210684 0 3.810652850703712 -3.136866743609354 0 3.770408850451932 -3.160525899589099 0 3.693666110335478 -3.156135707841603 0 3.73158905491596 -3.183211384904558 0 3.69334578579764 -3.205248055689496 0 3.617410896040784 -3.202932458396975 0 3.655218178650292 -3.228646430967181 0 3.617737997109374 -3.252896056422821 0 3.576922015882322 -3.226900272472552 0 3.45 -3.200000000003078 0 3.49321656786193 -3.225434043275603 0 3.45 -3.25000000000276 0 2.25 -3.799999999999109 0 2.20674438134528 -3.824952189854895 0 2.25 -3.849999999999242 0 2.119985416511927 -3.874556693005186 0 2.040440114894833 -3.92615137814659 0 1.935533540270799 -3.903710937493331 0 1.969965849863586 -3.928402343743411 0 1.931139049626046 -3.951832044122256 0 1.892766770135399 -3.928402343743423 0 3.85 -3.064203125007829 0 3.810652850703712 -3.087483931109257 0 3.85 -3.113585937507926 0 3.732485905871451 -3.133450222526144 0 3.655538503188131 -3.179534083119289 0 3.537484012435903 -3.150378890578624 0 3.577447454238343 -3.1766556744878 0 3.536958574079882 -3.200623488563376 0 3.493742006217952 -3.175189445290851 0 2.162561924279881 -3.749630359333444 0 2.163025343485221 -3.799767369522063 0 2.206280962139941 -3.774815179666277 0 2.081184624109079 -3.801674555381257 0 2.078833347221186 -3.850441780840474 0 2.12233669339982 -3.825789467545969 0 2.00332033061035 -3.854328124993208 0 2.039901200471821 -3.876768565646449 0 2.003859245033362 -3.90371093749335 0 1.969426935440575 -3.87901953124327 0 1.85 -3.854328124993156 0 1.892766770135399 -3.879019531243244 0 1.85 -3.903710937493336 0 3.769514083296615 -3.012344614509005 0 3.770409892352019 -3.061554675859845 0 3.809757041648307 -3.038273869758417 0 3.692791351212311 -3.055162073613156 0 3.693228730773895 -3.105648890727379 0 3.732048526309867 -3.08296340541192 0 3.617951252596114 -3.103307512323909 0 3.655808681465796 -3.129721610082756 0 3.617681074318449 -3.153119985360442 0 3.577717632516008 -3.126843201451266 0 3.45 -3.100000000003715 0 3.493742006217952 -3.125189445291169 0 3.45 -3.150000000003397 0 2.25 -3.699999999998842 0 2.206280962139941 -3.724815179666143 0 2.25 -3.749999999998975 0 2.12187327419448 -3.775652457357351 0 2.042252477359715 -3.828001340187233 0 1.935533540270884 -3.804945312492977 0 1.969426935440617 -3.829636718743093 0 1.935533540270841 -3.854328124993154 0 1.892766770135442 -3.829636718743067 0 3.85 -2.965437500007634 0 3.809757041648307 -2.98889105725832 0 3.85 -3.014820312507732 0 3.731152717254463 -3.033753344061081 0 3.655371301904212 -3.079234792968533 0 3.537004653430218 -3.050727410402243 0 3.577477953013166 -3.077017461363076 0 3.537244332933061 -3.100553150490434 0 3.49350232671511 -3.075363705202979 0 2.163428253538863 -3.650066395301871 0 2.206714126769432 -3.675033197650357 0 2.162995088909372 -3.699848377317657 0 2.081456135483196 -3.702260195100633 0 2.081320379796137 -3.751967375240945 0 2.122009029881538 -3.725945277217038 0 2.004388602351273 -3.755250553169273 0 2.003854466480812 -3.804789339081241 0 2.042786613230176 -3.778462554275265 0 1.969961071311078 -3.780097932831125 0 1.85 -3.755562499992795 0 1.892766770135442 -3.780253906242886 0 1.85 -3.804945312492976 0 3.771299285836362 -2.912685780390246 0 3.810649642918181 -2.93906164019894 0 3.770406684566488 -2.962515197449625 0 3.693602834928305 -2.957226522909068 0 3.73155845911246 -2.984785568709037 0 3.693197093070308 -3.006194298261112 0 3.617478077764669 -3.003390518856083 0 3.65513471448849 -3.029276296234619 0 3.617714665180392 -3.053349015589996 0 3.577241365597444 -3.027058964629163 0 3.45 -3.000000000004352 0 3.49350232671511 -3.025363705203298 0 3.45 -3.050000000004033 0 2.25 -3.599999999998576 0 2.206714126769432 -3.625033197650223 0 2.25 -3.649999999998709 0 2.12244219451103 -3.676163295201252 0 2.042922368917234 -3.728755374134953 0 1.935533540270813 -3.706179687492702 0 1.969961071311043 -3.730715120330987 0 1.935533540270848 -3.755562499992839 0 1.892766770135407 -3.730871093742748 0 3.85 -2.866671875007266 0 3.810649642918181 -2.889678827698756 0 3.85 -2.91605468750745 0 3.732451060382334 -2.934956151649657 0 3.655540456346487 -2.980308520882575 0 3.537456729007761 -2.95037153880958 0 3.577467403386215 -2.976881028832832 0 3.53723069121899 -3.000549474605911 0 3.49372836450388 -2.975185769406966 0 2.162543245020367 -3.549628454460028 0 2.162985749279615 -3.59984742488095 0 2.206271622510183 -3.574814227229302 0 2.080873666989453 -3.60265102430466 0 2.081164901236324 -3.652455609702646 0 2.122150960264158 -3.626358709803266 0 2.004138738774232 -3.656223609582755 0 2.042797437128714 -3.679241902341694 0 2.004263670562753 -3.705737081376014 0 1.969836139522523 -3.681201648537729 0 1.85 -3.656796874992609 0 1.892766770135407 -3.681488281242656 0 1.85 -3.706179687492702 0 3.769516267925095 -2.814405505794923 0 3.770407776880728 -2.863545643092585 0 3.809758133962547 -2.840538690401095 0 3.692602358210201 -2.855984391679775 0 3.693102596569253 -2.906605457294422 0 3.731950822023282 -2.88433508603501 0 3.617931853249678 -2.903791758406141 0 3.655767344088992 -2.930509140657604 0 3.617704965507174 -2.953591138631112 0 3.57769429112872 -2.927081648607861 0 3.45 -2.900000000004989 0 3.49372836450388 -2.925185769407284 0 3.45 -2.95000000000467 0 2.25 -3.49999999999831 0 2.206271622510183 -3.524814227229169 0 2.25 -3.549999999998443 0 2.12170845600491 -3.576139739382344 0 2.042506202881842 -3.629437316943708 0 1.935533540270809 -3.607414062492516 0 1.969836139522521 -3.631818836037636 0 1.935533540270811 -3.656796874992609 0 1.892766770135405 -3.632105468742562 0 3.85 -2.767906250006897 0 3.809758133962547 -2.79115587790091 0 3.85 -2.817289062507081 0 3.731059313067648 -2.835194948737349 0 3.65526710572994 -2.879888075042958 0 3.537932692406695 -2.850426340477247 0 3.577932272828186 -2.877109049441694 0 3.537694710707228 -2.900398939643414 0 3.493966346203348 -2.875213170241118 0 2.163403815147332 -3.450148518305549 0 2.206701907573666 -3.475074259151929 0 2.16297353008385 -3.499888486382789 0 2.081187481325357 -3.503182885972774 0 2.081030574157405 -3.552916955138717 0 2.121865363172862 -3.526405670216401 0 2.003739736812082 -3.557587485688154 0 2.003939237793157 -3.606905547635455 0 2.042306701900768 -3.580119254996407 0 1.969636638541445 -3.582500774090335 0 1.85 -3.558031249992423 0 1.892766770135405 -3.58272265624247 0 1.85 -3.607414062492516 0 3.770453714329609 -2.71515928800927 0 3.810226857164805 -2.741532769008083 0 3.769984991127352 -2.764782396902096 0 3.694343381311686 -2.76012720082154 0 3.731929824618391 -2.787266353308231 0 3.693472869760944 -2.808055796250658 0 3.617624971075369 -2.803835083738161 0 3.655113664642785 -2.829909737708968 0 3.617778412162524 -2.853813421072151 0 3.577778831741032 -2.827130712107704 0 3.45 -2.800000000005626 0 3.493966346203348 -2.825213170241437 0 3.45 -2.850000000005307 0 2.25 -3.399999999998043 0 2.206701907573666 -3.425074259151796 0 2.25 -3.449999999998176 0 2.122295648236344 -3.476665702139162 0 2.04246360906872 -3.530385185830464 0 1.935533540270837 -3.508648437492288 0 1.969636638541459 -3.533117961590221 0 1.935533540270823 -3.558031249992402 0 1.892766770135418 -3.533339843742356 0 3.85 -2.669140625006702 0 3.810226857164805 -2.692149956507986 0 3.85 -2.718523437506799 0 3.732398547820647 -2.737643244415405 0 3.655984176193527 -2.781981142279851 0 3.537438058449788 -2.750369639023127 0 3.577531514762579 -2.777102361380644 0 3.537685375428242 -2.800397989750187 0 3.493719029224894 -2.775184819514377 0 2.162515977826266 -3.349621096697522 0 2.162959896486799 -3.399884807501536 0 2.206257988913133 -3.374810548347782 0 2.080837791343439 -3.403173702498411 0 2.081012636334398 -3.453178294235593 0 2.122120803245386 -3.42666111040198 0 2.00553500168509 -3.457295281887858 0 2.043361241505223 -3.480239083930316 0 2.004637369248586 -3.507441383788006 0 1.970534270977963 -3.482971859690073 0 1.85 -3.45926562499215 0 1.892766770135418 -3.483957031242219 0 1.85 -3.508648437492286 0 3.764466459729221 -2.619757812506604 0 3.767460087029415 -2.667458550257937 0 3.807233229864611 -2.644449218756653 0 3.697922104277775 -2.667098251450869 0 3.696132742794731 -2.713612726136205 0 3.734187909303692 -2.69112876973007 0 3.617940872052068 -2.704280684256242 0 3.656142126681877 -2.732203942538891 0 3.617782921563719 -2.754057883997202 0 3.577689465250928 -2.727325161639684 0 3.45 -2.700000000006264 0 3.493719029224894 -2.725184819514696 0 3.45 -2.750000000005945 0 2.25 -3.299999999997777 0 2.206257988913133 -3.324810548347649 0 2.25 -3.34999999999791 0 2.121676884584852 -3.376397399597966 0 2.043186396514264 -3.430234492193135 0 1.935533540270658 -3.409882812492015 0 1.970534270977874 -3.433589047189937 0 1.935533540270747 -3.459265624992152 0 1.892766770135329 -3.434574218742083 0 3.85 -2.570375000006506 0 3.807233229864611 -2.595066406256555 0 3.85 -2.619757812506604 0 3.731194282003498 -2.643428031978737 0 3.657931488164921 -2.685689467853556 0 3.53846011088828 -2.650225682238252 0 3.578200491470175 -2.677253183247247 0 3.537949084669035 -2.70029766063069 0 3.494230055444141 -2.675112841122258 0 2.163579774718992 -3.249900087106278 0 2.206789887359496 -3.274950043552027 0 2.163047876272629 -3.2997605919019 0 2.082595122734005 -3.301404388120648 0 2.081716457038722 -3.352289045309529 0 2.122555550280135 -3.325512742409085 0 2.005376784624576 -3.356567543733481 0 2.005455893154833 -3.406931412810669 0 2.043107287984007 -3.379870623115946 0 1.970455162447617 -3.383225178112748 0 1.85 -3.360499999991878 0 1.892766770135329 -3.385191406241947 0 1.85 -3.409882812492014 0 3.76446645972921 -2.52099218750645 0 3.807233229864605 -2.545683593756478 0 3.764466459729215 -2.570375000006527 0 3.698103459975647 -2.56876006293455 0 3.731284959852434 -2.594258937720577 0 3.698012782126711 -2.61792915719271 0 3.619622501847923 -2.607590162015704 0 3.658772303062849 -2.637344206733287 0 3.618781686949995 -2.655935423135973 0 3.579041306368102 -2.628907922126978 0 3.45 -2.600000000006901 0 3.494230055444141 -2.625112841122577 0 3.45 -2.650000000006583 0 2.25 -3.199999999997511 0 2.206789887359496 -3.224950043551894 0 2.25 -3.249999999997644 0 2.123087448726499 -3.275652237613463 0 2.04398595367929 -3.328985965927064 0 1.929617600319894 -3.308413116272391 0 1.967497192472235 -3.332490330002936 0 1.932575570295276 -3.359147964382203 0 1.889808800159947 -3.334456558132135 0 3.85 -2.471609375006398 0 3.807233229864605 -2.496300781256424 0 3.85 -2.520992187506452 0 3.731284959852429 -2.5448761252205 0 3.658862980911786 -2.588175112475127 0 3.537431267813083 -2.550370216126451 0 3.578526884830503 -2.578980189071078 0 3.537945689350682 -2.600297949182352 0 3.493715633906541 -2.575185108066676 0 2.16250769830486 -3.149607563173507 0 2.163043736511926 -3.199753825139893 0 2.20625384915243 -3.174803781585509 0 2.082012312126265 -3.20174946115378 0 2.082303717430135 -3.251576924637214 0 2.122796043422628 -3.225824774130029 0 2.007197891401098 -3.253114671981241 0 2.044896507067552 -3.277259530050945 0 2.006287338012837 -3.304841107857361 0 1.968407745860496 -3.280763894126816 0 1.85 -3.261734374992125 0 1.889808800159947 -3.285073745632258 0 1.85 -3.311117187492002 0 3.764466459729147 -2.422226562506215 0 3.764466459729178 -2.471609375006333 0 3.807233229864574 -2.446917968756306 0 3.699957269292658 -2.471609375006381 0 3.699030364634153 -2.520184718970466 0 3.732211864510934 -2.496300781256416 0 3.620175818191019 -2.508613887600089 0 3.659139639083334 -2.53868697526732 0 3.619899160019471 -2.558102024807897 0 3.578803543002051 -2.52949205186327 0 3.45 -2.500000000007538 0 3.493715633906541 -2.525185108066994 0 3.45 -2.550000000007219 0 2.25 -3.099999999997245 0 2.20625384915243 -3.124803781585376 0 2.25 -3.149999999997378 0 2.122260005215562 -3.175678512163643 0 2.044605101763682 -3.227432066567511 0 1.930365305531772 -3.210033787161154 0 1.968781598466435 -3.231574229571198 0 1.929991452925833 -3.259223451716773 0 1.890182652765886 -3.23588408107664 0 3.85 -2.372843750006029 0 3.807233229864574 -2.397535156256122 0 3.85 -2.422226562506213 0 3.732211864510902 -2.446917968756298 0 3.660066543741839 -2.490111631303235 0 3.53673637827354 -2.451811109836922 0 3.57845609823228 -2.480212498718506 0 3.537083823043312 -2.501090662981687 0 3.49336818913677 -2.47590555492223 0 2.163594640932748 -3.049969180030117 0 2.206797320466374 -3.074984590013681 0 2.163051169618805 -3.099788371601812 0 2.082586533304389 -3.101886728259592 0 2.082299422715327 -3.151818094706686 0 2.122547115804625 -3.12574714571655 0 2.007282442494799 -3.153208412988155 0 2.007240166947948 -3.203161542484699 0 2.044647377310532 -3.177478937070967 0 1.968823874013286 -3.181621100074655 0 1.85 -3.16296874999246 0 1.890182652765886 -3.186501268576807 0 1.85 -3.212351562492293 0 3.764466459729039 -2.323460937505847 0 3.80723322986452 -2.348152343755938 0 3.764466459729093 -2.372843750006031 0 3.699226226902443 -2.371691970999132 0 3.731846343315795 -2.396959266752674 0 3.69959174809755 -2.421650673002756 0 3.619885793054785 -2.409400230833009 0 3.659921531173722 -2.440504802919695 0 3.620030805622902 -2.459007059216549 0 3.578311085664163 -2.430605670334966 0 3.45 -2.400000000008175 0 3.49336818913677 -2.425905554922549 0 3.45 -2.450000000007857 0 2.25 -2.999999999996978 0 2.206797320466374 -3.024984590013547 0 2.25 -3.049999999997111 0 2.123090587118569 -3.075927954144855 0 2.044934487899594 -3.127547570623873 0 1.928749930572307 -3.110000806307895 0 1.968016186533553 -3.131604609648025 0 1.92955761805204 -3.160017296734525 0 1.889374965286154 -3.136484778150177 0 3.85 -2.274078125005661 0 3.80723322986452 -2.298769531255754 0 3.85 -2.323460937505845 0 3.731846343315741 -2.34757645425249 0 3.659556009978614 -2.390546100916071 0 3.537431224245819 -2.350371185768492 0 3.578658508650302 -2.37988570830075 0 3.53708380125968 -2.401091147802707 0 3.49371561212291 -2.375185592888334 0 2.1625831785998 -2.949596595849287 0 2.163088909766274 -2.999782887939702 0 2.2062915892999 -2.974798297923132 0 2.082031525121636 -3.00224006981486 0 2.082309029213013 -3.052063399037226 0 2.122813083027193 -3.026104624922489 0 2.007521887890082 -3.053359666041257 0 2.045054210597236 -3.077623197150425 0 2.007402165192441 -3.103284039514706 0 1.968135909231195 -3.081680236174576 0 1.85 -3.064203124992621 0 1.889374965286154 -3.087101965650258 0 1.85 -3.113585937492541 0 3.764466459729034 -2.224695312505476 0 3.764466459729037 -2.274078125005661 0 3.807233229864517 -2.249386718755568 0 3.700455989520319 -2.274078125005669 0 3.699841108211381 -2.322885048002401 0 3.732461224624679 -2.298769531255758 0 3.620392428416855 -2.309739223780559 0 3.659809327659649 -2.340715597389845 0 3.62013911073582 -2.359569727306784 0 3.578911826331337 -2.330055204774526 0 3.45 -2.300000000008812 0 3.49371561212291 -2.325185592888652 0 3.45 -2.350000000008493 0 2.25 -2.899999999996712 0 2.2062915892999 -2.924798297922999 0 2.25 -2.949999999996845 0 2.122307351860718 -2.975918332832074 0 2.044776706505859 -3.027799867928059 0 1.930372885099755 -3.01207845366752 0 1.968947386494918 -3.032719059854388 0 1.929561407836031 -3.061039629987707 0 1.890186442549878 -3.03814078933007 0 3.85 -2.175312500005291 0 3.807233229864517 -2.200003906255383 0 3.85 -2.224695312505476 0 3.732461224624676 -2.249386718755573 0 3.660424208968587 -2.291908674393114 0 3.536773685022302 -2.251999486683584 0 3.578583056719578 -2.280869355232071 0 3.537102454634061 -2.301185336226038 0 3.493386842511151 -2.275999743346198 0 2.16369241868686 -2.850055278968001 0 2.20684620934343 -2.875027639482357 0 2.16313779864333 -2.899825937408644 0 2.082561150509324 -2.902517255716495 0 2.08229633781548 -2.952378662765677 0 2.122572164554562 -2.926056925782891 0 2.007419885379962 -2.954201990809733 0 2.007470886635022 -3.003780828425495 0 2.044725705250799 -2.978221030312296 0 1.968896385239858 -2.983140222238626 0 1.85 -2.965437499992869 0 1.890186442549878 -2.988757976830194 0 1.85 -3.014820312492745 0 3.764466459729241 -2.125929687505109 0 3.807233229864621 -2.1506210937552 0 3.764466459729138 -2.175312500005292 0 3.699646987111985 -2.174034979697768 0 3.732056723420509 -2.199365146101622 0 3.700051488316152 -2.224056552351719 0 3.620093558205942 -2.210442492557467 0 3.66027477386313 -2.242260308781568 0 3.620242993311399 -2.260090858169013 0 3.578433621614122 -2.231220989620526 0 3.45 -2.200000000009362 0 3.493386842511151 -2.225999743346473 0 3.45 -2.250000000009087 0 2.25 -2.799999999996446 0 2.20684620934343 -2.825027639482224 0 2.25 -2.849999999996579 0 2.123126784598092 -2.876286267342248 0 2.044990517944643 -2.928359623263114 0 1.928689259407768 -2.912074042492427 0 1.968054572393865 -2.93313801665108 0 1.929531072253762 -2.962076248079973 0 1.889344629703884 -2.938755771242648 0 3.85 -2.076546875004924 0 3.807233229864621 -2.101238281255017 0 3.85 -2.125929687505107 0 3.732056723420613 -2.149982333601439 0 3.659870272658964 -2.192238736127617 0 3.537433072025646 -2.150371770656597 0 3.578763315115794 -2.180407131607032 0 3.537103378523974 -2.201185628670091 0 3.493716536012823 -2.175185885332979 0 2.16282252555174 -2.749615113540732 0 2.163257472119301 -2.799835196254367 0 2.20641126277587 -2.774807556768589 0 2.081994976175266 -2.802727746773548 0 2.082278063342295 -2.852622501245022 0 2.122843697431064 -2.826391512870775 0 2.007610367846989 -2.854429050409695 0 2.045085759178157 -2.878473153063095 0 2.007515126613475 -2.904315520609714 0 1.968149813627379 -2.883251546451061 0 1.85 -2.866671874993203 0 1.889344629703884 -2.889372958742815 0 1.85 -2.916054687493036 0 3.764466459729333 -2.027164062504913 0 3.764466459729287 -2.076546875005011 0 3.807233229864667 -2.051855468754919 0 3.700912278228852 -2.076546875004957 0 3.700279632670418 -2.125290927351362 0 3.732689368979047 -2.101238281255033 0 3.620586373152195 -2.110736175375116 0 3.66011668013209 -2.142385577536442 0 3.620339965679069 -2.160589333966291 0 3.57900972258892 -2.130553973015856 0 3.45 -2.100000000008977 0 3.493716536012823 -2.125185885332787 0 3.45 -2.150000000009169 0 2.25 -2.69999999999618 0 2.20641126277587 -2.724807556768456 0 2.25 -2.749999999996313 0 2.122408750863503 -2.77617143015714 0 2.044802672011127 -2.828578398591621 0 1.930345162734333 -2.814268775182159 0 1.968977765290661 -2.834348912795927 0 1.929517211071051 -2.863171408837293 0 1.890172581367167 -2.840470325087681 0 3.85 -1.977781250004901 0 3.807233229864667 -2.002472656254907 0 3.85 -2.027164062504912 0 3.732689368979092 -2.051855468754935 0 3.660749325690523 -2.093641525190036 0 3.536807368983696 -2.052166056358232 0 3.578696871067946 -2.081451115866674 0 3.537120220504671 -2.101268913507415 0 3.493403684491848 -2.076083028183604 0 2.162812377788657 -2.649525551695993 0 2.206406188894329 -2.674762775846087 0 2.162817451670199 -2.699570332618363 0 2.081706607461665 -2.702186066363024 0 2.081850791818465 -2.752456906568286 0 2.122264566506702 -2.725900589951878 0 2.007582530872798 -2.754893849764841 0 2.007596449359894 -2.804661450087268 0 2.044788753524032 -2.778810798269195 0 1.968963846803566 -2.7845813124735 0 1.85 -2.767906249993538 0 1.890172581367167 -2.791087512587849 0 1.85 -2.81728906249337 0 3.764466459729189 -1.92839843750463 0 3.807233229864595 -1.953089843754765 0 3.764466459729261 -1.977781250004772 0 3.70003006707861 -1.9763766945957 0 3.732248263403972 -2.001770378550307 0 3.700471172653731 -2.026461784800329 0 3.620282333452814 -2.011459433491717 0 3.660597305840833 -2.044003154248337 0 3.620434353302504 -2.061097804433417 0 3.578544851218255 -2.031812744924975 0 3.45 -2.000000000008504 0 3.493403684491848 -2.026083028183368 0 3.45 -2.05000000000874 0 2.25 -2.599999999995913 0 2.206406188894329 -2.624762775845953 0 2.25 -2.649999999996047 0 2.122259492625162 -2.675855809029509 0 2.044644569167231 -2.728539958063933 0 1.929167987984384 -2.713365099786436 0 1.968375259428591 -2.734129474775639 0 1.929756575359359 -2.763816937484298 0 1.889583993992192 -2.740635674889988 0 3.85 -1.87901562500436 0 3.807233229864595 -1.903707031254495 0 3.85 -1.92839843750463 0 3.7322482634039 -1.952387566050165 0 3.660156200265712 -1.993918064043708 0 3.537434503172371 -1.950371951265425 0 3.578858418312592 -1.980915692378571 0 3.537120936078034 -2.001269003811828 0 3.493717251586186 -1.975185975636964 0 2.163133912635525 -2.549588345062872 0 2.162973145212091 -2.599556948379433 0 2.206566956317762 -2.574794172529392 0 2.076485987998618 -2.599034120659636 0 2.079096297730142 -2.65061009351133 0 2.119649182893638 -2.624279836177815 0 2.008992828366306 -2.651892476176216 0 2.045349717913985 -2.677039271269621 0 2.008287679619552 -2.703393162970529 0 1.969080408175345 -2.682628787981327 0 1.85 -2.669140624993873 0 1.889583993992192 -2.691252862390155 0 1.85 -2.718523437493706 0 3.764466459729183 -1.829632812504261 0 3.764466459729186 -1.879015625004445 0 3.807233229864591 -1.85432421875431 0 3.701324763379088 -1.879015625004445 0 3.700677415228849 -1.927696159800072 0 3.732895611554139 -1.903707031254537 0 3.620761756342346 -1.911728626159457 0 3.660395911710478 -1.944052660377579 0 3.62052204489758 -1.961594029825587 0 3.579098129757359 -1.931050288712441 0 3.45 -1.900000000008032 0 3.493717251586186 -1.925185975636728 0 3.45 -1.950000000008268 0 2.25 -2.499999999995647 0 2.206566956317762 -2.524794172529259 0 2.25 -2.54999999999578 0 2.119809950317071 -2.574311232861254 0 2.042739408182462 -2.625463298417927 0 1.932490189121596 -2.612703439197562 0 1.970741508743951 -2.632297957686889 0 1.93082908855299 -2.663034269492 0 1.891245094560798 -2.640922032095718 0 3.85 -1.780250000004164 0 3.807233229864591 -1.804941406254212 0 3.85 -1.829632812504262 0 3.732895611554135 -1.854324218754353 0 3.661043259860717 -1.895372125581951 0 3.536837310075148 -1.852331553160386 0 3.578799533208747 -1.882030089659922 0 3.537135906623759 -1.901351752212905 0 3.493418655037574 -1.876165776584209 0 2.163400308480076 -2.449728200610497 0 2.206700154240038 -2.474864100303072 0 2.163267110557801 -2.499658272836685 0 2.076819393181732 -2.499245154687008 0 2.076652690590175 -2.549139637673322 0 2.119976652908629 -2.52441674987494 0 2.010788860677919 -2.550065050158996 0 2.009890844522112 -2.600978763167606 0 2.043637424338268 -2.574549585409316 0 1.971639524899758 -2.581384244678279 0 1.85 -2.57037499999412 0 1.891245094560798 -2.591539219595841 0 1.85 -2.619757812493996 0 3.764466459729258 -1.730867187503894 0 3.807233229864629 -1.755558593754029 0 3.764466459729221 -1.780250000004077 0 3.70207095487884 -1.780250000004031 0 3.733268707304012 -1.804941406254146 0 3.701697859128964 -1.829632812504238 0 3.62045225466608 -1.812475312509211 0 3.660888509022584 -1.845745468756828 0 3.620607005504213 -1.862101969334334 0 3.578644782370614 -1.832403432834798 0 3.45 -1.800000000007559 0 3.493418655037574 -1.826165776583972 0 3.45 -1.850000000007796 0 2.25 -2.39999999999538 0 2.206700154240038 -2.424864100302939 0 2.25 -2.449999999995514 0 2.120109850830905 -2.474486677648752 0 2.043804126929825 -2.524655102423002 0 1.931618892836889 -2.511268071168173 0 1.971203876757404 -2.530666560663585 0 1.932054540979242 -2.561985755182868 0 1.890809446418444 -2.540821535581147 0 3.85 -1.681484375003622 0 3.807233229864629 -1.706175781253758 0 3.85 -1.730867187503893 0 3.733268707304049 -1.755558593753963 0 3.66126160477246 -1.796362656256621 0 3.537435090465858 -1.750371927956509 0 3.578943672565969 -1.78142362023286 0 3.537136200270503 -1.801351740558447 0 3.493717545232929 -1.775185963982034 0 2.163447414366792 -2.349892309785434 0 2.163423861423435 -2.399810255197965 0 2.206723707183396 -2.374946154890407 0 2.077001130696413 -2.399643394136641 0 2.076910261939072 -2.449444274411825 0 2.120200719588245 -2.424685797373569 0 2.012395972625817 -2.449326558956435 0 2.044607682903774 -2.474285856821721 0 2.011592416651868 -2.499695804557716 0 1.972007432731353 -2.480297315062304 0 1.85 -2.471609374994281 0 1.890809446418444 -2.491438723081227 0 1.85 -2.5209921874942 0 3.764466459729334 -1.632101562503611 0 3.764466459729296 -1.681484375003752 0 3.807233229864667 -1.656792968753616 0 3.70169322337771 -1.681484375003705 0 3.701882089128275 -1.730867187503868 0 3.733079841553484 -1.706175781253799 0 3.620918473184816 -1.712720799829146 0 3.661494714031828 -1.746485399916589 0 3.620685363925448 -1.762598056169179 0 3.579176781825337 -1.731546363892828 0 3.45 -1.700000000007087 0 3.493717545232929 -1.725185963981798 0 3.45 -1.750000000007323 0 2.25 -2.299999999995114 0 2.206723707183396 -2.324946154890274 0 2.25 -2.349999999995247 0 2.120224272531603 -2.374767851961037 0 2.044698551661115 -2.424484976546538 0 1.932677706618236 -2.414669928015134 0 1.972536839622026 -2.431998243485785 0 1.932148299727563 -2.462968999591654 0 1.891338853309118 -2.443139651504707 0 3.85 -1.5827187500036 0 3.807233229864667 -1.607410156253605 0 3.85 -1.632101562503611 0 3.733079841553522 -1.656792968753658 0 3.661305848281263 -1.697102587416425 0 3.536863598595632 -1.652496869413379 0 3.578891035890224 -1.682608834621262 0 3.537149344530745 -1.701434398684944 0 3.493431799297816 -1.676248434710233 0 2.163495304120119 -2.250083825369233 0 2.206747652060059 -2.275041912682173 0 2.163471359243456 -2.299988067577333 0 2.077055232389567 -2.300000083741048 0 2.07702818154299 -2.349821738938845 0 2.120251323378179 -2.324946196763241 0 2.011219693072127 -2.351004976261382 0 2.04411041188427 -2.375324185199012 0 2.011807832848972 -2.400165767608908 0 1.971948699845181 -2.382837452138258 0 1.85 -2.372843749994616 0 1.891338853309118 -2.393756839004875 0 1.85 -2.422226562494449 0 3.771581863876989 -1.53264537610369 0 3.810790931938494 -1.557682063053645 0 3.768024161803162 -1.582373469303651 0 3.699498240484782 -1.578182554312826 0 3.731982350107058 -1.605142058408219 0 3.700595731931246 -1.629833464658266 0 3.620603469315686 -1.61349109313001 0 3.661148346346698 -1.647487734066857 0 3.620760971250251 -1.663105946479578 0 3.578733533955659 -1.632993981271694 0 3.45 -1.600000000006615 0 3.493431799297816 -1.626248434709997 0 3.45 -1.650000000006851 0 2.25 -2.199999999994934 0 2.206747652060059 -2.225041912682084 0 2.25 -2.249999999995024 0 2.120275268254843 -2.275041954555141 0 2.044137462730847 -2.325502530001215 0 1.931809299812224 -2.313021154299716 0 1.971514496442175 -2.332013065280549 0 1.93224350321523 -2.363845541157425 0 1.890904649906112 -2.342932452147166 0 3.85 -1.483953125003232 0 3.810790931938494 -1.508299250553461 0 3.85 -1.533335937503416 0 3.735540052180886 -1.555413965208258 0 3.660050854900234 -1.595836823721418 0 3.537435145088646 -1.550371860021229 0 3.579019307202166 -1.581931476575619 0 3.537149371842139 -1.601434364717304 0 3.493717572544323 -1.575185930013922 0 2.163352660374971 -2.150253848123347 0 2.163423982247545 -2.20016883674629 0 2.206676330187485 -2.17512692405914 0 2.077116517589388 -2.200356710575525 0 2.120305910854754 -2.225220267972379 0 2.077085874989478 -2.250178397158287 0 2.012790806011462 -2.250138852770889 0 2.044923019200514 -2.275069468255968 0 2.012005249541795 -2.300571914516135 0 1.972300052911843 -2.281580003535303 0 1.85 -2.27407812499495 0 1.890904649906112 -2.293549639647333 0 1.85 -2.323460937494783 0 3.777657024165615 -1.42876959674552 0 3.774619444021302 -1.480707486424605 0 3.813828512082807 -1.456361360874376 0 3.700718979367442 -1.469531474009786 0 3.700108609926112 -1.523857014161306 0 3.736150421622216 -1.501088425056738 0 3.621057008341948 -1.513712957947782 0 3.660277624413365 -1.545947756130304 0 3.620830238828817 -1.563602025538896 0 3.579246076715297 -1.532042408984505 0 3.45 -1.500000000006142 0 3.493717572544323 -1.525185930013686 0 3.45 -1.550000000006378 0 2.25 -2.099999999995223 0 2.206676330187485 -2.125126924059285 0 2.25 -2.149999999995079 0 2.120234588982179 -2.175305279349436 0 2.044953661800425 -2.225247781673207 0 1.93278409970076 -2.216609510866219 0 1.972787452856111 -2.233374181818554 0 1.932296699756492 -2.264815332582968 0 1.89139204985038 -2.245343817930585 0 3.85 -1.38518750000321 0 3.813828512082807 -1.406978548374365 0 3.85 -1.434570312503221 0 3.739188001766529 -1.449150535377653 0 3.660887993854695 -1.491622215978784 0 3.536886620789184 -1.452662169278081 0 3.578971814565566 -1.483187563612931 0 3.537160882938915 -1.501517014649655 0 3.493443310394592 -1.476331084642112 0 2.163367446324599 -2.050092805581017 0 2.2066837231623 -2.07504640278812 0 2.163360053349785 -2.100173326852182 0 2.076778337154093 -2.100682246180995 0 2.120065498764532 -2.125468047152171 0 2.07694742737174 -2.15051947837826 0 2.012846711652485 -2.150736962445781 0 2.044981614620936 -2.175546836510653 0 2.012818758831973 -2.200437907608335 0 1.972815405676623 -2.183673236656 0 1.85 -2.175312499995372 0 1.89139204985038 -2.195961005430796 0 1.85 -2.224695312495161 0 3.791305698320922 -1.338801412407706 0 3.820652849160461 -1.361994456205458 0 3.784481361243269 -1.383785504576613 0 3.709483205142968 -1.350635990742989 0 3.705101092255205 -1.410083732376388 0 3.743570114654291 -1.389702793744255 0 3.622107985772294 -1.408706172515218 0 3.661413482569869 -1.439118823262502 0 3.621582497057121 -1.4612095652315 0 3.579497303280739 -1.43068417089665 0 3.45 -1.40000000000567 0 3.493443310394592 -1.426331084641876 0 3.45 -1.450000000005906 0 2.25 -1.999999999995512 0 2.2066837231623 -2.025046402788265 0 2.25 -2.049999999995368 0 2.120072891739346 -2.075387525881006 0 2.044812524403289 -2.125709604313388 0 1.931674847741174 -2.115188585917382 0 1.97226077969683 -2.132962774181582 0 1.932229473720967 -2.165899048391801 0 1.890837423870587 -2.145250542956378 0 3.85 -1.286421875002841 0 3.820652849160461 -1.312611643705274 0 3.85 -1.335804687503026 0 3.750394451731945 -1.344718701575347 0 3.665795595457631 -1.379671081629104 0 3.537435024351022 -1.350371814298792 0 3.579771505061658 -1.379538993407005 0 3.537160822570103 -1.401516991788436 0 3.493717512175511 -1.375185907152231 0 2.163360598393915 -1.949972262891694 0 2.163364022359257 -2.000032534236356 0 2.206680299196957 -1.974986131443603 0 2.082726949562114 -2.003730559248297 0 2.123047197943357 -2.026911682414657 0 2.079752643358104 -2.052206402714646 0 2.011462552063893 -2.052908036902255 0 2.044120444608993 -2.076795141541625 0 2.012154631858189 -2.101822499674018 0 1.971568699902534 -2.084048311409819 0 1.85 -2.076546874995707 0 1.890837423870587 -2.095867730456545 0 1.85 -2.12592968749554 0 3.769388262296032 -1.24299209954397 0 3.780346980308478 -1.290896755975838 0 3.809694131148016 -1.264706987273406 0 3.7394357337195 -1.29681404514348 0 3.620155802167658 -1.302204321405208 0 3.664819503655313 -1.326420156074098 0 3.621131893969976 -1.355455246960213 0 3.57879541325934 -1.326288067852 0 3.45 -1.300000000005197 0 3.493717512175511 -1.325185907151994 0 3.45 -1.350000000005434 0 2.25 -1.8999999999958 0 2.206680299196957 -1.924986131443747 0 2.25 -1.949999999995656 0 2.123043773978014 -1.976851411069996 0 2.047094750813003 -2.028319298075276 0 1.931122709673661 -2.02171932513477 0 1.971292630868777 -2.037313681018512 0 1.931398778707417 -2.068453955526076 0 1.890561354836831 -2.049133100065238 0 3.85 -1.187656250002473 0 3.809694131148016 -1.215324174773222 0 3.85 -1.237039062502657 0 3.684803528977659 -1.248875772264101 0 3.727095895636846 -1.245933935904036 0 3.697143367060313 -1.299755881503545 0 3.652479665572659 -1.275540046834654 0 3.53673632147003 -1.25074402998972 0 3.578446061818845 -1.276474175697464 0 3.537085672910527 -1.300557922144256 0 3.493368160735016 -1.275372014997458 0 2.164667506880102 -1.853613149544159 0 2.207333753440051 -1.876806574769979 0 2.164014052637009 -1.901792706217927 0 2.081160237299843 -1.908807857121209 0 2.122260417846879 -1.929390060006452 0 2.081943593430978 -1.956269208184753 0 2.003557507977196 -1.969837255573673 0 2.043142228769655 -1.986783907410985 0 2.007510030020545 -2.011372646237964 0 1.967340108825429 -1.995778290354221 0 1.85 -1.977781249995997 0 1.890561354836831 -1.999750287565383 0 1.85 -2.027164062495852 0 3.788726613307277 -1.138273437502463 0 3.819363306653639 -1.162964843752468 0 3.779057437801654 -1.190632768523217 0 3.705633090188818 -1.147399931088958 0 3.695218309583239 -1.19813785167653 0 3.737510676242425 -1.195196015316464 0 3.619357285092819 -1.201146518539381 0 3.652080407035239 -1.225011145401741 0 3.619756543630238 -1.251675419972294 0 3.578046803281425 -1.22594527426455 0 3.45 -1.200000000004725 0 3.493368160735016 -1.225372014997222 0 3.45 -1.250000000004961 0 2.25 -1.799999999996089 0 2.207333753440051 -1.826806574770124 0 2.25 -1.849999999995944 0 2.122913872089973 -1.881210503332684 0 2.04235887263852 -1.939322556347441 0 1.933586928110336 -1.927887685526569 0 1.968572218043766 -1.948862470550121 0 1.932354818891998 -1.974803505330669 0 1.891793464055168 -1.952834467761283 0 3.85 -1.088890625002451 0 3.819363306653639 -1.113582031252457 0 3.85 -1.138273437502462 0 3.747179851748047 -1.142836684295711 0 3.662495187640818 -1.174273224814169 0 3.537434916483638 -1.150371797999648 0 3.578396100788229 -1.175759158269515 0 3.537085618976834 -1.200557913994684 0 3.493717458241819 -1.175185899002186 0 2.162781330858823 -1.749634388126088 0 2.163724418869463 -1.801623768835124 0 2.206390665429411 -1.774817194061089 0 2.080702874728036 -1.813264389134071 0 2.122685190804069 -1.833438769339115 0 2.080931556013939 -1.86103612312764 0 2.001470622622434 -1.876416156644511 0 2.002514065299815 -1.923126706109092 0 2.041315429961139 -1.89261200688286 0 1.967528775366385 -1.90215192108554 0 1.85 -1.879015624996332 0 1.891793464055168 -1.90345165526145 0 1.85 -1.928398437496164 0 3.769414847126134 -1.044402446250677 0 3.779070730216706 -1.09133794187657 0 3.809707423563067 -1.066646535626564 0 3.737523968657476 -1.095901188669818 0 3.619656673470728 -1.100943928073311 0 3.662644881829773 -1.124171929581135 0 3.619506979281773 -1.151045223306346 0 3.578545794977183 -1.12565786303648 0 3.45 -1.100000000004252 0 3.493717458241819 -1.12518589900195 0 3.45 -1.150000000004489 0 2.25 -1.699999999996377 0 2.206390665429411 -1.724817194061233 0 2.25 -1.749999999996233 0 2.121742102793429 -1.78144938863008 0 2.041086748675235 -1.844840272889291 0 1.935533540270414 -1.829632812496434 0 1.968502081446424 -1.853024484570473 0 1.934560234190375 -1.878760249011501 0 1.892766770135207 -1.854324218746383 0 3.85 -0.9901250000020827 0 3.809707423563067 -1.01726372312638 0 3.85 -1.039507812502267 0 3.683900126171963 -1.048352239000159 0 3.726657486649049 -1.046377342625418 0 3.69476660818039 -1.097876085044558 0 3.651778399821346 -1.074648083536735 0 3.536653076419901 -1.050533955507421 0 3.578154874945315 -1.075738941790366 0 3.53704399645177 -1.100452876753534 0 3.493326538209951 -1.075266977755836 0 2.162700771297313 -1.650990225763863 0 2.206350385648657 -1.67549511288012 0 2.162741051078068 -1.700312306944975 0 2.079323164690146 -1.712053616753828 0 2.080013019709091 -1.76265900294395 0 2.121052247774484 -1.730844002439958 0 2.001633912481291 -1.777037290603929 0 2.041168393604663 -1.795150839869 0 2.001552267551863 -1.82672672362422 0 1.968583726375853 -1.803335051550182 0 1.85 -1.780249999996536 0 1.892766770135207 -1.804941406246485 0 1.85 -1.829632812496434 0 3.78891965460272 -0.9407421875020709 0 3.81945982730136 -0.9654335937520768 0 3.779167250864427 -0.992572316876374 0 3.705576397584443 -0.9481138939934076 0 3.694738261878203 -0.9982330664967832 0 3.737495622355288 -0.9962581701220423 0 3.619219622489693 -1.000900995594445 0 3.651559874330828 -1.024626617297302 0 3.61943814798021 -1.050922461833878 0 3.577936349454797 -1.025717475550933 0 3.45 -1.00000000000378 0 3.493326538209951 -1.0252669777556 0 3.45 -1.050000000004016 0 2.25 -1.599999999996666 0 2.206350385648657 -1.625495112880265 0 2.25 -1.649999999996522 0 2.12101196799373 -1.681521921258845 0 2.040478538585718 -1.744545453678878 0 1.935533540270395 -1.730867187496637 0 1.968583726375843 -1.753952239050283 0 1.935533540270404 -1.780249999996536 0 1.892766770135198 -1.755558593746587 0 3.85 -0.8913593750020601 0 3.81945982730136 -0.9160507812520655 0 3.85 -0.9407421875020714 0 3.747248026093581 -0.9444280407477393 0 3.662398010037068 -0.9745074447939264 0 3.53743486708033 -0.950371798146336 0 3.578327244785012 -0.9756363968703905 0 3.537043971750116 -1.000452876826878 0 3.493717433540165 -0.975185899075058 0 2.162519742380494 -1.549622187355239 0 2.162610256838904 -1.600306206559551 0 2.206259871190247 -1.574811093675953 0 2.079306520567315 -1.611112222618021 0 2.07931484262873 -1.661582919685924 0 2.121003645932314 -1.631051224190942 0 2.00340183361129 -1.675034086413537 0 2.041362499150718 -1.693543851583682 0 2.00251787304629 -1.726035688508733 0 1.969467686940843 -1.702950636955087 0 1.85 -1.68148437499674 0 1.892766770135198 -1.706175781246689 0 1.85 -1.730867187496638 0 3.76943522097681 -0.8458128664715451 0 3.779177437789765 -0.8932775269868081 0 3.809717610488405 -0.8685861207368026 0 3.737505809280626 -0.8969633802324763 0 3.619600430314225 -0.9009026597199037 0 3.662588413949334 -0.9245082768566557 0 3.619410026401959 -0.9509018276571743 0 3.578517648697277 -0.9256372289331198 0 3.45 -0.900000000003307 0 3.493717433540165 -0.9251858990748215 0 3.45 -0.9500000000035436 0 2.25 -1.499999999996954 0 2.206259871190247 -1.524811093676096 0 2.25 -1.54999999999681 0 2.120913131473904 -1.58036720498663 0 2.041354177089302 -1.643073154515779 0 1.935533540270358 -1.632101562496908 0 1.969467686940824 -1.653567824455223 0 1.935533540270376 -1.681484374996773 0 1.892766770135179 -1.656792968746824 0 3.85 -0.7925937500015188 0 3.809717610488405 -0.819203308236532 0 3.85 -0.8419765625017894 0 3.683865656411855 -0.8489179198152116 0 3.726650438694333 -0.8473653931433784 0 3.694721026998149 -0.8985159069043096 0 3.65173304336304 -0.8749102897675577 0 3.536643686059509 -0.8505270797881092 0 3.578122058186867 -0.8757148697540065 0 3.53703927656992 -0.9004494389672226 0 3.493321843029755 -0.8752635398957082 0 2.163291148033161 -1.449452973110985 0 2.206645574016581 -1.47472648655397 0 2.162905445206828 -1.499537580233112 0 2.082185044021095 -1.504594499915524 0 2.080745782294205 -1.557853361266773 0 2.122352393200795 -1.527108343635382 0 2.003724124993207 -1.571551945912191 0 2.003562979302249 -1.623293016162864 0 2.041515322780261 -1.591332084265106 0 1.969628832631782 -1.601826754204549 0 1.85 -1.582718749997075 0 1.892766770135179 -1.607410156246992 0 1.85 -1.632101562496908 0 3.789068918236384 -0.7432109375014211 0 3.819534459118192 -0.76790234375147 0 3.779252069606597 -0.7945119019864831 0 3.705540813125317 -0.7488675636216937 0 3.694703234768586 -0.7988927417184527 0 3.737488017051064 -0.7973402150466193 0 3.619175420058478 -0.8008926152695088 0 3.651520538235166 -0.8249052675423603 0 3.619387925186351 -0.8508976374947063 0 3.577909553058994 -0.825709847528809 0 3.45 -0.8000000000028344 0 3.493321843029755 -0.8252635398954719 0 3.45 -0.8500000000030707 0 2.25 -1.399999999997243 0 2.206645574016581 -1.424726486554114 0 2.25 -1.449999999997098 0 2.122738096027128 -1.477023736513255 0 2.042954584507151 -1.538073222913857 0 1.928633057512619 -1.52533407037086 0 1.966178591252913 -1.548443008141525 0 1.932083298891488 -1.578717816433884 0 1.889316528756309 -1.554026410183968 0 3.85 -0.693828125001323 0 3.819534459118192 -0.7185195312513721 0 3.85 -0.7432109375014209 0 3.74730486568085 -0.7460392505615574 0 3.662358116591897 -0.7748800894456013 0 3.537434859016611 -0.7503718027737379 0 3.578305139537544 -0.7756322090216234 0 3.537039272538061 -0.8004494412809235 0 3.493717429508306 -0.7751859013882862 0 2.162508330478607 -1.349609476915038 0 2.162899739255884 -1.399531225013011 0 2.206254165239304 -1.37480473845614 0 2.080264852405277 -1.39905724819544 0 2.081224948213186 -1.451825874055482 0 2.121778000219219 -1.424255110653212 0 2.005454970284426 -1.457159391926039 0 2.04382000715276 -1.480876945920782 0 2.004589547638816 -1.514355668919115 0 1.967044013898522 -1.49124673114845 0 1.85 -1.483953124997409 0 1.889316528756309 -1.504643597684134 0 1.85 -1.533335937497242 0 3.769449354283783 -0.6472233455397017 0 3.779259136260084 -0.6952171415205615 0 3.809724677141892 -0.6705257352705123 0 3.73749508370455 -0.6980454545806978 0 3.619567100759683 -0.7009009910409439 0 3.6625539569425 -0.7248842773313189 0 3.61937126040908 -0.7508968031552263 0 3.578500979888147 -0.7256363969073409 0 3.45 -0.7000000000023618 0 3.493717429508306 -0.7251859013880499 0 3.45 -0.7500000000025981 0 2.25 -1.299999999997531 0 2.206254165239304 -1.324804738456284 0 2.25 -1.349999999997387 0 2.121386591441942 -1.374333362555239 0 2.042859911344852 -1.42810832006074 0 1.924891824754886 -1.422627619465329 0 1.965173397519656 -1.439893505695684 0 1.926762441133753 -1.473980844918094 0 1.887445912377443 -1.453290372231369 0 3.85 -0.5950625000007816 0 3.809724677141892 -0.6211429227702416 0 3.85 -0.6444453125010523 0 3.684607585814807 -0.6496433911038574 0 3.727028470049295 -0.6484333683217796 0 3.695074199470062 -0.6992554773627756 0 3.652087343287245 -0.6752721910724007 0 3.536638134231767 -0.650526805944481 0 3.578102617495725 -0.6757138984927125 0 3.537036496624189 -0.7004493043591096 0 3.493319067115884 -0.6752634029734215 0 2.163314490210404 -1.249428941277858 0 2.206657245105203 -1.274714470637694 0 2.162911410344506 -1.299519209096448 0 2.08074971896602 -1.299036950706984 0 2.080507285685648 -1.349047099451212 0 2.121629024722314 -1.324323213811011 0 1.99360127957272 -1.342050431668096 0 1.999528124928573 -1.399604911797067 0 2.036933065988999 -1.370553839931768 0 1.959246552163803 -1.382339025566712 0 1.85 -1.385187499997743 0 1.887445912377443 -1.403907559731536 0 1.85 -1.434570312497576 0 3.789174368667385 -0.5456796875007702 0 3.819587184333693 -0.570371093750776 0 3.779311861475584 -0.596451516520236 0 3.709337677686262 -0.5503330439192056 0 3.696972631750534 -0.5999882175115315 0 3.739393515985022 -0.5987781947294537 0 3.619142983218991 -0.6008920113977423 0 3.651875284516899 -0.6252677012507999 0 3.619355041989337 -0.6508965012193431 0 3.577890558725379 -0.6257094086711117 0 3.45 -0.6000000000018897 0 3.493319067115884 -0.6252634029731854 0 3.45 -0.6500000000021258 0 2.25 -1.19999999999782 0 2.206657245105203 -1.224714470637839 0 2.25 -1.249999999997675 0 2.122032104588213 -1.274232945992421 0 2.03717549926937 -1.32054369118754 0 1.909821600272194 -1.335684730140825 0 1.951711439922457 -1.338867580904461 0 1.91735671251354 -1.379156174803077 0 1.879910800136097 -1.360436115069284 0 3.85 -0.496296875000759 0 3.819587184333693 -0.5209882812507647 0 3.85 -0.5456796875007703 0 3.749256023176823 -0.548006365709988 0 3.664240330452627 -0.5756125276584739 0 3.537434866508879 -0.5503718062867845 0 3.578288924863935 -0.5756319088422635 0 3.537036500370323 -0.6004493061156329 0 3.49371743325444 -0.5751859031443372 0 2.162571335595296 -1.149597964467413 0 2.16294291290285 -1.199513452872635 0 2.206285667797648 -1.174798982232617 0 2.080364228931244 -1.19898847814214 0 2.080556973948632 -1.249012714424562 0 2.121839359570824 -1.224208709709999 0 2.015970595077839 -1.245513950115518 0 2.048360157021929 -1.272275450411251 0 2.00478593732528 -1.293782190891807 0 1.930614897033364 -1.242136224574919 0 1.920218248652779 -1.288910477357872 0 1.962108088303042 -1.292093328121507 0 1.85 -1.286421874998035 0 1.879910800136097 -1.31105330256943 0 1.85 -1.335804687497889 0 3.763810455357928 -0.4526033220323634 0 3.776492412012657 -0.4991415047665668 0 3.806905227678964 -0.4744500985165612 0 3.736574066522095 -0.5014681829757845 0 3.619543031472297 -0.5009006894419246 0 3.66444035457928 -0.5256168666805651 0 3.619343007345644 -0.5508963504198334 0 3.578488948990588 -0.5256362478643546 0 3.45 -0.5000000000014171 0 3.49371743325444 -0.5251859031441009 0 3.45 -0.5500000000016534 0 2.25 -1.099999999998108 0 2.206285667797648 -1.124798982232761 0 2.25 -1.149999999997964 0 2.12146778226327 -1.174293221304777 0 2.048167412004541 -1.222251214128829 0 1.973292746055602 -1.243825087345218 0 1.890307448516682 -1.264279049786477 0 3.85 -0.3975312500003909 0 3.806905227678964 -0.4250672860163772 0 3.85 -0.446914062500575 0 3.682155970248353 -0.4563718054040122 0 3.722983212803141 -0.4544875637181878 0 3.695746823967307 -0.5033524246616089 0 3.650849500860325 -0.4786362474229684 0 3.537648515735425 -0.4497340206670652 0 3.578595773603861 -0.4753173550544949 0 3.537541691122152 -0.5000529134769249 0 3.493824257867713 -0.4748670103342412 0 2.163455917027005 -1.049422895486327 0 2.206727958513503 -1.074711447742217 0 2.163013626311151 -1.09951042997687 0 2.080912454445392 -1.098988776740634 0 2.080638341688318 -1.148988627441387 0 2.121741895020344 -1.124293370604024 0 1.994522850885846 -1.145357665485449 0 2.005246722981842 -1.195435807800483 0 2.037443539908545 -1.172173071813794 0 1.962568873959605 -1.193746945030184 0 1.85 -1.187656249998196 0 1.890307448516682 -1.214896237286557 0 1.85 -1.237039062498115 0 3.767446057364956 -0.3456488331023277 0 3.808723028682478 -0.3715900415513593 0 3.765628256361442 -0.3991260775673456 0 3.691571534601473 -0.3800500188250345 0 3.7276909949797 -0.416326670428699 0 3.686863752424913 -0.4182109121145234 0 3.61448099523695 -0.4085680322368116 0 3.648318482742652 -0.4324699188204119 0 3.617012013354624 -0.4547343608393681 0 3.576064755486188 -0.4291510264519385 0 3.45 -0.4000000000009454 0 3.493824257867713 -0.4248670103340053 0 3.45 -0.4500000000011812 0 2.25 -0.9999999999983968 0 2.206727958513503 -1.024711447742362 0 2.25 -1.049999999998252 0 2.122184185736199 -1.074205836113481 0 2.037717652665619 -1.122173221113042 0 1.911204169863476 -1.138273437498276 0 1.952863510374661 -1.141815551491862 0 1.92090953344842 -1.190204831036597 0 1.880602084931738 -1.162964843748236 0 3.85 -0.2987656250003683 0 3.808723028682478 -0.322207229051348 0 3.85 -0.3481484375003796 0 3.729508795983214 -0.3628494259636812 0 3.653026264919212 -0.3943090255309231 0 3.538813623129145 -0.3427781790363045 0 3.576647309183048 -0.375673105636558 0 3.538231069432285 -0.3962560998516849 0 3.494406811564573 -0.3713890895186249 0 2.162787431526044 -0.9496119874979894 0 2.163121674276525 -0.9995174414921582 0 2.206393715763022 -0.9748059937481931 0 2.08067043954437 -0.9989397584619717 0 2.080791446994881 -1.048964267601303 0 2.122063178285688 -1.024181326974149 0 2.016325613755994 -1.046583442728567 0 2.048619034100693 -1.072786109734601 0 2.00542423232092 -1.095970554107008 0 1.930736537759248 -1.0434731956279 0 1.920970353811362 -1.090873316563088 0 1.962629694322547 -1.094415430556674 0 1.85 -1.088890624998356 0 1.880602084931738 -1.113582031248316 0 1.85 -1.138273437498276 0 3.76436472712699 -0.2494300805748045 0 3.765905392245973 -0.2975394568385661 0 3.807182363563495 -0.2740978527875864 0 3.680291334531568 -0.2973931987295551 0 3.685931434566521 -0.3387216087772948 0 3.723868695948262 -0.3215210159159415 0 3.614527829655637 -0.3305465815647827 0 3.653049682128556 -0.3552983001949087 0 3.614504412446294 -0.3695573069007971 0 3.576670726392392 -0.3366623803005436 0 3.45 -0.3000000000004728 0 3.494406811564573 -0.3213890895183886 0 3.45 -0.3500000000007091 0 2.25 -0.8999999999986852 0 2.206393715763022 -0.9248059937483373 0 2.25 -0.949999999998541 0 2.121728935535207 -0.9742758729799805 0 2.048498026650182 -1.022761600595269 0 1.973531075757621 -1.045028319178233 0 1.890368268879624 -1.066181910313128 0 3.85 -0.2 0 3.807182363563495 -0.2247150402874022 0 3.85 -0.2493828125001842 0 3.722328030829279 -0.2734116396521798 0 3.647409582093603 -0.3139698901471689 0 3.592649899274773 -0.24967154949444 0 3.603588864465205 -0.2901090655296114 0 3.565731761201959 -0.2962248642653723 0 3.512562615653978 -0.2500000000002364 0 3.525688119391562 -0.2963890895182705 0 3.48128130782699 -0.2750000000003546 0 2.163758105217323 -0.8494696230108473 0 2.206879052608662 -0.8747348115047663 0 2.163272768371684 -0.8995408052544184 0 2.081277793771133 -0.8990256435116671 0 2.080974116657751 -0.9489827009868195 0 2.122032612648589 -0.9243188155048283 0 1.994785786145113 -0.9461578173268808 0 2.005555699950554 -0.9963706300277237 0 2.037728112844742 -0.9725487878944262 0 1.962761161952181 -0.9948155064773904 0 1.85 -0.9901249999986041 0 1.890368268879624 -1.016799097813252 0 1.85 -1.03950781249848 0 3.75940038516473 -0.1640252797330767 0 3.804700192582365 -0.1820126398665384 0 3.76188255614586 -0.2067276801539406 0 3.682160191177829 -0.2012076601509925 0 3.681225762854698 -0.2493004294402738 0 3.723262459152409 -0.2253188703628985 0 3.63647061690317 -0.2735323741119975 0 3.552606257464376 -0.2498357747473382 0 3.45 -0.2 0 3.48128130782699 -0.2250000000001182 0 3.45 -0.2500000000002364 0 2.25 -0.7999999999989738 0 2.206879052608662 -0.8247348115049106 0 2.25 -0.8499999999988295 0 2.122517949494228 -0.8742476332612572 0 2.038031789958123 -0.9225917304192739 0 1.911288155186449 -0.9407421874986848 0 1.953036970665781 -0.9434500024127828 0 1.921012346472848 -0.9921076915632925 0 1.880644077593224 -0.9654335937486445 0 3.806425848103316 -0.08956976580275529 0 3.828212924051658 -0.1447848829013776 0 3.782913116634023 -0.126797522767916 0 3.720780288171279 -0.1826164699420346 0 3.637405045226301 -0.2254396048227162 0 3.535587045197012 -0.1644569065024901 0 3.524074830425495 -0.2072284532513632 0 3.564118472235893 -0.2070642279984651 0 3.492793522598506 -0.182228453251245 0 2.163059079703393 -0.7495693484446139 0 2.163408592460359 -0.7995194857277306 0 2.206529539851696 -0.7747846742217939 0 2.081224573462291 -0.7990346453856232 0 2.081251183616712 -0.8490301444486452 0 2.122491339339807 -0.8242521341982353 0 2.01670345455947 -0.8472535928416363 0 2.048990624165302 -0.8731396181766518 0 2.005744620352292 -0.8967057050842586 0 1.931042341951043 -0.8448636637347249 0 1.921165248568746 -0.8928029256167049 0 1.962914064048078 -0.8955107405308028 0 1.85 -0.8913593749987649 0 1.880644077593224 -0.9160507812487249 0 1.85 -0.9407421874986845 0 3.89754436282146 -0.1042460305134296 0 3.851985105462388 -0.09690789815809245 0 3.87377218141073 -0.1521230152567148 0 3.689402361926045 -0.09865366004815937 0 3.74791410501468 -0.09411171292545734 0 3.724401373545388 -0.131339469890618 0 3.685781276551937 -0.149930660099576 0 3.614211672872639 -0.1589080470986683 0 3.648185932025235 -0.1800578536248304 0 3.603430786073706 -0.2042897982965541 0 3.574899359034826 -0.1616824768005792 0 3.490278315090074 -0.08361401703764916 0 3.512932680143543 -0.1240354617700696 0 3.470139157545038 -0.1418070085188246 0 2.25 -0.6999999999992406 0 2.206529539851696 -0.7247846742219273 0 2.25 -0.7499999999991072 0 2.122141826582842 -0.7743019969151186 0 2.048964014010881 -0.8231441191136297 0 1.973872898255256 -0.8460586282881806 0 1.890521170975521 -0.8681115193667449 0 3.949142857142832 -0.2 0 3.923343609982146 -0.1521230152567148 0 3.899571428571416 -0.2 0 3.834285714293005 0 0 3.820355781198161 -0.04478488290137764 0 3.865915038557232 -0.0521230152567148 0 3.734693877558588 0 0 3.770559862830952 -0.04478488290137764 0 3.712048119742317 -0.04932683002407968 0 3.651807017399342 -0.1287808535734138 0 3.582385213348458 -0.08217364763479557 0 3.598298443110549 -0.1205408473667319 0 3.558986129272736 -0.1233152770686428 0 3.397200735654069 -0.1074179311037053 0 3.443739525372072 -0.09551597407067723 0 3.423600367827035 -0.1537089655518526 0 3.536331764219267 -0.08289383233622236 0 2.164130383241325 -0.649675840945536 0 2.207065191620663 -0.6748379204723883 0 2.163594731472359 -0.6996225946950749 0 2.081751243943992 -0.6992975677074387 0 2.081487908703141 -0.7491661065465309 0 2.122405161823692 -0.7244334580760263 0 1.99518677746777 -0.7471861942492858 0 2.00594511601362 -0.7972198935454611 0 2.038205675465031 -0.7731104198174545 0 1.963114559709406 -0.7960249289920054 0 1.85 -0.792593749998926 0 1.890521170975521 -0.8187287068668254 0 1.85 -0.8419765624988454 0 3.991421879733738 -0.09943965960834734 0 3.970282368438285 -0.1497198298041737 0 3.944483121277599 -0.1018428450608885 0 3.933877551027453 0 0 3.915710956924456 -0.0521230152567148 0 3.884081632660229 0 0 3.784489795925797 0 0 3.635102040824215 0 0 3.66225220137513 -0.04932683002407968 0 3.684897959191401 0 0 3.635893787637252 -0.09041365384147747 0 3.349999999999971 -0.2 0 3.37360036782702 -0.1537089655518526 0 3.399999999999985 -0.2 0 3.435918367355387 0 0 3.463098341222731 -0.04180700851882458 0 3.416559551504728 -0.05370896555185265 0 3.535510204089834 0 0 3.512894259589954 -0.04180700851882458 0 3.558947708719146 -0.04108682381739778 0 2.25 -0.5999999999993904 0 2.207065191620663 -0.6248379204724632 0 2.25 -0.6499999999993155 0 2.122940813592658 -0.6744867043264874 0 2.038469010705881 -0.7232418809783623 0 1.911625113312839 -0.7432109374990064 0 1.953405945390305 -0.7451985658741461 0 1.921333727631941 -0.7940373006168657 0 1.88081255665642 -0.7679023437489663 0 4.048285714285377 -0.2 0 4.019853797009558 -0.1497198298041737 0 3.998714285714104 -0.2 0 3.962649715380596 -0.04971982980417367 0 3.608743627086337 -0.04108682381739778 0 3.291389698742333 -0.09832378317261294 0 3.344295217198201 -0.1028708571381591 0 3.320694849371152 -0.1491618915863065 0 3.336326530620938 0 0 3.366763633137504 -0.05370896555185265 0 3.386122448988163 0 0 3.485714285722611 0 0 3.585306122457024 0 0 2.163417674344773 -0.5498280745174722 0 2.163774028793049 -0.5997519577315041 0 2.206708837172386 -0.5749140372584313 0 2.081652154565744 -0.5994997467258425 0 2.081701699254868 -0.6493986572166406 0 2.122891268903534 -0.6245877938356893 0 2.016162415849366 -0.6484203792101315 0 2.048956829896679 -0.6738589734587852 0 2.005674596658568 -0.6978032867297087 0 1.931366231149559 -0.6464932576342675 0 1.921495672231199 -0.694852097566637 0 1.963276504308665 -0.6968397259417767 0 1.85 -0.6938281249990871 0 1.88081255665642 -0.7185195312490468 0 1.85 -0.7432109374990066 0 4.086211405363426 -0.09239192713665448 0 4.038816642548582 -0.09591579337250092 0 4.067248559824402 -0.1461959635683273 0 4.033469387761878 0 0 4.012445633747808 -0.04971982980417367 0 3.983673469394665 0 0 3.25000000000026 -0.2 0 3.270694849371297 -0.1491618915863065 0 3.300000000000115 -0.2 0 3.313858114681635 -0.04916189158630647 0 2.25 -0.4999999999995401 0 2.206708837172386 -0.5249140372585062 0 2.25 -0.5499999999994652 0 2.122534914455258 -0.5746639106216573 0 2.048907285207555 -0.6239600629679871 0 1.973764323499462 -0.6474568184221996 0 1.89068311557478 -0.6701606913166773 0 4.147428571427892 -0.2 0 4.11681998839566 -0.1461959635683273 0 4.097857142856634 -0.2 0 4.059840396562652 -0.04619596356832724 0 3.19098570040895 -0.101071571594226 0 3.241187699575642 -0.09969767738341948 0 3.220492850204606 -0.150535785797113 0 3.236734693886429 0 0 3.264062196314381 -0.04916189158630647 0 3.286530612253683 0 0 2.163089458936842 -0.4482343469650989 0 2.206544729468421 -0.4741171734823195 0 2.163253566640807 -0.4990312107412855 0 2.081063481698242 -0.4995936049629829 0 2.081357818131993 -0.5495466758444127 0 2.122240578021508 -0.5247108397402276 0 1.990855672119766 -0.5496251297338239 0 2.003509043984566 -0.5990227544719777 0 2.036253913342755 -0.5745624382298332 0 1.961110951634663 -0.5980591936840457 0 1.85 -0.595062499999248 0 1.89068311557478 -0.6207778788167577 0 1.85 -0.6444453124991676 0 4.191895529642173 -0.1017384651004129 0 4.1390534675028 -0.09706519611853369 0 4.169662050535033 -0.1508692325502065 0 4.133061224496251 0 0 4.109636314929839 -0.04619596356832724 0 4.083265306129064 0 0 3.150000000000694 -0.2 0 3.170492850204822 -0.150535785797113 0 3.200000000000477 -0.2 0 3.21386019714769 -0.050535785797113 0 2.25 -0.3999999999996898 0 2.206544729468421 -0.4241171734823944 0 2.25 -0.4499999999996149 0 2.122076470317542 -0.4739139759640409 0 2.035959576909004 -0.5246093673484034 0 1.911849016438958 -0.5478548033507313 0 1.951352344279362 -0.5487399665422776 0 1.921607623794259 -0.5971740304924994 0 1.880924508219479 -0.5714586516749897 0 4.246571428570516 -0.2 0 4.219233479106345 -0.1508692325502065 0 4.196999999999204 -0.2 0 4.162478377069212 -0.05086923255020645 0 3.090359572407554 -0.09741844173149385 0 3.140672636408253 -0.09924500666285993 0 3.120179786204124 -0.1487092208657469 0 3.137142857151904 0 0 3.164064278780427 -0.050535785797113 0 3.186938775519167 0 0 2.161012314172524 -0.3394340402924577 0 2.162050886554683 -0.3938341936287783 0 2.205506157086262 -0.3697170201460738 0 2.086312362290627 -0.40646055385587 0 2.124700910613734 -0.4273474504104844 0 2.083687921994435 -0.4530270794094264 0 2.018747347238119 -0.4546917471305049 0 2.049905414468181 -0.4771426760467439 0 2.004801509678943 -0.5021584384321645 0 1.937023178925464 -0.4517962543868977 0 1.924436097682211 -0.4998255288688145 0 1.963939425522615 -0.5007106920603608 0 1.85 -0.4962968749994197 0 1.880924508219479 -0.5220758391750755 0 1.85 -0.5456796874993338 0 4.291899312787491 -0.09893094223871232 0 4.269235370679004 -0.1494654711193562 0 4.241897421214833 -0.1003347036695626 0 4.232653061230625 0 0 4.2122742954364 -0.05086923255020645 0 4.182857142863438 0 0 3.050000000000723 -0.2 0 3.070179786204139 -0.1487092208657469 0 3.100000000000708 -0.2 0 3.113751214779729 -0.04870922086574692 0 2.25 -0.2999999999998395 0 2.205506157086262 -0.3197170201461486 0 2.25 -0.3499999999997647 0 2.123662338231576 -0.3729472970741639 0 2.052529854764373 -0.4305761504931874 0 1.977885263081792 -0.4532440007587013 0 1.893511589462732 -0.4740465646931587 0 4.34571428571322 -0.2 0 4.318806799250356 -0.1494654711193562 0 4.296142857141868 -0.2 0 4.262276187009059 -0.04946547111935616 0 2.991364709155853 -0.1010480493244949 0 3.040862140781703 -0.09923324552799437 0 3.020682354578288 -0.1505240246622475 0 3.037551020417458 0 0 3.063955296412506 -0.04870922086574692 0 3.087346938784681 0 0 2.184358924476384 -0.2525046520473795 0 2.217179462238192 -0.2762523260236095 0 2.172685619324454 -0.2959693461699186 0 2.086296701050181 -0.3296667187984109 0 2.123654507611352 -0.3345503795454343 0 2.086304531670404 -0.3680636363271405 0 2.010419126479615 -0.3779667596602543 0 2.048365744385121 -0.3922136567580622 0 2.014583236858867 -0.4163292533953796 0 1.973721152702539 -0.4148815070235761 0 1.85 -0.3975312499996456 0 1.893511589462732 -0.4246637521932717 0 1.85 -0.4469140624995327 0 4.392132167152929 -0.1026767973300896 0 4.34201573997021 -0.100803869784401 0 4.368923226433075 -0.1513383986650448 0 4.332244897965149 0 0 4.31207210537632 -0.04946547111935616 0 4.282448979597887 0 0 2.950000000000723 -0.2 0 2.970682354578288 -0.1505240246622475 0 3.000000000000723 -0.2 0 3.014457864786656 -0.05052402466224745 0 2.25 -0.2 0 2.217179462238192 -0.2262523260236897 0 2.25 -0.2499999999999198 0 2.104785584676216 -0.2554657937775581 0 2.144572254576301 -0.2539852229124688 0 2.13289894942437 -0.2974499170350079 0 2.095541142863198 -0.2925662562879845 0 2.048357913764898 -0.3538167392293327 0 1.93331199135079 -0.3453169007500224 0 1.971865558915202 -0.3616418302051384 0 1.935167585138127 -0.3985565775684601 0 1.891655995675395 -0.371424075374834 0 4.444857142855438 -0.2 0 4.418494655004183 -0.1513383986650448 0 4.395285714284329 -0.2 0 4.362188532559038 -0.0513383986650448 0 2.89098153547895 -0.09748295295487479 0 2.941173122317402 -0.09926550113968485 0 2.920490767739837 -0.1487414764774374 0 2.937959183683084 0 0 2.964661946419469 -0.05052402466224745 0 2.987755102050271 0 0 2.141169126250587 -0.1796457559948497 0 2.162764025363486 -0.2160752040211146 0 2.195584563125293 -0.1898228779974249 0 2.122977355463401 -0.2175557748862039 0 2.021293460235375 -0.2991583652656334 0 2.053795080642778 -0.3144125420320222 0 2.063039522455796 -0.2773120795215958 0 2.015856293357495 -0.3385625624629439 0 1.977302725793082 -0.3222376330078279 0 1.85 -0.2987656249998174 0 1.891655995675395 -0.3220412628749199 0 1.85 -0.3481484374997315 0 4.490656532001049 -0.09895223948887479 0 4.467756837428244 -0.1494761197444374 0 4.441394349576989 -0.1008145184094822 0 4.431836734699672 0 0 4.411984450926301 -0.0513383986650448 0 4.38204081633241 0 0 2.850000000000694 -0.2 0 2.870490767739822 -0.1487414764774374 0 2.900000000000709 -0.2 0 2.914470359581017 -0.04874147647743739 0 2.188915438717759 -0.09302411319712851 0 2.165042282484173 -0.1363349345959891 0 2.219457719358879 -0.1465120565985643 0 2.029789207925559 -0.1855760493503715 0 2.085479167088073 -0.1826109026726106 0 2.067287396300888 -0.2205209215639648 0 2.025541334080467 -0.2423672073080024 0 1.935638952244259 -0.2494317948694409 0 1.934475471797525 -0.2973743478097317 0 1.978466206239817 -0.2742950800675371 0 1.89281947612213 -0.2740987099346291 0 4.5439999999983 -0.2 0 4.517328265999675 -0.1494761197444374 0 4.494428571426869 -0.2 0 4.461246633350362 -0.04947611974443739 0 2.79194039521302 -0.1011418255620652 0 2.841460965345985 -0.09931238925847 0 2.820970197606858 -0.1505709127810326 0 2.838367346948711 0 0 2.864674441213831 -0.04874147647743739 0 2.888163265315898 0 0 2.292847424692942 -0.0986246272519727 0 2.24088143170535 -0.09582437022455061 0 2.271423712346471 -0.1493123136259863 0 2.086076518940393 -0.09380857964412073 0 2.11362282259549 -0.1367271678194852 0 2.137495978829076 -0.09341634642062463 0 2.057932863432976 -0.1396923144972461 0 1.982714080084909 -0.2175039221099062 0 1.85 -0.2 0 1.89281947612213 -0.2247158974347205 0 1.85 -0.2493828124999087 0 4.590631681243764 -0.102607491136287 0 4.540644106622407 -0.1007798653125809 0 4.567315840621031 -0.1513037455681435 0 4.531428571434089 0 0 4.511042551717569 -0.04947611974443739 0 4.481632653066881 0 0 2.750000000000665 -0.2 0 2.770970197606843 -0.1505709127810326 0 2.800000000000679 -0.2 0 2.815153871080866 -0.0505709127810326 0 2.349999999999971 -0.2 0 2.321423712346456 -0.1493123136259863 0 2.299999999999986 -0.2 0 2.240816326542231 0 0 2.214865882629995 -0.04651205659856426 0 2.266831875617586 -0.04931231362598635 0 2.141224489807755 0 0 2.165069964262757 -0.04651205659856426 0 2.113650504374074 -0.04690428982206037 0 1.989909969874263 -0.0851761934814816 0 2.037993244407328 -0.08949238656280117 0 2.009849588899911 -0.1353761214159266 0 1.936981021586967 -0.1589140224705559 0 1.983385114756263 -0.1722450359104637 0 1.936309986915613 -0.2041729086699984 0 1.893490510793483 -0.179457011235278 0 4.643142857140814 -0.2 0 4.616887269192289 -0.1513037455681435 0 4.593571428569557 -0.2 0 4.561030126338927 -0.0513037455681435 0 2.691603498550368 -0.09754885901553326 0 2.741771946881694 -0.09934534228879924 0 2.720801749275516 -0.1487744295077666 0 2.73877551021434 0 0 2.76535795271368 -0.0505709127810326 0 2.788571428581526 0 0 2.393091767327167 -0.1014472733355476 0 2.371545883663569 -0.1507236366677738 0 2.342969596010055 -0.1000359502937601 0 2.340408163276755 0 0 2.316627793984848 -0.04931231362598635 0 2.290612244909493 0 0 2.191020408174993 0 0 2.041632653073383 0 0 2.063854586006888 -0.04690428982206037 0 2.091428571440569 0 0 2.015771311473823 -0.0425880967407408 0 1.963445495730615 -0.1220451079760188 0 1.886209726680776 -0.08448935151129948 0 1.911595374133872 -0.1217016869909277 0 1.868104863340388 -0.1422446757556498 0 4.689206950807467 -0.09885136114099458 0 4.666174903974142 -0.1494256805704973 0 4.639919316025615 -0.1007294261386408 0 4.631020408168462 0 0 4.610826044706113 -0.0513037455681435 0 4.581224489801276 0 0 2.650000000000666 -0.2 0 2.670801749275517 -0.1487744295077666 0 2.700000000000665 -0.2 0 2.715189504382354 -0.04877442950776663 0 2.450000000000116 -0.2 0 2.421545883663642 -0.1507236366677738 0 2.400000000000043 -0.2 0 2.366749965301961 -0.0507236366677738 0 1.94204081633901 0 0 1.965975393106636 -0.0425880967407408 0 1.991836734706196 0 0 1.93805984827752 -0.08483277249639054 0 1.799999999999879 -0.1139319596754297 0 1.843104863340328 -0.09921065559336459 0 1.82499999999994 -0.1569659798377148 0 4.74228571428333 -0.2 0 4.715746332545399 -0.1494256805704973 0 4.692714285712072 -0.2 0 4.660113679487965 -0.04942568057049729 0 2.592516081270166 -0.1012376077084834 0 2.642059789910267 -0.09939323336200834 0 2.621258040635416 -0.1506188038542417 0 2.639183673479966 0 0 2.665393586015167 -0.04877442950776663 0 2.688979591847153 0 0 2.492225461621701 -0.09761615991346123 0 2.442658614474434 -0.09953171662450441 0 2.471112730810908 -0.1488080799567306 0 2.440000000011222 0 0 2.416545883669195 -0.0507236366677738 0 2.390204081643988 0 0 1.914125271509893 -0.04224467575564974 0 1.749999999999761 -0.2 0 1.77499999999982 -0.1569659798377148 0 1.799999999999881 -0.2 0 1.842448979604637 0 0 1.864329353142707 -0.04224467575564974 0 1.821224489802258 -0.05696597983771485 0 4.789131195334497 -0.1025365029389629 0 4.739169073070983 -0.1006939320399787 0 4.765708454808914 -0.1512682514694814 0 4.730612244902898 0 0 4.709909597855183 -0.04942568057049729 0 4.68081632653568 0 0 2.550000000000434 -0.2 0 2.5712580406353 -0.1506188038542417 0 2.60000000000055 -0.2 0 2.615849877375066 -0.0506188038542417 0 2.521112730811068 -0.1488080799567306 0 2.500000000000275 -0.2 0 2.466112730816461 -0.04880807995673062 0 1.892244897971823 0 0 1.697379830912804 -0.09706638792917198 0 1.748689915456342 -0.1054991738023008 0 1.723689915456283 -0.148533193964586 0 1.742857142870265 0 0 1.771428571435072 -0.05696597983771485 0 1.792653061237451 0 0 4.841428571425845 -0.2 0 4.815279883380171 -0.1512682514694814 0 4.791857142854587 -0.2 0 4.759871720118698 -0.05126825146948145 0 2.542370771445934 -0.09942688381097231 0 2.539591836745594 0 0 2.56605395900788 -0.0506188038542417 0 2.58938775511278 0 0 2.515908649183648 -0.04880807995673062 0 2.489795918378408 0 0 1.649999999999521 -0.2 0 1.673689915456162 -0.148533193964586 0 1.699999999999641 -0.2 0 1.720118486891534 -0.04853319396458599 0 4.887757369613918 -0.09874806391180302 0 4.864592970519881 -0.1493740319559015 0 4.838444282474208 -0.100642283425383 0 4.830204081637421 0 0 4.809667638485959 -0.05126825146948145 0 4.78040816327016 0 0 1.596394097710659 -0.1003350489586247 0 1.646886964311732 -0.09870071844389834 0 1.62319704885509 -0.1501675244793124 0 1.643265306135893 0 0 1.670322568524349 -0.04853319396458599 0 1.693061224503079 0 0 4.940571428568573 -0.2 0 4.914164399091246 -0.1493740319559015 0 4.890999999997209 -0.2 0 4.858980725625671 -0.04937403195590151 0 1.549999999999282 -0.2 0 1.57319704885497 -0.1501675244793124 0 1.599999999999401 -0.2 0 1.619829701923276 -0.05016752447931235 0 4.987630709425355 -0.1024638327380635 0 4.937694039519637 -0.1006059483249333 0 4.964101068996964 -0.1512319163690318 0 4.929795918371928 0 0 4.908776643992923 -0.04937403195590151 0 4.880000000004674 0 0 1.496632576381912 -0.09972438275446213 0 1.546513337046286 -0.1000297158565434 0 1.523316288190597 -0.1498621913772311 0 1.543673469401519 0 0 1.570033783556089 -0.05016752447931235 0 1.593469387768706 0 0 5.039714285711068 -0.2 0 5.013672497568212 -0.1512319163690318 0 4.990142857139821 -0.2 0 4.958713313898642 -0.05123191636903175 0 1.449999999999043 -0.2 0 1.473316288190477 -0.1498621913772311 0 1.499999999999162 -0.2 0 1.520153022891715 -0.04986219137723107 0 5.086307788420307 -0.09864234780122717 0 5.063011037065688 -0.1493211739006136 0 5.036969248922832 -0.1005530902696453 0 5.029387755106301 0 0 5.008509232265828 -0.05123191636903175 0 4.979591836739115 0 0 1.395646258513888 -0.09801124756814827 0 1.4461394174479 -0.0988678151613052 0 1.422823129256465 -0.1490056237840741 0 1.444081632667082 0 0 1.470357104524497 -0.04986219137723107 0 1.493877551034301 0 0 5.138857142853484 -0.2 0 5.112582465636896 -0.1493211739006136 0 5.089285714282276 -0.2 0 5.057847771763305 -0.04932117390061359 0 1.349999999998804 -0.2 0 1.372823129256346 -0.1490056237840741 0 1.399999999998923 -0.2 0 1.419863945590485 -0.04900562378407414 0 5.186130223516075 -0.102389480533567 0 5.136219005968192 -0.1005159141673971 0 5.162493683184779 -0.1511947402667835 0 5.128979591840674 0 0 5.107643690130491 -0.04932117390061359 0 5.079183673473487 0 0 1.296258040640921 -0.1019090856878054 0 1.345952149577404 -0.09996016662797684 0 1.323129020319862 -0.1509545428439027 0 1.344489795932557 0 0 1.370068027223223 -0.04900562378407414 0 1.39428571429982 0 0 5.237999999996252 -0.2 0 5.212065111756164 -0.1511947402667835 0 5.188428571424868 -0.2 0 5.157554907678374 -0.0511947402667835 0 1.249999999998565 -0.2 0 1.273129020319743 -0.1509545428439027 0 1.299999999998684 -0.2 0 1.320373918286739 -0.0509545428439027 0 5.284858207226739 -0.09853421280935645 0 5.261429103611496 -0.1492671064046782 0 5.235494215371407 -0.1004618466714617 0 5.228571428575046 0 0 5.207350826045561 -0.0511947402667835 0 5.17877551020786 0 0 1.196268221585064 -0.098087614908291 0 1.246263131112992 -0.09999835029804821 0 1.223134110791814 -0.1490438074541455 0 1.244897959198053 0 0 1.270577999919487 -0.0509545428439027 0 1.294693877565305 0 0 5.337142857138767 -0.2 0 5.311000532182753 -0.1492671064046782 0 5.28757142856751 -0.2 0 5.256714817900892 -0.04926710640467823 0 1.149999999998326 -0.2 0 1.173134110791695 -0.1490438074541455 0 1.199999999998445 -0.2 0 1.220583090391558 -0.0490438074541455 0 5.384629737606955 -0.1023134463255098 0 5.334743972416847 -0.1004238295674331 0 5.360886297372861 -0.1511567231627549 0 5.32816326530942 0 0 5.30651073626808 -0.04926710640467823 0 5.278367346942233 0 0 1.097363135738442 -0.09937549866567265 0 1.146815678661753 -0.09873155678698183 0 1.123681567868384 -0.1496877493328363 0 1.145306122463681 0 0 1.170787172024372 -0.0490438074541455 0 1.195102040830867 0 0 5.436285714281629 -0.2 0 5.410457725944292 -0.1511567231627549 0 5.386714285710198 -0.2 0 5.356396501458187 -0.0511567231627549 0 1.049999999997941 -0.2 0 1.073681567868191 -0.1496877493328363 0 1.099999999998134 -0.2 0 1.121334629101062 -0.04968774933283632 0 5.483408626033214 -0.09842365893606422 0 5.459847170157422 -0.1492118294680321 0 5.434019181820085 -0.100368552630787 0 5.427755102043792 0 0 5.406192419825373 -0.0511567231627549 0 5.377959183676606 0 0 0.9968901846563307 -0.09816537708574494 0 1.047126660197386 -0.0987704378757088 0 1.023445092327136 -0.1490826885428725 0 1.045714285729308 0 0 1.071538710733875 -0.04968774933283632 0 1.095510204096494 0 0 5.535428571423798 -0.2 0 5.509418598728507 -0.1492118294680321 0 5.485857142852714 -0.2 0 5.455581864038503 -0.04921182946803211 0 0.9499999999976625 -0.2 0 0.9734450923269966 -0.1490826885428725 0 0.9999999999978018 -0.2 0 1.021302235192819 -0.04908268854287247 0 5.583129251697894 -0.1022357301138024 0 5.533268938865555 -0.1003296945249333 0 5.559278911560845 -0.1511178650569012 0 5.527346938778222 0 0 5.505377782405718 -0.04921182946803211 0 5.477551020411007 0 0 0.8978425656057224 -0.09940165186436734 0 0.9473663751310266 -0.09878351447505614 0 0.9239212828016925 -0.1497008259321837 0 0.9461224489949345 0 0 0.9715063168256326 -0.04908268854287247 0 0.9959183673621212 0 0 5.634571428567121 -0.2 0 5.608850340132507 -0.1511178650569012 0 5.584999999995459 -0.2 0 5.555238095238058 -0.0511178650569012 0 0.8499999999972614 -0.2 0 0.8739212828014919 -0.1497008259321837 0 0.8999999999974619 -0.2 0 0.9219825073003285 -0.04970082593218367 0 5.681959044840139 -0.09831068618154798 0 5.65826523670363 -0.149155343090774 0 5.632544148269017 -0.1002732081476752 0 5.626938775512746 0 0 5.605034013605319 -0.0511178650569012 0 5.577142857145484 0 0 0.7975121477275837 -0.09824453410045905 0 0.8476773566666531 -0.09882309298241319 0 0.8237560738624226 -0.1491222670502295 0 0.8465306122605618 0 0 0.8721865889331422 -0.04970082593218367 0 0.8963265306277481 0 0 5.733714285710127 -0.2 0 5.707836665275133 -0.149155343090774 0 5.684142857138624 -0.2 0 5.654448910176443 -0.04915534309077399 0 0.7499999999968492 -0.2 0 0.7737560738622165 -0.1491222670502295 0 0.7999999999970553 -0.2 0 0.8220213799940728 -0.04912226705022953 0 5.781628765789526 -0.1021563318984803 0 5.731793905314833 -0.1002335090400141 0 5.757671525749826 -0.1510781659492401 0 5.72653061224727 0 0 5.704244828543705 -0.04915534309077399 0 5.676734693880007 0 0 0.6983219954729835 -0.09942827000881245 0 0.7479170716002836 -0.09883640205463576 0 0.7241609977349164 -0.1497141350044062 0 0.7469387755261883 0 0 0.772225461626886 -0.04912226705022953 0 0.796734693893375 0 0 5.832857142853301 -0.2 0 5.807242954321413 -0.1510781659492401 0 5.783285714281714 -0.2 0 5.754079689018398 -0.05107816594924015 0 0.6499999999966097 -0.2 0 0.6741609977347967 -0.1497141350044062 0 0.6999999999967295 -0.2 0 0.7226303854995859 -0.04971413500440622 0 5.880509463647478 -0.09819529454564643 0 5.85668330325039 -0.1490976472728232 0 5.831069114718503 -0.1001758132220634 0 5.826122448981794 0 0 5.80387560738566 -0.05107816594924015 0 5.776326530614532 0 0 0.5981341107988549 -0.09832508595241565 0 0.6482280531359192 -0.09887667798061406 0 0.6240670553977323 -0.1491625429762078 0 0.6473469387918156 0 0 0.6728344671323996 -0.04971413500440622 0 0.6971428571590019 0 0 5.931999999996634 -0.2 0 5.906254731822056 -0.1490976472728232 0 5.882428571424968 -0.2 0 5.853315956314637 -0.04909764727282322 0 0.5499999999963707 -0.2 0 0.5740670553976128 -0.1491625429762078 0 0.5999999999964902 -0.2 0 0.6227405247953353 -0.04916254297620783 0 5.980128279881327 -0.1020752516797069 0 5.930318871764403 -0.1001352731126767 0 5.956064139938981 -0.1510376258398534 0 5.925714285716459 0 0 5.903111874681969 -0.04909764727282322 0 5.875918367349126 0 0 0.4988014253402751 -0.09945535309900913 0 0.548467768069565 -0.09889021952571239 0 0.5244007126683229 -0.1497276765495046 0 0.5477551020574056 0 0 0.5729446064281303 -0.04916254297620783 0 0.5975510204246106 0 0 6.031142857139482 -0.2 0 6.005635568510405 -0.1510376258398534 0 5.981571428568058 -0.2 0 5.952921282798893 -0.05103762583985345 0 0.4499999999961313 -0.2 0 0.4744007126682032 -0.1497276765495046 0 0.499999999996251 -0.2 0 0.5232782636988403 -0.04972767654950457 0 6.079059882454827 -0.09807748402835373 0 6.055101369797155 -0.1490387420141769 0 6.029594081168078 -0.1000763678540303 0 6.025306122451133 0 0 6.00271720116623 -0.05103762583985345 0 5.975510204083796 0 0 0.3987560738700074 -0.09840703264163922 0 0.4487787496051412 -0.09893119287032417 0 0.4243780369330693 -0.1492035163208196 0 0.4481632653228802 0 0 0.4734823453315776 -0.04972767654950457 0 0.4979591836901429 0 0 6.130285714283053 -0.2 0 6.104672798368941 -0.1490387420141769 0 6.080714285711267 -0.2 0 6.052183002452981 -0.04903874201417686 0 0.3499999999958923 -0.2 0 0.3743780369329499 -0.1492035163208196 0 0.3999999999960118 -0.2 0 0.4234596695964438 -0.04920351632081961 0 6.178627793972946 -0.1019924894574251 0 6.128843838213887 -0.1000349867428894 0 6.154456754127999 -0.1509962447287126 0 6.124897959185809 0 0 6.101978920820319 -0.04903874201417686 0 6.075102040818471 0 0 0.2992808552075214 -0.09948290113495573 0 0.3490184645387644 -0.09894496688829747 0 0.3246404276017069 -0.1497414505674779 0 0.3485714285883574 0 0 0.3736637512291824 -0.04920351632081961 0 0.3983673469556188 0 0 6.22942857142522 -0.2 0 6.204028182699084 -0.1509962447287126 0 6.179857142854137 -0.2 0 6.151762876579378 -0.05099624472871255 0 0.2499999999956528 -0.2 0 0.2746404276015871 -0.1497414505674779 0 0.2999999999957725 -0.2 0 0.3239261418979394 -0.04974145056747786 0 6.277610301261873 -0.0979572546296793 0 6.253519436343547 -0.1489786273148397 0 6.22811904761741 -0.09997487204355221 0 6.224489795920411 0 0 6.201558794946678 -0.05099624472871255 0 6.17469387755311 0 0 0.1993780369412436 -0.09849037416809513 0 0.2493294460743825 -0.09898663765152543 0 0.2246890184684482 -0.1492451870840476 0 0.248979591853975 0 0 0.2741302235307482 -0.04974145056747786 0 0.2987755102211662 0 0 6.328571428568752 -0.2 0 6.303090864915314 -0.1489786273148397 0 6.278999999996986 -0.2 0 6.251050048591143 -0.04897862731483965 0 0.1499999999954138 -0.2 0 0.1746890184683287 -0.1492451870840476 0 0.1999999999955333 -0.2 0 0.2241788143976093 -0.04924518708404756 0 6.377127308064457 -0.1019080452312316 0 6.327368804663166 -0.09993264993045545 0 6.352849368316605 -0.1509540226156158 0 6.324081632654884 0 0 6.300845966958379 -0.04897862731483965 0 6.274285714287647 0 0 0.09976028507482282 -0.0995037946344039 0 0.1495691610080332 -0.09899708440124952 0 0.1248801425351183 -0.149751897317202 0 0.1493877551196032 0 0 0.1743828960304234 -0.04924518708404756 0 0.1991836734867891 0 0 6.427714285711639 -0.2 0 6.402420796888048 -0.1509540226156158 0 6.378142857140196 -0.2 0 6.35060447035967 -0.0509540226156158 0 0.04999999999517435 -0.2 0 0.07488014253499858 -0.149751897317202 0 0.09999999999529408 -0.2 0 0.124574020097213 -0.04975189731720195 0 6.475710722383339 -0.1006216607054719 0 6.45171250404749 -0.150310830352736 0 6.426419015223899 -0.1012648529683517 0 6.423673469389256 0 0 6.400400388726856 -0.0509540226156158 0 6.37387755102207 0 0 1.237081820000483e-11 -0.09853239363832825 0 0.04988014254359682 -0.09901809413636607 0 0.02500000000377258 -0.1492661968191641 0 0.04979591838513109 0 0 0.07477810172997695 -0.04975189731720195 0 0.09959183675236714 0 0 6.526857142854933 -0.2 0 6.501283932619137 -0.150310830352736 0 6.477285714283286 -0.2 0 6.449692095886299 -0.05031083035273595 0 -0.05000000000483973 -0.2 0 -0.02499999999623445 -0.1492661968191641 0 -4.832689803890844e-12 -0.2 0 0.02489795919875095 -0.04926619681916412 0 6.575626822156114 -0.1018219190016 0 6.525668772269727 -0.1012217898535359 0 6.551241982505523 -0.1509109595008 0 6.523265306123635 0 0 6.499488014253488 -0.05031083035273595 0 6.473469387756445 0 0 -0.09976028505795377 -0.09950379463366027 0 -0.04988014252279148 -0.09901809413599426 0 -0.07488014253139676 -0.1497518973168301 0 -0.04979591834954444 0 0 -0.02489795916858681 -0.04926619681916412 0 1.779332584050941e-11 0 0 6.625999999998058 -0.2 0 6.600813411077086 -0.1509109595008 0 6.576428571426495 -0.2 0 6.549446064139874 -0.0509109595008 0 -0.1500000000044992 -0.2 0 -0.1248801425312265 -0.1497518973168301 0 -0.1000000000046695 -0.2 0 -0.0747781017037491 -0.04975189731683013 0 6.67436702299904 -0.1005926716283433 0 6.650183511498549 -0.1502963358141716 0 6.624996922577577 -0.1012072953149716 0 6.622857142858159 0 0 6.599241982507136 -0.0509109595008 0 6.573061224490897 0 0 -0.1993780369167869 -0.09849037416363335 0 -0.1495691609873703 -0.09899708439864681 0 -0.1746890184606431 -0.1492451870818167 0 -0.1493877550844234 0 0 -0.1245740200711886 -0.04975189731683013 0 -0.09959183671698392 0 0 6.725142857141114 -0.2 0 6.699754940070077 -0.1502963358141716 0 6.675571428569586 -0.2 0 6.6486120829286 -0.05029633581417165 0 -0.2500000000042171 -0.2 0 -0.224689018460502 -0.1492451870818167 0 -0.2000000000043582 -0.2 0 -0.1743828960006051 -0.04924518708181667 0 6.774126336247985 -0.10173411076846 0 6.724246679623513 -0.1011633911984016 0 6.749634596694549 -0.15086705538423 0 6.722448979592818 0 0 6.698408001295929 -0.05029633581417165 0 6.672653061225489 0 0 -0.2992808551907957 -0.09948290113350766 0 -0.2493294460537913 -0.09898663764857051 0 -0.2746404275975065 -0.1497414505667538 0 -0.2489795918194009 0 0 -0.2241788143680939 -0.04924518708181667 0 -0.1991836734519122 0 0 6.824285714284773 -0.2 0 6.799206025266379 -0.15086705538423 0 6.774714285712943 -0.2 0 6.748287657920402 -0.05086705538423 0 -0.3500000000039427 -0.2 0 -0.3246404275973692 -0.1497414505667538 0 -0.3000000000040799 -0.2 0 -0.2741302235050983 -0.04974145056675383 0 6.873023323614929 -0.1005631218833599 0 6.848654518949852 -0.15028156094168 0 6.823574829931458 -0.10114861632591 0 6.822040816327493 0 0 6.798083576287739 -0.05086705538423 0 6.772244897960156 0 0 -0.3987560738460573 -0.09840703263741271 0 -0.3490184645184266 -0.09894496688546019 0 -0.374378036925 -0.1492035163187064 0 -0.3485714285543704 0 0 -0.3239261418725831 -0.04974145056675383 0 -0.2987755101868856 0 0 6.923428571427403 -0.2 0 6.898225947521166 -0.15028156094168 0 6.873857142856088 -0.2 0 6.847532069971211 -0.05028156094167995 0 -0.450000000003606 -0.2 0 -0.4243780369248317 -0.1492035163187064 0 -0.4000000000037743 -0.2 0 -0.3736637512002139 -0.04920351631870636 0 6.97262585033976 -0.1016446205316992 0 6.922824586977345 -0.1011038712075296 0 6.948027210883581 -0.1508223102658496 0 6.921632653062168 0 0 6.897327988338549 -0.05028156094167995 0 6.87183673469483 0 0 -0.4988014253235705 -0.09945535309764893 0 -0.4487787495848139 -0.09893119286753083 0 -0.4744007126635882 -0.1497276765488245 0 -0.4481632652891951 0 0 -0.4234596695676262 -0.04920351631870636 0 -0.3983673469217828 0 0 7.022571428571073 -0.2 0 6.997598639455417 -0.1508223102658496 0 6.972999999999238 -0.2 0 6.947129251700964 -0.0508223102658496 0 -0.550000000003307 -0.2 0 -0.5244007126634387 -0.1497276765488245 0 -0.5000000000034565 -0.2 0 -0.4734823453063828 -0.04972767654882446 0 7.071920149011741 -0.09632179682093311 0 7.047245788791408 -0.1481608984104666 0 7.022272999675751 -0.09898320867631616 0 7.021224489796776 0 0 6.996925170068268 -0.0508223102658496 0 6.971428571429472 0 0 -0.5981341107752361 -0.09832508594848094 0 -0.5484677680494033 -0.09889021952306493 0 -0.5740670553892715 -0.1491625429742405 0 -0.5477551020240217 0 0 -0.523278263673796 -0.04972767654882446 0 -0.4979591836566084 0 0 7.121714285713756 -0.2 0 7.096817217362749 -0.1481608984104666 0 7.072142857142414 -0.2 0 7.046572319404259 -0.04816089841046656 0 -0.6500000000030324 -0.2 0 -0.6240670553891343 -0.1491625429742405 0 -0.6000000000031697 -0.2 0 -0.5729446063996289 -0.04916254297424047 0 7.171285714285504 -0.1141397671106396 0 7.121602931648622 -0.1052307819657864 0 7.14649999999963 -0.1570698835553198 0 7.120816326531255 0 0 7.096368237771498 -0.04816089841046656 0 7.071020408164015 0 0 -0.6983219954564058 -0.09942827000754963 0 -0.6482280531158211 -0.09887667797801528 0 -0.6741609977297192 -0.1497141350037748 0 -0.6473469387589619 0 0 -0.622740524767099 -0.04916254297424047 0 -0.5975510203914918 0 0 7.220857142857258 -0.2 0 7.196071428571381 -0.1570698835553198 0 7.171285714285506 -0.2 0 7.146051020408379 -0.0570698835553198 0 -0.7500000000027123 -0.2 0 -0.7241609977295591 -0.1497141350037748 0 -0.7000000000028723 -0.2 0 -0.6728344671076839 -0.04971413500377481 0 7.262177851113237 -0.1419872364964277 0 7.241517496985248 -0.1709936182482139 0 7.216731782699371 -0.1280635018035337 0 7.220408163265628 0 0 7.195846938775565 -0.0570698835553198 0 7.170612244898441 0 0 -0.7975121477045541 -0.09824453409681681 0 -0.74791707158048 -0.09883640205218322 0 -0.7737560738536332 -0.1491222670484084 0 -0.7469387754939394 0 0 -0.7226303854751727 -0.04971413500377481 0 -0.6971428571264506 0 0 7.32 -0.2 0 7.291088925556619 -0.1709936182482139 0 7.27042857142863 -0.2 0 7.254608713715684 -0.07332392609197189 0 7.258393282414461 -0.1076555812941998 0 7.212947214000595 -0.09373184660130573 0 7.237508438490656 -0.03666196304598594 0 -0.8500000000024055 -0.2 0 -0.8237560738534798 -0.1491222670484084 0 -0.8000000000025589 -0.2 0 -0.7722254615992468 -0.04912226704840841 0 7.32 -0.1000000000002739 0 7.291088925556619 -0.1209936182483508 0 7.32 -0.150000000000137 0 7.287304356857843 -0.08666196304612289 0 7.32 0 0 7.287304356857843 -0.03666196304598594 0 7.270204081632814 0 0 -0.8978425655892912 -0.09940165186320324 0 -0.8476773566469227 -0.09882309298001002 0 -0.8739212827958485 -0.1497008259316016 0 -0.846530612228916 0 0 -0.8220213799667351 -0.04912226704840841 0 -0.7967346938614277 0 0 7.32 -0.05000000000013695 0 -0.9500000000020788 -0.2 0 -0.9239212827956851 -0.1497008259316016 0 -0.9000000000022421 -0.2 0 -0.8721865889091036 -0.04970082593160162 0 -0.9968901846339011 -0.09816537708240274 0 -0.9473663751115962 -0.09878351447280298 0 -0.9734450923179899 -0.1490826885412014 0 -0.9461224489638926 0 0 -0.9219825072765919 -0.04970082593160162 0 -0.8963265305964043 0 0 -1.050000000001848 -0.2 0 -1.023445092317874 -0.1490826885412014 0 -1.000000000001963 -0.2 0 -0.9715063167988969 -0.04908268854120137 0 -1.097363135722222 -0.09937549866460745 0 -1.047126660178062 -0.09877043787350509 0 -1.073681567862035 -0.1496877493323037 0 -1.045714285698871 0 0 -1.021302235166386 -0.04908268854120137 0 -0.9959183673313818 0 0 -1.150000000001598 -0.2 0 -1.12368156786191 -0.1496877493323037 0 -1.100000000001723 -0.2 0 -1.071538710710547 -0.04968774933230372 0 -1.196268221563268 -0.09808761490524193 0 -1.146815678642745 -0.09873155678492468 0 -1.173134110782433 -0.149043807452621 0 -1.145306122433848 0 0 -1.121334629078035 -0.04968774933230372 0 -1.09551020406636 0 0 -1.250000000001299 -0.2 0 -1.223134110782284 -0.149043807452621 0 -1.200000000001448 -0.2 0 -1.170787171998558 -0.04904380745262096 0 -1.29625804062119 -0.1019090856834441 0 -1.246263131092229 -0.09999835029434301 0 -1.273129020311245 -0.1509545428417221 0 -1.244897959168824 0 0 -1.220583090366046 -0.04904380745262096 0 -1.195102040801336 0 0 -1.350000000001025 -0.2 0 -1.323129020311108 -0.1509545428417221 0 -1.300000000001162 -0.2 0 -1.270577999895007 -0.05095454284172205 0 -1.395646258492631 -0.09801124756533511 0 -1.34595214955691 -0.09996016662438961 0 -1.372823129246828 -0.1490056237826676 0 -1.344489795903803 0 0 -1.320373918262497 -0.05095454284172205 0 -1.294693877536313 0 0 -1.450000000000808 -0.2 0 -1.422823129246719 -0.1490056237826676 0 -1.400000000000917 -0.2 0 -1.370068027198217 -0.04900562378266755 0 -1.496632576366859 -0.09972438275419039 0 -1.446139417429745 -0.09886781515976276 0 -1.473316288183834 -0.1498621913770952 0 -1.444081632638779 0 0 -1.419863945565705 -0.04900562378266755 0 -1.394285714271291 0 0 -1.55000000000066 -0.2 0 -1.523316288183759 -0.1498621913770952 0 -1.500000000000734 -0.2 0 -1.470357104502819 -0.0498621913770952 0 -1.596394097694519 -0.1003350489598073 0 -1.546513337030689 -0.1000297158569989 0 -1.573197048847589 -0.1501675244799037 0 -1.543673469373756 0 0 -1.520153022870308 -0.0498621913770952 0 -1.493877551006268 0 0 -1.650000000000466 -0.2 0 -1.623197048847492 -0.1501675244799037 0 -1.600000000000563 -0.2 0 -1.570033783534138 -0.05016752447990365 0 -1.697379830898336 -0.09706638794129048 0 -1.646886964296427 -0.0987007184505489 0 -1.673689915449401 -0.1485331939706452 0 -1.643265306108734 0 0 -1.619829701901626 -0.05016752447990365 0 -1.593469387741245 0 0 -1.750000000000254 -0.2 0 -1.723689915449295 -0.1485331939706452 0 -1.70000000000036 -0.2 0 -1.670322568503535 -0.04853319397064524 0 -1.800000000000126 -0.113931959675405 0 -1.748689915449231 -0.1054991738083477 0 -1.77500000000019 -0.1569659798377025 0 -1.742857142843627 0 0 -1.720118486870982 -0.04853319397064524 0 -1.69306122447618 0 0 -1.85 -0.2 0 -1.825000000000063 -0.1569659798377025 0 -1.800000000000127 -0.2 0 -1.771428571421876 -0.0569659798377025 0 -1.886209726678221 -0.08448935150569632 0 -1.843104863339173 -0.09921065559055066 0 -1.868104863339111 -0.1422446757528482 0 -1.842448979578302 0 0 -1.821224489789214 -0.0569659798377025 0 -1.792653061210964 0 0 -1.936981021585196 -0.1589140224686994 0 -1.911595374131708 -0.1217016869871979 0 -1.893490510792598 -0.1794570112343497 0 -1.864329353128261 -0.04224467575284816 0 -1.93563895224457 -0.2494317948697181 0 -1.936309986914883 -0.2041729086692087 0 -1.892819476122285 -0.224715897434859 0 -1.989909969859918 -0.08517619347894156 0 -1.93805984826907 -0.08483277249231894 0 -1.963445495722557 -0.1220451079738205 0 -1.942040816312977 0 0 -1.914125271495599 -0.04224467575284816 0 -1.892244897945639 0 0 -1.85 -0.2987656250003683 0 -1.892819476122285 -0.2740987099350432 0 -1.85 -0.2493828125001842 0 -2.029789207915987 -0.1855760493495293 0 -1.983385114750591 -0.1722450359091143 0 -1.982714080080278 -0.2175039221096237 0 -2.009849588887953 -0.1353761214142354 0 -1.965975393086447 -0.04258809673947078 0 -1.932818688324897 -0.3459433132409045 0 -1.934228820284734 -0.2976875540553113 0 -1.891409344162449 -0.3223544691206364 0 -2.021293460235991 -0.2991583652661174 0 -2.025541334075989 -0.2423672073078234 0 -1.97846620624028 -0.2742950800679178 0 -2.086076518920199 -0.09380857964518075 0 -2.037993244390059 -0.08949238656206115 0 -2.057932863418093 -0.139692314497355 0 -2.041632653047948 0 0 -2.015771311453933 -0.04258809673947078 0 -1.991836734680462 0 0 -1.85 -0.3975312500003909 0 -1.891409344162449 -0.3717372816206477 0 -1.85 -0.3481484375003796 0 -1.977056074280444 -0.3225508392535109 0 -2.104751743289241 -0.2558870747186897 0 -2.067270475602614 -0.2207315620341095 0 -2.063022601762616 -0.2775227199924035 0 -2.141163486011295 -0.1797159694851312 0 -2.113620002465747 -0.136762274565156 0 -2.085476346963641 -0.1826460094173302 0 -2.063854585984074 -0.04690428982259037 0 -1.936189544642069 -0.452603322032359 0 -1.934504116483483 -0.3992733176366318 0 -1.893094772321035 -0.4250672860163749 0 -2.008579759870766 -0.3802750495725382 0 -2.014936610053379 -0.3397167074193278 0 -1.970699224097832 -0.3631091814067213 0 -2.122957614650268 -0.2178015221019104 0 -2.085400578686971 -0.3311318765220703 0 -2.095076160988106 -0.29350947562038 0 -2.053347019461481 -0.3151451208940939 0 -2.188915438698094 -0.09302411319715116 0 -2.165039462354694 -0.1363700413411412 0 -2.137495978809147 -0.09341634642116595 0 -2.141224489782926 0 0 -2.113650504351563 -0.04690428982259037 0 -2.091428571415437 0 0 -1.85 -0.496296875000759 0 -1.893094772321035 -0.4744500985165589 0 -1.85 -0.446914062500575 0 -1.972384652256417 -0.4164391858024486 0 -2.046990169278868 -0.3557034630473043 0 -2.185251570911833 -0.2520687460694949 0 -2.163207528461564 -0.2158923577773131 0 -2.145001657100537 -0.2539779103940923 0 -2.161189700439928 -0.3427801518671155 0 -2.123295139563449 -0.3369560141945929 0 -2.132970721864584 -0.2993336132929026 0 -2.16506996424051 -0.04651205659857558 0 -2.25 -0.2 0 -2.195581743005647 -0.1898579847425656 0 -2.219457719349047 -0.1465120565985756 0 -1.91082563133261 -0.5456796875007701 0 -1.92350758798734 -0.4991415047665646 0 -1.880412815666305 -0.5209882812507646 0 -2.017844189025832 -0.4563719828987922 0 -2.013211974448299 -0.4183235162356652 0 -1.977016866833951 -0.4544876524655755 0 -2.085520119682355 -0.408569274700318 0 -2.04704993977656 -0.3944221621364281 0 -2.085460349184663 -0.3698505756111942 0 -2.173220635675881 -0.2974244489683052 0 -2.217625785455916 -0.2260343730347474 0 -2.123354910061142 -0.3756747132837168 0 -2.240816326517903 0 0 -2.214865882607999 -0.04651205659857558 0 -2.191020408150415 0 0 -2.292847424674587 -0.09862462725253841 0 -2.240881431686341 -0.09582437022484479 0 -2.271423712337294 -0.1493123136262692 0 -1.85 -0.5950625000007816 0 -1.880412815666305 -0.570371093750776 0 -1.85 -0.5456796875007703 0 -1.990662322313727 -0.5503330439191987 0 -1.950743976823168 -0.5480063657099845 0 -1.963425933477898 -0.5014681829757788 0 -2.004253255669779 -0.5033525134089955 0 -2.051682154354094 -0.4324706287995551 0 -2.25 -0.3000000000004728 0 -2.217625785455916 -0.2760343730349838 0 -2.205594850219964 -0.3213900759337942 0 -2.25 -0.2500000000002364 0 -2.16235176688099 -0.4497341884247869 0 -2.123935943281673 -0.4291517315625524 0 -2.161770733660459 -0.3962571701459512 0 -2.266831875596245 -0.04931231362626921 0 -2.350000000000029 -0.2 0 -2.321423712337308 -0.1493123136262692 0 -2.300000000000014 -0.2 0 -1.93055064571621 -0.6472233455397012 0 -1.92068813852441 -0.5964515165202358 0 -1.890275322858105 -0.6211429227702414 0 -1.960606484014968 -0.5987781947294499 0 -2.080456968527697 -0.5009006894419209 0 -2.049150578776765 -0.4786363361703566 0 -2.035559645420713 -0.5256168666805598 0 -2.082988544105026 -0.4547349820711195 0 -2.25 -0.4000000000009454 0 -2.205594850219964 -0.3713900759340305 0 -2.25 -0.3500000000007091 0 -2.206175883440495 -0.4248670942128661 0 -2.121404367704344 -0.475317438933354 0 -2.34040816325288 0 0 -2.316627793963733 -0.04931231362626921 0 -2.290612244885391 0 0 -2.393091767310469 -0.1014472733329041 0 -2.342969595992528 -0.1000359502927212 0 -2.371545883655249 -0.1507236366664521 0 -1.85 -0.693828125001323 0 -1.890275322858105 -0.6705257352705121 0 -1.85 -0.6444453125010523 0 -2.015392414185182 -0.6496433911038573 0 -2.003027368249455 -0.5999882175115281 0 -1.972971529950696 -0.6484333683217793 0 -2.080857016781 -0.6008920113977434 0 -2.035759669547363 -0.5756125276584712 0 -2.080656992654349 -0.5508963504198323 0 -2.25 -0.5000000000014171 0 -2.206175883440495 -0.474867094213102 0 -2.25 -0.4500000000011812 0 -2.162565133491117 -0.5503718062867845 0 -2.162458450186054 -0.5000529973557857 0 -2.121511051009407 -0.5256362478643528 0 -2.366749965281675 -0.05072363666645205 0 -2.44999999999974 -0.2 0 -2.421545883655105 -0.1507236366664521 0 -2.399999999999884 -0.2 0 -1.910931081763612 -0.743210937501421 0 -1.920740863739911 -0.6952171415205611 0 -1.880465540881806 -0.718519531251372 0 -1.994459186874674 -0.748867563621698 0 -2.004925800529928 -0.6992554773627777 0 -1.962504916295442 -0.6980454545806996 0 -2.048124715483091 -0.6252677012508004 0 -2.121711075136059 -0.575631908842264 0 -2.206282566745559 -0.5251859031441009 0 -2.439999999987856 0 0 -2.416545883649162 -0.05072363666645205 0 -2.390204081620368 0 0 -2.492225461603959 -0.0976161599116399 0 -2.442658614457214 -0.099531716622272 0 -2.471112730801849 -0.14880807995582 0 -1.85 -0.7925937500015188 0 -1.880465540881806 -0.7679023437514699 0 -1.85 -0.7432109375014209 0 -1.952695134319143 -0.7460392505615596 0 -2.080432899240304 -0.7009009910409454 0 -2.047912656712743 -0.6752721910724013 0 -2.037446043057489 -0.7248842773313218 0 -2.080644958010652 -0.6508965012193444 0 -2.163361865768225 -0.6505268059444821 0 -2.122109441274612 -0.6257094086711128 0 -2.162963499629671 -0.6004493061156333 0 -2.25 -0.6000000000018897 0 -2.206282566745559 -0.5751859031443372 0 -2.25 -0.5500000000016534 0 -2.466112730795907 -0.04880807995581995 0 -2.549999999999306 -0.2 0 -2.521112730801633 -0.14880807995582 0 -2.499999999999523 -0.2 0 -1.930564779023184 -0.8458128664715466 0 -1.920747930393398 -0.7945119019864839 0 -1.890282389511592 -0.8192033082365326 0 -1.962511982948929 -0.7973402150466223 0 -2.080824579941511 -0.8008926152695105 0 -2.037641883408093 -0.7748800894456043 0 -2.080628739590908 -0.750896803155228 0 -2.121897382504264 -0.6757138984927138 0 -2.206680932884113 -0.6252634029731859 0 -2.539591836722833 0 0 -2.515908649163396 -0.04880807995581995 0 -2.489795918355345 0 0 -2.59251608125397 -0.1012376077058356 0 -2.542370771428964 -0.09942688380873775 0 -2.571258040626638 -0.1506188038529178 0 -1.85 -0.8913593750020601 0 -1.890282389511592 -0.8685861207368033 0 -1.85 -0.8419765625017894 0 -2.016134343588137 -0.8489179198152151 0 -2.005296765231405 -0.7988927417184566 0 -1.97334956130566 -0.8473653931433809 0 -2.162565140983382 -0.7503718027737379 0 -2.121499020111843 -0.7256363969073417 0 -2.121694860462447 -0.7756322090216243 0 -2.048479461764825 -0.8249052675423629 0 -2.162963503375804 -0.7004493043591101 0 -2.25 -0.7000000000023618 0 -2.206680932884113 -0.675263402973422 0 -2.25 -0.6500000000021258 0 -2.566053958988402 -0.0506188038529178 0 -2.649999999999277 -0.2 0 -2.621258040626623 -0.1506188038529178 0 -2.599999999999292 -0.2 0 -1.911080345397278 -0.9407421875020711 0 -1.920822562210231 -0.893277526986809 0 -1.880540172698639 -0.9160507812520656 0 -1.99442360241555 -0.9481138939934125 0 -2.005278973001843 -0.8985159069043138 0 -1.962494190719367 -0.8969633802324796 0 -2.163356313940481 -0.8505270797881109 0 -2.122090446940997 -0.8257098475288108 0 -2.162960727461932 -0.8004494412809245 0 -2.080399569685762 -0.9009026597199082 0 -2.04826695663695 -0.8749102897675618 0 -2.080612074813637 -0.8508976374947095 0 -2.206282570491691 -0.7251859013880499 0 -2.639183673457811 0 0 -2.61584987735589 -0.0506188038529178 0 -2.589387755090322 0 0 -2.691603498533389 -0.09754885901389729 0 -2.64205978989368 -0.09939323335986644 0 -2.670801749266333 -0.1487744295069486 0 -1.85 -0.9901250000020827 0 -1.880540172698639 -0.9654335937520768 0 -1.85 -0.9407421875020714 0 -1.952751973906414 -0.9444280407477418 0 -2.037411586050656 -0.9245082768566604 0 -2.25 -0.8000000000028344 0 -2.206678156970241 -0.8252635398954727 0 -2.206282570491691 -0.7751859013882862 0 -2.121877941813122 -0.8757148697540097 0 -2.25 -0.7500000000025981 0 -2.6653935859956 -0.04877442950694864 0 -2.749999999999277 -0.2 0 -2.720801749266333 -0.1487744295069486 0 -2.699999999999277 -0.2 0 -1.930585152873863 -1.04440244625068 0 -1.92083274913557 -0.9925723168763756 0 -1.890292576436932 -1.017263723126381 0 -1.962504377644706 -0.9962581701220463 0 -2.080780377510298 -1.000900995594449 0 -2.037601989962925 -0.9745074447939308 0 -2.08058997359803 -0.9509018276571787 0 -2.25 -0.900000000003307 0 -2.206678156970241 -0.875263539895709 0 -2.25 -0.8500000000030707 0 -2.162565132919664 -0.9503717981463367 0 -2.162960723430073 -0.9004494389672238 0 -2.121482351302713 -0.9256372289331225 0 -2.738775510192786 0 0 -2.715189504363088 -0.04877442950694864 0 -2.688979591825299 0 0 -2.791940395197626 -0.1011418255596445 0 -2.741771946865508 -0.09934534228677089 0 -2.770970197598452 -0.1505709127798223 0 -1.85 -1.088890625002451 0 -1.890292576436932 -1.066646535626566 0 -1.85 -1.039507812502267 0 -2.016099873828031 -1.048352239000163 0 -2.005261738121791 -0.9982330664967877 0 -1.973342513350947 -1.046377342625421 0 -2.121672755214981 -0.9756363968703927 0 -2.048440125669165 -1.024626617297306 0 -2.206282566459832 -0.9251858990748218 0 -2.765357952695207 -0.05057091277982225 0 -2.849999999999306 -0.2 0 -2.820970197598466 -0.1505709127798223 0 -2.799999999999292 -0.2 0 -1.911273386692729 -1.138273437502463 0 -1.920929269783296 -1.091337941876572 0 -1.880636693346365 -1.113582031252457 0 -1.994366909811181 -1.147399931088958 0 -2.005233391819606 -1.097876085044561 0 -1.962476031342522 -1.095901188669819 0 -2.163346923580094 -1.050533955507422 0 -2.122063650545196 -1.025717475550936 0 -2.162956028249879 -1.000452876826879 0 -2.080343326529268 -1.100943928073314 0 -2.04822160017865 -1.074648083536738 0 -2.080561852019783 -1.050922461833881 0 -2.25 -1.00000000000378 0 -2.206282566459832 -0.9751858990750584 0 -2.25 -0.9500000000035436 0 -2.838367346927765 0 0 -2.815153871062696 -0.05057091277982225 0 -2.788571428560275 0 0 -2.890981535462888 -0.09748295295338194 0 -2.841460965330257 -0.09931238925651323 0 -2.870490767731097 -0.148741476476691 0 -1.85 -1.187656250002473 0 -1.880636693346365 -1.162964843752468 0 -1.85 -1.138273437502462 0 -1.952820148251955 -1.142836684295711 0 -2.037355118170225 -1.124171929581136 0 -2.206673461790047 -1.025266977755601 0 -2.121845125054681 -1.075738941790368 0 -2.864674441195326 -0.04874147647669097 0 -2.949999999999335 -0.2 0 -2.920490767731112 -0.148741476476691 0 -2.89999999999932 -0.2 0 -1.93061173770397 -1.242992099543969 0 -1.920942562198349 -1.190632768523216 0 -1.890305868851985 -1.215324174773221 0 -1.962489323757576 -1.195196015316463 0 -2.080642714907182 -1.20114651853938 0 -2.037504812359181 -1.174273224814169 0 -2.080493020718225 -1.151045223306347 0 -2.25 -1.100000000004252 0 -2.206673461790047 -1.075266977755837 0 -2.25 -1.050000000004016 0 -2.162565083516363 -1.150371797999648 0 -2.162956003548229 -1.100452876753535 0 -2.121454205022816 -1.125657863036481 0 -2.937959183662741 0 0 -2.914470359562814 -0.04874147647669097 0 -2.888163265295253 0 0 -2.991364709141309 -0.1010480493222595 0 -2.941173122302098 -0.09926550113782072 0 -2.970682354570322 -0.1505240246611297 0 -1.85 -1.286421875002841 0 -1.890305868851985 -1.264706987273405 0 -1.85 -1.237039062502657 0 -2.015196471022342 -1.2488757722641 0 -2.004781690416761 -1.198137851676529 0 -1.972904104363156 -1.245933935904034 0 -2.121603899211773 -1.175759158269514 0 -2.047919592964762 -1.22501114540174 0 -2.206282541758181 -1.12518589900195 0 -2.964661946402025 -0.05052402466112975 0 -3.049999999999335 -0.2 0 -3.020682354570322 -0.1505240246611297 0 -2.999999999999335 -0.2 0 -1.908694301679077 -1.338801412407705 0 -1.919653019691523 -1.290896755975837 0 -1.879347150839539 -1.312611643705273 0 -1.990516794857031 -1.350635990742987 0 -2.002856632939686 -1.299755881503543 0 -1.960564266280501 -1.296814045143478 0 -2.16326367852997 -1.250744029989719 0 -2.121953196718576 -1.22594527426455 0 -2.162914381023167 -1.200557913994683 0 -2.079844197832343 -1.302204321405206 0 -2.047520334427343 -1.275540046834653 0 -2.080243456369763 -1.251675419972293 0 -2.25 -1.200000000004725 0 -2.206282541758181 -1.175185899002186 0 -2.25 -1.150000000004489 0 -3.03755102039772 0 0 -3.014457864769515 -0.05052402466112975 0 -2.98775510203023 0 0 -3.09035957239241 -0.09741844173011438 0 -3.04086214076686 -0.09923324552618694 0 -3.070179786195872 -0.1487092208650572 0 -1.85 -1.38518750000321 0 -1.879347150839539 -1.361994456205458 0 -1.85 -1.335804687503026 0 -1.949605548268054 -1.344718701575346 0 -2.035180496344688 -1.326420156074096 0 -2.206631839264985 -1.225372014997222 0 -2.121553938181157 -1.276474175697462 0 -3.063955296395065 -0.04870922086505719 0 -3.149999999999566 -0.2 0 -3.120179786195988 -0.1487092208650572 0 -3.099999999999451 -0.2 0 -1.922342975834385 -1.428769596745519 0 -1.915518638756731 -1.383785504576612 0 -1.886171487917192 -1.406978548374364 0 -1.956429885345708 -1.389702793744253 0 -2.077892014227706 -1.408706172515217 0 -2.034204404542368 -1.379671081629102 0 -2.078868106030025 -1.355455246960211 0 -2.25 -1.300000000005197 0 -2.206631839264985 -1.275372014997458 0 -2.25 -1.250000000004961 0 -2.162564975648978 -1.350371814298791 0 -2.162914327089474 -1.300557922144255 0 -2.121204586740661 -1.326288067851999 0 -3.137142857132698 0 0 -3.113751214762554 -0.04870922086505719 0 -3.087346938765209 0 0 -3.190985700395597 -0.1010715715922353 0 -3.140672636394004 -0.09924500666117483 0 -3.170492850197582 -0.1505357857961176 0 -1.85 -1.483953125003232 0 -1.886171487917192 -1.456361360874376 0 -1.85 -1.434570312503221 0 -1.999281020632556 -1.469531474009785 0 -1.994898907744793 -1.410083732376386 0 -1.960811998233471 -1.449150535377652 0 -2.120228494938342 -1.379538993407004 0 -2.038586517430131 -1.439118823262501 0 -2.206282487824489 -1.325185907151994 0 -3.164064278764148 -0.05053578579611765 0 -3.249999999999885 -0.2 0 -3.220492850197741 -0.1505357857961176 0 -3.199999999999726 -0.2 0 -1.92841813612301 -1.532645376103689 0 -1.925380555978697 -1.480707486424604 0 -1.889209068061505 -1.50829925055346 0 -1.963849578377783 -1.501088425056737 0 -2.163113379210816 -1.452662169278081 0 -2.120502696719261 -1.430684170896649 0 -2.162839177429897 -1.401516991788436 0 -2.078942991658052 -1.513712957947781 0 -2.039112006145304 -1.491622215978783 0 -2.078417502942879 -1.461209565231499 0 -2.25 -1.40000000000567 0 -2.206282487824489 -1.375185907152231 0 -2.25 -1.350000000005434 0 -3.236734693867673 0 0 -3.213860197131635 -0.05053578579611765 0 -3.186938775500185 0 0 -3.291389698730337 -0.09832378317200148 0 -3.241187699562967 -0.09969767738211839 0 -3.270694849365111 -0.1491618915860007 0 -1.85 -1.5827187500036 0 -1.889209068061505 -1.557682063053644 0 -1.85 -1.533335937503416 0 -2.000501759515219 -1.578182554312825 0 -1.999891390073887 -1.523857014161305 0 -1.964459947819114 -1.555413965208257 0 -2.206556689605408 -1.426331084641876 0 -2.121028185434434 -1.483187563612931 0 -2.039722375586636 -1.545947756130303 0 -3.264062196299005 -0.04916189158600074 0 -3.350000000000029 -0.2 0 -3.320694849365183 -0.1491618915860007 0 -3.299999999999957 -0.2 0 -1.935533540270666 -1.632101562503612 0 -1.931975838196838 -1.58237346930365 0 -1.892766770135333 -1.607410156253606 0 -1.968017649892942 -1.605142058408219 0 -2.25 -1.500000000006142 0 -2.206556689605408 -1.476331084642112 0 -2.25 -1.450000000005906 0 -2.162564854911354 -1.550371860021229 0 -2.162839117061085 -1.501517014649655 0 -2.120753923284703 -1.532042408984505 0 -2.079396530684313 -1.61349109313001 0 -2.039949145099766 -1.595836823721418 0 -2.079169761171182 -1.563602025538895 0 -3.336326530602651 0 0 -3.313858114666494 -0.04916189158600074 0 -3.286530612235162 0 0 -3.397200735650602 -0.107417931103385 0 -3.344295217190469 -0.1028708571376932 0 -3.373600367825316 -0.1537089655516925 0 -1.85 -1.681484375003622 0 -1.892766770135333 -1.656792968753617 0 -1.85 -1.632101562503611 0 -1.99830677662229 -1.681484375003705 0 -1.999404268068754 -1.629833464658265 0 -1.966920158446478 -1.656792968753658 0 -2.206282427455677 -1.525185930013686 0 -2.120980692797834 -1.581931476575619 0 -2.038851653653301 -1.647487734066857 0 -3.366763633126626 -0.0537089655516925 0 -3.45 -0.2 0 -3.423600367825301 -0.1537089655516925 0 -3.400000000000015 -0.2 0 -1.935533540270742 -1.730867187503894 0 -1.935533540270704 -1.681484375003753 0 -1.892766770135371 -1.706175781253758 0 -1.966920158446516 -1.706175781253799 0 -2.25 -1.600000000006615 0 -2.206282427455677 -1.575185930013922 0 -2.25 -1.550000000006378 0 -2.163136401404365 -1.652496869413379 0 -2.121266466044339 -1.632993981271694 0 -2.16285062815786 -1.601434364717304 0 -2.079081526815182 -1.712720799829145 0 -2.038694151718736 -1.697102587416425 0 -2.079239028749748 -1.663105946479577 0 -3.435918367337628 0 0 -3.416559551494115 -0.0537089655516925 0 -3.38612244897014 0 0 -3.490278315080706 -0.08361401703330737 0 -3.443739525365654 -0.09551597406834619 0 -3.470139157540353 -0.1418070085166537 0 -1.85 -1.780250000004164 0 -1.892766770135371 -1.755558593754029 0 -1.85 -1.730867187503893 0 -1.997929045121159 -1.780250000004028 0 -1.998117910871724 -1.730867187503867 0 -1.966731292695951 -1.755558593753961 0 -2.206568200702183 -1.626248434709997 0 -2.121108964109774 -1.682608834621262 0 -2.038505285968171 -1.746485399916586 0 -3.463098341209167 -0.04180700851665368 0 -3.535587045180055 -0.1644569064899648 0 -3.512932680130381 -0.1240354617616361 0 -3.492793522590028 -0.1822284532449824 0 -1.935533540270817 -1.829632812504261 0 -1.93553354027078 -1.780250000004077 0 -1.892766770135409 -1.804941406254212 0 -1.966731292695988 -1.804941406254144 0 -2.25 -1.700000000007087 0 -2.206568200702183 -1.676248434710233 0 -2.25 -1.650000000006851 0 -2.162564909534141 -1.75037192795651 0 -2.162850655469254 -1.701434398684945 0 -2.120823218174662 -1.731546363892827 0 -2.079547745333918 -1.81247531250921 0 -2.038738395227539 -1.796362656256619 0 -2.07931463607455 -1.762598056169177 0 -3.535510204072605 0 0 -3.512894259576655 -0.04180700851665368 0 -3.485714285705116 0 0 -3.512562615654546 -0.2499999999999197 0 -3.524074830417301 -0.2072284532449423 0 -3.481281307827274 -0.2249999999999598 0 -3.582385213334013 -0.08217364763270861 0 -3.558986129257034 -0.1233152770613367 0 -3.536331764207359 -0.08289383233300798 0 -1.85 -1.87901562500436 0 -1.892766770135409 -1.85432421875431 0 -1.85 -1.829632812504262 0 -1.998675236620911 -1.879015625004446 0 -1.998302140871035 -1.829632812504237 0 -1.967104388445864 -1.854324218754353 0 -2.206282454767071 -1.725185963981799 0 -2.121056327434029 -1.78142362023286 0 -2.039111490977414 -1.845745468756828 0 -3.558947708703309 -0.04108682381635431 0 -3.45 -0.2999999999998395 0 -3.481281307827274 -0.2749999999998796 0 -3.45 -0.2499999999999198 0 -3.59264989927559 -0.2496715494942003 0 -3.552606257465069 -0.24983577474706 0 -3.564118472227823 -0.2070642279920826 0 -3.614211672863388 -0.1589080471002616 0 -3.598298443098701 -0.1205408473664851 0 -3.574899359021722 -0.1616824767951132 0 -1.935533540270817 -1.92839843750463 0 -1.935533540270817 -1.879015625004445 0 -1.892766770135409 -1.903707031254495 0 -1.967104388445864 -1.903707031254538 0 -2.25 -1.800000000007559 0 -2.206282454767071 -1.775185963982035 0 -2.25 -1.750000000007323 0 -2.16316268992485 -1.852331553160387 0 -2.121355217629384 -1.832403432834798 0 -2.162863799729496 -1.801351740558448 0 -2.079238243657654 -1.911728626159458 0 -2.038956740139283 -1.895372125581952 0 -2.079392994495786 -1.862101969334334 0 -3.635102040807311 0 0 -3.608743627070662 -0.04108682381635431 0 -3.585306122439958 0 0 -3.538987703004502 -0.3394890388260932 0 -3.525775159329524 -0.2947445194130064 0 -3.494493851502251 -0.3197445194129663 0 -3.603430786069489 -0.204289798297231 0 -3.565818801140046 -0.2945802941601467 0 -3.689402361916843 -0.09865366004884468 0 -3.651807017390116 -0.1287808535745531 0 -3.635893787625428 -0.09041365384077665 0 -1.85 -1.977781250004901 0 -1.892766770135409 -1.953089843754765 0 -1.85 -1.92839843750463 0 -1.999969932921392 -1.976376694595702 0 -1.999322584771151 -1.927696159800074 0 -1.967751736596104 -1.952387566050166 0 -2.206581344962425 -1.826165776583973 0 -2.121200466791252 -1.882030089659922 0 -2.039604088289523 -1.94405266037758 0 -3.662252201362077 -0.04932683002442234 0 -3.45 -0.3999999999996898 0 -3.494493851502251 -0.3697445194128915 0 -3.45 -0.3499999999997647 0 -3.682160191173228 -0.2012076601516281 0 -3.648185932018309 -0.1800578536259448 0 -3.637405045224409 -0.2254396048229142 0 -3.613653735142778 -0.3291524704111095 0 -3.603151817209184 -0.2894120099526549 0 -3.57632071907364 -0.3343207546186013 0 -3.685781276545036 -0.1499306601002364 0 -1.935533540270667 -2.027164062504913 0 -1.935533540270742 -1.977781250004772 0 -1.892766770135334 -2.002472656254907 0 -1.96775173659603 -2.001770378550308 0 -2.25 -1.900000000008032 0 -2.206581344962425 -1.876165776584209 0 -2.25 -1.850000000007796 0 -2.16256549682763 -1.950371951265425 0 -2.16286409337624 -1.901351752212906 0 -2.120901870242642 -1.931050288712441 0 -2.079717666547188 -2.011459433491716 0 -2.03984379973429 -1.993918064043709 0 -2.079477955102421 -1.961594029825587 0 -3.734693877541986 0 0 -3.712048119729414 -0.04932683002442234 0 -3.684897959174648 0 0 -3.536894756442936 -0.4482896904900832 0 -3.537941229723719 -0.3938893646580882 0 -3.493447378221468 -0.4241448452448865 0 -3.680173444101263 -0.297199847039358 0 -3.636411671688426 -0.2734356982667792 0 -3.681166817637246 -0.249203753595493 0 -3.613675078112149 -0.4065210770273931 0 -3.613664406627463 -0.3678367737192513 0 -3.576331390558325 -0.3730050579267432 0 -3.64691358962202 -0.3131761587252337 0 -3.759400385161679 -0.164025279733425 0 -3.724401373539261 -0.1313394698911348 0 -3.720780288167454 -0.1826164699425266 0 -1.85 -2.076546875004924 0 -1.892766770135334 -2.051855468754919 0 -1.85 -2.027164062504912 0 -1.999087721771156 -2.076546875004945 0 -1.999528827346274 -2.026461784800324 0 -1.967310631020911 -2.051855468754929 0 -2.206282748413815 -1.925185975636728 0 -2.121141581687409 -1.98091569237857 0 -2.039402694159172 -2.044003154248331 0 -3.80642584809943 -0.08956976580380317 0 -3.770559862820708 -0.04478488290190159 0 -3.747914105008137 -0.09411171292632392 0 -3.45 -0.4999999999995401 0 -3.493447378221468 -0.4741448452448116 0 -3.45 -0.4499999999996149 0 -3.575284917277543 -0.4274053837587382 0 -3.764364727127278 -0.2494300805745448 0 -3.72226908561427 -0.2733149638069514 0 -3.723262459150253 -0.2253188703630865 0 -3.689700428395882 -0.3777997871358088 0 -3.65167708176933 -0.3534761287734591 0 -3.651687753254016 -0.392160432081601 0 -3.684936936248572 -0.3374998170875834 0 -3.761882556144478 -0.2067276801539849 0 -3.782913116630555 -0.1267975227686141 0 -1.935533540270767 -2.125929687505109 0 -1.935533540270717 -2.076546875005011 0 -1.892766770135383 -2.101238281255017 0 -1.967310631020962 -2.101238281255027 0 -2.25 -2.000000000008504 0 -2.206282748413815 -1.975185975636964 0 -2.25 -1.950000000008268 0 -2.163192631016305 -2.052166056358232 0 -2.121455148781747 -2.031812744924974 0 -2.162879063921968 -2.001269003811828 0 -2.079413626847809 -2.110736175375116 0 -2.039250674309483 -2.093641525190031 0 -2.079565646697499 -2.061097804433417 0 -3.834285714276843 0 0 -3.820355781188137 -0.04478488290190159 0 -3.784489795909415 0 0 -3.536552585632926 -0.5498923097897076 0 -3.536723671037931 -0.4990910001398954 0 -3.493276292816463 -0.5249461548946238 0 -3.618900172930099 -0.4996828850606936 0 -3.616287625521124 -0.4531019810440433 0 -3.577897464686518 -0.4739862877753884 0 -3.766922351267747 -0.3449975623735608 0 -3.765643539197512 -0.2972138214740528 0 -3.723547897684505 -0.3210987047064594 0 -3.681228828013825 -0.4547597108090692 0 -3.685464628204854 -0.416279748972439 0 -3.647451953062987 -0.4306403939182312 0 -3.728311389831815 -0.3613986747546848 0 -3.85 -0.2 0 -3.80470019258084 -0.1820126398667125 0 -3.807182363563639 -0.2247150402872724 0 -3.828212924049715 -0.1447848829019016 0 -1.85 -2.175312500005291 0 -1.892766770135383 -2.1506210937552 0 -1.85 -2.125929687505107 0 -2.00035301288802 -2.174034979697776 0 -1.999720367329588 -2.125290927351361 0 -1.967943276579394 -2.149982333601443 0 -2.206596315508153 -2.026083028183368 0 -2.121303128932058 -2.081451115866674 0 -2.039883319867915 -2.142385577536446 0 -3.897544362817023 -0.1042460305141106 0 -3.851985105458227 -0.0969078981589569 0 -3.865915038546933 -0.0521230152570553 0 -3.45 -0.5999999999993904 0 -3.493276292816463 -0.5749461548945489 0 -3.45 -0.5499999999994652 0 -3.577726379281513 -0.5247875974252005 0 -3.650064500471963 -0.4772212979348814 0 -3.85 -0.2987656249998174 0 -3.808461175633874 -0.3218815936866891 0 -3.807182363563639 -0.2740978527871811 0 -3.76296060960869 -0.4518287533737003 0 -3.726330519002286 -0.4148142702547546 0 -3.722094718811258 -0.4532942320913848 0 -3.764941480438218 -0.3984131578736306 0 -3.85 -0.2493828124999087 0 -3.873772181408512 -0.1521230152570553 0 -1.935533540270966 -2.224695312505476 0 -1.935533540270866 -2.175312500005292 0 -1.892766770135483 -2.200003906255383 0 -1.967943276579493 -2.199365146101626 0 -2.25 -2.100000000008977 0 -2.206596315508153 -2.076083028183604 0 -2.25 -2.05000000000874 0 -2.162566927974358 -2.150371770656598 0 -2.162879779495332 -2.101268913507415 0 -2.120990277411084 -2.130553973015857 0 -2.079906441794061 -2.210442492557468 0 -2.040129727341041 -2.192238736127622 0 -2.079660034320935 -2.160589333966293 0 -3.93387755101182 0 0 -3.915710956914421 -0.0521230152570553 0 -3.884081632644332 0 0 -3.535812761838971 -0.649719207828668 0 -3.536182673735949 -0.5998057588091879 0 -3.492906380919486 -0.6248596039140292 0 -3.618277291219381 -0.599589437426203 0 -3.61858873207474 -0.5496361612434483 0 -3.577414938426154 -0.5747408736079553 0 -3.709112078906375 -0.5497749687795451 0 -3.695170453460101 -0.5022673397943072 0 -3.664006125918237 -0.5247289269201193 0 -3.85 -0.3975312499996456 0 -3.808461175633874 -0.3712644061866033 0 -3.85 -0.3481484374997315 0 -3.736036344257532 -0.5008018610766227 0 -3.806480304804345 -0.424680001686673 0 -3.949142857143056 -0.2 0 -3.923343609980039 -0.1521230152570553 0 -3.899571428571528 -0.2 0 -1.85 -2.274078125005661 0 -1.892766770135483 -2.249386718755568 0 -1.85 -2.224695312505476 0 -1.999544010479684 -2.274078125005662 0 -1.999948511683852 -2.224056552351719 0 -1.967538775375325 -2.249386718755569 0 -2.206283463987179 -2.125185885332788 0 -2.121236684884209 -2.180407131607033 0 -2.039725226136873 -2.242260308781565 0 -3.991421879726162 -0.09943965960856099 0 -3.962649715368991 -0.0497198298042805 0 -3.944483121271593 -0.1018428450613358 0 -3.45 -0.6999999999992406 0 -3.492906380919486 -0.6748596039139543 0 -3.45 -0.6499999999993155 0 -3.577045026529176 -0.6246543226274355 0 -3.663694685062878 -0.574682203102874 0 -3.78813304903221 -0.5478994537748709 0 -3.77554682932045 -0.4998641035742857 0 -3.748622563969293 -0.5488372112772081 0 -3.85 -0.4962968749994197 0 -3.806480304804345 -0.47406281418656 0 -3.85 -0.4469140624995327 0 -3.970282368434609 -0.1497198298042805 0 -1.935533540270968 -2.323460937505847 0 -1.935533540270967 -2.274078125005661 0 -1.892766770135484 -2.298769531255754 0 -1.967538775375326 -2.298769531255755 0 -2.25 -2.200000000009362 0 -2.206283463987179 -2.17518588533298 0 -2.25 -2.150000000009169 0 -2.163226314977702 -2.251999486683584 0 -2.121566378385881 -2.231220989620526 0 -2.16289662147603 -2.201185628670091 0 -2.07960757158315 -2.309739223780559 0 -2.039575791031417 -2.291908674393111 0 -2.079757006688606 -2.260090858169014 0 -4.033469387746797 0 0 -4.01244563373648 -0.0497198298042805 0 -3.983673469379308 0 0 -3.536866087363932 -0.7495883450664361 0 -3.536339424601452 -0.6996537764475521 0 -3.493433043681966 -0.7247941725328384 0 -3.618174559315464 -0.6993523490442468 0 -3.618225925267422 -0.6494708932352249 0 -3.576993660577218 -0.6745357784364574 0 -3.683782330987711 -0.6484971264858997 0 -3.696447204947043 -0.5991360476327225 0 -3.651029811103546 -0.6240432819560514 0 -3.819066524516106 -0.5220981643871454 0 -3.768592556645991 -0.6465341717224424 0 -3.778362802839101 -0.5972168127486568 0 -3.738852317776183 -0.5981545702509938 0 -4.048285714286516 -0.2 0 -4.019853797006339 -0.1497198298042805 0 -3.998714285714786 -0.2 0 -1.85 -2.372843750006029 0 -1.892766770135484 -2.348152343755938 0 -1.85 -2.323460937505845 0 -2.000773773097561 -2.371691970999136 0 -2.000158891788622 -2.3228850480024 0 -1.968153656684265 -2.347576454252492 0 -2.206613157488851 -2.225999743346473 0 -2.121416943280426 -2.280869355232072 0 -2.040190672340356 -2.340715597389848 0 -4.086211405351766 -0.09239192713725546 0 -4.038816642538965 -0.09591579337290823 0 -4.059840396549282 -0.04619596356862773 0 -3.45 -0.7999999999989738 0 -3.493433043681966 -0.774794172532705 0 -3.45 -0.7499999999991072 0 -3.577520323339698 -0.7244703470553415 0 -3.650978445151588 -0.6739247377650733 0 -3.726187443816851 -0.6475156491041711 0 -3.85 -0.595062499999248 0 -3.819066524516106 -0.5714809768870595 0 -3.85 -0.5456796874993338 0 -3.809296278322996 -0.6207983358608452 0 -4.067248559819141 -0.1461959635686277 0 -1.935533540270853 -2.422226562506214 0 -1.93553354027091 -2.37284375000603 0 -1.892766770135426 -2.397535156256121 0 -1.968153656684207 -2.396959266752675 0 -2.25 -2.300000000008812 0 -2.206613157488851 -2.275999743346198 0 -2.25 -2.250000000009087 0 -2.162568775754185 -2.350371185768492 0 -2.162897545365944 -2.301185336226038 0 -2.121088173668668 -2.330055204774526 0 -2.080114206945221 -2.409400230833008 0 -2.040443990021391 -2.390546100916072 0 -2.079860889264186 -2.359569727306784 0 -4.133061224481775 0 0 -4.109636314916771 -0.04619596356862773 0 -4.083265306114286 0 0 -3.536188399614659 -0.8494838990571659 0 -3.536527243489295 -0.799536122061801 0 -3.493094199807329 -0.8247419495280699 0 -3.618687681194933 -0.79906039982086 0 -3.618431120255198 -0.7492063744325534 0 -3.577776884279432 -0.774324372443648 0 -3.704755168851351 -0.7472347054570623 0 -3.694268749919531 -0.6978659159714811 0 -3.661464864083408 -0.7232935272506545 0 -3.736673862748671 -0.6968844385897524 0 -3.85 -0.6938281249990871 0 -3.809296278322996 -0.6701811483607647 0 -3.85 -0.6444453124991676 0 -4.147428571429439 -0.2 0 -4.116819988390603 -0.1461959635686277 0 -4.097857142857977 -0.2 0 -1.85 -2.471609375006398 0 -1.892766770135426 -2.446917968756306 0 -1.85 -2.422226562506213 0 -2.000042730707353 -2.471609375006371 0 -2.000408251902457 -2.421650673002754 0 -1.967788135489103 -2.446917968756292 0 -2.206284387877092 -2.325185592888652 0 -2.121341491349703 -2.37988570830075 0 -2.040078468826287 -2.44050480291969 0 -4.19189552963829 -0.1017384651009966 0 -4.139053467495028 -0.09706519611912603 0 -4.162478377060033 -0.0508692325504983 0 -3.45 -0.8999999999986852 0 -3.493094199807329 -0.8747419495279256 0 -3.45 -0.8499999999988295 0 -3.577438040404796 -0.8242721494390129 0 -3.661721425023142 -0.7731475526389611 0 -3.788307477174818 -0.7432109374990064 0 -3.778450016910405 -0.6948725546107244 0 -3.746531323013085 -0.7452228214780343 0 -3.819153738587409 -0.7185195312490468 0 -4.169662050533865 -0.1508692325504983 0 -1.935533540270794 -2.52099218750645 0 -1.935533540270824 -2.471609375006332 0 -1.892766770135397 -2.496300781256424 0 -1.967788135489073 -2.49630078125641 0 -2.25 -2.400000000008175 0 -2.206284387877092 -2.375185592888334 0 -2.25 -2.350000000008493 0 -2.163263621726463 -2.451811109836922 0 -2.121688914335842 -2.430605670334965 0 -2.162916198740325 -2.401091147802707 0 -2.07982418180899 -2.508613887600089 0 -2.039933456258171 -2.49011163130323 0 -2.079969194377106 -2.459007059216549 0 -4.232653061216752 0 0 -4.212274295427521 -0.0508692325504983 0 -4.182857142849263 0 0 -3.537177474447445 -0.9496151135431936 0 -3.536682937031052 -0.8995495063001797 0 -3.493588737223723 -0.9248075567709394 0 -3.618665959050099 -0.8990368500579689 0 -3.618676820122516 -0.8490486249394145 0 -3.577427179332379 -0.8742603745575674 0 -3.683238075617594 -0.8472729098123831 0 -3.693996622234473 -0.7972538076347228 0 -3.650962878406264 -0.8231666548166217 0 -3.76890732243129 -0.8448642391609834 0 -3.778607399803055 -0.7940375883299949 0 -3.736831245641321 -0.7960494723090228 0 -3.85 -0.792593749998926 0 -3.819153738587409 -0.7679023437489663 0 -3.85 -0.7432109374990066 0 -4.246571428572687 -0.2 0 -4.219233479105489 -0.1508692325504983 0 -4.197000000001063 -0.2 0 -1.85 -2.570375000006506 0 -1.892766770135397 -2.545683593756478 0 -1.85 -2.520992187506452 0 -2.001896540024359 -2.568760062934552 0 -2.000969635365856 -2.520184718970462 0 -1.968715040147577 -2.544876125220501 0 -2.206631810863232 -2.425905554922549 0 -2.121543901767727 -2.480212498718505 0 -2.040860360916675 -2.538686975267321 0 -4.291899312784911 -0.09893094224045464 0 -4.262276187000832 -0.04946547112022733 0 -4.241897421211601 -0.1003347036707256 0 -3.45 -0.9999999999983968 0 -3.493588737223723 -0.9748075567707952 0 -3.45 -0.949999999998541 0 -3.577921716748772 -0.9243259818005812 0 -3.650952017333847 -0.873154879935176 0 -3.726072699024442 -0.8460685744866834 0 -3.809453661215645 -0.8187289945799547 0 -4.2692353706788 -0.1494654711202273 0 -1.935533540270779 -2.619757812506604 0 -1.935533540270787 -2.570375000006527 0 -1.89276677013539 -2.595066406256555 0 -1.968715040147569 -2.594258937720578 0 -2.25 -2.500000000007538 0 -2.206631810863232 -2.47590555492223 0 -2.25 -2.450000000007857 0 -2.162568732186925 -2.550370216126451 0 -2.162916176956695 -2.501090662981686 0 -2.121196456997958 -2.52949205186327 0 -2.080377498152086 -2.607590162015704 0 -2.041137019088223 -2.588175112475129 0 -2.080100839980538 -2.558102024807897 0 -4.332244897951728 0 0 -4.31207210536832 -0.04946547112022733 0 -4.28244897958424 0 0 -3.536520644447061 -1.049423167278617 0 -3.536849059447253 -0.9995191404109053 0 -3.493260322223531 -1.024711583638507 0 -3.619283402632285 -0.9989350766277287 0 -3.618974680841192 -0.9489859633428488 0 -3.578230438539865 -0.9742750950854612 0 -3.705174246560298 -0.9461683545650416 0 -3.694206161088946 -0.8967206321887125 0 -3.661920102805198 -0.9226026023115053 0 -3.737040784495794 -0.8955162968630125 0 -3.85 -0.8913593749987649 0 -3.809453661215645 -0.8681118070798741 0 -3.85 -0.8419765624988454 0 -4.345714285715847 -0.2 0 -4.318806799250379 -0.1494654711202273 0 -4.296142857144266 -0.2 0 -1.85 -2.669140625006702 0 -1.89276677013539 -2.644449218756653 0 -1.85 -2.619757812506604 0 -2.002077895722228 -2.667098251450871 0 -2.001987217873294 -2.617929157192712 0 -1.968805717996503 -2.643428031978738 0 -2.206284366093462 -2.525185108066994 0 -2.121473115169506 -2.578980189071078 0 -2.041227696937157 -2.637344206733288 0 -4.392132167151971 -0.1026767973312765 0 -4.342015739968441 -0.1008038697858656 0 -4.362188532551849 -0.05133839866563825 0 -3.45 -1.099999999998108 0 -3.493260322223531 -1.074711583638362 0 -3.45 -1.049999999998252 0 -3.577902023539673 -1.024179121953173 0 -3.662228824596292 -0.9725517155963852 0 -3.788669305143372 -0.9407421874986848 0 -3.778788313787332 -0.8928032133298341 0 -3.746921775851836 -0.9434552710318631 0 -3.819334652571686 -0.9160507812487249 0 -4.368923226433909 -0.1513383986656383 0 -1.929546285670392 -2.715159288009269 0 -1.932539912970586 -2.667458550257937 0 -1.889773142835196 -2.692149956507985 0 -1.96581209069631 -2.69112876973007 0 -2.25 -2.600000000006901 0 -2.206284366093462 -2.575185108066676 0 -2.25 -2.550000000007219 0 -2.161539889111734 -2.650225682238255 0 -2.12095869363191 -2.62890792212698 0 -2.16205431064933 -2.600297949182353 0 -2.082059127947939 -2.70428068425624 0 -2.042068511835084 -2.685689467853556 0 -2.081218313050013 -2.655935423135973 0 -4.431836734686705 0 0 -4.411984450919338 -0.05133839866563825 0 -4.382040816319217 0 0 -3.537416821399227 -1.149596595850635 0 -3.536968732923144 -1.099509881564626 0 -3.493708410699614 -1.124798297924372 0 -3.619064734446857 -1.098982837878042 0 -3.619174068539571 -1.048958957252885 0 -3.577792689446959 -1.074203002578329 0 -3.683644477203272 -1.046580315493474 0 -3.694409361881785 -0.9963743350292578 0 -3.651463939917779 -1.022757696060601 0 -3.76923734261391 -1.043462723442713 0 -3.778953323878642 -0.992102455470699 0 -3.737205794587104 -0.9948155390038773 0 -3.85 -0.9901249999986041 0 -3.819334652571686 -0.9654335937486445 0 -3.85 -0.9407421874986845 0 -4.44485714285852 -0.2 0 -4.418494655005246 -0.1513383986656383 0 -4.395285714287184 -0.2 0 -1.85 -2.767906250006897 0 -1.889773142835196 -2.741532769008083 0 -1.85 -2.718523437506799 0 -2.005656618688317 -2.760127200821537 0 -2.003867257205273 -2.713612726136204 0 -1.967601452179355 -2.737643244415404 0 -2.205769944555867 -2.625112841122578 0 -2.121799508529837 -2.677253183247248 0 -2.043857873318129 -2.732203942538889 0 -4.490656531999735 -0.09895223949076203 0 -4.461246633343221 -0.04947611974538102 0 -4.441394349575853 -0.1008145184110193 0 -3.45 -1.19999999999782 0 -3.493708410699614 -1.174798297924228 0 -3.45 -1.149999999997964 0 -3.578240777923042 -1.124289716864338 0 -3.651354605825064 -1.072781576685758 0 -3.726440909908591 -1.045021519468094 0 -3.809618671306955 -1.016793861720658 0 -4.467756837429128 -0.149476119745381 0 -1.930483732074907 -2.81440550579492 0 -1.93001500887265 -2.764782396902095 0 -1.890241866037454 -2.791155877900908 0 -1.968070175381612 -2.787266353308229 0 -2.25 -2.700000000006264 0 -2.205769944555867 -2.67511284112226 0 -2.25 -2.650000000006583 0 -2.162561941550217 -2.750369639023127 0 -2.162050915330976 -2.700297660630691 0 -2.122310534749078 -2.727325161639684 0 -2.082375028924635 -2.803835083738158 0 -2.044015823806476 -2.781981142279848 0 -2.082217078436288 -2.754057883997199 0 -4.531428571421682 0 0 -4.511042551710709 -0.04947611974538102 0 -4.481632653054193 0 0 -3.536681233654365 -1.249425548727129 0 -3.537049027526796 -1.199511072288882 0 -3.493340616827183 -1.224712774362474 0 -3.619623722405369 -1.198978281993062 0 -3.619344228426113 -1.148980559935552 0 -3.578520271902298 -1.174287438921848 0 -3.705462659763013 -1.145352584953844 0 -3.694553568483142 -1.095966450223659 0 -3.662263697104935 -1.122167711415943 0 -3.737350001188462 -1.094407654198279 0 -3.85 -1.088890624998356 0 -3.809618671306955 -1.066176674220535 0 -3.85 -1.03950781249848 0 -4.544000000002185 -0.2 0 -4.517328266000961 -0.149476119745381 0 -4.494428571430353 -0.2 0 -1.85 -2.866671875007266 0 -1.890241866037454 -2.840538690401093 0 -1.85 -2.817289062507081 0 -2.007397641789803 -2.855984391679775 0 -2.00652713023906 -2.808055796250656 0 -1.968940686932355 -2.835194948737348 0 -2.206280970775109 -2.725184819514696 0 -2.122468485237426 -2.777102361380642 0 -2.044886335357219 -2.829909737708967 0 -4.590631681243896 -0.1026074911376135 0 -4.540644106621816 -0.1007798653141878 0 -4.561030126332789 -0.05130374556880675 0 -3.45 -1.299999999997531 0 -3.493340616827183 -1.27471277436233 0 -3.45 -1.249999999997675 0 -3.578152478029867 -1.224201915360096 0 -3.662543191084191 -1.172165433473453 0 -3.788782837544608 -1.138273437498276 0 -3.779010090079259 -1.090868080470494 0 -3.747122748653811 -1.14181301122606 0 -3.819391418772304 -1.113582031248316 0 -4.56731584062304 -0.1513037455688068 0 -1.92870071416364 -2.912685780390247 0 -1.929592223119274 -2.863545643092583 0 -1.88935035708182 -2.889678827698757 0 -1.968049177976722 -2.884335086035011 0 -2.25 -2.800000000005626 0 -2.206280970775109 -2.775184819514377 0 -2.25 -2.750000000005945 0 -2.162067307593309 -2.850426340477249 0 -2.122221168258972 -2.827130712107704 0 -2.162314624571763 -2.800397989750188 0 -2.082068146750327 -2.903791758406141 0 -2.044732894270065 -2.879888075042959 0 -2.082221587837481 -2.85381342107215 0 -4.63102040815666 0 0 -4.610826044700278 -0.05130374556880675 0 -4.581224489789172 0 0 -3.537492301694151 -1.349607563173721 0 -3.537086767674258 -1.299516555950425 0 -3.493746150847076 -1.324803781585626 0 -3.619247926776429 -1.299029480292667 0 -3.619435824590899 -1.249003881142865 0 -3.577964580215397 -1.274227514509898 0 -3.684022337258508 -1.245506429041929 0 -3.694742498510761 -1.195429506997887 0 -3.651823029831939 -1.222242355517495 0 -3.769379142264708 -1.24212816013011 0 -3.779080989904658 -1.190200798814193 0 -3.73742090101386 -1.193740372541977 0 -3.85 -1.187656249998196 0 -3.819391418772304 -1.162964843748236 0 -3.85 -1.138273437498276 0 -4.643142857144809 -0.2 0 -4.616887269194352 -0.1513037455688068 0 -4.593571428573497 -0.2 0 -1.85 -2.965437500007634 0 -1.88935035708182 -2.939061640198941 0 -1.85 -2.91605468750745 0 -2.006397165071696 -2.95722652290907 0 -2.00689740343075 -2.906605457294423 0 -1.967548939617668 -2.934956151649659 0 -2.206033653796655 -2.825213170241438 0 -2.122067727171818 -2.877109049441696 0 -2.044232655911012 -2.930509140657606 0 -4.689206950807293 -0.09885136114297256 0 -4.660113679481977 -0.04942568057148629 0 -4.639919316025595 -0.100729426140293 0 -3.45 -1.399999999997243 0 -3.493746150847076 -1.374803781585482 0 -3.45 -1.349999999997387 0 -3.57837011423529 -1.324318521733194 0 -3.651635132017469 -1.272267954667298 0 -3.726700739761609 -1.24381729458602 0 -3.809689571132354 -1.214892205064153 0 -4.666174903976051 -0.1494256805714863 0 -1.930485916703385 -3.012344614509008 0 -1.929593315433513 -2.962515197449627 0 -1.890242958351692 -2.988891057258321 0 -1.96844154088754 -2.984785568709039 0 -2.25 -2.900000000004989 0 -2.206033653796655 -2.875213170241119 0 -2.25 -2.850000000005307 0 -2.162543270992242 -2.950371538809581 0 -2.162305289292775 -2.900398939643415 0 -2.122305708871284 -2.927081648607861 0 -2.082521922235332 -3.003390518856087 0 -2.044459543653514 -2.980308520882579 0 -2.082295034492829 -2.953591138631114 0 -4.730612244891637 0 0 -4.709909597849466 -0.04942568057148629 0 -4.680816326524148 0 0 -3.536712035910081 -1.449450300070227 0 -3.537102168802116 -1.399528931621974 0 -3.49335601795504 -1.424725150033735 0 -3.619738551652344 -1.399050738939343 0 -3.619493239214386 -1.349040109616005 0 -3.578615426673248 -1.374329151056532 0 -3.706398235083024 -1.342043637839961 0 -3.695210286170767 -1.293775033440945 0 -3.662823080929726 -1.320536559066314 0 -3.737888688673866 -1.292085898985035 0 -3.85 -1.286421874998035 0 -3.809689571132354 -1.264275017564072 0 -3.85 -1.237039062498115 0 -4.74228571428846 -0.2 0 -4.715746332547877 -0.1494256805714863 0 -4.692714285716635 -0.2 0 -1.85 -3.064203125007829 0 -1.890242958351692 -3.038273869758418 0 -1.85 -3.014820312507732 0 -2.007208648787688 -3.055162073613162 0 -2.006802906929692 -3.006194298261116 0 -1.968847282745537 -3.033753344061085 0 -2.206271635496121 -2.925185769407285 0 -2.122532596613787 -2.976881028832834 0 -2.04486528551151 -3.029276296234625 0 -4.789131195335839 -0.102536502940304 0 -4.739169073071567 -0.1006939320416383 0 -4.759871720113738 -0.051268251470152 0 -3.45 -1.499999999996954 0 -3.49335601795504 -1.474725150033591 0 -3.45 -1.449999999997098 0 -3.578225293781212 -1.424250519504785 0 -3.663068393367684 -1.370547188389652 0 -3.790177272045417 -1.335680989182126 0 -3.779778207155062 -1.288904574656118 0 -3.74828775356422 -1.338862313511044 0 -3.820088636022708 -1.311051432090081 0 -4.76570845481215 -0.151268251470152 0 -1.928694298592575 -3.110764737210687 0 -1.92959010764798 -3.061554675859847 0 -1.889347149296288 -3.087483931109258 0 -1.967951473690131 -3.082963405411924 0 -2.25 -3.000000000004352 0 -2.206271635496121 -2.975185769406966 0 -2.25 -2.95000000000467 0 -2.162995346569784 -3.050727410402244 0 -2.122758634402558 -3.027058964629166 0 -2.162769308781013 -3.000549474605913 0 -2.082048747403887 -3.103307512323913 0 -2.044628698095788 -3.079234792968538 0 -2.08228533481961 -3.05334901559 0 -4.830204081626613 0 0 -4.809667638481226 -0.051268251470152 0 -4.780408163259125 0 0 -3.537484022172795 -1.549621096696579 0 -3.537098029041438 -1.499535698383403 0 -3.493742011086398 -1.524810548346767 0 -3.617818586130856 -1.504590421028329 0 -3.6187785688916 -1.451820579983836 0 -3.577265311020469 -1.477020360549278 0 -3.694547069972803 -1.457153181350809 0 -3.700472652527913 -1.399598409595385 0 -3.657142810812574 -1.428101960145076 0 -3.775108982879352 -1.422623772944778 0 -3.782643127462385 -1.379152381063452 0 -3.740753608981188 -1.382333705392369 0 -3.85 -1.385187499997743 0 -3.820088636022708 -1.360434244589934 0 -3.85 -1.335804687497889 0 -4.841428571431174 -0.2 0 -4.815279883383507 -0.151268251470152 0 -4.791857142859817 -0.2 0 -1.85 -3.162968750008024 0 -1.889347149296288 -3.136866743609355 0 -1.85 -3.113585937507926 0 -2.00633388966452 -3.156135707841607 0 -2.006771269226104 -3.105648890727385 0 -1.967514094128548 -3.133450222526147 0 -2.206497673284892 -3.025363705203298 0 -2.122522046986836 -3.077017461363079 0 -2.044191318534204 -3.12972161008276 0 -4.88775736961484 -0.0987480639137932 0 -4.858980725620727 -0.04937403195689661 0 -4.83844428247534 -0.1006422834270486 0 -3.45 -1.599999999996666 0 -3.493742011086398 -1.574810548346623 0 -3.45 -1.54999999999681 0 -3.577651304151825 -1.527105758862454 0 -3.65618282805183 -1.480871801189569 0 -3.734828026426078 -1.439888477147794 0 -3.812554491439676 -1.403905636471261 0 -4.864592970523008 -0.1493740319568966 0 -1.930488000503558 -3.210287061967517 0 -1.929591149548067 -3.160525899589102 0 -1.890244000251779 -3.186627905987771 0 -1.968410945084039 -3.183211384904562 0 -2.25 -3.100000000003715 0 -2.206497673284892 -3.07536370520298 0 -2.25 -3.050000000004033 0 -2.162515987564099 -3.150378890578625 0 -2.162755667066941 -3.100553150490435 0 -2.122282367483993 -3.126843201451269 0 -2.082589103959215 -3.202932458396976 0 -2.044461496811868 -3.179534083119292 0 -2.082318925681552 -3.153119985360445 0 -4.92979591836159 0 0 -4.908776643988215 -0.04937403195689661 0 -4.879999999994102 0 0 -3.537303724709229 -1.650989728878806 0 -3.537393873441012 -1.600305412787693 0 -3.493651862354615 -1.625494864437736 0 -3.62069895556088 -1.611110957984013 0 -3.619258770845868 -1.557850689506171 0 -3.579091488866838 -1.580366027340296 0 -3.696279029274512 -1.5715497146293 0 -3.695413049623657 -1.514351447990054 0 -3.657048807702684 -1.538070067828814 0 -3.771368044212677 -1.525331606688627 0 -3.732957557092741 -1.491242394019718 0 -3.773238513546015 -1.473977689816703 0 -3.85 -1.483953124997409 0 -3.812554491439676 -1.453288448971093 0 -3.85 -1.434570312497576 0 -4.94057142857463 -0.2 0 -4.914164399094735 -0.1493740319568966 0 -4.891000000002903 -0.2 0 -1.85 -3.261734375008307 0 -1.890244000251779 -3.236010718487912 0 -1.85 -3.212351562508165 0 -2.006974538740198 -3.254360403537391 0 -2.006654214202359 -3.205248055689499 0 -1.968731269621878 -3.232323732752454 0 -2.206257993782049 -3.12518944529117 0 -2.122552545761657 -3.176655674487801 0 -2.044781821349707 -3.228646430967184 0 -4.987630709427753 -0.1024638327393594 0 -4.937694039521297 -0.1006059483265763 0 -4.958713313894672 -0.0512319163696797 0 -3.45 -1.699999999996377 0 -3.493651862354615 -1.675494864437592 0 -3.45 -1.649999999996522 0 -3.579001340135055 -1.63105034343141 0 -3.658488992417696 -1.591330336306656 0 -3.733823536743595 -1.548440660658964 0 -3.810684022106339 -1.504642365843018 0 -4.964101069001192 -0.1512319163696797 0 -1.928691085637473 -3.308856796384421 0 -1.929589543070516 -3.259571929175969 0 -1.889345542818737 -3.285295585696364 0 -1.967832812188835 -3.281608599960906 0 -2.25 -3.200000000003078 0 -2.206257993782049 -3.175189445290852 0 -2.25 -3.150000000003397 0 -2.163566864276141 -3.250868086548127 0 -2.123077984117678 -3.226900272472553 0 -2.16304142592012 -3.200623488563377 0 -2.081934901822039 -3.302859654448667 0 -2.044454720281118 -3.27861002899303 0 -2.082262002890627 -3.252896056422823 0 -5.02938775509657 0 0 -5.008509232262162 -0.0512319163696797 0 -4.97959183672908 0 0 -3.537221002208065 -1.7496340141149 0 -3.537262363458647 -1.700311871496853 0 -3.493610501104032 -1.724817007055639 0 -3.620680666707924 -1.71205314025949 0 -3.620689811134402 -1.661582049121752 0 -3.578992195708577 -1.681521434569148 0 -3.696601467198505 -1.675033606871805 0 -3.696440248236509 -1.623291660750553 0 -3.658650211379693 -1.643072282427909 0 -3.764466459729642 -1.632101562496908 0 -3.730372744502077 -1.601825638563104 0 -3.76791725197116 -1.578716584592768 0 -3.85 -1.582718749997075 0 -3.810684022106339 -1.554025178342851 0 -3.85 -1.533335937497242 0 -5.039714285717582 -0.2 0 -5.013672497572667 -0.1512319163696797 0 -4.990142857146106 -0.2 0 -1.85 -3.360500000008588 0 -1.889345542818737 -3.334678398196504 0 -1.85 -3.311117187508447 0 -2.006175971871317 -3.355334623682901 0 -2.006575255305758 -3.304847513610147 0 -1.967433528754395 -3.332095710033661 0 -2.206783432138071 -3.225434043275603 0 -2.12275088304909 -3.276863870498398 0 -2.044055436846678 -3.329097139065785 0 -5.086307788422319 -0.09864234780324607 0 -5.057847771759445 -0.04932117390162304 0 -5.036969248925036 -0.1005530902713027 0 -3.45 -1.799999999996089 0 -3.493610501104032 -1.774817007055494 0 -3.45 -1.749999999996233 0 -3.578950834457995 -1.730843577187195 0 -3.658641066953215 -1.693543373565648 0 -3.730533963464073 -1.653567584684356 0 -3.807233229864821 -1.607410156246992 0 -5.063011037069951 -0.1493211739016231 0 -1.93049791278326 -3.408240263050795 0 -1.929594499210367 -3.358548529717608 0 -1.89024895639163 -3.384370131529692 0 -1.968336942327289 -3.381787443366848 0 -2.25 -3.300000000002441 0 -2.206783432138071 -3.275434043275284 0 -2.25 -3.25000000000276 0 -2.162507631573876 -3.350392425840678 0 -2.163037247925009 -3.300630256194403 0 -2.122221266697958 -3.326626040144673 0 -2.082086295898379 -3.402592490527515 0 -2.044131133884848 -3.378963557105209 0 -2.082010598860209 -3.352726072488092 0 -5.128979591831545 0 0 -5.107643690126933 -0.04932117390162304 0 -5.079183673464057 0 0 -3.535333209736719 -1.853613040139129 0 -3.536277105972392 -1.801623527127015 0 -3.49266660486836 -1.826806520067609 0 -3.61929855512577 -1.81326422728771 0 -3.619989610916847 -1.7626586837736 0 -3.578259778666918 -1.781449120701305 0 -3.69836794942049 -1.777037234864606 0 -3.697484708309498 -1.726035420868206 0 -3.659524308064207 -1.744545187562048 0 -3.764466459729611 -1.730867187496637 0 -3.730533963464058 -1.702950397184221 0 -3.764466459729627 -1.681484374996773 0 -3.85 -1.68148437499674 0 -3.807233229864821 -1.656792968746824 0 -3.85 -1.632101562496908 0 -5.138857142860455 -0.2 0 -5.112582465641387 -0.1493211739016231 0 -5.089285714289018 -0.2 0 -1.85 -3.45926562500835 0 -1.89024895639163 -3.433752944029573 0 -1.85 -3.409882812508469 0 -2.006871096346556 -3.455098134148624 0 -2.006523534108937 -3.405216378915763 0 -1.968684504564908 -3.431669198599709 0 -2.206253815786938 -3.32519621292156 0 -2.122296963736128 -3.376492458184097 0 -2.044478696122468 -3.42884531233807 0 -5.186130223519553 -0.1023894805349087 0 -5.136219005970936 -0.1005159141690774 0 -5.157554907675549 -0.05119474026745435 0 -3.45 -1.8999999999958 0 -3.49266660486836 -1.876806520067464 0 -3.45 -1.849999999995944 0 -3.577315882431245 -1.83343863371342 0 -3.65883325227313 -1.795150731076158 0 -3.731417204575052 -1.753952211180621 0 -3.807233229864806 -1.706175781246689 0 -5.162493683190004 -0.1511947402674544 0 -1.933057445974306 -3.508548671384665 0 -1.931777679378783 -3.45839446721773 0 -1.891528722987153 -3.483907148196508 0 -1.969964271160431 -3.481823402766644 0 -2.25 -3.400000000001803 0 -2.206253815786938 -3.375196212921241 0 -2.25 -3.350000000002122 0 -2.161428919652176 -3.450233710375606 0 -2.121757607775278 -3.426413100451561 0 -2.161968275613026 -3.400313068108142 0 -2.081036931650734 -3.503801358683436 0 -2.043954013998646 -3.47944974641603 0 -2.081561613774557 -3.453196924605476 0 -5.228571428566523 0 0 -5.207350826043038 -0.05119474026745435 0 -5.178775510199034 0 0 -3.536639401606083 -1.949972262891696 0 -3.535986305671401 -1.901792651515413 0 -3.493319700803042 -1.924986131443748 0 -3.618840299480397 -1.908807736548579 0 -3.577086754608558 -1.881210388343854 0 -3.619069427303083 -1.861035981918144 0 -3.698529610887749 -1.876416139490781 0 -3.69844878015412 -1.826726687177693 0 -3.658914083006759 -1.844840183389246 0 -3.764466459729586 -1.829632812496434 0 -3.731417204575038 -1.80333502368052 0 -3.764466459729599 -1.780249999996536 0 -3.85 -1.780249999996536 0 -3.807233229864806 -1.755558593746587 0 -3.85 -1.730867187496638 0 -5.23800000000399 -0.2 0 -5.212065111761772 -0.1511947402674544 0 -5.188428571432222 -0.2 0 -1.85 -3.558031250008024 0 -1.891528722987153 -3.533289960696345 0 -1.85 -3.508648437508187 0 -2.00582608248417 -3.556761317982486 0 -2.006348589415364 -3.505929726065555 0 -1.969441764229238 -3.532654994683575 0 -2.205714459826088 -3.425116855188705 0 -2.121232925651455 -3.477017534529521 0 -2.043431507067453 -3.530281338332961 0 -5.284858207229743 -0.09853421281132207 0 -5.256714817898134 -0.04926710640566104 0 -5.235494215374649 -0.1004618466731154 0 -3.45 -1.999999999995512 0 -3.493319700803042 -1.974986131443604 0 -3.45 -1.949999999995656 0 -3.57773985054324 -1.929389999720137 0 -3.658684955184073 -1.89261193801968 0 -3.731498035308667 -1.853024475993608 0 -3.807233229864793 -1.804941406246485 0 -5.261429103616868 -0.149267106405661 0 -1.935533540270403 -3.607414062507948 0 -1.934295493122355 -3.557981366946307 0 -1.892766770135202 -3.582722656257986 0 -1.970679811377287 -3.582087690245217 0 -2.25 -3.500000000001166 0 -2.205714459826088 -3.475116855188386 0 -2.25 -3.450000000001484 0 -2.162582957925186 -3.550403419676797 0 -2.162005938788681 -3.500318565026202 0 -2.121809944787961 -3.527102389180117 0 -2.081361172353532 -3.60324498398646 0 -2.043593627418852 -3.580003150984473 0 -2.081199052002134 -3.553523171334948 0 -5.3281632653015 0 0 -5.306510736265622 -0.04926710640566104 0 -5.278367346934012 0 0 -3.536632553675398 -2.050092805581018 0 -3.53663597764074 -2.000032534236357 0 -3.493316276837699 -2.025046402788265 0 -3.617273050437884 -2.003730559248298 0 -3.61805667495914 -1.956269147898438 0 -3.576956226021983 -1.976851411069997 0 -3.696442525441622 -1.969837249598458 0 -3.697486068164686 -1.923126694544619 0 -3.65764141246101 -1.939322493073518 0 -3.766413071889664 -1.927887685526569 0 -3.732471341388707 -1.902151912508675 0 -3.765439765809625 -1.878760249011501 0 -3.85 -1.879015624996332 0 -3.807233229864793 -1.854324218746383 0 -3.85 -1.829632812496434 0 -5.337142857146501 -0.2 0 -5.311000532188123 -0.149267106405661 0 -5.287571428575246 -0.2 0 -1.85 -3.656796875007873 0 -1.892766770135202 -3.632105468757911 0 -1.85 -3.607414062507948 0 -2.007059791248512 -3.655245369462714 0 -2.006442936866342 -3.6060033437226 0 -1.971296665759458 -3.631329715985331 0 -2.206291478962593 -3.525201709838981 0 -2.121972065139359 -3.576824201831629 0 -2.044210481801022 -3.629245176724587 0 -5.384629737611252 -0.1023134463268231 0 -5.334743972420498 -0.1004238295690726 0 -5.356396501456376 -0.05115672316341155 0 -3.45 -2.099999999995223 0 -3.493316276837699 -2.075046402788121 0 -3.45 -2.049999999995368 0 -3.576952802056641 -2.026911682414658 0 -3.656857787939753 -1.986783904423378 0 -3.731427798665643 -1.948862467562513 0 -3.808206535944832 -1.90345165526145 0 -5.360886297378877 -0.1511567231634116 0 -1.935533540270389 -3.706179687507752 0 -1.935533540270396 -3.65679687500785 0 -1.892766770135195 -3.681488281257812 0 -1.97129666575945 -3.680712528485233 0 -2.25 -3.600000000000529 0 -2.206291478962593 -3.575201709838663 0 -2.25 -3.550000000000848 0 -2.162852175015188 -3.650643699907715 0 -2.12210667368436 -3.626944341947088 0 -2.162717566470187 -3.600523559792256 0 -2.079762351397969 -3.702330894888477 0 -2.043411071323241 -3.678788132175596 0 -2.080561761875751 -3.652787939437469 0 -5.427755102036317 0 0 -5.406192419823785 -0.05115672316341155 0 -5.377959183668908 0 0 -3.536647339625025 -2.150253848123347 0 -3.536639946650212 -2.100173326852182 0 -3.493323669812512 -2.125126924059285 0 -3.623221662845905 -2.100682246180992 0 -3.620247356641895 -2.052206402714645 0 -3.579927108260652 -2.075387525881005 0 -3.68853744793611 -2.052908036902255 0 -3.692489986688867 -2.011372643250357 0 -3.652905249186997 -2.028319298075277 0 -3.768877290326341 -2.02171932513477 0 -3.732659907883982 -1.995778287366614 0 -3.767645181108002 -1.974803505330669 0 -3.85 -1.977781249995997 0 -3.808206535944832 -1.952834467761283 0 -3.85 -1.928398437496164 0 -5.436285714289967 -0.2 0 -5.41045772595061 -0.1511567231634116 0 -5.386714285718234 -0.2 0 -1.85 -3.755562500007634 0 -1.892766770135195 -3.730871093757693 0 -1.85 -3.706179687507754 0 -2.006963257990673 -3.754271337877607 0 -2.007011524619593 -3.704758353670161 0 -1.971248399130531 -3.73022551269268 0 -2.206426087507594 -3.625321849954122 0 -2.121307263206579 -3.676487297398096 0 -2.043362804694322 -3.728301116383042 0 -5.483408626037067 -0.09842365893810957 0 -5.455581864036692 -0.04921182946905479 0 -5.43401918182416 -0.1003685526324663 0 -3.45 -2.199999999994934 0 -3.493323669812512 -2.17512692405914 0 -3.45 -2.149999999995079 0 -3.579934501235465 -2.125468047152169 0 -3.655879555391008 -2.076795141541624 0 -3.728707369131226 -2.037313681018513 0 -3.809438645163171 -1.999750287565383 0 -5.459847170163518 -0.1492118294690548 0 -1.935533540270365 -3.804945312507471 0 -1.935533540270377 -3.755562500007612 0 -1.892766770135183 -3.780253906257553 0 -1.971248399130519 -3.779608325192539 0 -2.25 -3.699999999999978 0 -2.206426087507594 -3.675321849953846 0 -2.25 -3.650000000000253 0 -2.162822155428251 -3.750384969264536 0 -2.16283716522172 -3.700514334586126 0 -2.12129225341311 -3.726357932076507 0 -2.080041695151388 -3.801991598885945 0 -2.043502476571031 -3.778131468381776 0 -2.079902023274679 -3.752161246887211 0 -5.527346938770991 0 0 -5.50537778240403 -0.04921182946905479 0 -5.477551020403654 0 0 -3.536504695879881 -2.250083825369233 0 -3.536576017752453 -2.20016883674629 0 -3.493252347939941 -2.225041912682084 0 -3.622883482410614 -2.200356710575524 0 -3.623052572628259 -2.150519478378258 0 -3.579765411017819 -2.175305279349435 0 -3.68715328834752 -2.150736962445784 0 -3.687845368141815 -2.10182249967402 0 -3.655187475596712 -2.125709604313388 0 -3.768325152258826 -2.115188585917385 0 -3.728431300097468 -2.084048311409821 0 -3.768601221292584 -2.068453955526078 0 -3.85 -2.076546874995707 0 -3.809438645163171 -2.049133100065238 0 -3.85 -2.027164062495852 0 -5.535428571432909 -0.2 0 -5.509418598734989 -0.1492118294690548 0 -5.485857142861438 -0.2 0 -1.85 -3.854328125007308 0 -1.892766770135183 -3.829636718757389 0 -1.85 -3.804945312507471 0 -2.00682233320074 -3.853383658468148 0 -2.006892795595707 -3.803827498172878 0 -1.971177936735553 -3.82916448548781 0 -2.206411077714125 -3.725192484632257 0 -2.121431925289819 -3.776188284075241 0 -2.043432014176064 -3.827687628677046 0 -5.583129251702839 -0.1022357301151312 0 -5.533268938869954 -0.1003296945266204 0 -5.555238095236914 -0.0511178650575656 0 -3.45 -2.299999999995114 0 -3.493252347939941 -2.275041912682173 0 -3.45 -2.249999999995024 0 -3.579694089145248 -2.225220267972379 0 -3.655018385379067 -2.175546836510654 0 -3.727739220303174 -2.132962774181585 0 -3.809162576129413 -2.095867730456546 0 -5.559278911567874 -0.1511178650575656 0 -1.935533540270366 -3.903710937507151 0 -1.935533540270366 -3.854328125007311 0 -1.892766770135183 -3.879019531257229 0 -1.971177936735553 -3.878547297987649 0 -2.25 -3.800000000000364 0 -2.206411077714125 -3.77519248463245 0 -2.25 -3.750000000000171 0 -2.163467885037055 -3.850587875443029 0 -2.121754790094221 -3.826289737164487 0 -2.163145020232653 -3.800486422353782 0 -2.079251877208367 -3.901369358482451 0 -2.043037105204554 -3.8773765084753 0 -2.079646786179878 -3.851680478684198 0 -5.626938775505735 0 0 -5.605034013604287 -0.0511178650575656 0 -5.577142857138363 0 0 -3.53655258563321 -2.349892309785433 0 -3.536528640756545 -2.299988067577333 0 -3.493276292816605 -2.324946154890274 0 -3.622944767610432 -2.300000083741045 0 -3.622914125010523 -2.250178397158284 0 -3.579724731745157 -2.275041954555139 0 -3.687209193988536 -2.250138852770895 0 -3.687181241168028 -2.20043790760834 0 -3.655046338199575 -2.225247781673209 0 -3.767215900299242 -2.21660951086622 0 -3.727184594323381 -2.183673236656002 0 -3.767770526279034 -2.165899048391803 0 -3.85 -2.175312499995372 0 -3.809162576129413 -2.145250542956378 0 -3.85 -2.12592968749554 0 -5.634571428575737 -0.2 0 -5.608850340139288 -0.1511178650575656 0 -5.585000000004323 -0.2 0 -1.85 -3.953093750006983 0 -1.892766770135183 -3.928402343757067 0 -1.85 -3.903710937507145 0 -2.006224583956409 -3.952722243418245 0 -2.006523458578575 -3.903052950943197 0 -1.970879062113387 -3.928216590462698 0 -2.206733942518528 -3.825293937721697 0 -2.121359881122712 -3.87597861696274 0 -2.042738230582389 -3.927045800950348 0 -5.681959044843959 -0.09831068618330008 0 -5.654448910174848 -0.04915534309165005 0 -5.632544148273399 -0.1002732081492156 0 -3.45 -2.39999999999538 0 -3.493276292816605 -2.374946154890407 0 -3.45 -2.349999999995247 0 -3.579748676621821 -2.324946196763239 0 -3.655076980799484 -2.27506946825597 0 -3.727212547143889 -2.233374181818558 0 -3.808607950149621 -2.195961005430796 0 -5.658265236709848 -0.14915534309165 0 -1.935533540270366 -4.002476562506865 0 -1.935533540270366 -3.953093750007008 0 -1.892766770135183 -3.977785156256924 0 -1.970879062113387 -3.977599402962555 0 -2.25 -3.900000000000837 0 -2.206733942518528 -3.875293937721933 0 -2.25 -3.8500000000006 0 -2.163133608048061 -3.950411896710785 0 -2.163300746542558 -3.900499886076907 0 -2.121192742628215 -3.925890627596618 0 -2.079728130539515 -4.000982788916559 0 -2.042976357247962 -3.976852516167403 0 -2.079490003873941 -3.951176073699505 0 -5.726530612240714 0 0 -5.704244828542336 -0.04915534309165005 0 -5.676734693873224 0 0 -3.536599691519928 -2.449728200610494 0 -3.536576138576569 -2.399810255197964 0 -3.493299845759964 -2.424864100302937 0 -3.622998869303594 -2.399643394136635 0 -3.622971818457013 -2.34982173893884 0 -3.579775727468402 -2.374767851961034 0 -3.688780306927874 -2.351004976261367 0 -3.687994750458205 -2.300571914516131 0 -3.655862537269153 -2.325502530001207 0 -3.768190700187775 -2.313021154299713 0 -3.727699947088156 -2.281580003535304 0 -3.767703300243509 -2.264815332582967 0 -3.85 -2.27407812499495 0 -3.808607950149621 -2.245343817930585 0 -3.85 -2.224695312495161 0 -5.73371428571802 -0.2 0 -5.70783666528099 -0.14915534309165 0 -5.684142857146878 -0.2 0 -1.85 -4.051859375006744 0 -1.892766770135183 -4.027167968756805 0 -1.85 -4.002476562506864 0 -2.005908377045167 -4.051325810137856 0 -2.006066480500788 -4.00202402677805 0 -1.970720958657767 -4.026901186322361 0 -2.20656680402403 -3.925205948355811 0 -2.121430869293788 -3.975697342813672 0 -2.042818253792341 -4.026154299527208 0 -5.78162876579385 -0.1021563318997795 0 -5.731793905318905 -0.1002335090415398 0 -5.754079689017281 -0.05107816594988975 0 -3.45 -2.499999999995647 0 -3.493299845759964 -2.47486410030307 0 -3.45 -2.449999999995514 0 -3.579799280411761 -2.424685797373565 0 -3.655889588115734 -2.375324185199001 0 -3.728485503557825 -2.332013065280541 0 -3.809095350093888 -2.293549639647332 0 -5.757671525755935 -0.1510781659498898 0 -1.929006719579715 -4.097657317647647 0 -1.93227012992504 -4.050066940077256 0 -1.889503359789857 -4.074758346327195 0 -1.967457548312441 -4.074491563892752 0 -2.25 -4.000000000001205 0 -2.20656680402403 -3.975205948355995 0 -2.25 -3.950000000001021 0 -2.163898773754223 -4.050321237031582 0 -2.121813452146869 -4.025652012974072 0 -2.163516190901142 -4.000366566871184 0 -2.079992013664163 -4.100652101675951 0 -2.042950195354665 -4.075988955906904 0 -2.079860072101839 -4.050817445296255 0 -5.826122448975692 0 0 -5.803875607384771 -0.05107816594988975 0 -5.776326530608203 0 0 -3.536866087364482 -2.549588345062871 0 -3.536732889442205 -2.499658272836682 0 -3.493433043682241 -2.524794172529259 0 -3.623180606818283 -2.499245154687001 0 -3.623089738060938 -2.449444274411818 0 -3.579890149169105 -2.474486677648748 0 -3.687604027374185 -2.449326558956423 0 -3.68819216715103 -2.400165767608895 0 -3.65530144833889 -2.424484976546529 0 -3.767322293381766 -2.41466992801513 0 -3.72805130015482 -2.382837452138249 0 -3.767756496784771 -2.363845541157422 0 -3.85 -2.372843749994616 0 -3.809095350093888 -2.342932452147165 0 -3.85 -2.323460937494783 0 -5.832857142860663 -0.2 0 -5.807242954327256 -0.1510781659498898 0 -5.783285714289342 -0.2 0 -1.85 -4.15062500000642 0 -1.889503359789857 -4.124141158827034 0 -1.85 -4.101242187506582 0 -2.004902986125471 -4.150591544501419 0 -2.005405681585319 -4.100958677319638 0 -1.966954852852593 -4.124124431074534 0 -2.206949386877112 -4.025160618516394 0 -2.121945393709193 -4.075486669353767 0 -2.042447499894817 -4.125621823088686 0 -5.880509463650776 -0.09819529454724833 0 -5.853315956313234 -0.04909764727362417 0 -5.831069114722313 -0.1001758132235139 0 -3.45 -2.599999999995913 0 -3.493433043682241 -2.574794172529392 0 -3.45 -2.54999999999578 0 -3.580023347091382 -2.524416749874936 0 -3.655392317096235 -2.474285856821712 0 -3.727463160377976 -2.431998243485777 0 -3.808661146690883 -2.393756839004873 0 -5.85668330325572 -0.1490976472736242 0 -1.928450864080688 -4.198678706471531 0 -1.928728791830201 -4.148168012059589 0 -1.889225432040344 -4.174651853238975 0 -1.96667692510308 -4.174635125486475 0 -2.25 -4.100000000000637 0 -2.206949386877112 -4.07516061851611 0 -2.25 -4.050000000000921 0 -2.163448005313287 -4.150107835389499 0 -2.163673389533755 -4.100214536210541 0 -2.121720009488725 -4.125379968532725 0 -2.079592430030561 -4.200671365167265 0 -2.042247708078016 -4.175631454834342 0 -2.079792221847362 -4.150661733421608 0 -5.925714285710669 0 0 -5.903111874680723 -0.04909764727362417 0 -5.87591836734318 0 0 -3.53718762221135 -2.649525551695994 0 -3.537026854787916 -2.599556948379433 0 -3.493593811105675 -2.624762775845953 0 -3.62351401200139 -2.599034120659633 0 -3.623347309409836 -2.549139637673317 0 -3.580190049682936 -2.574311232861252 0 -3.689211139322086 -2.550065050158996 0 -3.688407583348136 -2.499695804557709 0 -3.656195873070184 -2.524655102422999 0 -3.768381107163111 -2.511268071168172 0 -3.727992567268649 -2.480297315062297 0 -3.767851700272439 -2.462968999591651 0 -3.85 -2.471609374994281 0 -3.808661146690883 -2.443139651504706 0 -3.85 -2.422226562494449 0 -5.932000000003645 -0.2 0 -5.906254731827211 -0.1490976472736242 0 -5.882428571432154 -0.2 0 -1.85 -4.249390625006441 0 -1.889225432040344 -4.224034665738986 0 -1.85 -4.200007812506431 0 -2.006159551404703 -4.251404460500496 0 -2.005531268765087 -4.200998002500958 0 -1.967305207742696 -4.225041583486014 0 -2.206724002656643 -4.125053917695068 0 -2.121520217671924 -4.175389600278383 0 -2.042875990717632 -4.226037912833881 0 -5.980128279885048 -0.1020752516808883 0 -5.930318871767913 -0.1001352731140683 0 -5.952921282797858 -0.05103762584044415 0 -3.45 -2.69999999999618 0 -3.493593811105675 -2.674762775846087 0 -3.45 -2.649999999996047 0 -3.58035081710637 -2.624279836177814 0 -3.656362575661738 -2.574549585409315 0 -3.728796123242599 -2.530666560663584 0 -3.809190553581556 -2.491438723081226 0 -5.956064139944346 -0.1510376258404442 0 -1.930795905169279 -4.302675103359451 0 -1.929623384624984 -4.25067690491549 0 -1.890397952584639 -4.276032864182946 0 -1.968477728286991 -4.277039781929973 0 -2.25 -4.2 0 -2.206724002656643 -4.17505391769475 0 -2.25 -4.150000000000318 0 -2.162731656724261 -4.254209762668962 0 -2.121162043377411 -4.227440563918114 0 -2.163089831018774 -4.202158799029231 0 -2.084272910645335 -4.304956668144081 0 -2.045216231025019 -4.278180564322289 0 -2.081932670337948 -4.252814016655673 0 -6.025306122445643 0 0 -6.002717201165345 -0.05103762584044415 0 -5.975510204078155 0 0 -3.537177474448264 -2.749615113540731 0 -3.537182548329807 -2.699570332618363 0 -3.493588737224132 -2.724807556768456 0 -3.61829339253834 -2.70218606636302 0 -3.620903702269865 -2.650610093511327 0 -3.577740507374845 -2.675855809029507 0 -3.691007171633693 -2.651892476176208 0 -3.69010915547789 -2.600978763167602 0 -3.657260591817542 -2.625463298417921 0 -3.767509810878407 -2.61270343919756 0 -3.728360475100247 -2.581384244678278 0 -3.767945459020759 -2.561985755182866 0 -3.85 -2.57037499999412 0 -3.809190553581556 -2.540821535581146 0 -3.85 -2.5209921874942 0 -6.031142857145808 -0.2 0 -6.005635568515428 -0.1510376258404442 0 -5.981571428574727 -0.2 0 -1.85 -4.348156250006115 0 -1.890397952584639 -4.325415676682782 0 -1.85 -4.298773437506278 0 -2.008942212376887 -4.350853375359244 0 -2.007550881890795 -4.301128917929871 0 -1.969869058773083 -4.326764239359347 0 -2.206365828362131 -4.227104881334482 0 -2.123502283684798 -4.279583215406522 0 -2.046607561511111 -4.327905021751663 0 -6.07905988245752 -0.09807748402972008 0 -6.052183002451581 -0.04903874201486005 0 -6.029594081171284 -0.1000763678553042 0 -3.45 -2.799999999996446 0 -3.493588737224132 -2.774807556768589 0 -3.45 -2.749999999996313 0 -3.577735433493302 -2.725900589951876 0 -3.654650282086017 -2.677039271269614 0 -3.729258491256051 -2.632297957686884 0 -3.808754905439204 -2.59153921959584 0 -6.055101369801664 -0.1490387420148601 0 -1.931403791795204 -4.400255069788239 0 -1.931099848482241 -4.351465086573844 0 -1.890701895897602 -4.374205659897177 0 -1.970173002086046 -4.375554222573742 0 -2.250477332060335 -4.307548289989994 0 -2.250238666030167 -4.253774144994997 0 -2.206604494392298 -4.280879026329478 0 -2.162177859962374 -4.371320772627504 0 -2.162454758343317 -4.312765267648233 0 -2.123225385303854 -4.338138720385793 0 -2.080084826309296 -4.389631767387182 0 -2.082178868477316 -4.347294217765632 0 -2.044513519343092 -4.370242571373213 0 -6.124897959180622 0 0 -6.101978920819072 -0.04903874201486005 0 -6.075102040813132 0 0 -3.536307581313141 -2.850055278968001 0 -3.536742527880703 -2.799835196254366 0 -3.493153790656571 -2.825027639482224 0 -3.618005023824736 -2.802727746773544 0 -3.618149208181538 -2.752456906568282 0 -3.5775912491365 -2.776171430157137 0 -3.6924174691272 -2.754893849764835 0 -3.691712320380447 -2.703393162970522 0 -3.65535543083277 -2.728539958063927 0 -3.770832012015617 -2.713365099786432 0 -3.730919591824656 -2.682628787981321 0 -3.769170911447012 -2.663034269491996 0 -3.85 -2.669140624993873 0 -3.808754905439204 -2.640922032095717 0 -3.85 -2.619757812493996 0 -6.130285714288664 -0.2 0 -6.104672798373093 -0.1490387420148601 0 -6.080714285717236 -0.2 0 -1.85 -4.44692187500579 0 -1.890701895897602 -4.423588472397014 0 -1.85 -4.397539062505953 0 -2.016785908081265 -4.457816760416807 0 -2.012864060229076 -4.404335067888026 0 -1.974094849938234 -4.429035915102522 0 -2.323192464173776 -4.273212364944607 0 -2.286596232086889 -4.236606182472304 0 -2.286834898117056 -4.290380327467301 0 -2.206327596011354 -4.33943453130875 0 -2.121131343135835 -4.380476270007344 0 -2.048435367195281 -4.423724263901995 0 -6.17862779397603 -0.1019924894582957 0 -6.128843838216776 -0.1000349867440079 0 -6.151762876578326 -0.05099624472914785 0 -3.45 -2.899999999996712 0 -3.493153790656571 -2.875027639482356 0 -3.45 -2.849999999996579 0 -3.577156302568938 -2.826391512870773 0 -3.655211246475968 -2.778810798269189 0 -3.731624740571409 -2.734129474775634 0 -3.810416006007809 -2.691252862390153 0 -6.154456754132347 -0.1509962447291479 0 -1.927507144541995 -4.497052163630558 0 -1.929455468168599 -4.448653616709398 0 -1.888753572270998 -4.471987019318174 0 -1.97214652631163 -4.477434462023682 0 -2.349999999999971 -4.2 0 -2.336596232086874 -4.236606182472304 0 -2.299999999999986 -4.2 0 -2.343171903093592 -4.364239197540559 0 -2.333182183633684 -4.318725781242583 0 -2.296824617576963 -4.335893743765276 0 -2.254508799319193 -4.393638984688103 0 -2.252493065689764 -4.350593637339049 0 -2.208343329640784 -4.382479878657804 0 -2.109310042761791 -4.46177505086478 0 -2.094697434535544 -4.425703409125981 0 -2.135743951362082 -4.416547911746143 0 -2.063047975421528 -4.459795905640794 0 -6.224489795915598 0 0 -6.201558794945814 -0.05099624472914785 0 -6.17469387754811 0 0 -3.537416821400202 -2.949596595849287 0 -3.536862201356672 -2.899825937408644 0 -3.493708410700101 -2.924798297922999 0 -3.617438849490676 -2.902517255716492 0 -3.617721936657706 -2.852622501245018 0 -3.576873215401909 -2.876286267342246 0 -3.692389632153008 -2.854429050409689 0 -3.692403550640104 -2.804661450087262 0 -3.655197327988872 -2.828578398591616 0 -3.769654837265668 -2.814268775182156 0 -3.731036153196434 -2.784581312473495 0 -3.770243424640643 -2.763816937484294 0 -3.85 -2.767906249993538 0 -3.810416006007809 -2.740635674889985 0 -3.85 -2.718523437493706 0 -6.229428571430828 -0.2 0 -6.204028182703429 -0.1509962447291479 0 -6.179857142859746 -0.2 0 -1.85 -4.545687500005291 0 -1.888753572270998 -4.521369831817925 0 -1.85 -4.496304687505541 0 -1.986052006745623 -4.550172356755512 0 -2.001418957413444 -4.50399455858616 0 -1.956779575643809 -4.523612260193035 0 -2.404083336579609 -4.284238120131007 0 -2.363637900376693 -4.278725242537807 0 -2.37704166828979 -4.242119060065503 0 -2.298840351206393 -4.378939091114331 0 -2.373627619836601 -4.324238658835783 0 -2.208671798213611 -4.463687715684009 0 -2.231590298766403 -4.428663350186056 0 -2.185424829087993 -4.417504244155758 0 -2.158990920487701 -4.462731383274395 0 -2.065118911177593 -4.545728552452216 0 -2.040952409629429 -4.501772656434511 0 -2.087214476969692 -4.503751801658498 0 -6.277610301264208 -0.0979572546308419 0 -6.251050048589903 -0.04897862731542096 0 -6.22811904762012 -0.0999748720445688 0 -3.45 -2.999999999996978 0 -3.493708410700101 -2.974798297923132 0 -3.45 -2.949999999996845 0 -3.577427835445439 -2.926056925782889 0 -3.654914240821842 -2.878473153063091 0 -3.731022234709338 -2.834348912795923 0 -3.809827418632834 -2.791087512587847 0 -6.253519436347519 -0.148978627315421 0 -1.925474512994111 -4.595214562131118 0 -1.926490828768053 -4.546133362880838 0 -1.887737256497056 -4.570451031068205 0 -1.955763259869867 -4.572693459443316 0 -2.025585458961608 -4.547950454603864 0 -2.450000000000116 -4.2 0 -2.427041668289863 -4.242119060065503 0 -2.400000000000043 -4.2 0 -2.308045103266056 -4.461398947598449 0 -2.281276951292625 -4.427518966143277 0 -2.325608503179824 -4.412819072569503 0 -2.450905064329861 -4.373156767767251 0 -2.397038483711726 -4.368697982653905 0 -2.427494200454735 -4.328697443949129 0 -2.258358450739834 -4.462543331641229 0 -2.159153879610259 -4.547674480764785 0 -2.134231961186025 -4.504724765814783 0 -2.183912838911936 -4.505681098224398 0 -2.112136395393926 -4.546701516608501 0 -6.324081632650577 0 0 -6.300845966957393 -0.04897862731542096 0 -6.274285714283087 0 0 -3.53640535906725 -3.049969180030117 0 -3.536911090233726 -2.999782887939702 0 -3.493202679533625 -3.024984590013547 0 -3.617968474878364 -3.002240069814859 0 -3.61770366218452 -2.952378662765676 0 -3.577692648139283 -2.975918332832073 0 -3.692580114620037 -2.954201990809731 0 -3.692484873386523 -2.90431552060971 0 -3.655009482055356 -2.928359623263112 0 -3.77131074059223 -2.912074042492423 0 -3.731850186372619 -2.883251546451056 0 -3.770482788928949 -2.86317140883729 0 -3.85 -2.866671874993203 0 -3.809827418632834 -2.840470325087679 0 -3.85 -2.81728906249337 0 -6.328571428573685 -0.2 0 -6.303090864918947 -0.148978627315421 0 -6.279000000002257 -0.2 0 -1.85 -4.644453125004793 0 -1.887737256497056 -4.619833843567956 0 -1.85 -4.595070312505042 0 -2.011844878606269 -4.641305262247402 0 -1.998948442675946 -4.595738809501457 0 -1.96865969580019 -4.61825991218926 0 -2.038481894891931 -4.593516907349809 0 -2.500824777515257 -4.286165005213098 0 -2.475412388757686 -4.24308250260655 0 -2.452454057047433 -4.285201562672052 0 -2.404014999179833 -4.459220311146366 0 -2.373593451136712 -4.411729754343462 0 -2.356030051222945 -4.460309629372407 0 -2.475864920922559 -4.329660886490174 0 -2.427460031754847 -4.416188539456808 0 -2.258492964451641 -4.547520810560056 0 -2.283269033858849 -4.504459879079253 0 -2.233582381332627 -4.505604263122033 0 -2.20882342203095 -4.547597645662421 0 -2.111762152828656 -4.634317700379778 0 -2.135458016219458 -4.590996090572282 0 -2.088440532003125 -4.590023126415997 0 -6.377127308067099 -0.1019080452320199 0 -6.327368804665654 -0.0999326499314309 0 -6.350604470358838 -0.05095402261600995 0 -3.45 -3.099999999997245 0 -3.493202679533625 -3.074984590013681 0 -3.45 -3.049999999997111 0 -3.577186916972807 -3.026104624922488 0 -3.655274294749201 -2.978221030312295 0 -3.731945427606134 -2.933138016651077 0 -3.810655370296115 -2.889372958742813 0 -6.352849368320392 -0.15095402261601 0 -1.927443048070776 -4.692616965143159 0 -1.926458780532443 -4.643915763637139 0 -1.888721524035388 -4.668535045073976 0 -1.969643963338523 -4.66696111369528 0 -2.061803515717463 -4.63781148131359 0 -2.550000000000434 -4.2 0 -2.525412388757846 -4.24308250260655 0 -2.500000000000275 -4.2 0 -2.357841256637258 -4.547482277862947 0 -2.380928127908546 -4.503351294504657 0 -2.332943179951657 -4.504440612730699 0 -2.550656791028648 -4.373249971421769 0 -2.525740784271953 -4.329707488317434 0 -2.500780927679255 -4.373203369594511 0 -2.504063392998545 -4.460077812794507 0 -2.477484228664203 -4.41661729028088 0 -2.454039196089189 -4.459649061970437 0 -2.30816711054445 -4.547501544211503 0 -2.208959940190842 -4.633592741745777 0 -2.18405690990055 -4.590633611255281 0 -2.233726452321242 -4.590556776152917 0 -2.160361046509749 -4.633955221062777 0 -6.423673469385554 0 0 -6.400400388726327 -0.05095402261600995 0 -6.373877551018065 0 0 -3.537492301695139 -3.149607563173507 0 -3.536948830381195 -3.099788371601812 0 -3.49374615084757 -3.124803781585376 0 -3.617413466695608 -3.101886728259592 0 -3.617690970786986 -3.052063399037225 0 -3.576909412881429 -3.075927954144855 0 -3.692478112109918 -3.053359666041259 0 -3.692529113364977 -3.003780828425495 0 -3.655223293494141 -3.027799867928059 0 -3.769627114900248 -3.01207845366752 0 -3.731103614760142 -2.983140222238625 0 -3.770468927746239 -2.962076248079971 0 -3.85 -2.965437499992869 0 -3.810655370296115 -2.938755771242646 0 -3.85 -2.916054687493036 0 -6.427714285716196 -0.2 0 -6.402420796891647 -0.15095402261601 0 -6.37814285714494 -0.2 0 -1.85 -4.743218750004467 0 -1.888721524035388 -4.717917857573813 0 -1.85 -4.69383593750463 0 -1.992653289896897 -4.732030060273474 0 -2.002249084251583 -4.686667661260438 0 -1.960048168983836 -4.712323512708317 0 -2.067334617910818 -4.725137466771152 0 -2.039589748258543 -4.683221364509277 0 -2.089548385369737 -4.679727583575465 0 -2.600929091283928 -4.286546074263756 0 -2.550876934399592 -4.286355539738427 0 -2.575464545642181 -4.243273037131878 0 -2.457243535775826 -4.547201114154285 0 -2.43062926747783 -4.503210712650326 0 -2.407542396206542 -4.547341696008617 0 -2.575792941156288 -4.329898022842762 0 -2.527360092013597 -4.416663892108139 0 -2.480653464387186 -4.503639463474396 0 -2.308292918690507 -4.633464209391605 0 -2.333067087663883 -4.590473243627277 0 -2.283392941571074 -4.590492509975832 0 -2.258626429440675 -4.633528475568691 0 -2.159492326145052 -4.719623199173699 0 -2.135627239486854 -4.676970449776739 0 -2.184226133167947 -4.676607970459738 0 -6.47571072238436 -0.1006216607057092 0 -6.449692095884958 -0.0503108303528546 0 -6.426419015225729 -0.1012648529688645 0 -3.45 -3.199999999997511 0 -3.49374615084757 -3.174803781585509 0 -3.45 -3.149999999997378 0 -3.577452884195373 -3.12574714571655 0 -3.654945789402763 -3.077623197150426 0 -3.731052613505083 -3.032719059854389 0 -3.809813557450124 -2.988757976830194 0 -6.451712504050279 -0.1503108303528546 0 -1.934884503213808 -4.788193159720791 0 -1.931163775642292 -4.740405062431975 0 -1.892442251606904 -4.765705954862629 0 -2.029993953903857 -4.728583763522313 0 -1.963768896555352 -4.760111609997133 0 -2.113413472027935 -4.722380332972426 0 -2.650000000000666 -4.2 0 -2.625464545642297 -4.243273037131878 0 -2.60000000000055 -4.2 0 -2.407662977418261 -4.633306618577068 0 -2.38275211702776 -4.590394448220009 0 -2.432453256597044 -4.590253866365677 0 -2.652301258613765 -4.373666841905797 0 -2.601479024821207 -4.373458406663783 0 -2.626615174948847 -4.330106458084776 0 -2.605009144119704 -4.460600465008437 0 -2.554536268559125 -4.460339138901473 0 -2.577832967574176 -4.416925218215104 0 -2.556550823557401 -4.547038247268942 0 -2.530307108277974 -4.503558030031726 0 -2.506897179666614 -4.547119680711614 0 -2.357977948054384 -4.633385413984337 0 -2.258738958110436 -4.719514251544314 0 -2.233849449150639 -4.676553496645045 0 -2.283515938400472 -4.67648923046796 0 -2.209115642127744 -4.719568725359006 0 -6.523265306120528 0 0 -6.499488014252444 -0.0503108303528546 0 -6.473469387753042 0 0 -3.53642022528101 -3.249900087106277 0 -3.536956263488074 -3.199753825139892 0 -3.493210112640505 -3.224950043551894 0 -3.617987687873732 -3.201749461153775 0 -3.61770057728467 -3.151818094706684 0 -3.577739994784435 -3.175678512163641 0 -3.692717557505198 -3.15320841298815 0 -3.692597834807558 -3.103284039514705 0 -3.655065512100403 -3.127547570623871 0 -3.771250069427691 -3.110000806307895 0 -3.731864090768805 -3.081680236174577 0 -3.77043859216397 -3.061039629987707 0 -3.85 -3.064203124992621 0 -3.809813557450124 -3.03814078933007 0 -3.85 -3.014820312492745 0 -6.526857142858706 -0.2 0 -6.501283932621533 -0.1503108303528546 0 -6.477285714287451 -0.2 0 -1.85 -4.841984375004142 0 -1.892442251606904 -4.815088767362466 0 -1.85 -4.792601562504304 0 -2.021759401682816 -4.812897447484871 0 -2.007206345789856 -4.772463753879173 0 -2.044547009796817 -4.769017457128012 0 -1.978321952448312 -4.800545303602831 0 -2.11208685532068 -4.807015421269403 0 -2.089710736615749 -4.766076444020277 0 -2.135789590732866 -4.763319310221551 0 -2.700776751752831 -4.286628193652289 0 -2.675388375876748 -4.243314096826145 0 -2.650852921518379 -4.286587133958022 0 -2.507107212620344 -4.633152532820465 0 -2.482175374198085 -4.590176823487376 0 -2.457385095019303 -4.633229575698767 0 -2.676539005183298 -4.330147517779043 0 -2.628655201366735 -4.417133653457118 0 -2.580779983838553 -4.50381935613869 0 -2.531829018088873 -4.590095390044704 0 -2.358083751845295 -4.719435444801854 0 -2.333188335267901 -4.67644982709673 0 -2.382873364631778 -4.676371031689461 0 -2.308411354977865 -4.719474848173084 0 -2.20933907748339 -4.805600239176775 0 -2.234039017796913 -4.762557245360544 0 -2.184415701814221 -4.762611719175237 0 -6.575626822158081 -0.1018219190022356 0 -6.525668772271221 -0.1012217898539724 0 -6.549446064139305 -0.0509109595011178 0 -3.45 -3.299999999997777 0 -3.493210112640505 -3.274950043552027 0 -3.45 -3.249999999997644 0 -3.577203956577371 -3.225824774130026 0 -3.655352622689465 -3.177478937070963 0 -3.731983813466445 -3.131604609648023 0 -3.810625034713846 -3.087101965650258 0 -6.551241982508394 -0.1509109595011178 0 -1.952119962185072 -4.891936816076956 0 -1.94350223269944 -4.840064987898874 0 -1.901059981092536 -4.866960595540549 0 -2.066923128501748 -4.809956434377137 0 -1.986939681933944 -4.852417131780914 0 -2.160712966402035 -4.806307830223089 0 -2.750000000000665 -4.2 0 -2.725388375876748 -4.243314096826145 0 -2.700000000000665 -4.2 0 -2.457462376084071 -4.719291737855145 0 -2.482284794352208 -4.676222135337806 0 -2.432562676751167 -4.676299178216107 0 -2.752640634313268 -4.373793225641566 0 -2.72670869303305 -4.330210709646928 0 -2.702470946463516 -4.373730033773682 0 -2.705141515766301 -4.460780796552434 0 -2.678721387190033 -4.417223819229116 0 -2.655075329943003 -4.460690630780436 0 -2.655941621953275 -4.54675646591578 0 -2.606246222755338 -4.546897356592362 0 -2.630475383036489 -4.50367846546211 0 -2.606395458081372 -4.63300312333522 0 -2.581473140819387 -4.590020685302082 0 -2.556751335350858 -4.633077828077843 0 -2.407773063964683 -4.7193635913285 0 -2.30865903183536 -4.805528832312506 0 -2.333371391840328 -4.76248213855718 0 -2.283698994972898 -4.762521541928409 0 -2.258999054659375 -4.80556453574464 0 -6.622857142855505 0 0 -6.599241982506793 -0.0509109595011178 0 -6.573061224488017 0 0 -3.537484022173734 -3.349621096697522 0 -3.536952123727372 -3.2997605919019 0 -3.493742011086867 -3.324810548347649 0 -3.617404877265994 -3.301404388120642 0 -3.617696282569863 -3.251576924637209 0 -3.576912551273502 -3.27565223761346 0 -3.692802108598897 -3.253114671981229 0 -3.692759833052048 -3.20316154248469 0 -3.655394898236315 -3.227432066567502 0 -3.769634694468227 -3.210033787161148 0 -3.731176125986712 -3.181621100074649 0 -3.77044238194796 -3.160017296734521 0 -3.85 -3.16296874999246 0 -3.810625034713846 -3.136484778150177 0 -3.85 -3.113585937492541 0 -6.626000000001215 -0.2 0 -6.600813411079648 -0.1509109595011178 0 -6.576428571429961 -0.2 0 -1.85 -4.940750000003991 0 -1.901059981092536 -4.916343408040474 0 -1.85 -4.891367187504066 0 -2.064528430190061 -4.893089778202772 0 -2.043143915936438 -4.852993612843822 0 -2.088307642755371 -4.850052599736088 0 -2.008324196187567 -4.892513297139864 0 -2.161042159712085 -4.892143809988123 0 -2.185190618597737 -4.84887202458245 0 -2.136564507516383 -4.849579615628763 0 -2.800466051844901 -4.286778786147967 0 -2.750621401798866 -4.286703489900129 0 -2.775233025922783 -4.243389393073984 0 -2.556817435806386 -4.719172148019355 0 -2.531962324213365 -4.676162340419911 0 -2.507139905945229 -4.719231942937251 0 -2.728891075039785 -4.417287011097001 0 -2.776553343079085 -4.330286005894767 0 -2.680541568859788 -4.503768631234108 0 -2.631168540017323 -4.589879794625501 0 -2.581606446943879 -4.676087635677288 0 -2.40790029949086 -4.805382904680348 0 -2.382992025668077 -4.762409174741101 0 -2.432681337787466 -4.762337321267747 0 -2.35827966566311 -4.805455868496427 0 -2.259381657183557 -4.891710251326001 0 -2.284020344509459 -4.848619541819254 0 -2.234360367333474 -4.848655245251388 0 -6.674367022999697 -0.1005926716285175 0 -6.648612082927602 -0.05029633581425875 0 -6.624996922578889 -0.1012072953153765 0 -3.45 -3.399999999998043 0 -3.493742011086867 -3.374810548347782 0 -3.45 -3.34999999999791 0 -3.577444449719864 -3.325512742409082 0 -3.655103492932446 -3.277259530050936 0 -3.731218401533562 -3.231574229571189 0 -3.809817347234113 -3.186501268576804 0 -6.650183511500456 -0.1502963358142587 0 -1.929787543166172 -4.995566367079146 0 -1.940953752675622 -4.943751591578051 0 -1.889893771583086 -4.968158183541568 0 -2.112785294951073 -4.892616794095448 0 -2.019774745979961 -4.976510139618401 0 -1.985947354082517 -4.934223477847678 0 -2.042151588085011 -4.934799958910586 0 -2.210211908447821 -4.891927030657063 0 -2.850000000000694 -4.2 0 -2.825233025922798 -4.243389393073984 0 -2.800000000000679 -4.2 0 -2.50723651025972 -4.805273026164902 0 -2.532026973033053 -4.762222587092129 0 -2.482349443171897 -4.762282382010024 0 -2.804209271573742 -4.460701330435597 0 -2.778424952943506 -4.417247278038582 0 -2.754675393670022 -4.460741063494016 0 -2.852948956328069 -4.37420340515532 0 -2.802794795320668 -4.373998315398444 0 -2.826707504086485 -4.330491095651643 0 -2.755429669744167 -4.54673216489697 0 -2.730285592755234 -4.503756480724702 0 -2.705685645848721 -4.546744315406375 0 -2.705783043547668 -4.63285384975962 0 -2.65608925081452 -4.632928486547421 0 -2.680862332750471 -4.5898051578377 0 -2.656172611003159 -4.71904549622716 0 -2.631284034542265 -4.676024309781191 0 -2.606495023404773 -4.719108822123259 0 -2.45756840487529 -4.805327965422626 0 -2.358497059589156 -4.891459497808511 0 -2.383198679540008 -4.84842120124443 0 -2.333578045712258 -4.848494165060509 0 -2.308939358386357 -4.891584874567257 0 -6.722448979590483 0 0 -6.698408001295091 -0.05029633581425875 0 -6.672653061222994 0 0 -3.536596184852666 -3.450148518305549 0 -3.5370401035132 -3.399884807501536 0 -3.493298092426333 -3.425074259151796 0 -3.619162208656559 -3.403173702498409 0 -3.618283542961277 -3.352289045309526 0 -3.578323115415146 -3.376397399597965 0 -3.694623215375422 -3.356567543733474 0 -3.69371266198716 -3.304841107857352 0 -3.656014046320708 -3.328985965927058 0 -3.770382399680103 -3.308413116272384 0 -3.731592254139501 -3.280763894126807 0 -3.770008547074165 -3.259223451716766 0 -3.85 -3.261734374992125 0 -3.809817347234113 -3.235884081076636 0 -3.85 -3.212351562492293 0 -6.725142857143735 -0.2 0 -6.699754940071717 -0.1502963358142587 0 -6.675571428572475 -0.2 0 -1.85 -5.039515625003492 0 -1.889893771583086 -5.017540996041319 0 -1.85 -4.990132812503742 0 -1.974781144573067 -4.986038253348774 0 -2.110935467125008 -4.977811723364834 0 -2.135988813418547 -4.934977766676479 0 -2.087731948657535 -4.935450750783803 0 -2.065355106552484 -4.977160931491618 0 -2.20998147096982 -4.977635446588963 0 -2.185511815340953 -4.934889628288543 0 -2.234681564076689 -4.934672848957483 0 -2.900876482392304 -4.286869516543145 0 -2.875438241196499 -4.243434758271572 0 -2.850671267118603 -4.286824151345556 0 -2.606567605081066 -4.805156126979776 0 -2.581692520443726 -4.762164137499566 0 -2.556902057670394 -4.80521457657234 0 -2.779819470658955 -4.503716747666284 0 -2.828579113950906 -4.417452367795459 0 -2.876912719360186 -4.330536460849233 0 -2.730606356645918 -4.589793007328295 0 -2.680977827275413 -4.67594967299339 0 -2.631370108042113 -4.762100811603468 0 -2.457714004749453 -4.891333225047732 0 -2.432807152120156 -4.848358064864041 0 -2.482475257504587 -4.848303125606318 0 -2.408105532169305 -4.891396361428122 0 -2.309089161228321 -4.977470846418699 0 -2.333793110408739 -4.934465172113605 0 -2.284235409205939 -4.93459054887235 0 -6.77412633624918 -0.1017341107688694 0 -6.724246679624439 -0.1011633911986934 0 -6.748287657919832 -0.0508670553844347 0 -3.45 -3.49999999999831 0 -3.493298092426333 -3.475074259151929 0 -3.45 -3.449999999998176 0 -3.577879196754612 -3.426661110401979 0 -3.65689271201599 -3.379870623115941 0 -3.732502807527763 -3.332490330002929 0 -3.810191199840052 -3.285073745632254 0 -6.749634596696458 -0.1508670553844347 0 -1.928431625224359 -5.09133697994849 0 -1.929109584195265 -5.043451673513818 0 -1.889215812612179 -5.065426302475991 0 -1.992079982636493 -5.050037013033645 0 -2.005927364308227 -5.013273576326023 0 -1.960933762901333 -5.022801690056395 0 -2.160458469047414 -4.977723584976898 0 -2.067683270515527 -5.060200038517499 0 -2.043729008247744 -5.01835508906795 0 -2.089309368820268 -5.019005880941167 0 -2.259535316099071 -4.977553146503832 0 -2.950000000000723 -4.2 0 -2.925438241196514 -4.243434758271572 0 -2.900000000000709 -4.2 0 -2.557004865031064 -4.891219318001612 0 -2.581786235056065 -4.848187722490694 0 -2.532120687645393 -4.848246172083257 0 -2.854989080908842 -4.546674300206869 0 -2.829599176241293 -4.503687815321234 0 -2.805209375326505 -4.54670323255192 0 -2.90391809371682 -4.460359598516852 0 -2.854063682645282 -4.460530464476225 0 -2.878433525022444 -4.417281501836086 0 -2.953018456314672 -4.374083510607432 0 -2.926947469353488 -4.330476513575288 0 -2.902983706321371 -4.374143457881376 0 -2.805293352796836 -4.632757287999484 0 -2.780361511270502 -4.589744726448227 0 -2.755538198172252 -4.632805568879552 0 -2.755561354474636 -4.718942918186527 0 -2.730672199011152 -4.675898383973074 0 -2.705866982738898 -4.718994207206844 0 -2.705911322010556 -4.805060677744031 0 -2.681041966506857 -4.762053086985595 0 -2.656239463545811 -4.805108402361904 0 -2.507359434890259 -4.891276271524672 0 -2.408238203047389 -4.977330927065785 0 -2.383367631318273 -4.934395212437149 0 -2.432976103898421 -4.934332076056759 0 -2.358663682137855 -4.977400886742243 0 -6.82204081632546 0 0 -6.79808357628732 -0.0508670553844347 0 -6.772244897957972 0 0 -3.537456754979632 -3.549628454460028 0 -3.537026469916149 -3.499888486382789 0 -3.493728377489816 -3.524814227229169 0 -3.618812518674642 -3.503182885972772 0 -3.6189873636656 -3.45317829423559 0 -3.577704351763654 -3.476665702139161 0 -3.694464998314908 -3.457295281887855 0 -3.694544106845165 -3.406931412810664 0 -3.656813603485733 -3.430234492193132 0 -3.764466459729342 -3.409882812492015 0 -3.729544837552382 -3.383225178112744 0 -3.767424429704723 -3.3591479643822 0 -3.85 -3.360499999991878 0 -3.810191199840052 -3.334456558132131 0 -3.85 -3.311117187492002 0 -6.824285714286582 -0.2 0 -6.799206025267881 -0.1508670553844347 0 -6.774714285715158 -0.2 0 -1.85 -5.13828125000334 0 -1.889215812612179 -5.114809114975915 0 -1.85 -5.088898437503416 0 -1.960255803930426 -5.070686996491068 0 -2.02988162657601 -5.055118525775573 0 -2.160589148296129 -5.063513438974704 0 -2.135762307710569 -5.020662581169769 0 -2.185285309632975 -5.020574442781834 0 -2.114136209405828 -5.061856738746101 0 -2.25964379373993 -5.063381770861105 0 -2.234812632354875 -5.020508608725034 0 -2.284366477484125 -5.020426308639902 0 -3.000302874709845 -4.286740681828923 0 -2.950589678551075 -4.286805099186035 0 -2.975151437355284 -4.243370340914462 0 -2.65632940958221 -4.891129674789327 0 -2.631448507331638 -4.848142900884552 0 -2.606667137306637 -4.89117449639547 0 -2.830141216852839 -4.589715794103176 0 -2.879453587312831 -4.50351694936186 0 -2.928468275015746 -4.417221554562142 0 -2.976660665512258 -4.330412096218177 0 -2.780427353635736 -4.675850103093005 0 -2.730736338242596 -4.762001797965279 0 -2.681120365796383 -4.848095176266678 0 -2.507431299483694 -4.977211279440583 0 -2.532218082257379 -4.934215298721098 0 -2.482572652116573 -4.934272252244158 0 -2.457834751265541 -4.977271103253185 0 -2.358791278920715 -5.063252766246732 0 -2.333940220074518 -5.020361806332716 0 -2.383514740984052 -5.020291846656259 0 -6.873023323615187 -0.1005631218834619 0 -6.847532069970324 -0.05028156094173095 0 -6.823574829932184 -0.1011486163261656 0 -3.45 -3.599999999998576 0 -3.493728377489816 -3.574814227229302 0 -3.45 -3.549999999998443 0 -3.578134636827137 -3.5264056702164 0 -3.656638758494775 -3.480239083930313 0 -3.729465729022125 -3.433589047189935 0 -3.807233229864671 -3.385191406241947 0 -6.848654518950885 -0.150281560941731 0 -1.927702563233581 -5.189057556685926 0 -1.92806709422897 -5.140197268317208 0 -1.888851281616791 -5.163669403344633 0 -2.012482681477126 -5.144081173104357 0 -2.00228133205681 -5.097059093069001 0 -1.970457153350742 -5.117709076526424 0 -2.040082975996326 -5.102140605810929 0 -2.210116471018029 -5.063447604917904 0 -2.113033858958659 -5.148881757853821 0 -2.136811503627395 -5.106197598414263 0 -2.090358564737094 -5.104540898185661 0 -2.309217536330323 -5.063317268553918 0 -3.050000000000723 -4.2 0 -3.025151437355284 -4.243370340914462 0 -3.000000000000723 -4.2 0 -2.606623119535663 -4.977116578332575 0 -2.631476264558937 -4.934123126560952 0 -2.581813992283363 -4.934167948167094 0 -2.904842494984314 -4.632713809984859 0 -2.879915787946578 -4.589694055095864 0 -2.855067923890575 -4.632735548992171 0 -2.954551560573488 -4.546453202711602 0 -2.929234827145154 -4.503406400614226 0 -2.904770320741165 -4.546563751459235 0 -3.004169469473704 -4.460280064535553 0 -2.978593962894188 -4.417181787571492 0 -2.954043781595262 -4.460319831526203 0 -3.052029837793779 -4.374058840672832 0 -3.026166356251812 -4.330399761250878 0 -3.002524147054226 -4.374071175640132 0 -2.855074635158079 -4.718867339873549 0 -2.830183993977458 -4.675812313936516 0 -2.805317994816358 -4.718905129030038 0 -2.805318387943438 -4.804948160429628 0 -2.780439871209037 -4.761945539308078 0 -2.755614854976997 -4.80500441908683 0 -2.755639775910899 -4.891055740226588 0 -2.730775548960727 -4.848058208985309 0 -2.705984592746554 -4.891092707507958 0 -2.557027209509679 -4.977163928886579 0 -2.457902495292323 -5.063132348575295 0 -2.482666897388008 -5.02017181400794 0 -2.433070349169856 -5.020231637820541 0 -2.408346887106519 -5.063192557411014 0 -6.921632653060438 0 0 -6.897327988337813 -0.05028156094173095 0 -6.871836734692949 0 0 -3.536571746461135 -3.650066395301871 0 -3.537014250720383 -3.59984742488095 0 -3.493285873230568 -3.625033197650223 0 -3.619126333010546 -3.602651024304662 0 -3.618969425842594 -3.552916955138717 0 -3.578291543995089 -3.576139739382345 0 -3.696260263187921 -3.557587485688157 0 -3.695362630751414 -3.507441383788006 0 -3.657536390931281 -3.530385185830465 0 -3.764466459729164 -3.508648437492288 0 -3.729465729022036 -3.482971859690072 0 -3.764466459729253 -3.459265624992152 0 -3.85 -3.45926562499215 0 -3.807233229864671 -3.434574218742083 0 -3.85 -3.409882812492014 0 -6.923428571429092 -0.2 0 -6.89822594752214 -0.150281560941731 0 -6.873857142857837 -0.2 0 -1.85 -5.237046875003015 0 -1.888851281616791 -5.213052215844471 0 -1.85 -5.187664062503178 0 -1.970092622355354 -5.166569364895142 0 -2.062758270217893 -5.14648146547909 0 -2.210629523496638 -5.149171712905332 0 -2.235136658618284 -5.106276741883219 0 -2.185609335896384 -5.106342575940019 0 -2.16183169122765 -5.149026735379577 0 -2.30942173663651 -5.149180396250083 0 -2.334106507778612 -5.106216581248407 0 -2.28453276518822 -5.106281083555595 0 -3.100607989602856 -4.286975100876223 0 -3.075303994801789 -4.243487550438112 0 -3.050455432156351 -4.286857891352573 0 -2.705905189915026 -4.977064555381486 0 -2.656264154725345 -4.977090566857031 0 -2.681117299748618 -4.934097115085406 0 -2.879958565071196 -4.675790574929204 0 -2.929697027778901 -4.58958350634823 0 -2.979360515023596 -4.503366633623577 0 -3.028099653633742 -4.417169452604194 0 -3.076318913698318 -4.330516970774529 0 -2.830196511550759 -4.76190775015159 0 -2.780479081927169 -4.848001950328109 0 -2.730772482912962 -4.934060147804037 0 -2.556999898636529 -5.063037708317319 0 -2.581811509086096 -5.020077143324947 0 -2.532215599060112 -5.020124493878951 0 -2.507451196964426 -5.063085028446308 0 -2.408460935239819 -5.149019145026261 0 -2.383626107080267 -5.106135955636497 0 -2.433181715266071 -5.106075746800779 0 -6.972625850340373 -0.1016446205319021 0 -6.92282458697778 -0.101103871207682 0 -6.947129251700406 -0.05082231026595105 0 -3.45 -3.699999999998842 0 -3.493285873230568 -3.675033197650357 0 -3.45 -3.649999999998709 0 -3.57784903973584 -3.626358709803267 0 -3.657693298099233 -3.58011925499641 0 -3.730363361458543 -3.533117961590222 0 -3.807233229864582 -3.483957031242219 0 -6.948027210884733 -0.1508223102659511 0 -1.92995713418991 -5.284594403285038 0 -1.928829848711745 -5.236825979985482 0 -1.889978567094955 -5.260820639144026 0 -1.989209722197481 -5.237046875003024 0 -2.000846201837303 -5.190564024053691 0 -1.958456142715531 -5.213052215844476 0 -2.068771071153091 -5.23565583091719 0 -2.040626876315109 -5.189868502010773 0 -2.090902465055875 -5.192268794385505 0 -2.260025630066575 -5.149176054577708 0 -2.161056960277694 -5.235092939123531 0 -2.185843241887166 -5.192132326014432 0 -2.137045409618177 -5.191987348488676 0 -2.358941335938165 -5.149099770638173 0 -3.150000000000694 -4.2 0 -3.125303994801775 -4.243487550438112 0 -3.100000000000708 -4.2 0 -2.656195092491128 -5.062946834091868 0 -2.681050141203077 -5.020005694736677 0 -2.631409106013396 -5.020031706212222 0 -2.954511319659431 -4.718772303642073 0 -2.904792977408755 -4.718819821757811 0 -2.929676907321872 -4.675743056813466 0 -3.004209776527433 -4.632718326310492 0 -2.97938066855046 -4.589585764511047 0 -2.954526135755874 -4.632716068147675 0 -3.053650449919455 -4.546595717267184 0 -3.02890995969658 -4.503437890901369 0 -3.004101005246471 -4.546524459989393 0 -3.102385544832134 -4.460694976652522 0 -3.077207691312957 -4.417376908662678 0 -3.053277507152919 -4.460487520594038 0 -3.150894593384677 -4.37365416745258 0 -3.101462215589228 -4.373856504062706 0 -3.125751291493767 -4.330314634164402 0 -2.904740183500182 -4.804836937557752 0 -2.85502928572181 -4.80489254899369 0 -2.879907409329131 -4.761852138715651 0 -2.854983056606275 -4.890925348989327 0 -2.830150722274857 -4.847936754709478 0 -2.805311416258587 -4.890990544607957 0 -2.805089461634339 -4.976991073604041 0 -2.780364618772619 -4.934023406915315 0 -2.755497325774682 -4.977027814492764 0 -2.606597495563828 -5.062992271204594 0 -2.507535651204303 -5.148901892787068 0 -2.532267774920416 -5.105969800552193 0 -2.482719073248313 -5.106017120681182 0 -2.457998293222061 -5.148960518906665 0 -7.021224489795415 0 0 -6.996925170067894 -0.05082231026595105 0 -6.971428571427927 0 0 -3.537438075720121 -3.749630359333444 0 -3.537004911090628 -3.699848377317657 0 -3.49371903786006 -3.724815179666143 0 -3.618543864516804 -3.702260195100632 0 -3.618835098763675 -3.652455609702647 0 -3.577557805488969 -3.676163295201252 0 -3.695861261225768 -3.656223609582756 0 -3.696060762206844 -3.606905547635456 0 -3.657493797118157 -3.629437316943709 0 -3.764466459729192 -3.607414062492516 0 -3.730363361458557 -3.582500774090336 0 -3.764466459729178 -3.558031249992402 0 -3.85 -3.558031249992423 0 -3.807233229864582 -3.533339843742356 0 -3.85 -3.508648437492286 0 -7.02257142857195 -0.2 0 -6.997598639456161 -0.1508223102659511 0 -6.973000000000521 -0.2 0 -1.85 -5.33581250000269 0 -1.889978567094955 -5.310203451643863 0 -1.85 -5.286429687502853 0 -1.959583428193695 -5.260820639144031 0 -2.028990396675286 -5.236351352960107 0 -2.114914015715392 -5.235374385020361 0 -2.260031643070914 -5.234979974368759 0 -2.284726689853712 -5.192080185309422 0 -2.235330583283776 -5.192075843637046 0 -2.210544301674304 -5.235036456746145 0 -2.359046465678033 -5.234862894650034 0 -2.334234101157271 -5.192021645450059 0 -2.383753700458926 -5.191941019838149 0 -3.200087257375421 -4.286595022768098 0 -3.150347623489139 -4.286785061822161 0 -3.175043628688058 -4.243297511384049 0 -2.755252663073396 -5.062971512072478 0 -2.730578926494211 -5.020018033726982 0 -2.705723877782262 -5.062959173082174 0 -2.979360548093432 -4.675745314976282 0 -2.929625751579807 -4.761804620599912 0 -3.028930113223444 -4.589657021788838 0 -3.078017997375794 -4.503645346959853 0 -3.126640069108405 -4.417174572052551 0 -3.175490925380049 -4.330124595110339 0 -2.879861620053228 -4.84788114327354 0 -2.830036259120307 -4.933958211296684 0 -2.780171062353867 -5.01998129283826 0 -2.606624187837015 -5.148793354909989 0 -2.631409640164072 -5.105870094500929 0 -2.581812043236772 -5.105915531613654 0 -2.557079919520659 -5.148847623848528 0 -2.458092718255237 -5.234749547202793 0 -2.48281418472977 -5.191825719994931 0 -2.433276826747528 -5.191884346114527 0 -7.07192014901216 -0.09632179682111015 0 -7.046572319403788 -0.04816089841055508 0 -7.022272999676267 -0.09898320867650612 0 -3.45 -3.799999999999109 0 -3.49371903786006 -3.774815179666277 0 -3.45 -3.749999999998975 0 -3.577990970118463 -3.725945277217038 0 -3.657202562871286 -3.679241902341694 0 -3.73016386047748 -3.631818836037636 0 -3.807233229864596 -3.58272265624247 0 -7.047245788792056 -0.1481608984105551 0 -1.928911182211713 -5.38151903824747 0 -1.929434158200812 -5.333056720766254 0 -1.889455591105857 -5.35866576912508 0 -2.013237065727951 -5.329233467537121 0 -2.001223393962716 -5.283140171270073 0 -1.971597099958931 -5.30691393541108 0 -2.041004068440521 -5.282444649227156 0 -2.112796369590112 -5.32147410823934 0 -2.090783720371602 -5.278564969578265 0 -2.136926664933903 -5.278283523681436 0 -2.309539054374474 -5.234921434509397 0 -2.210621208290329 -5.320736390937548 0 -2.185839084284011 -5.27791466503054 0 -2.235326425680622 -5.277858182653153 0 -2.408569591966635 -5.234806220926414 0 -3.25000000000026 -4.2 0 -3.22504362868784 -4.243297511384049 0 -3.200000000000477 -4.2 0 -2.705765495949139 -5.148697295537366 0 -2.730509079511267 -5.105834403804922 0 -2.680980294220134 -5.105822064814618 0 -3.053453781982835 -4.718701167299481 0 -3.028831779255134 -4.675709746804987 0 -3.003982550821133 -4.718736735470777 0 -3.00373208698608 -4.804556916104928 0 -2.979121703322756 -4.761664609873501 0 -2.954236135243131 -4.80469692683134 0 -3.10303682542335 -4.632642443366981 0 -3.078343637671403 -4.589619080317084 0 -3.053623300975392 -4.632680384838737 0 -3.152478364906455 -4.54632470071434 0 -3.127431954869294 -4.503509838683431 0 -3.103064407412955 -4.546460208990762 0 -3.201274584102116 -4.459856772252598 0 -3.151830064467125 -4.46027587445256 0 -3.176084588743397 -4.416755469852589 0 -3.250241631787186 -4.373027676926122 0 -3.200568112585931 -4.373340922189351 0 -3.225164444581304 -4.32981134984711 0 -2.954129081267947 -4.890589295621838 0 -2.929434632384065 -4.847713116589795 0 -2.904556068937111 -4.890757322305583 0 -2.904394979253551 -4.976638609586436 0 -2.879689017929913 -4.933781979287882 0 -2.854742220443945 -4.976814841595239 0 -2.854461966108686 -5.062742964918771 0 -2.829775713871513 -5.019867019261406 0 -2.804857314591041 -5.062857238495624 0 -2.656194841893077 -5.148745325223677 0 -2.557163903938229 -5.234640157730933 0 -2.581894045887622 -5.191716756320461 0 -2.532349777571266 -5.191771025259 0 -2.507628311096733 -5.234694852466863 0 -7.120816326530392 0 0 -7.096368237771276 -0.04816089841055508 0 -7.071020408162903 0 0 -3.536511237309442 -3.84990437971068 0 -3.536974656514781 -3.799767369522062 0 -3.493255618654721 -3.824952189854894 0 -3.618815375890926 -3.801674555381257 0 -3.618679620203865 -3.751967375240945 0 -3.578126725805523 -3.775652457357351 0 -3.695611397648727 -3.755250553169265 0 -3.695736329437247 -3.70573708137601 0 -3.657077631082766 -3.728755374134948 0 -3.764466459729189 -3.706179687492701 0 -3.730163860477479 -3.681201648537729 0 -3.76446645972919 -3.656796874992609 0 -3.85 -3.656796874992609 0 -3.807233229864596 -3.632105468742562 0 -3.85 -3.607414062492516 0 -7.12171428571446 -0.2 0 -7.096817217363311 -0.1481608984105551 0 -7.072142857143205 -0.2 0 -1.85 -5.434578125002364 0 -1.889455591105857 -5.408048581624917 0 -1.85 -5.385195312502526 0 -1.971074123969832 -5.355376252892295 0 -2.063016717659031 -5.325353787888231 0 -2.161708788940221 -5.321105249588444 0 -2.309618672634588 -5.320660596977645 0 -2.284825157852751 -5.277820285673203 0 -2.33433256915631 -5.27776174581384 0 -2.260119940462459 -5.320698493957597 0 -2.408657748115435 -5.320570569504912 0 -2.433375233185336 -5.277660058353852 0 -2.383852106896734 -5.277716732077474 0 -3.300101116106374 -4.286534103392372 0 -3.275050558053317 -4.243267051696186 0 -3.250094186740897 -4.286564563080235 0 -2.804927154029699 -5.148562204023053 0 -2.780089908551547 -5.105766858047765 0 -2.755346324989419 -5.148629749780209 0 -3.078245303703093 -4.675671805333232 0 -3.028592934484458 -4.761629041702204 0 -2.978930584127014 -4.847573105863383 0 -3.127757595164903 -4.589483572040661 0 -3.176876474504286 -4.50309073648347 0 -3.225758107944651 -4.41644222458936 0 -3.27517137394678 -4.329780890159247 0 -2.929262030260749 -4.933613952604137 0 -2.879428472681119 -5.019690787252603 0 -2.829694560069193 -5.105652584470912 0 -2.656276405726382 -5.23449143006792 0 -2.681020950837761 -5.191594362802643 0 -2.631450296781698 -5.191642392488955 0 -2.606720154832305 -5.234565793899426 0 -2.507727650547332 -5.320456190419588 0 -2.53244577724278 -5.27754817407526 0 -2.482910184401284 -5.277602868811191 0 -7.171285714285824 -0.1141397671107138 0 -7.121602931648993 -0.105230781965912 0 -7.146051020408108 -0.0570698835553569 0 -3.45 -3.899999999999375 0 -3.493255618654721 -3.874952189855027 0 -3.45 -3.849999999999242 0 -3.577663306600184 -3.825789467545968 0 -3.657213386769826 -3.778462554275261 0 -3.730038928688958 -3.730715120330983 0 -3.807233229864595 -3.681488281242655 0 -7.146500000000142 -0.1570698835553569 0 -1.931144629699596 -5.477737993414956 0 -1.930027905955654 -5.429628515831213 0 -1.890572314849798 -5.45615805920866 0 -1.993158222292746 -5.423345532392509 0 -2.003197644010348 -5.376289499964816 0 -1.961034702252229 -5.40243228531999 0 -2.0701146537737 -5.412753603983656 0 -2.041675859750825 -5.370993535760389 0 -2.091455511681906 -5.367113856111498 0 -2.161281174795816 -5.406758286704453 0 -2.185951191543072 -5.363747338821001 0 -2.137038772192964 -5.364116197471897 0 -2.359138210375011 -5.320615583241279 0 -2.260155001104895 -5.406480433789946 0 -2.284886836869742 -5.363570515383796 0 -2.235388104697612 -5.363608412363748 0 -2.458192699331383 -5.32051337996225 0 -3.349999999999971 -4.2 0 -3.325050558053173 -4.243267051696186 0 -3.300000000000115 -4.2 0 -2.755564754643361 -5.23431740680366 0 -2.78024595433653 -5.191439805413356 0 -2.73066512529625 -5.191507351170513 0 -3.152629825813581 -4.718359598371037 0 -3.127833325618466 -4.67550102086901 0 -3.103041803898208 -4.71853038283526 0 -3.102914514219193 -4.804353106764292 0 -3.078184148101014 -4.761527137031887 0 -3.053323300602637 -4.804455011434611 0 -3.053241173011755 -4.89031466924335 0 -3.028486629998918 -4.847435792674139 0 -3.003685127139852 -4.890451982432594 0 -3.201788142809638 -4.632005279990223 0 -3.177133253858047 -4.589164990352282 0 -3.152412484116494 -4.632323861678604 0 -3.251275582914329 -4.545785365628563 0 -3.201876973910393 -4.546055033171452 0 -3.226275083508223 -4.50282106894058 0 -3.300434960501172 -4.459340386711816 0 -3.250854772301644 -4.459598579482208 0 -3.275338296144179 -4.416184031818969 0 -3.350384609619483 -4.373018929490564 0 -3.325242862862929 -4.329776516441468 0 -3.300313120703335 -4.373023303208344 0 -3.003697450523172 -4.976297586518748 0 -2.97891326589556 -4.933443441070294 0 -2.954046214888362 -4.976468098052592 0 -2.95411756259593 -5.062399109781593 0 -2.929256270924741 -5.019518859684014 0 -2.904289764352308 -5.062571037350182 0 -2.904584152366974 -5.147954567504846 0 -2.87952305923783 -5.105348766211809 0 -2.854755653198336 -5.14825838576395 0 -2.705920580184872 -5.234404418435791 0 -2.606855040056022 -5.320282893160274 0 -2.631565722891202 -5.277387161614097 0 -2.582009471997125 -5.277461525445604 0 -2.557291345301677 -5.320369541789931 0 -7.220408163265324 0 0 -7.195846938775574 -0.0570698835553569 0 -7.170612244897858 0 0 -3.537431414565131 -3.949629532000294 0 -3.536971325937286 -3.899766955855487 0 -3.493715707282566 -3.924814765999835 0 -3.623517929666719 -3.899209006299688 0 -3.621166652778823 -3.850441780840472 0 -3.58001458348808 -3.874556693005184 0 -3.696679669389662 -3.854328124993222 0 -3.696145533519195 -3.804789339081244 0 -3.657747522640294 -3.82800134018724 0 -3.764466459729117 -3.804945312492976 0 -3.730038928688922 -3.78009793283112 0 -3.764466459729153 -3.755562499992839 0 -3.85 -3.755562499992795 0 -3.807233229864595 -3.730871093742748 0 -3.85 -3.706179687492702 0 -7.220857142857203 -0.2 0 -7.196071428571514 -0.1570698835553569 0 -7.171285714285832 -0.2 0 -1.85 -5.533343750002386 0 -1.890572314849798 -5.505540871708671 0 -1.85 -5.483960937502375 0 -1.962151425996171 -5.450541762903732 0 -2.031636438033223 -5.418049568188083 0 -2.115697914284758 -5.409755945344054 0 -2.210718087950355 -5.4066193602472 0 -2.359211614483439 -5.406378458091393 0 -2.334415143559013 -5.363519527534519 0 -2.383934681299437 -5.363474513798153 0 -2.309683307794167 -5.40642944594067 0 -2.458272771406084 -5.406284746951786 0 -2.483000210976709 -5.363370468685687 0 -2.43346525976076 -5.36342765822835 0 -3.400064090472471 -4.286517053208112 0 -3.350082603289422 -4.286525578300242 0 -3.375032045236221 -4.243258526604055 0 -2.855175601881026 -5.233892107333883 0 -2.830051377955363 -5.191227155678469 0 -2.805370178262194 -5.234104757068772 0 -3.127772170016387 -4.761356352567665 0 -3.177208984311609 -4.675182439180631 0 -3.078077843615475 -4.847333888003822 0 -3.028469311767465 -4.93330612788105 0 -3.226531862861984 -4.588895322809394 0 -3.275855271707751 -4.50256287617019 0 -3.325409785060328 -4.416179658101191 0 -3.375224350045977 -4.329767991349338 0 -2.978907506559551 -5.019348348150171 0 -2.929350857481452 -5.105176838643221 0 -2.879879877124 -5.190923337419365 0 -2.706136790546206 -5.320116510975108 0 -2.730850772594783 -5.277216958889385 0 -2.681206598136294 -5.277303970521515 0 -2.656495915301114 -5.320199702067692 0 -2.557432311663534 -5.406135286871249 0 -2.582143675859778 -5.363209090015762 0 -2.532579981105433 -5.363295738645419 0 -7.254608713715719 -0.07332392609184553 0 -7.237508438490521 -0.03666196304592276 0 -7.212947214000772 -0.09373184660127967 0 -3.45 -3.999999999999641 0 -3.493715707282566 -3.974814765999968 0 -3.45 -3.949999999999508 0 -3.580474672115925 -3.924419269149991 0 -3.660098799528191 -3.876768565646455 0 -3.73057306455939 -3.829636718743099 0 -3.807233229864559 -3.780253906242885 0 -7.262177851113369 -0.1419872364963574 0 -7.216731782699597 -0.1280635018035356 0 -7.241517496985287 -0.1709936182481787 0 -1.952538678486747 -5.580863786767359 0 -1.941841654093171 -5.529300890091157 0 -1.901269339243373 -5.557103768384872 0 -2.022901370676963 -5.498993797396111 0 -2.008029796484855 -5.461169664894311 0 -1.97702300018828 -5.488365895405535 0 -2.046508012225331 -5.455873700689884 0 -2.11134367819854 -5.492904223782257 0 -2.136312426497178 -5.449831255243355 0 -2.09072916598612 -5.452828913882957 0 -2.210609777558215 -5.49250367060193 0 -2.235382389331555 -5.449492052195939 0 -2.185945476177015 -5.449630978653191 0 -2.408742192944762 -5.40633160252159 0 -2.309639880787703 -5.492314875974531 0 -2.284897440946299 -5.449397654882238 0 -2.334425747635571 -5.449346667032962 0 -2.50785254153481 -5.406210016911518 0 -3.45 -4.2 0 -3.425032045236236 -4.243258526604055 0 -3.399999999999985 -4.2 0 -2.805560307886845 -5.319894203865419 0 -2.830367954883936 -5.276893155599652 0 -2.780562531265103 -5.27710580533454 0 -3.201974872630023 -4.804101208538465 0 -3.177302349221802 -4.761230403454752 0 -3.152444693424608 -4.804227157651379 0 -3.251503047628607 -4.717898612698496 0 -3.202066436721094 -4.718129105534767 0 -3.226645595219122 -4.67495194634436 0 -3.152344008468128 -4.890087628773656 0 -3.12762926134366 -4.847220367768974 0 -3.102792590739942 -4.890201149008503 0 -3.102827572116929 -4.975956096002474 0 -3.053262511320051 -4.976126841260611 0 -3.078034372564343 -4.933135382622912 0 -3.300961614440217 -4.631693519873427 0 -3.276118598677273 -4.588739442750995 0 -3.251374878624928 -4.631849399931825 0 -3.350567810209933 -4.545499498796445 0 -3.300921696562131 -4.545642432212505 0 -3.325501385355553 -4.50241994275413 0 -3.4002125915591 -4.459275397472672 0 -3.375298600589292 -4.416147163481618 0 -3.350323776030137 -4.459307892092244 0 -3.450018604798327 -4.373651702837303 0 -3.400201607208905 -4.373335316163933 0 -3.425041347635399 -4.330084378022708 0 -3.053292651070979 -5.061935115301976 0 -3.003705106833454 -5.062167112541784 0 -3.028495050797076 -5.019116350910362 0 -3.003786372387938 -5.147851211487762 0 -2.978951967491934 -5.105125160634678 0 -2.954185262377456 -5.147902889496304 0 -2.954313562155417 -5.233708905191558 0 -2.904744582018222 -5.233800506262721 0 -2.929448857261195 -5.190831736348203 0 -2.755848549216526 -5.320005357420264 0 -2.656601853704539 -5.405975211512382 0 -2.681369322125373 -5.363045861243745 0 -2.63172844688028 -5.363129052336328 0 -2.607017082684036 -5.406055249191816 0 -7.32 0 0 -7.287304356857859 -0.03666196304592276 0 -7.270204081632662 0 0 -7.258393282414544 -0.1076555812941015 0 -3.538458218796917 -4.049770677615986 0 -3.537944816681024 -3.99970010480814 0 -3.494229109398459 -4.024885338807813 0 -3.617238812466967 -3.998290202401212 0 -3.620378371066843 -3.94874960435045 0 -3.577335113516049 -3.973959867200753 0 -3.695601840543633 -3.953093749993485 0 -3.696140754966648 -3.903710937493353 0 -3.659559885105176 -3.926151378146586 0 -3.764466459729205 -3.903710937493332 0 -3.730573064559434 -3.879019531243277 0 -3.764466459729161 -3.854328124993154 0 -3.85 -3.854328124993156 0 -3.807233229864559 -3.829636718743066 0 -3.85 -3.804945312492976 0 -7.32 -0.2 0 -7.291088925556685 -0.1709936182481787 0 -7.270428571428601 -0.2 0 -1.85 -5.632109375002061 0 -1.901269339243373 -5.60648658088471 0 -1.85 -5.582726562502224 0 -1.987720024581855 -5.539928792081735 0 -2.067122524437751 -5.495949010589185 0 -2.160976727878378 -5.492703947192094 0 -2.260124829172959 -5.492409273288231 0 -2.408811655879171 -5.492137874466702 0 -2.384011635181305 -5.449258166279048 0 -2.433542213642628 -5.449211310709245 0 -2.359225768333437 -5.492226375220616 0 -2.507917996316408 -5.492030891291197 0 -2.532675153989971 -5.449083089081224 0 -2.483095383861247 -5.449157819121492 0 -3.499852324486737 -4.290982317754515 0 -3.474926162243369 -4.245491158877257 0 -3.449958207479604 -4.288749685481314 0 -2.904816812389469 -5.319666822155927 0 -2.855188560138157 -5.319780513010674 0 -2.879996207135248 -5.276779464744905 0 -3.177159440549075 -4.84709441865606 0 -3.226738960129315 -4.76099991061848 0 -3.276232331034412 -4.674796066285962 0 -3.127585790292528 -4.933021862388065 0 -3.078060111593954 -5.018945605652225 0 -3.325764712325075 -4.588596509334936 0 -3.375390200884516 -4.502387448134559 0 -3.425115598178714 -4.416463550154988 0 -3.474935464642532 -4.332317010295909 0 -3.028539511729458 -5.104893163394869 0 -2.979049967271678 -5.19078005833966 0 -2.929565187272443 -5.276687863673743 0 -2.75596238126009 -5.405737920440998 0 -2.731049585903148 -5.362927215708053 0 -2.780761344573468 -5.362816062153209 0 -2.706282117482314 -5.40585656597669 0 -2.607146360981463 -5.491894818544612 0 -2.631874107343001 -5.448935015028497 0 -2.582289336322499 -5.449015052707932 0 -7.32 -0.09999999999973684 0 -7.287304356857859 -0.08666196304579118 0 -7.32 -0.04999999999986842 0 -7.291088925556685 -0.1209936182480471 0 -3.45 -4.099999999999907 0 -3.494229109398459 -4.074885338807947 0 -3.45 -4.049999999999774 0 -3.577848515631942 -4.024030440008599 0 -3.6564203265053 -3.975691976197349 0 -3.73003415013642 -3.928402343743409 0 -3.807233229864603 -3.879019531243244 0 -7.32 -0.1499999999998684 0 -1.93061809039266 -5.685932016107406 0 -1.941578384439703 -5.633397901437382 0 -1.89030904519633 -5.659020695554734 0 -2.061016151706097 -5.579181228813504 0 -2.04195876119153 -5.539087513104809 0 -2.006777415096423 -5.580022507790432 0 -2.086179914952319 -5.536042726297882 0 -2.16118339073055 -5.578345553784307 0 -2.185896584144383 -5.535424612193119 0 -2.136263534464546 -5.535624888783283 0 -2.260064623398581 -5.578300190643426 0 -2.235337200478398 -5.535401930622678 0 -2.284852252093142 -5.535307533308979 0 -2.45836482609779 -5.49208438287895 0 -2.359186219025744 -5.578149810332219 0 -2.383998937452458 -5.53514384239946 0 -2.334413049906724 -5.535232343153375 0 -2.557532178648936 -5.491962854917905 0 -3.549818761721998 -4.226754294047267 0 -3.499909380860999 -4.213377147023634 0 -3.524835543104368 -4.258868305900892 0 -2.855268054801705 -5.405575487541064 0 -2.830414181344275 -5.362734845703242 0 -2.880042433595587 -5.362621154848496 0 -3.251743926790844 -4.889963538791875 0 -3.202043967629486 -4.890025583782766 0 -3.226859399710433 -4.84703237366517 0 -3.301254242993306 -4.80387943276949 0 -3.251614557811664 -4.803990320653977 0 -3.276378645310956 -4.760889022733993 0 -3.350835139420921 -4.717784878487596 0 -3.301169093524764 -4.717841745593047 0 -3.325898376930569 -4.674739199180512 0 -3.202184928816611 -4.97594657336265 0 -3.15250625046677 -4.975951334682562 0 -3.177264468642369 -4.933017101068152 0 -3.15243378199766 -5.061752871927026 0 -3.10286321653432 -5.061843993614501 0 -3.127630677057295 -5.01885448396475 0 -3.40038290463261 -4.631583527968044 0 -3.350672259536414 -4.631638523920736 0 -3.375475357421272 -4.588541513382244 0 -3.449976908474202 -4.545358013021482 0 -3.400272359342067 -4.545428755908963 0 -3.425094750016651 -4.502316705247077 0 -3.499084063471257 -4.458866292886691 0 -3.449648327515178 -4.459070845179681 0 -3.474551334134792 -4.416258997861997 0 -3.549702373430102 -4.372951512662486 0 -3.52477734895842 -4.331966915208501 0 -3.499860489114214 -4.373301607749895 0 -3.102967652859968 -5.14766668464915 0 -3.053377012623953 -5.147758948068455 0 -3.078130151965473 -5.104800899975563 0 -3.053491871559724 -5.233591718682258 0 -3.003902716857571 -5.233650311936908 0 -3.028639121973831 -5.19072146508501 0 -3.004075024014678 -5.319549458216662 0 -2.954445918202073 -5.319608140186295 0 -2.979194293085047 -5.27662918170411 0 -2.805615218030898 -5.405656703991031 0 -2.706445236900921 -5.491701749042111 0 -2.68152354530273 -5.448838480277247 0 -2.731203809080506 -5.448719834741555 0 -2.656795798941192 -5.491798283793362 0 -3.542102678228981 -4.146444042734879 0 -3.540280448512949 -4.098107360175433 0 -3.496051339114491 -4.123222021367393 0 -3.618511652969921 -4.096444434047122 0 -3.617875232718444 -4.047367318224167 0 -3.578484935883419 -4.073107555831554 0 -3.69576277145373 -4.040993043297736 0 -3.695682305998682 -3.997043396645611 0 -3.656500791960349 -4.019641622849474 0 -3.773255441018711 -3.999953150751177 0 -3.734428640781172 -3.976523450372331 0 -3.768860950373958 -3.951832044122255 0 -3.85 -3.953093749993515 0 -3.807233229864603 -3.928402343743423 0 -3.85 -3.903710937493336 0 -1.85 -5.730875000001736 0 -1.89030904519633 -5.708403508054571 0 -1.85 -5.681492187501899 0 -2.02115646724314 -5.66074949251587 0 -1.986847572864944 -5.620806639641614 0 -1.9758872788179 -5.673340754311639 0 -2.041086309474619 -5.619965360664688 0 -2.111099771218324 -5.578763391298907 0 -2.210624007064566 -5.578322872213867 0 -2.309625421212163 -5.578225000487823 0 -2.458341825551758 -5.57801497031044 0 -2.433576740715464 -5.53507642238857 0 -2.483129910934084 -5.535022930800819 0 -2.408764022288751 -5.578082390321329 0 -2.557604322458549 -5.577823933887562 0 -2.582375341720006 -5.534859376216088 0 -2.532761159387479 -5.534927412589381 0 -3.545960719975489 -4.186599168391074 0 -3.496051339114491 -4.17322202136744 0 -3.599464985132675 -4.291883049117273 0 -3.574641873427336 -4.259318671582271 0 -3.549658654809706 -4.291432683435894 0 -2.954689816430627 -5.40550257887749 0 -2.904978935616166 -5.405539033209277 0 -2.929753314410048 -5.362584700516709 0 -3.276499084892075 -4.846921485780682 0 -3.226964427803727 -4.932955056077263 0 -3.326044691207113 -4.760832155628544 0 -3.375609022026766 -4.67468420322782 0 -3.177309355407135 -5.018849722644838 0 -3.127700717428814 -5.104709778288088 0 -3.425179906553406 -4.588470770494763 0 -3.474530485972729 -4.502112152954087 0 -3.52439321845068 -4.415908902774589 0 -3.574583679281389 -4.33241728088988 0 -3.078229762209846 -5.190629201665704 0 -3.028783447787201 -5.27657058844946 0 -2.979382420222652 -5.362526018547076 0 -2.80571707116734 -5.491545717306289 0 -2.780839726213715 -5.448641818873644 0 -2.830492562984523 -5.448560602423677 0 -2.75608115403413 -5.491623733174201 0 -2.656876444844825 -5.57770183866317 0 -2.632011402913145 -5.534798328603892 0 -2.681660840872873 -5.534701793852641 0 -3.45 -4.149999999999954 0 -3.580307165599451 -4.121444238391001 0 -3.657137212211826 -4.06871873867243 0 -3.734509106236221 -4.020473097024457 0 -3.811627720509356 -3.976523450372346 0 -1.927729387294139 -5.781774890989576 0 -1.929173738843399 -5.733853453548491 0 -1.888864693647069 -5.756324945495656 0 -1.99327277610692 -5.741309713572766 0 -2.00721462167503 -5.701029603044319 0 -1.96194543324979 -5.713620864840086 0 -2.113044423428136 -5.663368888781195 0 -2.067100445335639 -5.662059190648534 0 -2.087030287567117 -5.621275058797351 0 -2.137113907079344 -5.620857221282752 0 -2.210462773909708 -5.66424430271843 0 -2.235263698654145 -5.621272246680928 0 -2.185823082320129 -5.62129492825137 0 -2.309605880631075 -5.664109444473952 0 -2.33439604982841 -5.621129627403086 0 -2.284835252014828 -5.62120481755869 0 -2.507973074005154 -5.577919452099001 0 -2.408806694844336 -5.663971346421845 0 -2.433574260198047 -5.620993158366143 0 -2.38399645693504 -5.621060578377032 0 -2.607240383651687 -5.577762886275368 0 -3.639055377652081 -4.195875727477961 0 -3.594437069687039 -4.211315010762615 0 -3.590579027940531 -4.17115988510642 0 -3.619260181392378 -4.243879388297617 0 -2.904944206665563 -5.491422980228039 0 -2.929817011548095 -5.448462779552765 0 -2.880106130733634 -5.448499233884552 0 -3.35144387686299 -4.890339201496695 0 -3.326349059928148 -4.847109317133093 0 -3.301593901826917 -4.890151370144284 0 -3.301838336206457 -4.976230291303527 0 -3.27679113149865 -4.933096915047702 0 -3.252011632511534 -4.976088432333089 0 -3.400793552930625 -4.804177713066927 0 -3.375814346175773 -4.760981295777261 0 -3.351023897961966 -4.804028572918209 0 -3.45012179258653 -4.717687739846883 0 -3.42525234860957 -4.674635633907464 0 -3.400478466003725 -4.71773630916724 0 -3.251786904031145 -5.061848593106873 0 -3.226985916423878 -5.018897583234762 0 -3.202110343014402 -5.06180073251695 0 -3.202413010211699 -5.147890199574036 0 -3.177423396104679 -5.104821535750531 0 -3.152690331535833 -5.147778442111592 0 -3.499467344999328 -4.631525188272638 0 -3.474722126736765 -4.588441600647061 0 -3.449925124815969 -4.631554358120342 0 -3.547555738351607 -4.545488348278562 0 -3.523319900911432 -4.502177320582627 0 -3.498766323412904 -4.545423180650022 0 -3.595330215391335 -4.459341702363604 0 -3.572516294410718 -4.416146607513046 0 -3.547207139431296 -4.459103997625148 0 -3.647994627044652 -4.377640028729521 0 -3.623729806088663 -4.334761538923397 0 -3.598848500237377 -4.375295770696004 0 -3.153028562676847 -5.233698531860163 0 -3.127998107768407 -5.190682608254656 0 -3.103260217118286 -5.233645125271211 0 -3.103438832515861 -5.319447259997727 0 -3.078465352037792 -5.276519489339993 0 -3.053756928265269 -5.319498359107195 0 -3.054030360915124 -5.405409690081591 0 -3.029052692464901 -5.362479574149127 0 -3.004360088672875 -5.405456134479541 0 -2.855330638916452 -5.491484348767164 0 -2.756166985360089 -5.577549780303195 0 -2.731306111130505 -5.534625764672653 0 -2.780942028263715 -5.534547748804743 0 -2.706521715102458 -5.577625809483183 0 -3.628783515311001 -4.146160080762542 0 -3.701093735826356 -4.123487568423843 0 -3.698428253640043 -4.08224030586079 0 -3.659802694398139 -4.109966001235483 0 -3.782258449982868 -4.099308193418084 0 -3.739010610718299 -4.070150618357911 0 -3.77775694550079 -4.04963067208463 0 -3.85 -4.051859374993614 0 -3.811627720509356 -4.025906262872396 0 -3.85 -4.002476562493564 0 -1.85 -5.829640625001584 0 -1.888864693647069 -5.80570775799558 0 -1.85 -5.780257812501659 0 -1.960501081700529 -5.761542302281171 0 -2.069396713258612 -5.745216025120462 0 -2.031334744682766 -5.743262869346615 0 -2.045276590250876 -5.702982758818167 0 -2.091220568343375 -5.70429245695083 0 -2.161753598668922 -5.663806595749813 0 -2.260034327270391 -5.664176873596192 0 -2.359206287737706 -5.664040395447899 0 -2.508038530222433 -5.663818447357007 0 -2.483190177887096 -5.620916708833724 0 -2.532821426340491 -5.620821190622285 0 -2.458422612533385 -5.663894896889426 0 -2.607332184757449 -5.663683547549607 0 -2.632104314801137 -5.620692693106389 0 -2.582468253607999 -5.620753740718586 0 -3.69916942581129 -4.289985286532554 0 -3.669112401731685 -4.242930507005257 0 -3.649317205471982 -4.290934167824913 0 -3.004539851505033 -5.491373055885497 0 -2.97961483396783 -5.448437817381494 0 -2.954742029085298 -5.491398018056769 0 -3.376118714896808 -4.847258457281811 0 -3.326641106534724 -4.933284746400112 0 -3.276812620118801 -5.019039442205201 0 -3.425457672758578 -4.760932726456906 0 -3.474794568792929 -4.67460646405976 0 -3.227099957121422 -5.104869396340455 0 -3.177720786444273 -5.1907943657171 0 -3.523511541675467 -4.5885067682756 0 -3.571442976871471 -4.502415025321083 0 -3.621662421217994 -4.418490865546563 0 -3.673582026427971 -4.333812657631038 0 -3.128233697596354 -5.276572895928945 0 -3.078734596715492 -5.362428475039659 0 -3.029285106210079 -5.448391372983544 0 -2.855429154713687 -5.577436335892867 0 -2.880186680689625 -5.534429658060454 0 -2.830573112940514 -5.534491026599579 0 -2.805798070036888 -5.577493058098031 0 -2.706609720835317 -5.663575183995048 0 -2.681743082840072 -5.62063851132911 0 -2.731388353097703 -5.620562482149122 0 -3.670074556739219 -4.159681647950902 0 -3.741676092904612 -4.111397880920964 0 -3.816129224991434 -4.07558378420585 0 -1.927744056142872 -5.880450561694399 0 -1.927736721718506 -5.831112726341988 0 -1.888872028071436 -5.855045593347992 0 -2.017463222346049 -5.832876143130518 0 -2.005367999226484 -5.787092928351642 0 -1.972596304820094 -5.807325517060047 0 -2.043429967802331 -5.78904608412549 0 -2.160974880189257 -5.750039352065514 0 -2.115185796723935 -5.747627688592988 0 -2.137009651808697 -5.706704120423355 0 -2.185718827049483 -5.707141827391973 0 -2.26006040872008 -5.749996150905717 0 -2.284833144675578 -5.707052797689835 0 -2.235261591314894 -5.707120226812074 0 -2.359215622821856 -5.749916278774763 0 -2.384011158833096 -5.706943812598305 0 -2.334410751726466 -5.707012861624358 0 -2.557685357489941 -5.663750997453307 0 -2.458452090813152 -5.7498191272827 0 -2.433629392828744 -5.706895236852273 0 -2.483245310517793 -5.706818787319854 0 -2.656970952796383 -5.663629365772328 0 -3.76154296797788 -4.200231336413186 0 -3.70029917281498 -4.198053531945574 0 -3.730356196894585 -4.245108311472871 0 -2.954929627006383 -5.577307166436603 0 -2.979734739255708 -5.53434011116105 0 -2.929936916835973 -5.534365073332321 0 -3.450918148237906 -4.890983511700097 0 -3.425855850584266 -4.847580612383512 0 -3.401181012550448 -4.890661356598396 0 -3.40145220927268 -4.976819983747144 0 -3.351645272739569 -4.976525137525337 0 -3.376448043067835 -4.933579592621919 0 -3.351513979099517 -5.062290815876879 0 -3.326676157652987 -5.019260553590204 0 -3.301650441565331 -5.062069704491876 0 -3.500188117482103 -4.804391514100804 0 -3.450490835206364 -4.804284613583865 0 -3.475154955034316 -4.761039626973844 0 -3.54866325240045 -4.718698466694431 0 -3.524065298699889 -4.675111827483535 0 -3.49939252249349 -4.718193103270657 0 -3.300977461839322 -5.147975897355165 0 -3.25169523602551 -5.1479330484646 0 -3.276382182935234 -5.104912245231019 0 -3.252820237845874 -5.234112001417025 0 -3.227616624028787 -5.191001100495531 0 -3.202924400261361 -5.233905266638595 0 -3.595582893795208 -4.633838667622753 0 -3.571569316073408 -4.589663507950657 0 -3.547525119397268 -4.632681927947695 0 -3.638346758738845 -4.547704336832317 0 -3.61683848706509 -4.50352301959796 0 -3.592951248545226 -4.546596342555439 0 -3.688567149729868 -4.468041083388576 0 -3.641948682560602 -4.46369139287609 0 -3.66828088838726 -4.422840556059048 0 -3.756246017693483 -4.388442937689531 0 -3.727707721752386 -4.339214112111042 0 -3.702120322369067 -4.383041483209526 0 -3.203117040680356 -5.319619318504439 0 -3.178072801678602 -5.276658925182302 0 -3.153277936598109 -5.319533289251083 0 -3.153451891851855 -5.405329458380409 0 -3.10374112638349 -5.405369574231001 0 -3.128445362183858 -5.362388359189068 0 -3.103986749172695 -5.491256329131771 0 -3.079008555043909 -5.448333009606682 0 -3.054263300338864 -5.491314692508634 0 -2.905179390860035 -5.577371751164735 0 -2.805896734905828 -5.66346706275132 0 -2.830662944809758 -5.620451699322094 0 -2.781031860132958 -5.620508421527258 0 -2.756253227870572 -5.663521123373185 0 -3.731318351902118 -4.161859452418515 0 -3.771900708980374 -4.149769764915636 0 -3.85 -4.150624999993973 0 -3.816129224991434 -4.124966596706029 0 -3.85 -4.101242187493794 0 -1.85 -5.928406250001085 0 -1.888872028071436 -5.904428405847742 0 -1.85 -5.879023437501335 0 -1.97260363924446 -5.856663352412459 0 -2.112256291773072 -5.83538842010864 0 -2.06485975705956 -5.83413228161958 0 -2.090826502515842 -5.790302222614551 0 -2.136615585981164 -5.792713886087077 0 -2.210517644454669 -5.750017751485616 0 -2.309638015770968 -5.749956214840241 0 -2.408833856817504 -5.749867703028732 0 -2.557754275420722 -5.749694897532494 0 -2.532896402821577 -5.706756672444751 0 -2.582543230089085 -5.706689222541051 0 -2.508103183116937 -5.749757012407597 0 -2.657044171839159 -5.749604173217138 0 -2.632188178298304 -5.706643860383373 0 -2.681826946337238 -5.706589678606093 0 -3.78339168229653 -4.29524128712465 0 -3.772467325137205 -4.247736311768919 0 -3.74128055405391 -4.292613286828603 0 -3.054393292328712 -5.577205665402561 0 -3.029466571916872 -5.53428936064403 0 -3.004661459667548 -5.577256415919582 0 -3.426185178755293 -4.93390174772362 0 -3.475553132860004 -4.84768751290045 0 -3.376483094186099 -5.019555399812011 0 -3.326245720469419 -5.105133356616022 0 -3.524425684941277 -4.761544990397618 0 -3.572123073097829 -4.676268567158592 0 -3.276898849842598 -5.191043949386096 0 -3.227968639263116 -5.276865659960732 0 -3.616964826267027 -4.590771502227535 0 -3.663456954234356 -4.507872710110447 0 -3.722406583711676 -4.428242010539054 0 -3.769818849995007 -4.341842112407091 0 -3.178284466266105 -5.362474388442424 0 -3.128719320512275 -5.44829289375609 0 -3.079190020750703 -5.534230997267166 0 -2.905264474974552 -5.663353215335087 0 -2.930097050990468 -5.620330190885845 0 -2.88034681484412 -5.620394775613978 0 -2.85558060494019 -5.663410139043204 0 -2.756346526161535 -5.74951444470576 0 -2.781121630533681 -5.70649075372854 0 -2.731478123498426 -5.706544814350404 0 -3.80577148398894 -4.175428168203579 0 -1.926203867719489 -5.977789062501015 0 -1.926973961931181 -5.929119812097708 0 -1.888101933859744 -5.95309765625105 0 -1.987263706521386 -5.933733477030529 0 -2.002363464433718 -5.883304810080524 0 -1.957503881332129 -5.907092019362464 0 -2.066876602252127 -5.925159069474558 0 -2.042169912299088 -5.879017606302538 0 -2.089566447012599 -5.8802737447916 0 -2.21053748194752 -5.83584316300094 0 -2.161396886860296 -5.83561579155479 0 -2.185756181068388 -5.792941257533228 0 -2.2352989453338 -5.792919656953329 0 -2.309661455307686 -5.835831084914602 0 -2.284860932013883 -5.792913617910159 0 -2.334438539064771 -5.792873681844683 0 -2.408880818598624 -5.835782191521127 0 -2.433666454705888 -5.792800659401914 0 -2.38404822071024 -5.792849235147946 0 -2.60739922362994 -5.749649535374816 0 -2.508164269912169 -5.835701747632902 0 -2.48330818036266 -5.792760437457801 0 -2.532959272666445 -5.792698322582698 0 -2.706695349000347 -5.749559308961449 0 -3.85 -4.249390624993813 0 -3.816695841148265 -4.272315956059233 0 -3.80577148398894 -4.2248109807035 0 -3.004778714031703 -5.663231316995969 0 -3.029586003180207 -5.620218491199266 0 -2.979854170519043 -5.620269241716287 0 -3.500458725751866 -4.976684151355058 0 -3.475688436994886 -4.933833831527577 0 -3.450955467512273 -4.976752067551102 0 -3.550002414437873 -4.890891162086668 0 -3.525095265959988 -4.847641338093736 0 -3.500460281337889 -4.890937336893383 0 -3.450996464238325 -5.062501915576644 0 -3.401255221668921 -5.062396365726762 0 -3.426224336755503 -5.019660949661895 0 -3.401206625770811 -5.14816547500545 0 -3.376360302435164 -5.105228145441165 0 -3.351092043805067 -5.148070686180308 0 -3.599529264826555 -4.805081029379076 0 -3.574096258613503 -4.761889748036754 0 -3.549858691154329 -4.80473627173994 0 -3.647090100712977 -4.71966666094444 0 -3.597876676556714 -4.719182563819436 0 -3.621336497254092 -4.676752664283597 0 -3.35193865212424 -5.23403373836454 0 -3.302379444985058 -5.234072869890784 0 -3.326458056981782 -5.191004817859853 0 -3.302777169831167 -5.319803408181862 0 -3.277798703838521 -5.276957704799445 0 -3.252947105255762 -5.319711363343151 0 -3.686915317736287 -4.634165352196617 0 -3.662631038237566 -4.590934844514468 0 -3.641249105765748 -4.634002009909686 0 -3.715398305315293 -4.540057626045837 0 -3.701982727522581 -4.504049354717207 0 -3.676872532027069 -4.543880981439077 0 -3.77472586902805 -4.496304687494716 0 -3.765485943360766 -4.442373812592124 0 -3.731646509378959 -4.482172885441646 0 -3.85 -4.348156249994172 0 -3.816695841148265 -4.321698768559411 0 -3.803123008846741 -4.368299593841853 0 -3.252739486705055 -5.405224414989164 0 -3.227928263692705 -5.362421866746802 0 -3.203095689278455 -5.405276936684787 0 -3.203316387023596 -5.491239416798587 0 -3.178384139437726 -5.448284437589498 0 -3.153651568098145 -5.491247872965179 0 -3.153777099838233 -5.577168445571624 0 -3.128881924505464 -5.534212387351698 0 -3.104085196083473 -5.577187055487093 0 -2.955021594503128 -5.663292266165529 0 -2.855696813606797 -5.749421894676525 0 -2.880480644290675 -5.706387555005806 0 -2.830796774256313 -5.706444478713923 0 -2.806021669884166 -5.749468169691142 0 -3.85 -4.200007812493893 0 -1.85 -6.027171875000933 0 -1.888101933859744 -6.002480468750974 0 -1.85 -5.977789062501008 0 -1.956733787120438 -5.955761269765773 0 -2.027070154386756 -5.929446273252545 0 -2.161902653584116 -5.922269674163492 0 -2.137079472678594 -5.878829047136066 0 -2.114389627918122 -5.923714371819026 0 -2.186220067765818 -5.879056418582216 0 -2.260099468627603 -5.835837123957772 0 -2.359271136953155 -5.835806638217864 0 -2.458522544255397 -5.835741969577015 0 -2.607474269536959 -5.835638194658642 0 -2.632259220688059 -5.79262118393789 0 -2.58261427247884 -5.792666546095568 0 -2.557819269724564 -5.835669971145772 0 -2.706789868205216 -5.835581624535643 0 -2.731568197183376 -5.792548034620701 0 -2.681917020022187 -5.792592898876391 0 -3.85 -4.298773437493993 0 -3.10421526865533 -5.663146525657208 0 -3.079304280492021 -5.620176095529884 0 -3.054496991343516 -5.663188921326588 0 -3.475727594995095 -5.019593033465851 0 -3.52523057009487 -4.933787656720863 0 -3.574765839632214 -4.847986095732873 0 -3.426101545004569 -5.105333695291048 0 -3.376572638947526 -5.191099606684996 0 -3.623309682769766 -4.762373845161758 0 -3.667002709224632 -4.676916006570529 0 -3.327357910977704 -5.276918573273202 0 -3.277758328268111 -5.362513911585514 0 -3.701156811525791 -4.587111489121227 0 -3.745062087171672 -4.518181156770277 0 -3.85 -4.446921874994533 0 -3.812362934514025 -4.471613281244625 0 -3.803123008846741 -4.417682406342033 0 -3.85 -4.397539062494353 0 -3.228027936864326 -5.448231915893876 0 -3.178546743430914 -5.534203931185106 0 -3.128996184246781 -5.620157485614416 0 -2.955136410093337 -5.749313717279004 0 -2.930200442533945 -5.706333466307046 0 -2.97995756206252 -5.706272517137487 0 -2.905416611850067 -5.749367805977765 0 -2.806120355818811 -5.83551671056921 0 -2.830908584712804 -5.792469302622868 0 -2.781233440990173 -5.792515577637484 0 -1.927214604039204 -6.073077339329227 0 -1.926709235879347 -6.025433200915122 0 -1.888607302019602 -6.05012460716508 0 -2.012072960815261 -6.019593330450285 0 -1.999668333668323 -5.976663403740408 0 -1.969138414267375 -5.998691196475651 0 -2.039474781533694 -5.972376199962422 0 -2.111220336437031 -6.007742820054602 0 -2.136561495010573 -5.965006247109047 0 -2.089048469344579 -5.96645094476458 0 -2.260237849086483 -5.921865661736144 0 -2.235387665517002 -5.878854412368543 0 -2.2110702513353 -5.922067667949818 0 -2.284949652197085 -5.878848373325374 0 -2.359294030794033 -5.921755053646391 0 -2.33447774305086 -5.878793069280497 0 -2.384087424696328 -5.87876862258376 0 -2.458562942974848 -5.921717621868121 0 -2.433721880786736 -5.878749906694624 0 -2.483363606443509 -5.878709684750511 0 -2.657132068871087 -5.835609909597142 0 -2.557871864189506 -5.921664130523726 0 -2.582673066863233 -5.878651162591185 0 -2.533018067050838 -5.878682939078313 0 -2.756455112012013 -5.835549167552426 0 -3.05459691342439 -5.749186996048421 0 -3.029687813728047 -5.706209156522196 0 -3.07940609103986 -5.706166760852815 0 -3.549769306965304 -5.062271304154227 0 -3.525114016358585 -5.019477727754643 0 -3.500382885601814 -5.062386609865436 0 -3.600126864654495 -4.977088880108552 0 -3.575064639546184 -4.93399002109761 0 -3.55029279520318 -4.976886515731806 0 -3.652582952122618 -4.890970494237377 0 -3.626056108474586 -4.848025761808227 0 -3.601292683280246 -4.890930828162023 0 -3.500620070188664 -5.148215058029802 0 -3.450913347979738 -5.148190266517626 0 -3.475808267213495 -5.105358486803223 0 -3.45119312713481 -5.233975424829675 0 -3.426199876452811 -5.191070449917563 0 -3.401565889629525 -5.234004581597108 0 -3.698558552365954 -4.805083491536767 0 -3.672824326539466 -4.762375076240604 0 -3.649043908596254 -4.805082260457922 0 -3.751266413228191 -4.712620339550008 0 -3.719090865482239 -4.673392845873313 0 -3.699178256970584 -4.716143500247224 0 -3.401744703884455 -5.319752967702391 0 -3.352260936857811 -5.319778187942127 0 -3.376841678004348 -5.276893353033467 0 -3.352209215982879 -5.405495873686039 0 -3.327493192907023 -5.362649640933951 0 -3.302474351343967 -5.405360144337602 0 -3.766158960991795 -4.595716007335336 0 -3.740778633153545 -4.567886816690587 0 -3.726537139364042 -4.614940679765978 0 -3.770442415009923 -4.546010347415027 0 -3.85 -4.545687499994892 0 -3.812362934514025 -4.520996093744804 0 -3.85 -4.496304687494712 0 -3.302618651133375 -5.491282327023506 0 -3.277679068919215 -5.448253371006336 0 -3.252967519078485 -5.491260871911047 0 -3.253132791016264 -5.57718552628283 0 -3.228224589019931 -5.534212471540709 0 -3.203454945427249 -5.577176985927228 0 -3.203559807777435 -5.663122679021348 0 -3.178668453807834 -5.620145562296487 0 -3.153887538216383 -5.663134602339278 0 -3.004866661758864 -5.749250356663714 0 -2.905531405429529 -5.835431889234638 0 -2.930333907761433 -5.792372803256821 0 -2.880614109518163 -5.792426891955581 0 -2.85582588062417 -5.835474299901923 0 -1.85 -6.125937500000782 0 -1.888607302019602 -6.099507419665004 0 -1.85 -6.076554687500858 0 -1.969643782427232 -6.046335334889756 0 -2.061646648626146 -6.013668075252443 0 -2.210396119149653 -6.007749115904858 0 -2.186149386366885 -5.965009395034175 0 -2.160808227793342 -6.00774596797973 0 -2.235316984118068 -5.964807388820502 0 -2.309765939940259 -5.921810357691268 0 -2.408928486884441 -5.921736337757256 0 -2.508217403582177 -5.921690876195923 0 -2.657219166350977 -5.921633370544875 0 -2.682004517278096 -5.878607497540258 0 -2.632346717943968 -5.878635782601759 0 -2.607545515270242 -5.921648750534301 0 -2.756563873859346 -5.921598560740662 0 -2.781342114839078 -5.878557635654936 0 -2.731676871032281 -5.878590092638152 0 -3.153952601861541 -5.749052002684187 0 -3.129083935258436 -5.706099264170698 0 -3.104274757642966 -5.749119499366305 0 -3.525194688576984 -5.105243181092014 0 -3.5749480858099 -5.01968009213139 0 -3.626354908388556 -4.934029687172965 0 -3.675570752244286 -4.848026992887071 0 -3.475906598661737 -5.191095241429738 0 -3.426468915509632 -5.276864196266033 0 -3.724912482797072 -4.758851915543388 0 -3.758712687109993 -4.654168173442673 0 -3.376976959933668 -5.362624420694216 0 -3.327413933558128 -5.448389100354774 0 -3.808079480495898 -4.570701753665114 0 -3.27787572107482 -5.534233926653169 0 -3.228346299396851 -5.62015410265209 0 -3.178756204819489 -5.706087340852768 0 -3.004978725101482 -5.835310212581897 0 -2.980057567597409 -5.792311964930451 0 -3.029787819262936 -5.79224860431516 0 -2.955255065265505 -5.835371050908267 0 -2.855926209656867 -5.921528150897718 0 -2.880728807543198 -5.878480020066178 0 -2.831023282737839 -5.878522430733463 0 -1.931291692206714 -6.167962343978914 0 -1.929253148122959 -6.120519841654071 0 -1.890645846103357 -6.146949921989847 0 -1.993274003629023 -6.116108571884856 0 -2.002673482222142 -6.067850951167571 0 -1.960244303834114 -6.094592955607043 0 -2.0689455210579 -6.099407165015863 0 -2.040509240936581 -6.059500247733075 0 -2.090082928747465 -6.053574992535233 0 -2.160991494108384 -6.09389910975059 0 -2.136105915272708 -6.050820964902597 0 -2.185693806629018 -6.050824112827724 0 -2.309635353735901 -6.007745878786587 0 -2.284936601411192 -5.964805770261366 0 -2.260015736442777 -6.007747497345723 0 -2.334464692264967 -5.96475046621649 0 -2.408956149830189 -6.007730570006959 0 -2.433759546402519 -5.96472409593754 0 -2.384125090312111 -5.964742811826675 0 -2.508275788220552 -6.007701115911853 0 -2.533073826205029 -5.96468262321779 0 -2.4834193655977 -5.964709368889987 0 -2.706891520105161 -5.921615965642768 0 -2.607620838088307 -6.007730281957612 0 -2.632420002219642 -5.964681826251244 0 -2.582746351138907 -5.964697206240669 0 -2.806245041758107 -5.92156335581919 0 -3.104402965652707 -5.83518862479531 0 -3.129177783757124 -5.792120313739749 0 -3.079499939538549 -5.792187810421867 0 -3.597865761133602 -5.14714193698403 0 -3.573817534049453 -5.104706620569129 0 -3.549242915661133 -5.147678497506917 0 -3.648454573164558 -5.061986025766416 0 -3.624290718909527 -5.019537452937485 0 -3.599111940064931 -5.062128664960321 0 -3.699493215484751 -4.979730143051578 0 -3.649810040069623 -4.978409511580066 0 -3.676038083803684 -4.935350318644478 0 -3.761398794984089 -4.89151720083808 0 -3.729978673675022 -4.848300346187424 0 -3.706990873553354 -4.891243847537728 0 -3.550181963991312 -5.233893298913594 0 -3.525401017089988 -5.191054178471697 0 -3.500687545563061 -5.233934361871635 0 -3.500770981314004 -5.319663351030133 0 -3.475982054224407 -5.276819387929904 0 -3.45125784259923 -5.319708159366263 0 -3.781915906864878 -4.797936911627652 0 -3.766591160046534 -4.755278625588831 0 -3.740237229615416 -4.80151020158221 0 -3.85 -4.64445312499525 0 -3.800633206614096 -4.678536732272629 0 -3.808079480495898 -4.620084566165294 0 -3.451341797528395 -5.405487043685402 0 -3.426543250706425 -5.362620005693897 0 -3.401775506755637 -5.405491458685721 0 -3.401894753357248 -5.491339866941914 0 -3.352256702245311 -5.49131109698271 0 -3.377051984670064 -5.448417870313977 0 -3.85 -4.595070312495071 0 -3.352419272715211 -5.577208863442512 0 -3.327518961924293 -5.53424559523301 0 -3.302776031865738 -5.577197194862672 0 -3.302915001731421 -5.66311735700024 0 -3.253237404754429 -5.663120018010794 0 -3.278023896373843 -5.620151441641536 0 -3.253366083561828 -5.749066216932004 0 -3.228462945669632 -5.706094447976676 0 -3.203659342711685 -5.749059109808096 0 -3.054690845377094 -5.835249418688603 0 -2.955344545125977 -5.921444682893544 0 -2.980161635113729 -5.87837744773772 0 -2.930437975277753 -5.878438286064091 0 -2.905635377391422 -5.921486416895631 0 -1.85 -6.224703125000629 0 -1.890645846103357 -6.196332734489772 0 -1.85 -6.175320312500705 0 -1.962282847917868 -6.142035457931886 0 -2.031109762343462 -6.10775786845036 0 -2.114968507583142 -6.096653137383227 0 -2.259971027457039 -6.09378461853114 0 -2.210481260782712 -6.093841864140866 0 -2.235183573303346 -6.050766867218 0 -2.28480319059647 -6.050765248658864 0 -2.359295751783045 -6.007738224396773 0 -2.458615969025371 -6.007715842959406 0 -2.55794831315443 -6.007715698934733 0 -2.707038177443702 -6.007677723410175 0 -2.731801025651524 -5.964638142075419 0 -2.682128671897339 -5.964655546977525 0 -2.657329507766004 -6.007704002683893 0 -2.806438659895554 -6.007628736218486 0 -2.831182434776211 -5.964578443558102 0 -2.78150126687745 -5.964613648479574 0 -3.203777805982809 -5.835092213838932 0 -3.178865203922175 -5.79207210826156 0 -3.154090385817758 -5.835140419317121 0 -3.574023862562457 -5.190517617948812 0 -3.62316016714908 -5.104563981375223 0 -3.673973894324654 -5.020858084408997 0 -3.730446005234421 -4.935623671944829 0 -3.771657350924484 -4.844727056232867 0 -3.525476472652658 -5.276778324971863 0 -3.4760563894212 -5.362575197357767 0 -3.85 -4.743218749995264 0 -3.815957953432439 -4.770577830811458 0 -3.800633206614096 -4.727919544772636 0 -3.85 -4.693835937495257 0 -3.426618275442822 -5.448413455313657 0 -3.377157013036229 -5.534274365192212 0 -3.327667137223316 -5.620163110221376 0 -3.278140542646624 -5.706091786966121 0 -3.228571944772319 -5.792079215385468 0 -3.054838736342865 -5.921333103869959 0 -3.079620850997786 -5.878260864332635 0 -3.029908730722173 -5.878321658225928 0 -3.005091640734421 -5.921388893381751 0 -2.905851132006081 -6.007542120060497 0 -2.930597838566029 -5.96449340147702 0 -2.880888670831474 -5.964535135479107 0 -1.952638463480805 -6.26925870867129 0 -1.94196507784376 -6.218610526325103 0 -1.901319231740402 -6.24698091683596 0 -2.022963969205533 -6.186482889827175 0 -2.008118986417278 -6.151295730856017 0 -1.977127830706124 -6.177222616903045 0 -2.045954745131716 -6.14294502742152 0 -2.112823469978594 -6.180644825713786 0 -2.090884495518247 -6.140025995364825 0 -2.136907482043489 -6.137271967732189 0 -2.210292079531255 -6.179828159281549 0 -2.185641786819819 -6.13686363451607 0 -2.235131553494147 -6.136806388906345 0 -2.359313140187031 -6.093743934352441 0 -2.309642083822035 -6.093764276441791 0 -2.334474246961466 -6.050744906569514 0 -2.38413464500861 -6.0507372521797 0 -2.45864243599208 -6.093724673942969 0 -2.483459112106316 -6.050712894927411 0 -2.433799292911135 -6.050727621974964 0 -2.557959319270517 -6.093638239443488 0 -2.582790078679412 -6.05068426070055 0 -2.533117553745535 -6.05066967767767 0 -2.756738418669628 -6.007653229814331 0 -2.65738310588331 -6.093876871045687 0 -2.682210641663506 -6.050777297227931 0 -2.632501971985809 -6.05080357650165 0 -2.856144895950818 -6.007585428139492 0 -3.154259032032615 -5.921182247177183 0 -3.179018419007712 -5.878137230508058 0 -3.129330998842661 -5.878185435986246 0 -3.664262012232955 -5.234927091580627 0 -3.631063886683279 -5.191034514282329 0 -3.607221988112133 -5.23441019524711 0 -3.686417020670173 -5.141442915565763 0 -3.667435796917366 -5.10171447066609 0 -3.642141390901887 -5.144292426274897 0 -3.753418724497195 -5.074233110689783 0 -3.726455969990973 -5.026981626870681 0 -3.700936648830877 -5.0681095682281 0 -3.782862146993208 -4.985149215914388 0 -3.772130470988649 -4.938333208376235 0 -3.741177681238979 -4.982439679482983 0 -3.85 -4.841984374995796 0 -3.815957953432439 -4.819960643311725 0 -3.805699397492045 -4.866750787916938 0 -3.597783309260165 -5.320773586147575 0 -3.573982636625739 -5.277333442530584 0 -3.549277145287085 -5.320218468588854 0 -3.550031436017461 -5.405617905463894 0 -3.525401208665733 -5.362640628247014 0 -3.500686616772929 -5.405552474574648 0 -3.85 -4.79260156249553 0 -3.500951127564246 -5.49122356717641 0 -3.47614646254632 -5.448355305430906 0 -3.451422940460747 -5.491281717059161 0 -3.451514603758344 -5.577093284803543 0 -3.426704678557796 -5.534216575872728 0 -3.401966938236778 -5.577151074123027 0 -3.402066213458259 -5.663006219797041 0 -3.377242743086735 -5.620107541619777 0 -3.35249060759484 -5.66306178839864 0 -3.352600145540368 -5.748978776897209 0 -3.327757573635894 -5.706048066948725 0 -3.302983114551098 -5.749022496914606 0 -3.303109187825216 -5.834991411318934 0 -3.278237635693522 -5.792028814125469 0 -3.253443496904012 -5.835041812578933 0 -3.10454888418774 -5.92125767552357 0 -3.005432762157158 -6.007445217496537 0 -3.030135749250012 -5.964389160683248 0 -2.980388653641568 -5.96444495019504 0 -2.955641947081619 -6.007493668778517 0 -1.85 -6.323468750000478 0 -1.901319231740402 -6.296363729335884 0 -1.85 -6.274085937500553 0 -1.987801216343169 -6.227870799249233 0 -2.067893719592063 -6.183563857770482 0 -2.161557774754924 -6.180236492497668 0 -2.309686669736747 -6.179818322223381 0 -2.259989374634001 -6.179823240752466 0 -2.284828848596893 -6.136801470377261 0 -2.334499904961889 -6.136781128287911 0 -2.408977788089556 -6.093734304147705 0 -2.508300877631298 -6.093681456693228 0 -2.607671212576913 -6.093757555244587 0 -2.756880027260392 -6.093839935574064 0 -2.781659343577973 -6.050734335896275 0 -2.731959102352047 -6.05075882949212 0 -2.707131566571851 -6.093858403309875 0 -2.856544796882412 -6.093684059055046 0 -2.881197964444246 -6.050613089557771 0 -2.831491728388983 -6.050656397636766 0 -3.253682050070374 -5.92107527814445 0 -3.228729928026592 -5.878083745991691 0 -3.203970541051494 -5.921128762660816 0 -3.63102266074656 -5.277850338864101 0 -3.675339516451564 -5.188185003573196 0 -3.719917872583685 -5.107838013127774 0 -3.768140435745202 -5.029691163302086 0 -3.85 -4.940749999995982 0 -3.816431073496604 -4.962949607955185 0 -3.805699397492045 -4.916133600417032 0 -3.85 -4.89136718749589 0 -3.573907372638813 -5.363195745805735 0 -3.525491281790854 -5.448420736320152 0 -3.476232865661295 -5.534158425989976 0 -3.426790408608301 -5.620049752300292 0 -3.377333179499313 -5.705992498347126 0 -3.327854666682792 -5.791985094108071 0 -3.278395618947795 -5.878033344731692 0 -3.105064646523854 -6.007401836808416 0 -3.129661839278234 -5.9642920419928 0 -3.07995169143336 -5.964367470339187 0 -3.055248704340506 -6.007423527152477 0 -2.956030837572615 -6.093537031815683 0 -2.980731799864887 -6.05049112465611 0 -2.930940984789348 -6.050539575938091 0 -1.932610189305585 -6.37160504198938 0 -1.942624326393195 -6.320431875330335 0 -1.891305094652793 -6.347536895994929 0 -2.060577513336257 -6.267341612208374 0 -2.041770741270895 -6.226912251017775 0 -2.006607988408531 -6.268300160439832 0 -2.086700491657425 -6.22399321896108 0 -2.160580510476355 -6.264206906345366 0 -2.136701990227475 -6.222425866029576 0 -2.185436295003805 -6.222017532813457 0 -2.260030149428165 -6.264472713041807 0 -2.284858409582456 -6.222145517632594 0 -2.23516111447971 -6.222150436161678 0 -2.40831281918009 -6.179234538257527 0 -2.383812979683561 -6.136489236304984 0 -2.358999744458418 -6.179526430240454 0 -2.433477627586085 -6.136479606100248 0 -2.50740830622971 -6.177553874141609 0 -2.532683812750113 -6.135596056792549 0 -2.483025371110895 -6.135639274042289 0 -2.607580628600877 -6.179196341265549 0 -2.582769973935697 -6.136417290354519 0 -2.632481867242094 -6.136536606155618 0 -2.806712412071402 -6.093761997314555 0 -2.707173389489994 -6.178502729580137 0 -2.732026708375193 -6.1361713325771 0 -2.682278247686652 -6.136189800312912 0 -2.906287817227514 -6.093610545435365 0 -3.204665902583881 -6.007303286033251 0 -3.229173976327127 -5.96418928208885 0 -3.179462467308248 -5.964242766605217 0 -3.686092283520958 -5.328477461184824 0 -3.675177147876957 -5.281702276382726 0 -3.641937796390562 -5.324625523666199 0 -3.76446645972934 -5.187664062496706 0 -3.725441740199757 -5.164553489031236 0 -3.714364235981148 -5.211295577038667 0 -3.758942592113268 -5.130948586593245 0 -3.85 -5.039515624996516 0 -3.816431073496604 -5.012332420455452 0 -3.801709362248598 -5.05687436784315 0 -3.85 -4.990132812496249 0 -3.64937916580927 -5.405432100765758 0 -3.599705300913366 -5.405525003114827 0 -3.623581237534718 -5.363102843456667 0 -3.599962234628697 -5.491127783978087 0 -3.57499683532308 -5.448372844720991 0 -3.550456681096471 -5.491175675577249 0 -3.550561574516483 -5.576945653196814 0 -3.525756351040364 -5.534084610186612 0 -3.501038089137413 -5.577019469000179 0 -3.501292656962928 -5.66283865623143 0 -3.476403630360636 -5.619965970517486 0 -3.451679435210593 -5.662922438014236 0 -3.452203866876205 -5.748974749965875 0 -3.427135040167232 -5.705990484881458 0 -3.402402006208287 -5.748976763431542 0 -3.403072457120238 -5.835124009066731 0 -3.377836301330303 -5.79205139298197 0 -3.353090822472727 -5.835057710192833 0 -3.353486534626411 -5.921039413935961 0 -3.328297861225813 -5.878015412627447 0 -3.303584292348392 -5.921057346040206 0 -3.154865274553868 -6.007352561420834 0 -3.055660993121917 -6.093533562102526 0 -3.080362819822886 -6.050467699455472 0 -3.030546877639538 -6.050489389799532 0 -3.005845915347266 -6.093535296959105 0 -1.85 -6.422234375000326 0 -1.891305094652793 -6.396919708494853 0 -1.85 -6.372851562500403 0 -2.025798429716702 -6.355619180312452 0 -1.989218446598753 -6.312438944491872 0 -1.979204309511144 -6.363612111150916 0 -2.043187971526479 -6.311480396260413 0 -2.110579011906306 -6.26577425927687 0 -2.21030532995226 -6.264339809693587 0 -2.359527543915194 -6.265691644345827 0 -2.33460710682597 -6.222754983284604 0 -2.30977884667168 -6.265082178693817 0 -2.383920181547642 -6.222463091301677 0 -2.4578605627049 -6.178394206199568 0 -2.557494467415293 -6.178375107703579 0 -2.657377009045436 -6.178849535422843 0 -2.806806127711887 -6.179773069818769 0 -2.83167546229715 -6.136728564436908 0 -2.78184307748614 -6.136806502696416 0 -2.756989758600941 -6.179137899699453 0 -2.906528276763382 -6.179547514426226 0 -2.931279557167999 -6.136542273120956 0 -2.881536536822897 -6.136615786740636 0 -3.304113793347687 -6.007117073605319 0 -3.278897921709031 -5.964096175874885 0 -3.254389847965784 -6.007210179819285 0 -3.667735724665114 -5.366954780975291 0 -3.764466459729239 -5.28642968749674 0 -3.725279371625099 -5.307453574340784 0 -3.714364235981097 -5.260678389538684 0 -3.76446645972929 -5.237046874996724 0 -3.85 -5.138281249996528 0 -3.801709362248598 -5.106257180343156 0 -3.80723322986467 -5.162972656246618 0 -3.85 -5.088898437496521 0 -3.624670700218983 -5.448279942371923 0 -3.57526190457259 -5.534036718587451 0 -3.525927115739705 -5.619892154714123 0 -3.476748261919567 -5.705906703098652 0 -3.427638161998222 -5.792049379516303 0 -3.378279495873325 -5.878081711501347 0 -3.328800163987049 -5.96407824377064 0 -3.155530452904685 -6.093613604171047 0 -3.130297549714269 -6.050507720489732 0 -3.180098177744283 -6.05045844510215 0 -3.105595723013301 -6.093573583136788 0 -3.006167064504749 -6.179469717753272 0 -2.981098951038683 -6.136503374784478 0 -3.030914028813333 -6.1365016399279 0 -1.915975536366661 -6.455046325274092 0 -1.924292862836123 -6.413325683631736 0 -1.882987768183331 -6.438640350137209 0 -1.997267492527638 -6.439392209380758 0 -2.01153296112217 -6.397505694846606 0 -1.964938840916612 -6.40549862568507 0 -2.123415101796169 -6.350275437960667 0 -2.074606765756435 -6.35294730913656 0 -2.091996307566213 -6.308808525084521 0 -2.141997806136262 -6.307241172153017 0 -2.217511152080383 -6.349676707813124 0 -2.238770650754274 -6.307074710427466 0 -2.189045831278369 -6.306941807079244 0 -2.309790131841295 -6.352175854785403 0 -2.334658837878244 -6.308933749565615 0 -2.28491014063473 -6.308324283913605 0 -2.454454006411514 -6.26282850214329 0 -2.431383412795802 -6.221031520200409 0 -2.406990775163354 -6.264260073244559 0 -2.480931156320612 -6.22019118814245 0 -2.557329684886543 -6.273756189673141 0 -2.58245515674371 -6.226476265469346 0 -2.532368995558127 -6.225655031907376 0 -2.662318918155012 -6.260158558813263 0 -2.684746153822503 -6.2193306441967 0 -2.634949773377945 -6.219677450039406 0 -2.856667202237634 -6.179660292122498 0 -2.760628434478555 -6.262400472193208 0 -2.783717281095221 -6.221086771005989 0 -2.733900911984275 -6.220451600886673 0 -2.956347670634066 -6.179508616089749 0 -3.255391333448773 -6.093371030449116 0 -3.27975256339823 -6.050244052027218 0 -3.230028618016327 -6.050337158241184 0 -3.754570470573161 -5.394824839933422 0 -3.72033137704706 -5.361651150559124 0 -3.701974818191216 -5.400128470349591 0 -3.7595184651512 -5.340627263715081 0 -3.85 -5.237046874996888 0 -3.80723322986462 -5.261738281246815 0 -3.80723322986467 -5.212355468746797 0 -3.85 -5.187664062496708 0 -3.698932099833025 -5.491047550475506 0 -3.674155632821147 -5.448239825620632 0 -3.649447167230861 -5.491087667226797 0 -3.651509624232705 -5.577361538116361 0 -3.625735929430701 -5.534244661047224 0 -3.601035599374594 -5.577153595656588 0 -3.600514686167915 -5.662684160319039 0 -3.550903671565421 -5.662761408275235 0 -3.575538130342199 -5.619814906757927 0 -3.551182630924476 -5.748495160890239 0 -3.526237643943702 -5.705666908560834 0 -3.501693248900341 -5.748734955428057 0 -3.503605254652428 -5.835564732782124 0 -3.453338855886333 -5.835344370924428 0 -3.477904560764316 -5.792269741374 0 -3.453429753200814 -5.92119496950029 0 -3.428251105160526 -5.878159489283512 0 -3.403458143913612 -5.921117191718126 0 -3.403703203048587 -6.00698139967801 0 -3.353908498198137 -6.007049236641666 0 -3.378594868837499 -5.964010406806986 0 -3.205460893176729 -6.093492317310082 0 -3.105922139092238 -6.179436885736448 0 -3.130726295998461 -6.136525244953748 0 -3.080791566107077 -6.136485223919488 0 -3.056044601798494 -6.17945330174486 0 -1.85 -6.521000000000001 0 -1.882987768183331 -6.488023162637047 0 -1.85 -6.471617187500163 0 -1.956621514447149 -6.447219267327426 0 -2.088281817853757 -6.435842071664246 0 -2.05704012378523 -6.39573062598835 0 -2.042774655190698 -6.437617140522503 0 -2.105848459824963 -6.393058754812457 0 -2.170463126938276 -6.349976072886895 0 -2.263650641960839 -6.350926281299264 0 -2.413148279457595 -6.360357261853995 0 -2.386337911686395 -6.313024453099911 0 -2.361469205649445 -6.3562665583197 0 -2.433801142934555 -6.311592881998642 0 -2.505891845649029 -6.268292345908216 0 -2.609824301520778 -6.266957374243202 0 -2.711473676316784 -6.261279515503235 0 -2.857323132733283 -6.26402241342191 0 -2.881925704748332 -6.221784963924068 0 -2.832064630222585 -6.22189774162034 0 -2.808975783605919 -6.263211442807559 0 -2.956545605225786 -6.264194066913132 0 -2.981356334865268 -6.221831892333202 0 -2.931536940994584 -6.221870790669679 0 -3.354803130490494 -6.093240173854668 0 -3.329458461919091 -6.050178623729995 0 -3.305097231969634 -6.093305602151893 0 -3.726751285203093 -5.442936195204464 0 -3.85 -5.335812499996901 0 -3.80723322986462 -5.311121093746822 0 -3.802285235286581 -5.365318669965162 0 -3.85 -5.286429687496895 0 -3.675220862032865 -5.534204544295934 0 -3.62601215520031 -5.6200228492177 0 -3.575848658546195 -5.705589660604639 0 -3.527393942788452 -5.792029946836182 0 -3.478517503926621 -5.878379851141207 0 -3.428566478124701 -5.964088184589151 0 -3.379253166769541 -6.05011078676634 0 -3.205617029409205 -6.179371733437135 0 -3.180573741156945 -6.136492668804092 0 -3.230504181428989 -6.136371381943126 0 -3.155769584250721 -6.179404309586792 0 -3.056165944083062 -6.264159005081443 0 -3.08104404158765 -6.221797945408945 0 -3.031166504293906 -6.221814361417358 0 -1.950000000000082 -6.521000000000001 0 -1.932987768183371 -6.488023162637047 0 -1.900000000000041 -6.521000000000001 0 -1.97363374626386 -6.48019610469038 0 -2.050000000000736 -6.521000000000001 0 -2.069140908927247 -6.478421035832124 0 -2.023633746264187 -6.48019610469038 0 -2.188259413976471 -6.436800459078214 0 -2.138270615915114 -6.43632126537123 0 -2.15583725788632 -6.393537948519441 0 -2.202885283028427 -6.393238583445669 0 -2.280240111955988 -6.445805836304035 0 -2.295015121898642 -6.39899084554472 0 -2.248875632018185 -6.39774127205858 0 -2.356464483439816 -6.426112529514509 0 -2.384806381448706 -6.393234895684252 0 -2.333127307640555 -6.389144192149956 0 -2.487287706153411 -6.335344696730963 0 -2.470870856282462 -6.299086599437127 0 -2.450217992805503 -6.347850979292479 0 -2.522308695519977 -6.304550443202053 0 -2.640752198172129 -6.346311850213065 0 -2.651535558163571 -6.303235204513165 0 -2.599040941529337 -6.310034019943104 0 -2.72969789630748 -6.348582527444393 0 -2.745163165393018 -6.305491499818801 0 -2.696008407231246 -6.304370543128828 0 -2.906934368979535 -6.264108240167521 0 -2.820231956531275 -6.349394806457584 0 -2.838777544632279 -6.306708609939747 0 -2.790430195504915 -6.305897639325396 0 -3.006355774654424 -6.264176535997287 0 -3.305251334264206 -6.179224101600621 0 -3.330027232377351 -6.136232137727645 0 -3.280321333856489 -6.136297566024869 0 -3.782371243820345 -5.483960937497447 0 -3.768470857196753 -5.439392888715435 0 -3.740651671826685 -5.487504243986477 0 -3.85 -5.434578124997261 0 -3.802285235286581 -5.414701482465341 0 -3.85 -5.385195312497081 0 -3.760233162137101 -5.580028408112033 0 -3.729582630985063 -5.535537979293769 0 -3.705871393184903 -5.578694973114197 0 -3.699164714115613 -5.662438420796006 0 -3.675337169174159 -5.619899979456184 0 -3.649839700141764 -5.662561290557523 0 -3.649108850557818 -5.747352782682005 0 -3.600145740741147 -5.747923971786122 0 -3.624811768362866 -5.705018471500522 0 -3.600370470329562 -5.833555883360965 0 -3.575776550627019 -5.791025522125603 0 -3.551987862490995 -5.834560308071545 0 -3.553672177913333 -5.92161436058499 0 -3.528638716282881 -5.878589546683557 0 -3.503550965557074 -5.92140466504264 0 -3.503807309715797 -6.007304597195362 0 -3.453755256382192 -6.007142998436686 0 -3.478618531458306 -5.964249783347826 0 -3.454088631055028 -6.093141614130847 0 -3.428895917051808 -6.050061506904429 0 -3.404445880772761 -6.093190893992758 0 -3.255434181836705 -6.179297917518878 0 -3.155857658188426 -6.264074491012957 0 -3.180737343798816 -6.221723112225046 0 -3.130889898640332 -6.221755688374703 0 -3.106011801135744 -6.264116748047201 0 -2.000000000000409 -6.521000000000001 0 -2.150000000001928 -6.521000000000001 0 -2.119140908927843 -6.478421035832124 0 -2.100000000001332 -6.521000000000001 0 -2.169129706989199 -6.478900229539107 0 -2.234249762966229 -6.441303147691125 0 -2.318352297697902 -6.435959182909272 0 -2.424943224083778 -6.45099342975973 0 -2.419045751770687 -6.405675345806863 0 -2.390703853761798 -6.43855297963712 0 -2.495420240196066 -6.423225754165976 0 -2.491353973174738 -6.37928522544847 0 -2.454284259826831 -6.391791508009986 0 -2.554401280741077 -6.358743576649719 0 -2.520844493447244 -6.347044136690341 0 -2.55586548281381 -6.316249883161431 0 -2.597576739456604 -6.352527713431392 0 -2.685225047239805 -6.347447188828729 0 -2.774964926419378 -6.348988666950989 0 -2.908097934536357 -6.332916188414685 0 -2.932321769881072 -6.298555127663908 0 -2.88271053363482 -6.298469300918297 0 -2.864164945533816 -6.341155497436135 0 -3.006388978181727 -6.352572195658397 0 -3.031277461132395 -6.30836560036992 0 -2.981467291703757 -6.308383131285765 0 -3.404831135984439 -6.179164194547351 0 -3.379817133237467 -6.13620218420101 0 -3.355041235124323 -6.179194148073986 0 -3.816185621910173 -5.459269531247354 0 -3.771302202978723 -5.53199467280474 0 -3.729698938126357 -5.62123341445402 0 -3.674136782336715 -5.704895601739006 0 -3.62473966044369 -5.790454333021485 0 -3.577021324121447 -5.877585121972977 0 -3.528739743814565 -5.964459478890176 0 -3.478947970385413 -6.050223105663104 0 -3.429459883519733 -6.136152904339099 0 -3.25552676127218 -6.263999862788165 0 -3.280389047768193 -6.221611982194393 0 -3.230571895340693 -6.22168579811265 0 -3.205692209730303 -6.264037176900561 0 -3.104841645553142 -6.333505795329133 0 -3.130349651870784 -6.298790143171045 0 -3.080503794818102 -6.298832400205288 0 -2.25000000000312 -6.521000000000001 0 -2.219129706989795 -6.478900229539107 0 -2.200000000002524 -6.521000000000001 0 -2.265120055979554 -6.483402918152018 0 -2.350000000004313 -6.521000000000001 0 -2.315120055980151 -6.483402918152018 0 -2.353232241722065 -6.473556264757255 0 -2.460181732139922 -6.437109591962853 0 -2.387471612044046 -6.485996714879866 0 -2.524910760468571 -6.390984665407847 0 -2.599027914786793 -6.432590424181618 0 -2.576714597763935 -6.395667000415669 0 -2.619890056479462 -6.389451137197343 0 -2.698704484238288 -6.434541918473271 0 -2.714201190272885 -6.391562222958832 0 -2.669728341205209 -6.390426884343169 0 -2.795551386269628 -6.438687558515971 0 -2.762624641288554 -6.393635042980183 0 -2.807891671400451 -6.394041182486777 0 -2.957243456359042 -6.342744192036541 0 -2.900000000009719 -6.434397459622409 0 -2.904048967273038 -6.383656824018548 0 -2.860115978270497 -6.391896133039996 0 -3.055615311867435 -6.343038995493766 0 -3.355142682966467 -6.263872048873322 0 -3.379986909475453 -6.221518121710337 0 -3.330197008615336 -6.221548075236972 0 -3.85 -5.53334374999762 0 -3.816185621910173 -5.508652343747533 0 -3.85 -5.48396093749744 0 -3.805116581068551 -5.556686079054826 0 -3.780280002419733 -5.669454396720001 0 -3.770256582278417 -5.624741402416017 0 -3.739722358267673 -5.665946408758003 0 -3.742002135845949 -5.741820779696345 0 -3.720583424980781 -5.702129600246176 0 -3.695555493201883 -5.744586781189176 0 -3.702941183419534 -5.839542782304106 0 -3.676025016988676 -5.793447782493056 0 -3.651655826874548 -5.836549332832536 0 -3.64476253263709 -5.921434888020256 0 -3.622566501483326 -5.877495385690611 0 -3.599217355275211 -5.921524624302624 0 -3.603304361293331 -6.007445392489528 0 -3.578488269603332 -5.964529876537259 0 -3.553555835504564 -6.007374994842445 0 -3.553895100467197 -6.093405019284582 0 -3.528851205091497 -6.050354808239971 0 -3.503991865761113 -6.093273316707714 0 -3.503571962206174 -6.178967327929925 0 -3.478830296630601 -6.136054471030386 0 -3.454201549095306 -6.179065761238638 0 -3.305334722119324 -6.263935955830743 0 -3.20579564730479 -6.352325825270425 0 -3.230661204288485 -6.308162844029295 0 -3.180826652746608 -6.308200158141691 0 -3.155318646428966 -6.342915810299779 0 -2.300000000003717 -6.521000000000001 0 -2.450000000005505 -6.521000000000001 0 -2.437471612044642 -6.485996714879866 0 -2.472710120100786 -6.472112877082989 0 -2.400000000004909 -6.521000000000001 0 -2.54722407749143 -6.427908089173798 0 -2.648866199512542 -6.433566171327445 0 -2.747127935253959 -6.436614738494622 0 -2.847775693139673 -6.436542509069191 0 -2.953194489095723 -6.393484827640403 0 -3.100000000007706 -6.434397459622446 0 -3.102420822780425 -6.38395162747579 0 -3.053194489094717 -6.393484827640423 0 -3.450295570847692 -6.262780933421551 0 -3.427563353416065 -6.220972563984451 0 -3.402719126907079 -6.263326491147437 0 -3.85 -5.632109374997632 0 -3.805116581068551 -5.606068891554832 0 -3.85 -5.582726562497626 0 -3.815140001209866 -5.650781885858817 0 -3.761141069132841 -5.705637588208173 0 -3.722471659632741 -5.790681781000226 0 -3.673851858028312 -5.880488835162181 0 -3.62403344696521 -5.964440140254892 0 -3.578599730880264 -6.050425205887055 0 -3.528733531336686 -6.136186173607253 0 -3.476933766526933 -6.220874130675738 0 -3.303722901847832 -6.333775336524012 0 -3.32943279240715 -6.298823692698668 0 -3.279624831560007 -6.298887599656089 0 -3.254759274576311 -6.343050580897219 0 -3.152897823656248 -6.393361642446436 0 -2.550000000006698 -6.521000000000001 0 -2.522710120101382 -6.472112877082989 0 -2.500000000006102 -6.521000000000001 0 -2.574513957396746 -6.47679521209081 0 -2.650000000007891 -6.521000000000001 0 -2.624513957397342 -6.47679521209081 0 -2.67435224212309 -6.477770959236636 0 -2.750000000009083 -6.521000000000001 0 -2.772775693139355 -6.479843779257987 0 -2.724352242123686 -6.477770959236636 0 -2.85000000001019 -6.521000000000001 0 -2.822775693139909 -6.479843779257987 0 -2.875000000009955 -6.477698729811205 0 -3.001277795643325 -6.45267342298065 0 -3.003833386912526 -6.402622809319524 0 -2.950638897826522 -6.44353544130153 0 -3.050638897825516 -6.443535441301549 0 -3.402149417690076 -6.354281486065704 0 -3.426222494268884 -6.308531209743627 0 -3.378646050328271 -6.309076767469513 0 -3.85 -5.730874999997992 0 -3.815140001209866 -5.700164698358996 0 -3.85 -5.681492187497811 0 -3.796001067922974 -5.736347889847169 0 -3.784929832288817 -5.80538406322601 0 -3.763465984067383 -5.773602421461178 0 -3.743935507854176 -5.822463422765058 0 -3.720479122687181 -5.925106396017969 0 -3.711710153053358 -5.882324589161038 0 -3.682620827662135 -5.923270642019113 0 -3.696448461765531 -6.002083814180598 0 -3.67060549720131 -5.961759351100428 0 -3.649876411529431 -6.004764603335063 0 -3.652209471661708 -6.089193319985204 0 -3.627756916477519 -6.048319356237366 0 -3.603052286064452 -6.091299169634893 0 -3.597707820227347 -6.176630240933878 0 -3.575801460347272 -6.13501763010923 0 -3.55063989121676 -6.177798784431902 0 -3.551790619773916 -6.27333063537706 0 -3.527681290990045 -6.226148981653493 0 -3.501043095310804 -6.268055784399305 0 -3.352936159768954 -6.344028411294859 0 -3.300000000005652 -6.434397459622446 0 -3.301861450926743 -6.38408639807323 0 -3.252897823655221 -6.393361642446436 0 -3.2011591294663 -6.452624148903063 0 -3.203477388385545 -6.402474987086745 0 -3.150579564737004 -6.443510804262756 0 -2.600000000007294 -6.521000000000001 0 -2.700000000008487 -6.521000000000001 0 -2.800000000009637 -6.521000000000001 0 -2.950000000009249 -6.521000000000001 0 -2.925000000009484 -6.477698729811205 0 -2.90000000000972 -6.521000000000001 0 -2.975638897826287 -6.486836711490326 0 -3.050000000008222 -6.521000000000001 0 -3.025638897825774 -6.486836711490326 0 -3.075000000007964 -6.477698729811224 0 -3.483858573242157 -6.335847580508205 0 -3.467077072044924 -6.299314256964879 0 -3.443003995466117 -6.345064533286955 0 -3.817464916144409 -5.768129531612002 0 -3.779705842178608 -5.885041129133603 0 -3.782317837233713 -5.845212596179807 0 -3.741323512799071 -5.862291955718854 0 -3.708463792226356 -5.963595105099284 0 -3.750092482432895 -5.905073762575786 0 -3.674328966713619 -6.045638567082902 0 -3.624958645944528 -6.132911780459541 0 -3.574749220000632 -6.224980438155469 0 -3.517824596508037 -6.304589107942633 0 -3.351074708847864 -6.394339472844075 0 -3.250579564735976 -6.443510804262756 0 -3.150000000007194 -6.521000000000001 0 -3.175579564736748 -6.486812074451533 0 -3.12500000000745 -6.477698729811224 0 -3.000000000008735 -6.521000000000001 0 -3.100000000007708 -6.521000000000001 0 -3.4905104338737 -6.423754963893387 0 -3.487184503557929 -6.379801272200797 0 -3.446329925781888 -6.389018224979546 0 -3.85 -5.829640624998005 0 -3.817464916144409 -5.817512344112008 0 -3.85 -5.780257812497998 0 -3.814852921089304 -5.857340877065804 0 -3.778537593435142 -5.977429366451289 0 -3.749508358061162 -5.95126788123463 0 -3.737493027600337 -5.989756590315944 0 -3.779121717806875 -5.931235247792446 0 -3.755135529020345 -6.082708227729023 0 -3.725791995392938 -6.042396020954811 0 -3.703672500341026 -6.085950773857114 0 -3.684085044524567 -6.171567780797642 0 -3.668147258093137 -6.130380550391424 0 -3.640896432375957 -6.17409901086576 0 -3.628768767317272 -6.248462420087636 0 -3.61323829377231 -6.212546330510757 0 -3.590279693545595 -6.260896527732348 0 -3.551430410715898 -6.361172609769954 0 -3.517644491979028 -6.348510095139081 0 -3.551610515244907 -6.317251622573508 0 -3.398531970315736 -6.450886781916306 0 -3.400340694002906 -6.402584133991006 0 -3.349265985160694 -6.442642120769378 0 -3.250000000006167 -6.521000000000001 0 -3.225579564736234 -6.486812074451533 0 -3.275000000005909 -6.477698729811224 0 -3.200000000006681 -6.521000000000001 0 -3.444521202094718 -6.437320872904847 0 -3.520970422294799 -6.392463786831671 0 -3.85 -5.928406249998537 0 -3.814852921089304 -5.90672368956607 0 -3.85 -5.879023437498271 0 -3.766836561227744 -6.030068797090157 0 -3.814268796717571 -5.952917808224914 0 -3.719610286772456 -6.127138004263333 0 -3.65642690592092 -6.210015100442639 0 -3.638810708984203 -6.337448700352677 0 -3.633789738150738 -6.292955560220157 0 -3.595300664379059 -6.305389667864869 0 -3.59512055985005 -6.349310655061316 0 -3.350000000005139 -6.521000000000001 0 -3.374265985160438 -6.485943390958154 0 -3.325000000005396 -6.477698729811224 0 -3.300000000005653 -6.521000000000001 0 -3.450000000004111 -6.521000000000001 0 -3.424265985159924 -6.485943390958154 0 -3.470255216938906 -6.472377481946694 0 -3.597782464932704 -6.434665069965656 0 -3.574606437824301 -6.397918839867806 0 -3.544146449403202 -6.429210016929522 0 -3.85 -6.027171874998723 0 -3.814268796717571 -6.002300620725006 0 -3.802567764510172 -6.054940051363873 0 -3.85 -5.97778906249863 0 -3.771925146673253 -6.18865760667628 0 -3.72800509559891 -6.180112693736961 0 -3.763530337846799 -6.135682917202652 0 -3.702364434545536 -6.262093642045717 0 -3.665566600931404 -6.255278031066677 0 -3.693224739535052 -6.216830711421681 0 -3.670587571764869 -6.299771171199197 0 -3.618296586958454 -6.386056885159167 0 -3.400000000004625 -6.521000000000001 0 -3.550000000003084 -6.521000000000001 0 -3.520255216938392 -6.472377481946694 0 -3.500000000003598 -6.521000000000001 0 -3.573891232467894 -6.477832534982829 0 -3.85 -6.125937499999256 0 -3.802567764510172 -6.104322863864139 0 -3.85 -6.076554687498989 0 -3.810962573336627 -6.157297553337768 0 -3.737144790609395 -6.225375624360998 0 -3.756157583015446 -6.357382593722021 0 -3.729261008780491 -6.309738117883869 0 -3.697484145999824 -6.34741564703735 0 -3.696054937027944 -6.436755327003937 0 -3.667432823006073 -6.387102013678307 0 -3.646918700980324 -6.435710198484797 0 -3.650000000002056 -6.521000000000001 0 -3.62389123246738 -6.477832534982829 0 -3.60000000000257 -6.521000000000001 0 -3.85 -6.224703124999269 0 -3.810962573336627 -6.206680365837775 0 -3.85 -6.175320312499262 0 -3.786089432846846 -6.271261143488583 0 -3.77900728976005 -6.229959375082432 0 -3.744226933696192 -6.26667739276715 0 -3.726106260021695 -6.397068960362979 0 -3.771123507931146 -6.314321868605303 0 -3.673027468515 -6.478877663501969 0 -3.818044716423423 -6.247982134243927 0 -3.776589132389393 -6.447913730339717 0 -3.766373357702419 -6.40264816203087 0 -3.736322034708668 -6.442334528671827 0 -3.85 -6.323468749999628 0 -3.818044716423423 -6.297364946744105 0 -3.803078791507723 -6.340425671860825 0 -3.750000000001028 -6.521000000000001 0 -3.723027468514486 -6.478877663501969 0 -3.700000000001542 -6.521000000000001 0 -3.85 -6.274085937499448 0 -3.763294566195211 -6.484456865169859 0 -3.85 -6.422234374999642 0 -3.813294566194696 -6.43507405266968 0 -3.803078791507723 -6.389808484360832 0 -3.85 -6.372851562499635 0 -3.85 -6.521000000000001 0 -3.813294566194696 -6.484456865169859 0 -3.800000000000514 -6.521000000000001 0 -3.85 -6.471617187499821 0 </DataArray>
      </Points>
      <Cells>
        <DataArray type="Int32" Name="connectivity" format="ascii">0 1 2 5 3 4 6 0 2 8 4 7 1 9 2 11 10 3 12 6 2 14 7 13 1 15 9 17 16 11 9 12 2 18 13 10 19 6 12 21 14 20 15 22 9 24 23 16 12 9 25 18 26 27 19 12 28 20 29 30 15 31 22 33 32 24 9 22 25 23 34 26 28 12 25 29 27 35 36 19 28 38 30 37 31 39 22 41 40 32 22 42 25 44 43 34 45 28 25 47 35 46 48 36 28 50 37 49 31 51 39 53 52 41 22 39 54 40 55 56 42 22 54 44 56 57 42 45 25 58 46 43 45 48 28 59 49 47 60 36 48 62 50 61 39 51 63 52 64 65 54 39 66 55 67 68 69 42 54 71 57 70 42 72 45 74 73 58 48 45 75 59 76 77 60 48 78 61 79 80 81 60 78 83 80 82 51 84 63 86 85 64 39 63 66 65 87 67 88 54 66 90 68 89 69 72 42 91 74 71 88 69 54 92 70 90 45 72 75 73 93 76 48 75 78 77 94 79 95 81 78 97 82 96 81 95 98 97 99 100 101 81 98 103 100 102 104 105 106 109 107 108 105 101 110 113 111 112 63 84 114 85 115 116 63 117 66 119 118 87 117 88 66 120 89 118 121 72 69 123 91 122 124 69 88 126 92 125 72 127 75 129 128 93 75 130 78 132 131 94 130 95 78 133 96 131 95 134 98 136 135 99 110 101 98 111 102 137 138 104 106 140 108 139 105 110 106 112 141 107 142 104 138 144 140 143 84 145 114 147 146 115 117 63 114 119 116 148 149 88 117 151 120 150 121 127 72 152 129 123 121 69 124 122 126 153 149 124 88 154 125 151 127 130 75 155 132 128 130 134 95 156 136 133 134 110 98 157 137 135 138 106 158 139 159 160 106 110 161 141 162 163 142 138 164 143 165 166 167 142 164 169 166 168 170 171 172 175 173 174 171 167 176 179 177 178 145 180 114 182 181 146 117 114 183 148 184 185 149 117 186 150 187 188 121 189 127 191 190 152 192 121 124 194 153 193 195 124 149 197 154 196 127 198 130 200 199 155 130 198 134 199 201 156 110 134 202 157 203 204 138 158 205 160 206 207 158 106 161 159 163 208 161 110 202 162 204 209 164 138 205 165 207 210 176 167 164 177 168 211 212 170 172 214 174 213 171 176 172 178 215 173 216 170 212 218 214 217 145 219 180 221 220 182 114 180 183 181 222 184 186 117 183 187 185 223 149 186 224 188 225 226 192 189 121 227 191 194 127 189 198 190 228 200 195 192 124 229 193 197 195 149 224 196 226 230 134 198 231 201 232 233 134 231 202 233 234 203 158 235 205 237 236 206 158 161 238 208 239 240 238 161 202 239 209 241 242 164 205 244 210 243 242 176 164 245 211 244 246 212 172 248 213 247 176 246 172 249 247 215 216 212 250 217 251 252 253 216 250 255 252 254 256 257 258 261 259 260 257 253 262 265 263 264 180 219 266 220 267 268 180 269 183 271 270 222 269 186 183 272 223 270 186 273 224 275 274 225 192 276 189 278 277 227 198 189 279 228 280 281 282 192 195 284 229 283 195 224 285 230 286 287 231 198 279 232 281 288 231 238 202 289 241 234 158 238 235 240 290 237 235 291 205 293 292 236 291 242 205 294 243 292 176 242 295 245 296 297 212 246 298 248 299 300 246 176 295 249 297 301 212 302 250 304 303 251 262 253 250 263 254 305 306 256 258 308 260 307 257 262 258 264 309 259 310 256 306 312 308 311 313 314 315 318 316 317 314 310 319 322 320 321 219 323 266 325 324 267 180 266 269 268 326 271 273 186 269 275 272 327 273 328 224 330 329 274 282 276 192 331 278 284 189 276 279 277 332 280 282 195 285 283 287 333 224 328 285 329 334 286 231 279 335 288 336 337 231 335 238 337 338 289 238 339 235 341 340 290 342 291 235 344 293 343 291 345 242 347 346 294 242 345 295 346 348 296 302 212 298 304 300 349 246 350 298 352 351 299 353 246 295 355 301 354 302 262 250 356 305 303 357 306 258 359 307 358 262 357 258 360 358 309 310 306 319 311 361 320 313 315 362 317 363 364 315 314 319 316 321 365 366 313 362 368 364 367 323 369 266 371 370 324 269 266 372 326 373 374 375 273 269 377 327 376 378 328 273 380 330 379 282 381 276 383 382 331 276 384 279 386 385 332 387 282 285 389 333 388 328 390 285 392 391 334 279 384 335 385 393 336 335 339 238 394 341 338 339 342 235 395 343 340 342 396 291 398 397 344 291 396 345 397 399 347 345 353 295 400 354 348 401 302 298 403 349 402 353 350 246 404 352 355 350 401 298 405 402 351 262 302 406 356 407 408 306 357 409 359 410 411 357 262 406 360 408 412 319 306 413 361 414 415 315 416 362 418 417 363 315 319 419 365 420 421 422 366 362 424 367 423 413 306 409 414 411 425 323 426 369 428 427 371 266 369 372 370 429 373 375 269 372 376 374 430 378 273 375 379 377 431 432 328 378 434 380 433 387 381 282 435 383 389 276 381 384 382 436 386 390 387 285 437 388 391 432 390 328 438 392 434 384 439 335 441 440 393 439 339 335 442 394 440 443 342 339 445 395 444 342 446 396 448 447 398 345 396 449 399 450 451 345 449 353 451 452 400 401 453 302 455 454 403 353 456 350 458 457 404 350 459 401 461 460 405 302 453 406 454 462 407 357 463 409 465 464 410 466 357 406 468 412 467 419 319 413 420 415 469 315 419 416 421 470 418 416 422 362 471 423 417 472 413 409 474 425 473 369 426 475 427 476 477 369 478 372 480 479 429 478 375 372 481 430 479 482 378 375 484 431 483 432 378 485 433 486 487 387 488 381 490 489 435 384 381 491 436 492 493 494 387 390 496 437 495 497 390 432 499 438 498 384 491 439 493 500 441 443 339 439 444 442 501 443 446 342 502 448 445 396 446 503 447 504 505 449 396 503 450 505 506 353 449 456 452 507 458 401 508 453 510 509 455 350 456 459 457 511 461 401 459 508 460 512 510 453 466 406 513 467 462 466 463 357 514 465 468 463 472 409 515 473 464 472 419 413 516 469 474 416 419 517 470 518 519 520 422 416 522 471 521 426 523 475 525 524 476 369 475 478 477 526 480 482 375 478 483 481 527 485 378 482 486 484 528 432 485 529 487 530 531 494 488 387 532 490 496 381 488 491 489 533 492 494 390 497 495 499 534 497 432 529 498 531 535 491 536 439 538 537 500 536 443 439 539 501 537 443 540 446 542 541 502 503 446 543 504 544 545 449 503 546 506 547 548 456 449 546 507 548 549 453 508 550 509 551 552 459 456 553 511 554 555 508 459 556 512 557 558 453 550 466 552 559 513 466 560 463 562 561 514 463 563 472 565 564 515 419 472 566 516 567 568 517 419 566 518 568 569 416 517 570 519 571 572 520 416 570 521 572 573 523 574 475 576 575 524 475 577 478 579 578 526 577 482 478 580 527 578 485 482 581 528 582 583 485 584 529 586 585 530 587 488 494 589 532 588 488 590 491 592 591 533 494 497 593 534 594 595 497 529 596 535 597 598 590 536 491 599 538 591 536 540 443 600 542 539 446 540 543 541 601 544 503 543 602 545 603 604 503 602 546 604 605 547 553 456 546 554 549 606 550 508 607 551 608 609 459 553 556 555 610 557 607 508 556 608 558 611 466 550 560 559 612 562 463 560 563 561 613 565 472 563 614 564 615 616 472 614 566 616 617 567 618 517 566 620 569 619 517 621 570 623 622 571 624 520 570 626 573 625 523 627 574 629 628 576 475 574 630 575 631 632 577 475 630 579 632 633 581 482 577 582 580 634 485 581 584 583 635 586 584 636 529 638 637 585 587 590 488 639 592 589 587 494 593 588 595 640 593 497 596 594 598 641 529 636 596 637 642 597 590 643 536 645 644 599 536 643 540 644 646 600 540 647 543 649 648 601 543 650 602 652 651 603 602 653 546 655 654 605 653 553 546 656 606 654 550 607 657 609 658 659 556 553 660 610 661 662 663 607 556 665 611 664 560 550 657 612 659 666 563 560 667 613 668 669 563 670 614 672 671 615 614 618 566 673 619 617 621 517 618 623 620 674 621 624 570 675 625 622 574 627 676 628 677 678 630 574 679 631 680 681 682 577 630 684 633 683 581 577 682 634 684 685 584 581 686 635 687 688 584 689 636 691 690 638 587 692 590 694 693 639 695 587 593 697 640 696 698 593 596 700 641 699 636 701 596 703 702 642 590 692 643 693 704 645 540 643 647 646 705 649 647 650 543 706 652 648 650 707 602 709 708 651 707 653 602 710 655 708 553 653 660 656 711 661 657 607 712 658 713 714 663 556 660 664 662 715 607 663 712 665 716 713 667 560 657 668 666 717 563 667 670 669 718 672 670 719 614 721 720 671 614 719 618 720 722 673 723 621 618 725 674 724 726 624 621 728 675 727 627 729 676 731 730 677 574 676 679 678 732 680 733 630 679 735 681 734 733 682 630 736 683 735 581 682 686 685 737 687 689 584 686 691 688 738 689 739 636 741 740 690 695 692 587 742 694 697 698 695 593 743 696 700 701 698 596 744 699 702 739 701 636 745 703 740 643 692 746 704 747 748 643 746 647 748 749 705 750 650 647 752 706 751 650 753 707 755 754 709 707 756 653 758 757 710 653 756 660 757 759 711 760 657 712 762 714 761 763 663 660 765 715 764 663 766 712 768 767 716 667 657 760 717 762 769 670 667 770 718 771 772 670 773 719 775 774 721 719 723 618 776 724 722 726 621 723 727 725 777 729 778 676 780 779 730 676 781 679 783 782 732 781 733 679 784 734 782 733 785 682 787 786 736 682 785 686 786 788 737 689 686 789 738 790 791 792 739 689 794 741 793 695 795 692 797 796 742 798 695 698 800 743 799 801 698 701 803 744 802 804 701 739 806 745 805 692 795 746 796 807 747 746 750 647 808 751 749 750 753 650 809 755 752 707 753 810 754 811 812 707 810 756 812 813 758 756 763 660 814 764 759 815 760 712 817 761 816 763 766 663 818 768 765 766 815 712 819 816 767 770 667 760 771 769 820 670 770 773 772 821 775 719 773 822 774 823 824 719 822 723 824 825 776 826 726 723 828 777 827 729 829 778 831 830 780 676 778 781 779 832 783 833 733 781 835 784 834 833 785 733 836 787 835 686 785 789 788 837 790 792 689 789 793 791 838 839 739 792 841 794 840 798 795 695 842 797 800 798 698 801 799 803 843 801 701 804 802 806 844 804 739 839 805 841 845 795 846 746 848 847 807 846 750 746 849 808 847 750 850 753 852 851 809 810 753 853 811 854 855 756 810 856 813 857 858 756 856 763 858 859 814 815 860 760 862 861 817 763 863 766 865 864 818 766 866 815 868 867 819 860 770 760 869 820 861 773 770 870 821 871 872 822 773 873 823 874 875 723 822 876 825 877 878 826 723 876 827 878 879 778 829 880 830 881 882 781 778 883 832 884 885 886 833 781 888 834 887 833 889 785 891 890 836 785 889 789 890 892 837 893 792 789 895 838 894 839 792 896 840 897 898 899 795 798 901 842 900 798 801 902 843 903 904 801 804 905 844 906 907 804 839 908 845 909 910 899 846 795 911 848 901 846 850 750 912 852 849 753 850 853 851 913 854 914 810 853 916 855 915 856 810 914 857 916 917 763 856 863 859 918 865 860 815 919 862 920 921 766 863 866 864 922 868 815 866 919 867 923 920 870 770 860 871 869 924 773 870 873 872 925 874 822 873 926 875 927 928 876 822 926 877 928 929 930 826 876 932 879 931 829 933 880 935 934 881 778 880 883 882 936 884 886 781 883 887 885 937 938 833 886 940 888 939 938 889 833 941 891 940 889 893 789 942 894 892 896 792 893 897 895 943 839 896 944 898 945 946 899 798 902 900 904 947 902 801 905 903 907 948 804 908 905 910 949 906 908 839 944 909 946 950 899 951 846 953 952 911 846 951 850 952 954 912 853 850 955 913 956 957 914 853 958 915 959 960 856 914 961 917 962 963 863 856 961 918 963 964 965 860 919 967 921 966 866 863 968 922 969 970 866 971 919 973 972 923 870 860 965 924 967 974 870 975 873 977 976 925 873 978 926 980 979 927 981 876 926 983 929 982 981 930 876 984 931 983 933 985 880 987 986 934 880 988 883 990 989 936 988 886 883 991 937 989 938 886 992 939 993 994 995 889 938 997 941 996 995 893 889 998 942 997 896 893 999 943 1000 1001 896 1002 944 1004 1003 945 1005 899 902 1007 947 1006 1008 902 905 1010 948 1009 908 1011 905 1013 1012 949 908 944 1014 950 1015 1016 1005 951 899 1017 953 1007 850 951 955 954 1018 956 958 853 955 959 957 1019 1020 914 958 1022 960 1021 961 914 1020 962 1022 1023 968 863 961 969 964 1024 1025 965 919 1027 966 1026 866 968 971 970 1028 973 971 1025 919 1029 1026 972 870 965 975 974 1030 977 873 975 978 976 1031 980 978 981 926 1032 982 979 1033 930 981 1035 984 1034 933 1036 985 1038 1037 987 880 985 988 986 1039 990 992 886 988 993 991 1040 938 992 1041 994 1042 1043 995 938 1041 996 1043 1044 999 893 995 1000 998 1045 896 999 1002 1001 1046 1004 1002 1047 944 1049 1048 1003 1005 902 1008 1006 1010 1050 1011 1008 905 1051 1009 1012 1011 908 1014 1013 1016 1052 944 1047 1014 1048 1053 1015 1005 1054 951 1056 1055 1017 951 1054 955 1055 1057 1018 1058 958 955 1060 1019 1059 1020 958 1061 1021 1062 1063 961 1020 1064 1023 1065 1066 968 961 1064 1024 1066 1067 965 1025 1068 1027 1069 1070 971 968 1071 1028 1072 1073 971 1074 1025 1076 1075 1029 975 965 1068 1030 1070 1077 975 1078 978 1080 1079 1031 981 978 1081 1032 1082 1083 1033 981 1081 1034 1083 1084 985 1036 1085 1037 1086 1087 988 985 1088 1039 1089 1090 1091 992 988 1093 1040 1092 992 1094 1041 1096 1095 1042 995 1041 1097 1044 1098 1099 999 995 1097 1045 1099 1100 1002 999 1101 1046 1102 1103 1002 1104 1047 1106 1105 1049 1107 1005 1008 1109 1050 1108 1110 1008 1011 1112 1051 1111 1011 1014 1113 1052 1114 1115 1047 1116 1014 1118 1117 1053 1107 1054 1005 1119 1056 1109 1054 1058 955 1120 1059 1057 958 1058 1061 1060 1121 1062 1020 1061 1122 1063 1123 1124 1020 1122 1064 1124 1125 1065 1071 968 1064 1072 1067 1126 1025 1127 1068 1129 1128 1069 971 1071 1074 1073 1130 1076 1025 1074 1127 1075 1131 1129 1078 975 1068 1080 1077 1132 1078 1133 978 1135 1134 1079 978 1133 1081 1134 1136 1082 1137 1033 1081 1139 1084 1138 1036 1140 1085 1142 1141 1086 985 1085 1088 1087 1143 1089 1091 988 1088 1092 1090 1144 1091 1094 992 1145 1096 1093 1094 1146 1041 1148 1147 1095 1041 1146 1097 1147 1149 1098 1101 999 1097 1102 1100 1150 1002 1101 1104 1103 1151 1106 1047 1104 1152 1105 1153 1154 1110 1107 1008 1155 1108 1112 1110 1011 1113 1111 1115 1156 1014 1116 1113 1117 1157 1114 1047 1152 1116 1154 1158 1118 1107 1159 1054 1161 1160 1119 1054 1159 1058 1160 1162 1120 1061 1058 1163 1121 1164 1165 1122 1061 1166 1123 1167 1168 1122 1169 1064 1171 1170 1125 1169 1071 1064 1172 1126 1170 1127 1173 1068 1175 1174 1128 1074 1071 1176 1130 1177 1178 1074 1179 1127 1181 1180 1131 1173 1078 1068 1182 1132 1174 1078 1183 1133 1185 1184 1135 1133 1137 1081 1186 1138 1136 1140 1187 1085 1189 1188 1141 1085 1190 1088 1192 1191 1143 1190 1091 1088 1193 1144 1191 1194 1094 1091 1196 1145 1195 1197 1146 1094 1199 1148 1198 1146 1200 1097 1202 1201 1149 1200 1101 1097 1203 1150 1201 1104 1101 1204 1151 1205 1206 1152 1104 1207 1153 1208 1209 1210 1107 1110 1212 1155 1211 1213 1110 1113 1215 1156 1214 1116 1216 1113 1218 1217 1157 1116 1152 1219 1158 1220 1221 1210 1159 1107 1222 1161 1212 1058 1159 1163 1162 1223 1164 1166 1061 1163 1167 1165 1224 1122 1166 1225 1168 1226 1227 1169 1122 1225 1171 1227 1228 1176 1071 1169 1177 1172 1229 1230 1173 1127 1232 1175 1231 1074 1176 1179 1178 1233 1181 1179 1230 1127 1234 1231 1180 1173 1183 1078 1235 1185 1182 1133 1183 1236 1184 1237 1238 1137 1133 1236 1186 1238 1239 1140 1240 1187 1242 1241 1189 1187 1190 1085 1243 1192 1188 1194 1091 1190 1195 1193 1244 1197 1094 1194 1198 1196 1245 1246 1146 1197 1248 1199 1247 1246 1200 1146 1249 1202 1248 1204 1101 1200 1205 1203 1250 1104 1204 1207 1206 1251 1208 1152 1207 1252 1209 1253 1254 1210 1110 1213 1211 1215 1255 1216 1213 1113 1256 1214 1217 1116 1219 1216 1221 1257 1218 1219 1152 1252 1220 1254 1258 1210 1259 1159 1261 1260 1222 1159 1259 1163 1260 1262 1223 1166 1163 1263 1224 1264 1265 1225 1166 1266 1226 1267 1268 1169 1225 1269 1228 1270 1271 1176 1169 1269 1229 1271 1272 1230 1273 1173 1275 1274 1232 1179 1176 1276 1233 1277 1278 1179 1279 1230 1281 1280 1234 1173 1273 1183 1274 1282 1235 1183 1283 1236 1285 1284 1237 1286 1137 1236 1288 1239 1287 1240 1289 1187 1291 1290 1241 1292 1190 1187 1294 1243 1293 1194 1190 1292 1244 1294 1295 1197 1194 1296 1245 1297 1298 1246 1197 1299 1247 1300 1301 1302 1200 1246 1304 1249 1303 1204 1200 1302 1250 1304 1305 1204 1306 1207 1308 1307 1251 1207 1309 1252 1311 1310 1253 1312 1210 1213 1314 1255 1313 1216 1315 1213 1317 1316 1256 1216 1219 1318 1257 1319 1320 1219 1252 1321 1258 1322 1323 1312 1259 1210 1324 1261 1314 1163 1259 1263 1262 1325 1264 1266 1166 1263 1267 1265 1326 1225 1266 1327 1268 1328 1329 1225 1327 1269 1329 1330 1270 1276 1176 1269 1277 1272 1331 1230 1332 1273 1334 1333 1275 1179 1276 1279 1278 1335 1281 1230 1279 1332 1280 1336 1334 1273 1283 1183 1337 1285 1282 1283 1286 1236 1338 1287 1284 1240 1339 1289 1341 1340 1291 1187 1289 1342 1290 1343 1344 1292 1187 1342 1293 1344 1345 1194 1292 1296 1295 1346 1297 1299 1197 1296 1300 1298 1347 1246 1299 1348 1301 1349 1350 1302 1246 1348 1303 1350 1351 1204 1302 1306 1305 1352 1308 1306 1309 1207 1353 1311 1307 1309 1354 1252 1356 1355 1310 1315 1312 1213 1357 1313 1316 1216 1318 1315 1320 1358 1317 1318 1219 1321 1319 1323 1359 1252 1354 1321 1355 1360 1322 1312 1361 1259 1363 1362 1324 1259 1361 1263 1362 1364 1325 1365 1266 1263 1367 1326 1366 1327 1266 1368 1328 1369 1370 1327 1371 1269 1373 1372 1330 1371 1276 1269 1374 1331 1372 1273 1332 1375 1333 1376 1377 1279 1276 1378 1335 1379 1380 1332 1279 1381 1336 1382 1383 1283 1273 1375 1337 1377 1384 1385 1286 1283 1387 1338 1386 1289 1339 1388 1340 1389 1390 1342 1289 1391 1343 1392 1393 1394 1292 1342 1396 1345 1395 1292 1394 1296 1396 1397 1346 1398 1299 1296 1400 1347 1399 1299 1401 1348 1403 1402 1349 1404 1302 1348 1406 1351 1405 1306 1302 1404 1352 1406 1407 1306 1408 1309 1410 1409 1353 1411 1354 1309 1413 1356 1412 1414 1312 1315 1416 1357 1415 1318 1417 1315 1419 1418 1358 1318 1321 1420 1359 1421 1422 1354 1423 1321 1425 1424 1360 1414 1361 1312 1426 1363 1416 1361 1365 1263 1427 1366 1364 1266 1365 1368 1367 1428 1369 1327 1368 1429 1370 1430 1431 1371 1327 1429 1373 1431 1432 1378 1276 1371 1379 1374 1433 1375 1332 1434 1376 1435 1436 1279 1378 1381 1380 1437 1382 1434 1332 1381 1435 1383 1438 1283 1375 1439 1384 1440 1441 1385 1283 1439 1386 1441 1442 1339 1443 1388 1445 1444 1389 1289 1388 1391 1390 1446 1392 1447 1342 1391 1449 1393 1448 1447 1394 1342 1450 1395 1449 1394 1398 1296 1451 1399 1397 1299 1398 1401 1400 1452 1403 1401 1453 1348 1455 1454 1402 1453 1404 1348 1456 1405 1454 1306 1404 1408 1407 1457 1410 1408 1411 1309 1458 1412 1409 1411 1459 1354 1461 1460 1413 1417 1414 1315 1462 1415 1418 1417 1318 1420 1419 1422 1463 1321 1423 1420 1424 1464 1421 1354 1459 1423 1460 1465 1425 1414 1466 1361 1468 1467 1426 1361 1466 1365 1467 1469 1427 1368 1365 1470 1428 1471 1472 1429 1368 1473 1430 1474 1475 1476 1371 1429 1478 1432 1477 1378 1371 1476 1433 1478 1479 1480 1375 1434 1482 1436 1481 1378 1483 1381 1485 1484 1437 1486 1434 1381 1488 1438 1487 1375 1480 1439 1482 1489 1440 1490 1385 1439 1492 1442 1491 1388 1443 1493 1444 1494 1495 1388 1496 1391 1498 1497 1446 1496 1447 1391 1499 1448 1497 1500 1394 1447 1502 1450 1501 1500 1398 1394 1503 1451 1502 1398 1504 1401 1506 1505 1452 1507 1453 1401 1509 1455 1508 1510 1404 1453 1512 1456 1511 1408 1404 1510 1457 1512 1513 1408 1514 1411 1516 1515 1458 1411 1517 1459 1519 1518 1461 1520 1414 1417 1522 1462 1521 1417 1420 1523 1463 1524 1525 1423 1526 1420 1528 1527 1464 1423 1459 1529 1465 1530 1531 1520 1466 1414 1532 1468 1522 1365 1466 1470 1469 1533 1471 1368 1470 1473 1472 1534 1474 1535 1429 1473 1537 1475 1536 1535 1476 1429 1538 1477 1537 1378 1476 1483 1479 1539 1485 1480 1434 1540 1481 1541 1542 1483 1486 1381 1543 1487 1484 1434 1486 1540 1488 1544 1541 1480 1490 1439 1545 1491 1489 1443 1546 1493 1548 1547 1494 1496 1388 1493 1498 1495 1549 1550 1447 1496 1552 1499 1551 1500 1447 1550 1501 1552 1553 1500 1504 1398 1554 1506 1503 1504 1507 1401 1555 1508 1505 1556 1453 1507 1558 1509 1557 1510 1453 1556 1511 1558 1559 1408 1510 1514 1513 1560 1516 1411 1514 1517 1515 1561 1519 1459 1517 1562 1518 1563 1564 1520 1417 1523 1521 1525 1565 1420 1526 1523 1527 1566 1524 1423 1529 1526 1531 1567 1528 1529 1459 1562 1530 1564 1568 1520 1569 1466 1571 1570 1532 1466 1569 1470 1570 1572 1533 1470 1573 1473 1575 1574 1534 1576 1535 1473 1578 1536 1577 1579 1476 1535 1581 1538 1580 1483 1476 1579 1539 1581 1582 1583 1480 1540 1585 1542 1584 1483 1586 1486 1588 1587 1543 1486 1589 1540 1591 1590 1544 1592 1490 1480 1594 1545 1593 1546 1595 1493 1597 1596 1547 1496 1493 1598 1549 1599 1600 1601 1550 1496 1603 1551 1602 1604 1500 1550 1606 1553 1605 1604 1504 1500 1607 1554 1606 1608 1507 1504 1610 1555 1609 1556 1507 1611 1557 1612 1613 1510 1556 1614 1559 1615 1616 1514 1510 1614 1560 1616 1617 1517 1514 1618 1561 1619 1620 1517 1621 1562 1623 1622 1563 1624 1520 1523 1626 1565 1625 1526 1627 1523 1629 1628 1566 1526 1529 1630 1567 1631 1632 1633 1529 1562 1635 1568 1634 1624 1569 1520 1636 1571 1626 1470 1569 1573 1572 1637 1575 1573 1576 1473 1638 1577 1574 1535 1576 1639 1578 1640 1641 1579 1535 1639 1580 1641 1642 1483 1579 1586 1582 1643 1588 1592 1480 1583 1593 1585 1644 1589 1583 1540 1645 1584 1590 1486 1586 1589 1587 1646 1591 1546 1647 1595 1649 1648 1597 1493 1595 1598 1596 1650 1599 1601 1496 1598 1602 1600 1651 1601 1652 1550 1654 1653 1603 1652 1604 1550 1655 1605 1653 1608 1504 1604 1609 1607 1656 1611 1507 1608 1612 1610 1657 1556 1611 1658 1613 1659 1660 1556 1658 1614 1660 1661 1615 1618 1514 1614 1619 1617 1662 1517 1618 1621 1620 1663 1623 1621 1664 1562 1666 1665 1622 1627 1624 1523 1667 1625 1628 1627 1526 1630 1629 1632 1668 1529 1633 1630 1635 1669 1631 1664 1633 1562 1670 1634 1665 1624 1671 1569 1673 1672 1636 1569 1671 1573 1672 1674 1637 1675 1576 1573 1677 1638 1676 1576 1678 1639 1680 1679 1640 1681 1579 1639 1683 1642 1682 1586 1579 1681 1643 1683 1684 1685 1592 1583 1687 1644 1686 1589 1688 1583 1690 1689 1645 1586 1691 1589 1693 1692 1646 1595 1647 1694 1648 1695 1696 1595 1697 1598 1699 1698 1650 1697 1601 1598 1700 1651 1698 1701 1652 1601 1703 1654 1702 1704 1604 1652 1706 1655 1705 1608 1604 1704 1656 1706 1707 1611 1608 1708 1657 1709 1710 1658 1611 1711 1659 1712 1713 1614 1658 1714 1661 1715 1716 1618 1614 1714 1662 1716 1717 1621 1618 1718 1663 1719 1720 1621 1721 1664 1723 1722 1666 1724 1624 1627 1726 1667 1725 1727 1627 1630 1729 1668 1728 1630 1633 1730 1669 1731 1732 1664 1733 1633 1735 1734 1670 1724 1671 1624 1736 1673 1726 1671 1675 1573 1737 1676 1674 1675 1678 1576 1738 1680 1677 1678 1739 1639 1741 1740 1679 1739 1681 1639 1742 1682 1740 1586 1681 1691 1684 1743 1693 1688 1685 1583 1744 1686 1689 1688 1589 1745 1690 1746 1747 1589 1691 1745 1692 1748 1746 1647 1749 1694 1751 1750 1695 1595 1694 1697 1696 1752 1699 1701 1601 1697 1702 1700 1753 1754 1652 1701 1756 1703 1755 1704 1652 1754 1705 1756 1757 1608 1704 1708 1707 1758 1709 1711 1611 1708 1712 1710 1759 1658 1711 1760 1713 1761 1762 1714 1658 1760 1715 1762 1763 1718 1618 1714 1719 1717 1764 1621 1718 1721 1720 1765 1723 1721 1766 1664 1768 1767 1722 1727 1724 1627 1769 1725 1729 1727 1630 1730 1728 1732 1770 1633 1733 1730 1734 1771 1731 1766 1733 1664 1772 1735 1767 1724 1773 1671 1775 1774 1736 1671 1773 1675 1774 1776 1737 1678 1675 1777 1738 1778 1779 1780 1739 1678 1782 1741 1781 1783 1681 1739 1785 1742 1784 1691 1681 1783 1743 1785 1786 1787 1685 1688 1789 1744 1788 1790 1688 1745 1792 1747 1791 1691 1793 1745 1795 1794 1748 1749 1796 1694 1798 1797 1750 1697 1694 1799 1752 1800 1801 1701 1697 1802 1753 1803 1804 1754 1701 1805 1755 1806 1807 1704 1754 1808 1757 1809 1810 1704 1808 1708 1810 1811 1758 1711 1708 1812 1759 1813 1814 1760 1711 1815 1761 1816 1817 1818 1714 1760 1820 1763 1819 1818 1718 1714 1821 1764 1820 1721 1718 1822 1765 1823 1824 1721 1825 1766 1827 1826 1768 1828 1724 1727 1830 1769 1829 1727 1730 1831 1770 1832 1833 1733 1834 1730 1836 1835 1771 1766 1837 1733 1839 1838 1772 1828 1773 1724 1840 1775 1830 1675 1773 1777 1776 1841 1778 1780 1678 1777 1781 1779 1842 1843 1739 1780 1845 1782 1844 1783 1739 1843 1784 1845 1846 1691 1783 1793 1786 1847 1795 1787 1688 1790 1788 1792 1848 1793 1790 1745 1849 1791 1794 1749 1850 1796 1852 1851 1798 1694 1796 1799 1797 1853 1800 1697 1799 1802 1801 1854 1803 1805 1701 1802 1806 1804 1855 1754 1805 1856 1807 1857 1858 1808 1754 1856 1809 1858 1859 1708 1808 1812 1811 1860 1813 1711 1812 1815 1814 1861 1816 1862 1760 1815 1864 1817 1863 1862 1818 1760 1865 1819 1864 1822 1718 1818 1823 1821 1866 1721 1822 1825 1824 1867 1827 1766 1825 1868 1826 1869 1870 1828 1727 1831 1829 1833 1871 1730 1834 1831 1835 1872 1832 1733 1837 1834 1838 1873 1836 1766 1868 1837 1870 1874 1839 1828 1875 1773 1877 1876 1840 1773 1875 1777 1876 1878 1841 1879 1780 1777 1881 1842 1880 1843 1780 1882 1844 1883 1884 1783 1843 1885 1846 1886 1887 1793 1783 1885 1847 1887 1888 1889 1787 1790 1891 1848 1890 1793 1892 1790 1894 1893 1849 1796 1850 1895 1851 1896 1897 1799 1796 1898 1853 1899 1900 1799 1901 1802 1903 1902 1854 1901 1805 1802 1904 1855 1902 1805 1905 1856 1907 1906 1857 1908 1808 1856 1910 1859 1909 1808 1908 1812 1910 1911 1860 1812 1912 1815 1914 1913 1861 1915 1862 1815 1917 1863 1916 1918 1818 1862 1920 1865 1919 1822 1818 1918 1866 1920 1921 1825 1822 1922 1867 1923 1924 1868 1825 1925 1869 1926 1927 1928 1828 1831 1930 1871 1929 1831 1834 1931 1872 1932 1933 1834 1837 1934 1873 1935 1936 1837 1868 1937 1874 1938 1939 1928 1875 1828 1940 1877 1930 1875 1879 1777 1941 1880 1878 1780 1879 1882 1881 1942 1883 1843 1882 1943 1884 1944 1945 1843 1943 1885 1945 1946 1886 1892 1793 1885 1894 1888 1947 1889 1790 1948 1890 1949 1950 1790 1892 1948 1893 1951 1949 1850 1952 1895 1954 1953 1896 1796 1895 1898 1897 1955 1899 1901 1799 1898 1903 1900 1956 1901 1957 1805 1959 1958 1904 1957 1905 1805 1960 1907 1958 1905 1908 1856 1961 1909 1906 1908 1912 1812 1962 1914 1911 1912 1915 1815 1963 1916 1913 1964 1862 1915 1966 1917 1965 1918 1862 1964 1919 1966 1967 1822 1918 1922 1921 1968 1923 1925 1825 1922 1926 1924 1969 1868 1925 1970 1927 1971 1972 1928 1831 1931 1929 1933 1973 1931 1834 1934 1932 1936 1974 1837 1937 1934 1939 1975 1935 1868 1970 1937 1972 1976 1938 1928 1977 1875 1979 1978 1940 1875 1977 1879 1978 1980 1941 1882 1879 1981 1942 1982 1983 1943 1882 1984 1944 1985 1986 1943 1987 1885 1989 1988 1946 1987 1892 1885 1990 1947 1988 1991 1889 1948 1993 1950 1992 1892 1994 1948 1996 1995 1951 1895 1952 1997 1953 1998 1999 1895 2000 1898 2002 2001 1955 2003 1901 1898 2005 1956 2004 2003 1957 1901 2006 1959 2005 1957 2007 1905 2009 2008 1960 1908 1905 2010 1961 2011 2012 2013 1912 1908 2015 1962 2014 1912 2016 1915 2018 2017 1963 2019 1964 1915 2021 1965 2020 1918 1964 2022 1967 2023 2024 1922 1918 2022 1968 2024 2025 2026 1925 1922 2028 1969 2027 1970 1925 2029 1971 2030 2031 2032 1928 1931 2034 1973 2033 2035 1931 1934 2037 1974 2036 1934 1937 2038 1975 2039 2040 1937 1970 2041 1976 2042 2043 2032 1977 1928 2044 1979 2034 1879 1977 1981 1980 2045 1982 1984 1882 1981 1985 1983 2046 1943 1984 2047 1986 2048 2049 1943 2047 1987 2049 2050 1989 1987 1994 1892 2051 1996 1990 1994 1991 1948 2052 1992 1995 1952 2053 1997 2055 2054 1998 2000 1895 1997 2002 1999 2056 2000 2003 1898 2057 2004 2001 2058 1957 2003 2060 2006 2059 2058 2007 1957 2061 2009 2060 1905 2007 2010 2008 2062 2011 2013 1908 2010 2014 2012 2063 2013 2016 1912 2064 2018 2015 2016 2019 1915 2065 2020 2017 1964 2019 2066 2021 2067 2068 1964 2066 2022 2068 2069 2023 2026 1922 2022 2027 2025 2070 1925 2026 2029 2028 2071 2030 1970 2029 2072 2031 2073 2074 2035 2032 1931 2075 2033 2037 2035 1934 2038 2036 2040 2076 2038 1937 2041 2039 2043 2077 2041 1970 2072 2042 2074 2078 2032 2079 1977 2081 2080 2044 1977 2079 1981 2080 2082 2045 2083 1984 1981 2085 2046 2084 2047 1984 2086 2048 2087 2088 1987 2047 2089 2050 2090 2091 1994 1987 2089 2051 2091 2092 2093 1991 1994 2095 2052 2094 2053 2096 1997 2098 2097 2054 2000 1997 2099 2056 2100 2101 2102 2003 2000 2104 2057 2103 2058 2003 2102 2059 2104 2105 2106 2007 2058 2108 2061 2107 2007 2109 2010 2111 2110 2062 2109 2013 2010 2112 2063 2110 2013 2113 2016 2115 2114 2064 2116 2019 2016 2118 2065 2117 2019 2119 2066 2121 2120 2067 2066 2122 2022 2124 2123 2069 2122 2026 2022 2125 2070 2123 2026 2126 2029 2128 2127 2071 2029 2129 2072 2131 2130 2073 2132 2032 2035 2134 2075 2133 2135 2035 2038 2137 2076 2136 2138 2038 2041 2140 2077 2139 2141 2041 2072 2143 2078 2142 2132 2079 2032 2144 2081 2134 2079 2083 1981 2145 2084 2082 1984 2083 2086 2085 2146 2087 2147 2047 2086 2149 2088 2148 2089 2047 2147 2090 2149 2150 1994 2089 2151 2092 2152 2153 2093 1994 2151 2094 2153 2154 2053 2155 2096 2157 2156 2098 1997 2096 2099 2097 2158 2100 2102 2000 2099 2103 2101 2159 2058 2102 2160 2105 2161 2162 2106 2058 2160 2107 2162 2163 2109 2113 2013 2164 2115 2112 2113 2116 2016 2165 2117 2114 2116 2119 2019 2166 2121 2118 2119 2167 2066 2169 2168 2120 2167 2122 2066 2170 2124 2168 2122 2126 2026 2171 2128 2125 2126 2129 2029 2172 2131 2127 2129 2173 2072 2175 2174 2130 2132 2035 2135 2133 2137 2176 2138 2135 2038 2177 2136 2140 2141 2138 2041 2178 2139 2143 2173 2141 2072 2179 2142 2174 2132 2180 2079 2182 2181 2144 2079 2180 2083 2181 2183 2145 2083 2184 2086 2186 2185 2146 2187 2147 2086 2189 2148 2188 2089 2147 2190 2150 2191 2192 2089 2190 2151 2192 2193 2152 2194 2093 2151 2196 2154 2195 2096 2155 2197 2156 2198 2199 2099 2096 2200 2158 2201 2202 2203 2102 2099 2205 2159 2204 2160 2102 2203 2161 2205 2206 2207 2106 2160 2209 2163 2208 2167 2210 2122 2212 2211 2170 2122 2210 2126 2211 2213 2171 2214 2129 2126 2216 2172 2215 2129 2217 2173 2219 2218 2175 2220 2132 2135 2222 2176 2221 2138 2223 2135 2225 2224 2177 2141 2226 2138 2228 2227 2178 2229 2141 2173 2231 2179 2230 2220 2180 2132 2232 2182 2222 2083 2180 2184 2183 2233 2186 2184 2187 2086 2234 2188 2185 2147 2187 2235 2189 2236 2237 2190 2147 2235 2191 2237 2238 2190 2194 2151 2239 2195 2193 2155 2240 2197 2242 2241 2198 2096 2197 2200 2199 2243 2201 2203 2099 2200 2204 2202 2244 2245 2160 2203 2247 2206 2246 2245 2207 2160 2248 2208 2247 2210 2214 2126 2249 2215 2213 2214 2217 2129 2250 2219 2216 2217 2251 2173 2253 2252 2218 2223 2220 2135 2254 2221 2224 2226 2223 2138 2255 2225 2227 2229 2226 2141 2256 2228 2231 2251 2229 2173 2257 2230 2252 2220 2258 2180 2260 2259 2232 2180 2258 2184 2259 2261 2233 2184 2262 2187 2264 2263 2234 2187 2265 2235 2267 2266 2236 2268 2190 2235 2270 2238 2269 2271 2194 2190 2273 2239 2272 2240 2274 2197 2276 2275 2241 2200 2197 2277 2243 2278 2279 2280 2203 2200 2282 2244 2281 2245 2203 2280 2246 2282 2283 2284 2207 2245 2286 2248 2285 2287 2220 2223 2289 2254 2288 2223 2226 2290 2255 2291 2292 2229 2293 2226 2295 2294 2256 2251 2296 2229 2298 2297 2257 2287 2258 2220 2299 2260 2289 2258 2262 2184 2300 2264 2261 2187 2262 2265 2263 2301 2267 2235 2265 2302 2266 2303 2304 2268 2271 2190 2305 2272 2270 2268 2235 2302 2269 2304 2306 2240 2307 2274 2309 2308 2276 2197 2274 2277 2275 2310 2278 2280 2200 2277 2281 2279 2311 2245 2280 2312 2283 2313 2314 2284 2245 2312 2285 2314 2315 2287 2223 2290 2288 2292 2316 2226 2293 2290 2294 2317 2291 2229 2296 2293 2297 2318 2295 2287 2319 2258 2321 2320 2299 2258 2319 2262 2320 2322 2300 2262 2323 2265 2325 2324 2301 2265 2326 2302 2328 2327 2303 2329 2271 2268 2331 2305 2330 2332 2268 2302 2334 2306 2333 2274 2307 2335 2308 2336 2337 2277 2274 2338 2310 2339 2340 2341 2280 2277 2343 2311 2342 2312 2280 2341 2313 2343 2344 2345 2284 2312 2347 2315 2346 2348 2287 2290 2350 2316 2349 2293 2351 2290 2353 2352 2317 2296 2354 2293 2356 2355 2318 2348 2319 2287 2357 2321 2350 2262 2319 2323 2322 2358 2325 2323 2326 2265 2359 2328 2324 2326 2332 2302 2360 2333 2327 2329 2268 2332 2330 2334 2361 2307 2362 2335 2364 2363 2336 2274 2335 2338 2337 2365 2339 2341 2277 2338 2342 2340 2366 2367 2312 2341 2369 2344 2368 2367 2345 2312 2370 2346 2369 2351 2348 2290 2371 2349 2352 2354 2351 2293 2372 2353 2355 2348 2373 2319 2375 2374 2357 2319 2373 2323 2374 2376 2358 2377 2326 2323 2379 2359 2378 2326 2380 2332 2382 2381 2360 2383 2329 2332 2385 2361 2384 2362 2386 2335 2388 2387 2363 2338 2335 2389 2365 2390 2391 2392 2341 2338 2394 2366 2393 2367 2341 2392 2368 2394 2395 2396 2345 2367 2398 2370 2397 2351 2399 2348 2401 2400 2371 2354 2402 2351 2404 2403 2372 2348 2399 2373 2400 2405 2375 2373 2377 2323 2406 2378 2376 2377 2380 2326 2407 2382 2379 2380 2383 2332 2408 2384 2381 2362 2409 2386 2411 2410 2388 2335 2386 2389 2387 2412 2390 2392 2338 2389 2393 2391 2413 2367 2392 2414 2395 2415 2416 2396 2367 2414 2397 2416 2417 2351 2402 2399 2403 2418 2401 2373 2399 2419 2405 2420 2421 2373 2419 2377 2421 2422 2406 2380 2377 2423 2407 2424 2425 2426 2383 2380 2428 2408 2427 2386 2409 2429 2410 2430 2431 2389 2386 2432 2412 2433 2434 2435 2392 2389 2437 2413 2436 2414 2392 2435 2415 2437 2438 2439 2396 2414 2441 2417 2440 2399 2402 2442 2418 2443 2444 2419 2399 2442 2420 2444 2445 2377 2419 2423 2422 2446 2424 2380 2423 2447 2425 2448 2449 2426 2380 2447 2427 2449 2450 2409 2451 2429 2453 2452 2430 2386 2429 2432 2431 2454 2433 2435 2389 2432 2436 2434 2455 2456 2414 2435 2458 2438 2457 2456 2439 2414 2459 2440 2458 2402 2460 2442 2462 2461 2443 2463 2419 2442 2465 2445 2464 2423 2419 2463 2446 2465 2466 2423 2467 2447 2469 2468 2448 2470 2426 2447 2472 2450 2471 2451 2473 2429 2475 2474 2452 2432 2429 2476 2454 2477 2478 2479 2435 2432 2481 2455 2480 2456 2435 2479 2457 2481 2482 2483 2439 2456 2485 2459 2484 2402 2486 2460 2488 2487 2462 2460 2463 2442 2489 2464 2461 2467 2423 2463 2469 2466 2490 2467 2470 2447 2491 2471 2468 2451 2492 2473 2494 2493 2475 2429 2473 2476 2474 2495 2477 2479 2432 2476 2480 2478 2496 2456 2479 2497 2482 2498 2499 2483 2456 2497 2484 2499 2500 2460 2486 2501 2487 2502 2503 2463 2460 2504 2489 2505 2506 2467 2463 2507 2490 2508 2509 2510 2470 2467 2512 2491 2511 2473 2492 2513 2493 2514 2515 2476 2473 2516 2495 2517 2518 2519 2479 2476 2521 2496 2520 2497 2479 2519 2498 2521 2522 2523 2483 2497 2525 2500 2524 2486 2526 2501 2528 2527 2502 2460 2501 2504 2503 2529 2505 2507 2463 2504 2508 2506 2530 2467 2507 2531 2509 2532 2533 2510 2467 2531 2511 2533 2534 2492 2535 2513 2537 2536 2514 2473 2513 2516 2515 2538 2517 2519 2476 2516 2520 2518 2539 2540 2497 2519 2542 2522 2541 2540 2523 2497 2543 2524 2542 2526 2544 2501 2546 2545 2527 2501 2547 2504 2549 2548 2529 2507 2504 2550 2530 2551 2552 2531 2507 2550 2532 2552 2553 2554 2510 2531 2556 2534 2555 2535 2557 2513 2559 2558 2536 2513 2560 2516 2562 2561 2538 2563 2519 2516 2565 2539 2564 2540 2519 2563 2541 2565 2566 2567 2523 2540 2569 2543 2568 2526 2570 2544 2572 2571 2546 2544 2547 2501 2573 2549 2545 2504 2547 2550 2548 2574 2551 2575 2531 2550 2577 2553 2576 2575 2554 2531 2578 2555 2577 2535 2579 2557 2581 2580 2559 2513 2557 2560 2558 2582 2562 2560 2563 2516 2583 2564 2561 2540 2563 2584 2566 2585 2586 2567 2540 2584 2568 2586 2587 2544 2570 2588 2571 2589 2590 2544 2591 2547 2593 2592 2573 2547 2594 2550 2596 2595 2574 2594 2575 2550 2597 2576 2595 2598 2554 2575 2600 2578 2599 2557 2579 2601 2580 2602 2603 2560 2557 2604 2582 2605 2606 2607 2563 2560 2609 2583 2608 2584 2563 2607 2585 2609 2610 2611 2567 2584 2613 2587 2612 2570 2614 2588 2616 2615 2589 2544 2588 2591 2590 2617 2593 2547 2591 2594 2592 2618 2596 2619 2575 2594 2621 2597 2620 2598 2575 2619 2599 2621 2622 2579 2623 2601 2625 2624 2602 2557 2601 2604 2603 2626 2605 2607 2560 2604 2608 2606 2627 2628 2584 2607 2630 2610 2629 2628 2611 2584 2631 2612 2630 2614 2632 2588 2634 2633 2615 2588 2635 2591 2637 2636 2617 2594 2591 2638 2618 2639 2640 2619 2594 2638 2620 2640 2641 2642 2598 2619 2644 2622 2643 2623 2645 2601 2647 2646 2624 2601 2648 2604 2650 2649 2626 2651 2607 2604 2653 2627 2652 2628 2607 2651 2629 2653 2654 2655 2611 2628 2657 2631 2656 2614 2658 2632 2660 2659 2634 2632 2635 2588 2661 2637 2633 2591 2635 2638 2636 2662 2639 2663 2619 2638 2665 2641 2664 2663 2642 2619 2666 2643 2665 2623 2667 2645 2669 2668 2647 2601 2645 2648 2646 2670 2650 2648 2651 2604 2671 2652 2649 2628 2651 2672 2654 2673 2674 2655 2628 2672 2656 2674 2675 2632 2658 2676 2659 2677 2678 2632 2679 2635 2681 2680 2661 2635 2682 2638 2684 2683 2662 2682 2663 2638 2685 2664 2683 2686 2642 2663 2688 2666 2687 2645 2667 2689 2668 2690 2691 2648 2645 2692 2670 2693 2694 2695 2651 2648 2697 2671 2696 2672 2651 2695 2673 2697 2698 2699 2655 2672 2701 2675 2700 2658 2702 2676 2704 2703 2677 2632 2676 2679 2678 2705 2681 2635 2679 2682 2680 2706 2684 2707 2663 2682 2709 2685 2708 2686 2663 2707 2687 2709 2710 2667 2711 2689 2713 2712 2690 2645 2689 2692 2691 2714 2693 2695 2648 2692 2696 2694 2715 2716 2672 2695 2718 2698 2717 2716 2699 2672 2719 2700 2718 2702 2720 2676 2722 2721 2703 2676 2723 2679 2725 2724 2705 2682 2679 2726 2706 2727 2728 2707 2682 2726 2708 2728 2729 2730 2686 2707 2732 2710 2731 2711 2733 2689 2735 2734 2712 2689 2736 2692 2738 2737 2714 2739 2695 2692 2741 2715 2740 2716 2695 2739 2717 2741 2742 2743 2699 2716 2745 2719 2744 2702 2746 2720 2748 2747 2722 2720 2723 2676 2749 2725 2721 2679 2723 2726 2724 2750 2727 2751 2707 2726 2753 2729 2752 2751 2730 2707 2754 2731 2753 2711 2755 2733 2757 2756 2735 2689 2733 2736 2734 2758 2738 2736 2739 2692 2759 2740 2737 2716 2739 2760 2742 2761 2762 2743 2716 2760 2744 2762 2763 2720 2746 2764 2747 2765 2766 2720 2767 2723 2769 2768 2749 2723 2770 2726 2772 2771 2750 2770 2751 2726 2773 2752 2771 2774 2730 2751 2776 2754 2775 2733 2755 2777 2756 2778 2779 2736 2733 2780 2758 2781 2782 2783 2739 2736 2785 2759 2784 2760 2739 2783 2761 2785 2786 2787 2743 2760 2789 2763 2788 2746 2790 2764 2792 2791 2765 2720 2764 2767 2766 2793 2769 2723 2767 2770 2768 2794 2772 2795 2751 2770 2797 2773 2796 2774 2751 2795 2775 2797 2798 2755 2799 2777 2801 2800 2778 2733 2777 2780 2779 2802 2781 2783 2736 2780 2784 2782 2803 2804 2760 2783 2806 2786 2805 2804 2787 2760 2807 2788 2806 2790 2808 2764 2810 2809 2791 2764 2811 2767 2813 2812 2793 2770 2767 2814 2794 2815 2816 2795 2770 2814 2796 2816 2817 2818 2774 2795 2820 2798 2819 2799 2821 2777 2823 2822 2800 2777 2824 2780 2826 2825 2802 2827 2783 2780 2829 2803 2828 2804 2783 2827 2805 2829 2830 2831 2787 2804 2833 2807 2832 2790 2834 2808 2836 2835 2810 2808 2811 2764 2837 2813 2809 2767 2811 2814 2812 2838 2815 2839 2795 2814 2841 2817 2840 2839 2818 2795 2842 2819 2841 2799 2843 2821 2845 2844 2823 2777 2821 2824 2822 2846 2826 2824 2827 2780 2847 2828 2825 2804 2827 2848 2830 2849 2850 2831 2804 2848 2832 2850 2851 2808 2834 2852 2835 2853 2854 2808 2855 2811 2857 2856 2837 2811 2858 2814 2860 2859 2838 2858 2839 2814 2861 2840 2859 2862 2818 2839 2864 2842 2863 2821 2843 2865 2844 2866 2867 2824 2821 2868 2846 2869 2870 2871 2827 2824 2873 2847 2872 2848 2827 2871 2849 2873 2874 2875 2831 2848 2877 2851 2876 2834 2878 2852 2880 2879 2853 2808 2852 2855 2854 2881 2857 2811 2855 2858 2856 2882 2860 2883 2839 2858 2885 2861 2884 2862 2839 2883 2863 2885 2886 2843 2887 2865 2889 2888 2866 2821 2865 2868 2867 2890 2869 2871 2824 2868 2872 2870 2891 2892 2848 2871 2894 2874 2893 2892 2875 2848 2895 2876 2894 2878 2896 2852 2898 2897 2879 2852 2899 2855 2901 2900 2881 2858 2855 2902 2882 2903 2904 2883 2858 2902 2884 2904 2905 2906 2862 2883 2908 2886 2907 2887 2909 2865 2911 2910 2888 2865 2912 2868 2914 2913 2890 2915 2871 2868 2917 2891 2916 2892 2871 2915 2893 2917 2918 2919 2875 2892 2921 2895 2920 2878 2922 2896 2924 2923 2898 2896 2899 2852 2925 2901 2897 2855 2899 2902 2900 2926 2903 2927 2883 2902 2929 2905 2928 2927 2906 2883 2930 2907 2929 2887 2931 2909 2933 2932 2911 2865 2909 2912 2910 2934 2914 2912 2915 2868 2935 2916 2913 2892 2915 2936 2918 2937 2938 2919 2892 2936 2920 2938 2939 2896 2922 2940 2923 2941 2942 2896 2943 2899 2945 2944 2925 2899 2946 2902 2948 2947 2926 2946 2927 2902 2949 2928 2947 2950 2906 2927 2952 2930 2951 2909 2931 2953 2932 2954 2955 2912 2909 2956 2934 2957 2958 2959 2915 2912 2961 2935 2960 2936 2915 2959 2937 2961 2962 2963 2919 2936 2965 2939 2964 2922 2966 2940 2968 2967 2941 2896 2940 2943 2942 2969 2945 2899 2943 2946 2944 2970 2948 2971 2927 2946 2973 2949 2972 2950 2927 2971 2951 2973 2974 2931 2975 2953 2977 2976 2954 2909 2953 2956 2955 2978 2957 2959 2912 2956 2960 2958 2979 2980 2936 2959 2982 2962 2981 2980 2963 2936 2983 2964 2982 2966 2984 2940 2986 2985 2967 2940 2987 2943 2989 2988 2969 2946 2943 2990 2970 2991 2992 2971 2946 2990 2972 2992 2993 2994 2950 2971 2996 2974 2995 2975 2997 2953 2999 2998 2976 2953 3000 2956 3002 3001 2978 3003 2959 2956 3005 2979 3004 2980 2959 3003 2981 3005 3006 3007 2963 2980 3009 2983 3008 2966 3010 2984 3012 3011 2986 2984 2987 2940 3013 2989 2985 2943 2987 2990 2988 3014 2991 3015 2971 2990 3017 2993 3016 3015 2994 2971 3018 2995 3017 2975 3019 2997 3021 3020 2999 2953 2997 3000 2998 3022 3002 3000 3003 2956 3023 3004 3001 2980 3003 3024 3006 3025 3026 3007 2980 3024 3008 3026 3027 2984 3010 3028 3011 3029 3030 2984 3031 2987 3033 3032 3013 2987 3034 2990 3036 3035 3014 3034 3015 2990 3037 3016 3035 3038 2994 3015 3040 3018 3039 2997 3019 3041 3020 3042 3043 3000 2997 3044 3022 3045 3046 3047 3003 3000 3049 3023 3048 3024 3003 3047 3025 3049 3050 3051 3007 3024 3053 3027 3052 3010 3054 3028 3056 3055 3029 2984 3028 3031 3030 3057 3033 2987 3031 3034 3032 3058 3036 3059 3015 3034 3061 3037 3060 3038 3015 3059 3039 3061 3062 3019 3063 3041 3065 3064 3042 2997 3041 3044 3043 3066 3045 3047 3000 3044 3048 3046 3067 3068 3024 3047 3070 3050 3069 3068 3051 3024 3071 3052 3070 3054 3072 3028 3074 3073 3055 3028 3075 3031 3077 3076 3057 3034 3031 3078 3058 3079 3080 3059 3034 3078 3060 3080 3081 3082 3038 3059 3084 3062 3083 3063 3085 3041 3087 3086 3064 3041 3088 3044 3090 3089 3066 3091 3047 3044 3093 3067 3092 3068 3047 3091 3069 3093 3094 3095 3051 3068 3097 3071 3096 3054 3098 3072 3100 3099 3074 3072 3075 3028 3101 3077 3073 3031 3075 3078 3076 3102 3079 3103 3059 3078 3105 3081 3104 3103 3082 3059 3106 3083 3105 3063 3107 3085 3109 3108 3087 3041 3085 3088 3086 3110 3090 3088 3091 3044 3111 3092 3089 3068 3091 3112 3094 3113 3114 3095 3068 3112 3096 3114 3115 3072 3098 3116 3099 3117 3118 3072 3119 3075 3121 3120 3101 3075 3122 3078 3124 3123 3102 3122 3103 3078 3125 3104 3123 3126 3082 3103 3128 3106 3127 3085 3107 3129 3108 3130 3131 3088 3085 3132 3110 3133 3134 3135 3091 3088 3137 3111 3136 3112 3091 3135 3113 3137 3138 3139 3095 3112 3141 3115 3140 3098 3142 3116 3144 3143 3117 3072 3116 3119 3118 3145 3121 3075 3119 3122 3120 3146 3124 3147 3103 3122 3149 3125 3148 3126 3103 3147 3127 3149 3150 3107 3151 3129 3153 3152 3130 3085 3129 3132 3131 3154 3133 3135 3088 3132 3136 3134 3155 3156 3112 3135 3158 3138 3157 3156 3139 3112 3159 3140 3158 3142 3160 3116 3162 3161 3143 3116 3163 3119 3165 3164 3145 3122 3119 3166 3146 3167 3168 3147 3122 3166 3148 3168 3169 3170 3126 3147 3172 3150 3171 3151 3173 3129 3175 3174 3152 3129 3176 3132 3178 3177 3154 3179 3135 3132 3181 3155 3180 3156 3135 3179 3157 3181 3182 3183 3139 3156 3185 3159 3184 3142 3186 3160 3188 3187 3162 3160 3163 3116 3189 3165 3161 3119 3163 3166 3164 3190 3167 3191 3147 3166 3193 3169 3192 3191 3170 3147 3194 3171 3193 3151 3195 3173 3197 3196 3175 3129 3173 3176 3174 3198 3178 3176 3179 3132 3199 3180 3177 3156 3179 3200 3182 3201 3202 3183 3156 3200 3184 3202 3203 3160 3186 3204 3187 3205 3206 3160 3207 3163 3209 3208 3189 3163 3210 3166 3212 3211 3190 3210 3191 3166 3213 3192 3211 3214 3170 3191 3216 3194 3215 3173 3195 3217 3196 3218 3219 3176 3173 3220 3198 3221 3222 3223 3179 3176 3225 3199 3224 3200 3179 3223 3201 3225 3226 3227 3183 3200 3229 3203 3228 3186 3230 3204 3232 3231 3205 3160 3204 3207 3206 3233 3209 3163 3207 3210 3208 3234 3212 3235 3191 3210 3237 3213 3236 3214 3191 3235 3215 3237 3238 3195 3239 3217 3241 3240 3218 3173 3217 3220 3219 3242 3221 3223 3176 3220 3224 3222 3243 3244 3200 3223 3246 3226 3245 3244 3227 3200 3247 3228 3246 3230 3248 3204 3250 3249 3231 3204 3251 3207 3253 3252 3233 3210 3207 3254 3234 3255 3256 3235 3210 3254 3236 3256 3257 3258 3214 3235 3260 3238 3259 3239 3261 3217 3263 3262 3240 3217 3264 3220 3266 3265 3242 3267 3223 3220 3269 3243 3268 3244 3223 3267 3245 3269 3270 3271 3227 3244 3273 3247 3272 3230 3274 3248 3276 3275 3250 3248 3251 3204 3277 3253 3249 3207 3251 3254 3252 3278 3255 3279 3235 3254 3281 3257 3280 3279 3258 3235 3282 3259 3281 3239 3283 3261 3285 3284 3263 3217 3261 3264 3262 3286 3266 3264 3267 3220 3287 3268 3265 3244 3267 3288 3270 3289 3290 3271 3244 3288 3272 3290 3291 3248 3274 3292 3275 3293 3294 3248 3295 3251 3297 3296 3277 3254 3251 3298 3278 3299 3300 3279 3254 3298 3280 3300 3301 3302 3258 3279 3304 3282 3303 3261 3283 3305 3284 3306 3307 3264 3261 3308 3286 3309 3310 3311 3267 3264 3313 3287 3312 3288 3267 3311 3289 3313 3314 3315 3271 3288 3317 3291 3316 3274 3318 3292 3320 3319 3293 3248 3292 3295 3294 3321 3297 3251 3295 3298 3296 3322 3299 3323 3279 3298 3325 3301 3324 3302 3279 3323 3303 3325 3326 3283 3327 3305 3329 3328 3306 3261 3305 3308 3307 3330 3309 3311 3264 3308 3312 3310 3331 3332 3288 3311 3334 3314 3333 3332 3315 3288 3335 3316 3334 3318 3336 3292 3338 3337 3319 3295 3292 3339 3321 3340 3341 3298 3295 3342 3322 3343 3344 3323 3298 3342 3324 3344 3345 3346 3302 3323 3348 3326 3347 3327 3349 3305 3351 3350 3328 3305 3352 3308 3354 3353 3330 3355 3311 3308 3357 3331 3356 3332 3311 3355 3333 3357 3358 3359 3315 3332 3361 3335 3360 3318 3362 3336 3364 3363 3338 3292 3336 3339 3337 3365 3340 3295 3339 3342 3341 3366 3343 3367 3323 3342 3369 3345 3368 3367 3346 3323 3370 3347 3369 3327 3371 3349 3373 3372 3351 3305 3349 3352 3350 3374 3354 3352 3355 3308 3375 3356 3353 3332 3355 3376 3358 3377 3378 3359 3332 3376 3360 3378 3379 3336 3362 3380 3363 3381 3382 3339 3336 3383 3365 3384 3385 3342 3339 3386 3366 3387 3388 3367 3342 3386 3368 3388 3389 3390 3346 3367 3392 3370 3391 3349 3371 3393 3372 3394 3395 3349 3396 3352 3398 3397 3374 3399 3355 3352 3401 3375 3400 3376 3355 3399 3377 3401 3402 3403 3359 3376 3405 3379 3404 3362 3406 3380 3408 3407 3381 3383 3336 3380 3384 3382 3409 3339 3383 3386 3385 3410 3387 3411 3367 3386 3413 3389 3412 3390 3367 3411 3391 3413 3414 3371 3415 3393 3417 3416 3394 3396 3349 3393 3398 3395 3418 3396 3399 3352 3419 3400 3397 3420 3376 3399 3422 3402 3421 3420 3403 3376 3423 3404 3422 3406 3424 3380 3426 3425 3407 3383 3380 3427 3409 3428 3429 3386 3383 3430 3410 3431 3432 3411 3386 3430 3412 3432 3433 3434 3390 3411 3436 3414 3435 3415 3437 3393 3439 3438 3416 3437 3396 3393 3440 3418 3438 3441 3399 3396 3443 3419 3442 3420 3399 3441 3421 3443 3444 3445 3403 3420 3447 3423 3446 3406 3448 3424 3450 3449 3426 3380 3424 3427 3425 3451 3428 3383 3427 3430 3429 3452 3431 3453 3411 3430 3455 3433 3454 3453 3434 3411 3456 3435 3455 3415 3457 3437 3459 3458 3439 3396 3437 3460 3440 3461 3462 3441 3396 3460 3442 3462 3463 3420 3441 3464 3444 3465 3466 3445 3420 3464 3446 3466 3467 3424 3448 3468 3449 3469 3470 3427 3424 3471 3451 3472 3473 3430 3427 3474 3452 3475 3476 3453 3430 3474 3454 3476 3477 3478 3434 3453 3480 3456 3479 3437 3457 3481 3458 3482 3483 3437 3484 3460 3486 3485 3461 3487 3441 3460 3489 3463 3488 3464 3441 3487 3465 3489 3490 3491 3445 3464 3493 3467 3492 3448 3494 3468 3496 3495 3469 3471 3424 3468 3472 3470 3497 3427 3471 3474 3473 3498 3475 3499 3453 3474 3501 3477 3500 3478 3453 3499 3479 3501 3502 3457 3503 3481 3505 3504 3482 3484 3437 3481 3486 3483 3506 3484 3487 3460 3507 3488 3485 3508 3464 3487 3510 3490 3509 3508 3491 3464 3511 3492 3510 3494 3512 3468 3514 3513 3495 3515 3471 3468 3517 3497 3516 3471 3518 3474 3520 3519 3498 3518 3499 3474 3521 3500 3519 3522 3478 3499 3524 3502 3523 3503 3525 3481 3527 3526 3504 3525 3484 3481 3528 3506 3526 3529 3487 3484 3531 3507 3530 3508 3487 3529 3509 3531 3532 3533 3491 3508 3535 3511 3534 3494 3536 3512 3538 3537 3514 3512 3515 3468 3539 3516 3513 3471 3515 3518 3517 3540 3520 3541 3499 3518 3543 3521 3542 3541 3522 3499 3544 3523 3543 3503 3545 3525 3547 3546 3527 3484 3525 3548 3528 3549 3550 3529 3484 3548 3530 3550 3551 3508 3529 3552 3532 3553 3554 3533 3508 3552 3534 3554 3555 3512 3536 3556 3537 3557 3558 3512 3559 3515 3561 3560 3539 3518 3515 3562 3540 3563 3564 3541 3518 3562 3542 3564 3565 3566 3522 3541 3568 3544 3567 3525 3545 3569 3546 3570 3571 3525 3572 3548 3574 3573 3549 3575 3529 3548 3577 3551 3576 3552 3529 3575 3553 3577 3578 3579 3533 3552 3581 3555 3580 3536 3582 3556 3584 3583 3557 3512 3556 3559 3558 3585 3561 3515 3559 3562 3560 3586 3563 3587 3541 3562 3589 3565 3588 3566 3541 3587 3567 3589 3590 3545 3591 3569 3593 3592 3570 3572 3525 3569 3574 3571 3594 3572 3575 3548 3595 3576 3573 3596 3552 3575 3598 3578 3597 3596 3579 3552 3599 3580 3598 3582 3600 3556 3602 3601 3583 3556 3603 3559 3605 3604 3585 3562 3559 3606 3586 3607 3608 3587 3562 3606 3588 3608 3609 3610 3566 3587 3612 3590 3611 3591 3613 3569 3615 3614 3592 3613 3572 3569 3616 3594 3614 3617 3575 3572 3619 3595 3618 3596 3575 3617 3597 3619 3620 3621 3579 3596 3623 3599 3622 3582 3624 3600 3626 3625 3602 3600 3603 3556 3627 3605 3601 3559 3603 3606 3604 3628 3607 3629 3587 3606 3631 3609 3630 3629 3610 3587 3632 3611 3631 3591 3633 3613 3635 3634 3615 3572 3613 3636 3616 3637 3638 3617 3572 3636 3618 3638 3639 3596 3617 3640 3620 3641 3642 3621 3596 3640 3622 3642 3643 3600 3624 3644 3625 3645 3646 3600 3647 3603 3649 3648 3627 3603 3650 3606 3652 3651 3628 3650 3629 3606 3653 3630 3651 3654 3610 3629 3656 3632 3655 3613 3633 3657 3634 3658 3659 3613 3660 3636 3662 3661 3637 3663 3617 3636 3665 3639 3664 3640 3617 3663 3641 3665 3666 3667 3621 3640 3669 3643 3668 3624 3670 3644 3672 3671 3645 3600 3644 3647 3646 3673 3649 3603 3647 3650 3648 3674 3652 3675 3629 3650 3677 3653 3676 3654 3629 3675 3655 3677 3678 3633 3679 3657 3681 3680 3658 3660 3613 3657 3662 3659 3682 3660 3663 3636 3683 3664 3661 3684 3640 3663 3686 3666 3685 3684 3667 3640 3687 3668 3686 3670 3688 3644 3690 3689 3671 3644 3691 3647 3693 3692 3673 3650 3647 3694 3674 3695 3696 3675 3650 3694 3676 3696 3697 3698 3654 3675 3700 3678 3699 3679 3701 3657 3703 3702 3680 3701 3660 3657 3704 3682 3702 3705 3663 3660 3707 3683 3706 3684 3663 3705 3685 3707 3708 3709 3667 3684 3711 3687 3710 3670 3712 3688 3714 3713 3690 3688 3691 3644 3715 3693 3689 3647 3691 3694 3692 3716 3695 3717 3675 3694 3719 3697 3718 3717 3698 3675 3720 3699 3719 3679 3721 3701 3723 3722 3703 3660 3701 3724 3704 3725 3726 3705 3660 3724 3706 3726 3727 3684 3705 3728 3708 3729 3730 3709 3684 3728 3710 3730 3731 3688 3712 3732 3713 3733 3734 3688 3735 3691 3737 3736 3715 3691 3738 3694 3740 3739 3716 3738 3717 3694 3741 3718 3739 3742 3698 3717 3744 3720 3743 3701 3721 3745 3722 3746 3747 3701 3748 3724 3750 3749 3725 3751 3705 3724 3753 3727 3752 3728 3705 3751 3729 3753 3754 3755 3709 3728 3757 3731 3756 3712 3758 3732 3760 3759 3733 3688 3732 3735 3734 3761 3737 3691 3735 3738 3736 3762 3740 3717 3738 3763 3741 3764 3765 3742 3717 3763 3743 3765 3766 3721 3767 3745 3769 3768 3746 3748 3701 3745 3750 3747 3770 3748 3751 3724 3771 3752 3749 3772 3728 3751 3774 3754 3773 3772 3755 3728 3775 3756 3774 3758 3776 3732 3778 3777 3759 3732 3779 3735 3781 3780 3761 3738 3735 3782 3762 3783 3784 3738 3785 3763 3787 3786 3764 3788 3742 3763 3790 3766 3789 3767 3791 3745 3793 3792 3768 3791 3748 3745 3794 3770 3792 3795 3751 3748 3797 3771 3796 3772 3751 3795 3773 3797 3798 3799 3755 3772 3801 3775 3800 3758 3802 3776 3804 3803 3778 3776 3779 3732 3805 3781 3777 3735 3779 3782 3780 3806 3783 3785 3738 3782 3787 3784 3807 3785 3788 3763 3808 3789 3786 3767 3809 3791 3811 3810 3793 3748 3791 3812 3794 3813 3814 3795 3748 3812 3796 3814 3815 3772 3795 3816 3798 3817 3818 3799 3772 3816 3800 3818 3819 3776 3802 3820 3803 3821 3822 3776 3823 3779 3825 3824 3805 3779 3826 3782 3828 3827 3806 3826 3785 3782 3829 3807 3827 3830 3788 3785 3832 3808 3831 3791 3809 3833 3810 3834 3835 3812 3791 3836 3813 3837 3838 3839 3795 3812 3841 3815 3840 3816 3795 3839 3817 3841 3842 3843 3799 3816 3845 3819 3844 3802 3846 3820 3848 3847 3821 3776 3820 3823 3822 3849 3825 3779 3823 3826 3824 3850 3828 3785 3826 3851 3829 3852 3853 3830 3785 3851 3831 3853 3854 3809 3855 3833 3857 3856 3834 3791 3833 3836 3835 3858 3837 3839 3812 3836 3840 3838 3859 3860 3816 3839 3862 3842 3861 3860 3843 3816 3863 3844 3862 3846 3864 3820 3866 3865 3847 3820 3867 3823 3869 3868 3849 3826 3823 3870 3850 3871 3872 3826 3873 3851 3875 3874 3852 3876 3830 3851 3878 3854 3877 3855 3879 3833 3881 3880 3856 3833 3882 3836 3884 3883 3858 3885 3839 3836 3887 3859 3886 3860 3839 3885 3861 3887 3888 3889 3843 3860 3891 3863 3890 3846 3892 3864 3894 3893 3866 3864 3867 3820 3895 3869 3865 3823 3867 3870 3868 3896 3871 3873 3826 3870 3875 3872 3897 3873 3876 3851 3898 3877 3874 3855 3899 3879 3901 3900 3881 3879 3882 3833 3902 3884 3880 3882 3885 3836 3903 3886 3883 3904 3860 3885 3906 3888 3905 3889 3860 3907 3890 3908 3909 3864 3892 3910 3893 3911 3912 3864 3913 3867 3915 3914 3895 3867 3916 3870 3918 3917 3896 3916 3873 3870 3919 3897 3917 3920 3876 3873 3922 3898 3921 3879 3899 3923 3900 3924 3925 3879 3926 3882 3928 3927 3902 3882 3904 3885 3929 3905 3903 3860 3904 3907 3906 3930 3908 3931 3889 3907 3933 3909 3932 3892 3934 3910 3936 3935 3911 3864 3910 3913 3912 3937 3915 3867 3913 3916 3914 3938 3918 3873 3916 3939 3919 3940 3941 3920 3873 3939 3921 3941 3942 3923 3899 3943 3924 3944 3945 3879 3923 3926 3925 3946 3928 3882 3926 3904 3927 3947 3929 3904 3948 3907 3950 3949 3930 3948 3931 3907 3951 3932 3949 3934 3952 3910 3954 3953 3935 3910 3955 3913 3957 3956 3937 3916 3913 3958 3938 3959 3960 3916 3961 3939 3963 3962 3940 3964 3920 3939 3966 3942 3965 3899 3967 3943 3969 3968 3944 3970 3923 3943 3972 3945 3971 3926 3923 3970 3946 3972 3973 3904 3926 3974 3947 3975 3976 3948 3904 3974 3950 3976 3977 3978 3931 3948 3980 3951 3979 3934 3981 3952 3983 3982 3954 3952 3955 3910 3984 3957 3953 3913 3955 3958 3956 3985 3959 3961 3916 3958 3963 3960 3986 3961 3964 3939 3987 3965 3962 3899 3988 3967 3990 3989 3969 3967 3991 3943 3993 3992 3968 3994 3970 3943 3996 3971 3995 3926 3970 3974 3973 3997 3975 3998 3948 3974 4000 3977 3999 4001 3931 3978 4003 3980 4002 3998 3978 3948 4004 3979 4000 3952 3981 4005 3982 4006 4007 3952 4008 3955 4010 4009 3984 3955 4011 3958 4013 4012 3985 4011 3961 3958 4014 3986 4012 4015 3964 3961 4017 3987 4016 3967 3988 4018 3989 4019 4020 4021 3991 3967 4023 3993 4022 3991 3994 3943 4024 3995 3992 3994 4025 3970 4027 4026 3996 3970 3998 3974 4028 3999 3997 4029 3931 4001 4031 4003 4030 4032 4001 3978 4034 4002 4033 3998 4035 3978 4037 4036 4004 3981 4038 4005 4040 4039 4006 3952 4005 4008 4007 4041 4010 3955 4008 4011 4009 4042 4013 3961 4011 4043 4014 4044 4045 4015 3961 4043 4016 4045 4046 3988 4047 4018 4049 4048 4019 4021 3967 4018 4022 4020 4050 4025 3998 3970 4051 4028 4026 4052 4029 4001 4054 4030 4053 4032 4055 4001 4057 4056 4034 4035 4032 3978 4058 4033 4036 4025 4035 3998 4059 4037 4051 4038 4060 4005 4062 4061 4039 4005 4063 4008 4065 4064 4041 4011 4008 4066 4042 4067 4068 4011 4069 4043 4071 4070 4044 4072 4015 4043 4074 4046 4073 4047 4075 4018 4077 4076 4048 4078 4021 4018 4080 4050 4079 4081 4029 4052 4083 4054 4082 4055 4052 4001 4084 4053 4056 4038 4085 4060 4087 4086 4062 4060 4063 4005 4088 4065 4061 4008 4063 4066 4064 4089 4067 4069 4011 4066 4071 4068 4090 4069 4072 4043 4091 4073 4070 4047 4092 4075 4094 4093 4077 4075 4078 4018 4095 4079 4076 4081 4052 4096 4082 4097 4098 4055 4099 4052 4101 4100 4084 4060 4085 4102 4086 4103 4104 4060 4105 4063 4107 4106 4088 4063 4108 4066 4110 4109 4089 4108 4069 4066 4111 4090 4109 4112 4072 4069 4114 4091 4113 4092 4115 4075 4117 4116 4093 4118 4078 4075 4120 4095 4119 4121 4081 4096 4123 4098 4122 4052 4099 4096 4100 4124 4097 4085 4125 4102 4127 4126 4103 4060 4102 4105 4104 4128 4107 4063 4105 4108 4106 4129 4110 4069 4108 4130 4111 4131 4132 4112 4069 4130 4113 4132 4133 4092 4134 4115 4136 4135 4117 4115 4118 4075 4137 4119 4116 4138 4121 4096 4140 4122 4139 4099 4141 4096 4143 4142 4124 4125 4144 4102 4146 4145 4126 4105 4102 4147 4128 4148 4149 4108 4105 4150 4129 4151 4152 4108 4153 4130 4155 4154 4131 4156 4112 4130 4158 4133 4157 4115 4134 4159 4135 4160 4161 4162 4118 4115 4164 4137 4163 4165 4121 4138 4167 4140 4166 4141 4138 4096 4168 4139 4142 4125 4169 4144 4171 4170 4146 4102 4144 4147 4145 4172 4148 4105 4147 4150 4149 4173 4151 4153 4108 4150 4155 4152 4174 4153 4156 4130 4175 4157 4154 4134 4176 4159 4178 4177 4160 4162 4115 4159 4163 4161 4179 4165 4138 4180 4166 4181 4182 4141 4183 4138 4185 4184 4168 4144 4169 4186 4170 4187 4188 4147 4144 4189 4172 4190 4191 4150 4147 4192 4173 4193 4194 4153 4150 4192 4174 4194 4195 4196 4156 4153 4198 4175 4197 4176 4199 4159 4201 4200 4177 4202 4162 4159 4204 4179 4203 4205 4165 4180 4207 4182 4206 4138 4183 4180 4184 4208 4181 4169 4209 4186 4211 4210 4187 4212 4144 4186 4214 4188 4213 4144 4212 4189 4214 4215 4190 4192 4147 4189 4193 4191 4216 4217 4153 4192 4219 4195 4218 4196 4153 4217 4197 4219 4220 4176 4221 4199 4223 4222 4201 4199 4202 4159 4224 4203 4200 4225 4205 4180 4227 4206 4226 4183 4228 4180 4230 4229 4208 4209 4231 4186 4233 4232 4210 4231 4212 4186 4234 4213 4232 4212 4235 4189 4237 4236 4215 4235 4192 4189 4238 4216 4236 4235 4217 4192 4239 4218 4238 4240 4196 4217 4242 4220 4241 4199 4221 4243 4222 4244 4245 4246 4202 4199 4248 4224 4247 4249 4205 4225 4251 4227 4250 4228 4225 4180 4252 4226 4229 4209 4253 4231 4255 4254 4233 4256 4212 4231 4258 4234 4257 4256 4235 4212 4259 4237 4258 4235 4260 4217 4262 4261 4239 4260 4240 4217 4263 4241 4261 4221 4264 4243 4266 4265 4244 4246 4199 4243 4247 4245 4267 4249 4225 4268 4250 4269 4270 4228 4271 4225 4273 4272 4252 4209 4274 4253 4276 4275 4255 4253 4277 4231 4279 4278 4254 4277 4256 4231 4280 4257 4278 4256 4260 4235 4281 4262 4259 4282 4240 4260 4284 4263 4283 4264 4285 4243 4287 4286 4265 4288 4246 4243 4290 4267 4289 4291 4249 4268 4293 4270 4292 4225 4271 4268 4272 4294 4269 4209 4295 4274 4297 4296 4276 4274 4298 4253 4300 4299 4275 4301 4277 4253 4303 4279 4302 4256 4277 4304 4280 4305 4306 4307 4260 4256 4309 4281 4308 4282 4260 4307 4283 4309 4310 4264 4311 4285 4313 4312 4287 4285 4288 4243 4314 4289 4286 4315 4291 4268 4317 4292 4316 4271 4318 4268 4320 4319 4294 4274 4295 4321 4296 4322 4323 4324 4298 4274 4326 4300 4325 4298 4301 4253 4327 4302 4299 4301 4328 4277 4330 4329 4303 4277 4328 4304 4329 4331 4305 4307 4256 4304 4308 4306 4332 4282 4307 4333 4310 4334 4335 4285 4311 4336 4312 4337 4338 4339 4288 4285 4341 4314 4340 4342 4291 4315 4344 4317 4343 4318 4315 4268 4345 4316 4319 4295 4346 4321 4348 4347 4322 4324 4274 4321 4325 4323 4349 4328 4350 4304 4352 4351 4331 4307 4304 4333 4332 4353 4334 4354 4282 4333 4356 4335 4355 4311 4357 4336 4359 4358 4337 4339 4285 4336 4340 4338 4360 4342 4315 4361 4343 4362 4363 4318 4364 4315 4366 4365 4345 4346 4367 4321 4369 4368 4347 4370 4324 4321 4372 4349 4371 4304 4350 4333 4351 4373 4353 4374 4282 4354 4376 4356 4375 4377 4354 4333 4379 4355 4378 4357 4380 4336 4382 4381 4358 4383 4339 4336 4385 4360 4384 4386 4342 4361 4388 4363 4387 4315 4364 4361 4365 4389 4362 4346 4386 4367 4391 4390 4369 4367 4370 4321 4392 4371 4368 4350 4377 4333 4393 4378 4373 4374 4354 4394 4375 4395 4396 4377 4397 4354 4399 4398 4379 4357 4400 4380 4402 4401 4382 4380 4383 4336 4403 4384 4381 4367 4386 4361 4390 4387 4404 4364 4405 4361 4407 4406 4389 4405 4370 4367 4409 4392 4408 4410 4374 4394 4412 4396 4411 4354 4397 4394 4398 4413 4395 4380 4400 4414 4401 4415 4416 4417 4383 4380 4419 4403 4418 4405 4367 4361 4408 4404 4406 4420 4410 4394 4422 4411 4421 4397 4423 4394 4425 4424 4413 4400 4426 4414 4428 4427 4415 4417 4380 4414 4418 4416 4429 4430 4410 4420 4432 4422 4431 4423 4420 4394 4433 4421 4424 4426 4434 4414 4436 4435 4427 4437 4417 4414 4439 4429 4438 4430 4420 4440 4431 4441 4442 4423 4443 4420 4445 4444 4433 4426 4446 4434 4448 4447 4436 4434 4437 4414 4449 4438 4435 4450 4430 4440 4452 4442 4451 4420 4443 4440 4444 4453 4441 4434 4446 4454 4447 4455 4456 4457 4437 4434 4459 4449 4458 4460 4450 4440 4462 4451 4461 4443 4463 4440 4465 4464 4453 4446 4466 4454 4468 4467 4455 4457 4434 4454 4458 4456 4469 4470 4450 4460 4472 4462 4471 4463 4460 4440 4473 4461 4464 4466 4474 4454 4476 4475 4467 4477 4457 4454 4479 4469 4478 4470 4460 4480 4471 4481 4482 4463 4483 4460 4485 4484 4473 4466 4486 4474 4488 4487 4476 4474 4477 4454 4489 4478 4475 4490 4470 4480 4492 4482 4491 4460 4483 4480 4484 4493 4481 4474 4486 4494 4487 4495 4496 4497 4477 4474 4499 4489 4498 4500 4490 4480 4502 4491 4501 4483 4503 4480 4505 4504 4493 4486 4506 4494 4508 4507 4495 4497 4474 4494 4498 4496 4509 4510 4490 4500 4512 4502 4511 4503 4500 4480 4513 4501 4504 4506 4514 4494 4516 4515 4507 4517 4497 4494 4519 4509 4518 4510 4500 4520 4511 4521 4522 4503 4523 4500 4525 4524 4513 4506 4526 4514 4528 4527 4516 4514 4517 4494 4529 4518 4515 4530 4510 4520 4532 4522 4531 4500 4523 4520 4524 4533 4521 4514 4526 4534 4527 4535 4536 4537 4517 4514 4539 4529 4538 4540 4530 4520 4542 4531 4541 4523 4543 4520 4545 4544 4533 4526 4546 4534 4548 4547 4535 4537 4514 4534 4538 4536 4549 4550 4530 4540 4552 4542 4551 4543 4540 4520 4553 4541 4544 4546 4554 4534 4556 4555 4547 4557 4537 4534 4559 4549 4558 4550 4540 4560 4551 4561 4562 4543 4563 4540 4565 4564 4553 4546 4566 4554 4568 4567 4556 4554 4557 4534 4569 4558 4555 4570 4550 4560 4572 4562 4571 4540 4563 4560 4564 4573 4561 4554 4566 4574 4567 4575 4576 4577 4557 4554 4579 4569 4578 4580 4570 4560 4582 4571 4581 4563 4583 4560 4585 4584 4573 4566 4586 4574 4588 4587 4575 4577 4554 4574 4578 4576 4589 4590 4570 4580 4592 4582 4591 4583 4580 4560 4593 4581 4584 4586 4594 4574 4596 4595 4587 4597 4577 4574 4599 4589 4598 4590 4580 4600 4591 4601 4602 4583 4603 4580 4605 4604 4593 4586 4606 4594 4608 4607 4596 4594 4597 4574 4609 4598 4595 4610 4590 4600 4612 4602 4611 4580 4603 4600 4604 4613 4601 4594 4606 4614 4607 4615 4616 4617 4597 4594 4619 4609 4618 4620 4610 4600 4622 4611 4621 4603 4623 4600 4625 4624 4613 4606 4626 4614 4628 4627 4615 4617 4594 4614 4618 4616 4629 4630 4610 4620 4632 4622 4631 4623 4620 4600 4633 4621 4624 4626 4634 4614 4636 4635 4627 4637 4617 4614 4639 4629 4638 4630 4620 4640 4631 4641 4642 4623 4643 4620 4645 4644 4633 4626 4646 4634 4648 4647 4636 4634 4637 4614 4649 4638 4635 4650 4630 4640 4652 4642 4651 4620 4643 4640 4644 4653 4641 4634 4646 4654 4647 4655 4656 4657 4637 4634 4659 4649 4658 4660 4650 4640 4662 4651 4661 4643 4663 4640 4665 4664 4653 4646 4666 4654 4668 4667 4655 4657 4634 4654 4658 4656 4669 4670 4650 4660 4672 4662 4671 4663 4660 4640 4673 4661 4664 4666 4674 4654 4676 4675 4667 4677 4657 4654 4679 4669 4678 4670 4660 4680 4671 4681 4682 4663 4683 4660 4685 4684 4673 4666 4686 4674 4688 4687 4676 4674 4677 4654 4689 4678 4675 4690 4670 4680 4692 4682 4691 4660 4683 4680 4684 4693 4681 4674 4686 4694 4687 4695 4696 4697 4677 4674 4699 4689 4698 4700 4690 4680 4702 4691 4701 4683 4703 4680 4705 4704 4693 4686 4706 4694 4708 4707 4695 4697 4674 4694 4698 4696 4709 4710 4690 4700 4712 4702 4711 4703 4700 4680 4713 4701 4704 4706 4714 4694 4716 4715 4707 4717 4697 4694 4719 4709 4718 4710 4700 4720 4711 4721 4722 4703 4723 4700 4725 4724 4713 4706 4726 4714 4728 4727 4716 4714 4717 4694 4729 4718 4715 4730 4710 4720 4732 4722 4731 4700 4723 4720 4724 4733 4721 4714 4726 4734 4727 4735 4736 4737 4717 4714 4739 4729 4738 4740 4730 4720 4742 4731 4741 4723 4743 4720 4745 4744 4733 4726 4746 4734 4748 4747 4735 4737 4714 4734 4738 4736 4749 4750 4730 4740 4752 4742 4751 4743 4740 4720 4753 4741 4744 4746 4754 4734 4756 4755 4747 4757 4737 4734 4759 4749 4758 4750 4740 4760 4751 4761 4762 4743 4763 4740 4765 4764 4753 4746 4766 4754 4768 4767 4756 4754 4757 4734 4769 4758 4755 4770 4750 4760 4772 4762 4771 4740 4763 4760 4764 4773 4761 4754 4766 4774 4767 4775 4776 4777 4757 4754 4779 4769 4778 4780 4770 4760 4782 4771 4781 4763 4783 4760 4785 4784 4773 4766 4786 4774 4788 4787 4775 4777 4754 4774 4778 4776 4789 4790 4770 4780 4792 4782 4791 4783 4780 4760 4793 4781 4784 4786 4794 4774 4796 4795 4787 4797 4777 4774 4799 4789 4798 4790 4780 4800 4791 4801 4802 4783 4803 4780 4805 4804 4793 4786 4806 4794 4808 4807 4796 4794 4797 4774 4809 4798 4795 4810 4790 4800 4812 4802 4811 4780 4803 4800 4804 4813 4801 4794 4806 4814 4807 4815 4816 4817 4797 4794 4819 4809 4818 4820 4810 4800 4822 4811 4821 4803 4823 4800 4825 4824 4813 4806 4826 4814 4828 4827 4815 4817 4794 4814 4818 4816 4829 4830 4810 4820 4832 4822 4831 4823 4820 4800 4833 4821 4824 4826 4834 4814 4836 4835 4827 4837 4817 4814 4839 4829 4838 4830 4820 4840 4831 4841 4842 4823 4843 4820 4845 4844 4833 4826 4846 4834 4848 4847 4836 4834 4837 4814 4849 4838 4835 4850 4830 4840 4852 4842 4851 4820 4843 4840 4844 4853 4841 4834 4846 4854 4847 4855 4856 4857 4837 4834 4859 4849 4858 4860 4850 4840 4862 4851 4861 4843 4863 4840 4865 4864 4853 4846 4866 4854 4868 4867 4855 4857 4834 4854 4858 4856 4869 4870 4850 4860 4872 4862 4871 4863 4860 4840 4873 4861 4864 4866 4874 4854 4876 4875 4867 4877 4857 4854 4879 4869 4878 4870 4860 4880 4871 4881 4882 4863 4883 4860 4885 4884 4873 4866 4886 4874 4888 4887 4876 4874 4877 4854 4889 4878 4875 4890 4870 4880 4892 4882 4891 4860 4883 4880 4884 4893 4881 4874 4886 4894 4887 4895 4896 4897 4877 4874 4899 4889 4898 4900 4890 4880 4902 4891 4901 4883 4903 4880 4905 4904 4893 4886 4906 4894 4908 4907 4895 4909 4874 4894 4911 4896 4910 4897 4874 4909 4898 4911 4912 4913 4890 4900 4915 4902 4914 4903 4900 4880 4916 4901 4904 4906 4917 4894 4919 4918 4907 4917 4909 4894 4920 4910 4918 4921 4897 4909 4923 4912 4922 4913 4900 4924 4914 4925 4926 4903 4927 4900 4929 4928 4916 4917 4921 4909 4930 4922 4920 4931 4913 4924 4933 4926 4932 4900 4927 4924 4928 4934 4925 4935 4931 4924 4937 4932 4936 4927 4938 4924 4940 4939 4934 4941 4931 4935 4943 4937 4942 4938 4935 4924 4944 4936 4939 4941 4935 4945 4942 4946 4947 4938 4948 4935 4950 4949 4944 4951 4941 4945 4953 4947 4952 4935 4948 4945 4949 4954 4946 4955 4951 4945 4957 4952 4956 4948 4958 4945 4960 4959 4954 4961 4951 4955 4963 4957 4962 4958 4955 4945 4964 4956 4959 4961 4955 4965 4962 4966 4967 4958 4968 4955 4970 4969 4964 4971 4961 4965 4973 4967 4972 4955 4968 4965 4969 4974 4966 4975 4971 4965 4977 4972 4976 4968 4978 4965 4980 4979 4974 4981 4971 4975 4983 4977 4982 4978 4975 4965 4984 4976 4979 4981 4975 4985 4982 4986 4987 4978 4988 4975 4990 4989 4984 4991 4981 4985 4993 4987 4992 4975 4988 4985 4989 4994 4986 4995 4991 4985 4997 4992 4996 4988 4998 4985 5000 4999 4994 5001 4991 4995 5003 4997 5002 4998 4995 4985 5004 4996 4999 5001 4995 5005 5002 5006 5007 4998 5008 4995 5010 5009 5004 5011 5001 5005 5013 5007 5012 4995 5008 5005 5009 5014 5006 5015 5011 5005 5017 5012 5016 5008 5018 5005 5020 5019 5014 5021 5011 5015 5023 5017 5022 5018 5015 5005 5024 5016 5019 5021 5015 5025 5022 5026 5027 5018 5028 5015 5030 5029 5024 5031 5021 5025 5033 5027 5032 5015 5028 5025 5029 5034 5026 5035 5021 5031 5037 5033 5036 5038 5031 5025 5040 5032 5039 5028 5041 5025 5043 5042 5034 5044 5021 5035 5046 5037 5045 5035 5031 5047 5036 5048 5049 5047 5031 5038 5048 5040 5050 5041 5038 5025 5051 5039 5042 5044 5035 5052 5045 5053 5054 5035 5047 5055 5049 5056 5057 5058 5047 5038 5060 5050 5059 5041 5061 5038 5063 5062 5051 5064 5044 5052 5066 5054 5065 5035 5055 5052 5057 5067 5053 5055 5047 5068 5056 5069 5070 5047 5058 5071 5060 5072 5073 5061 5058 5038 5074 5059 5062 5075 5064 5052 5077 5065 5076 5052 5055 5078 5067 5079 5080 5068 5047 5071 5069 5073 5081 5055 5068 5082 5070 5083 5084 5058 5085 5071 5087 5086 5072 5061 5088 5058 5090 5089 5074 5091 5064 5075 5093 5077 5092 5075 5052 5078 5076 5080 5094 5055 5082 5078 5084 5095 5079 5068 5071 5096 5081 5097 5098 5068 5099 5082 5101 5100 5083 5058 5088 5085 5089 5102 5087 5085 5103 5071 5105 5104 5086 5091 5075 5106 5092 5107 5108 5109 5075 5078 5111 5094 5110 5082 5112 5078 5114 5113 5095 5099 5068 5096 5101 5098 5115 5071 5103 5096 5104 5116 5097 5099 5112 5082 5117 5114 5100 5088 5118 5085 5120 5119 5102 5121 5103 5085 5123 5105 5122 5124 5091 5106 5126 5108 5125 5075 5127 5106 5129 5128 5107 5127 5075 5109 5129 5111 5130 5112 5109 5078 5131 5110 5113 5132 5099 5096 5134 5115 5133 5103 5132 5096 5135 5133 5116 5099 5136 5112 5138 5137 5117 5118 5121 5085 5139 5122 5119 5140 5103 5121 5142 5123 5141 5143 5124 5106 5145 5125 5144 5127 5143 5106 5146 5144 5128 5147 5127 5109 5149 5130 5148 5112 5147 5109 5150 5148 5131 5132 5151 5099 5153 5152 5134 5099 5151 5136 5152 5154 5138 5136 5147 5112 5155 5150 5137 5118 5156 5121 5158 5157 5139 5140 5121 5159 5141 5160 5161 5162 5124 5143 5164 5145 5163 5143 5127 5165 5146 5166 5167 5147 5168 5127 5170 5169 5149 5151 5171 5136 5173 5172 5154 5174 5147 5136 5176 5155 5175 5121 5156 5159 5157 5177 5160 5178 5140 5159 5180 5161 5179 5162 5143 5181 5163 5182 5183 5184 5143 5165 5186 5167 5185 5127 5168 5165 5169 5187 5166 5174 5168 5147 5188 5170 5176 5171 5174 5136 5189 5175 5172 5156 5190 5159 5192 5191 5177 5193 5178 5159 5195 5179 5194 5196 5162 5181 5198 5183 5197 5143 5184 5181 5186 5199 5182 5200 5184 5165 5202 5185 5201 5168 5200 5165 5203 5201 5187 5174 5204 5168 5206 5205 5188 5171 5207 5174 5209 5208 5189 5190 5193 5159 5210 5194 5191 5211 5178 5193 5213 5195 5212 5214 5196 5181 5216 5197 5215 5184 5214 5181 5217 5215 5199 5200 5218 5184 5220 5219 5202 5204 5200 5168 5221 5203 5205 5174 5207 5204 5208 5222 5206 5190 5223 5193 5225 5224 5210 5211 5193 5226 5212 5227 5228 5229 5196 5214 5231 5216 5230 5214 5184 5232 5217 5233 5234 5235 5218 5200 5237 5220 5236 5184 5218 5232 5219 5238 5233 5235 5200 5204 5236 5221 5239 5207 5240 5204 5242 5241 5222 5193 5223 5226 5224 5243 5227 5244 5211 5226 5246 5228 5245 5229 5214 5247 5230 5248 5249 5250 5214 5232 5252 5234 5251 5235 5253 5218 5255 5254 5237 5218 5256 5232 5258 5257 5238 5240 5235 5204 5259 5239 5241 5223 5260 5226 5262 5261 5243 5263 5244 5226 5265 5245 5264 5266 5229 5247 5268 5249 5267 5214 5250 5247 5252 5269 5248 5256 5250 5232 5270 5251 5257 5235 5271 5253 5273 5272 5255 5253 5256 5218 5274 5258 5254 5240 5271 5235 5275 5273 5259 5260 5263 5226 5276 5264 5261 5277 5244 5263 5279 5265 5278 5280 5266 5247 5282 5267 5281 5250 5280 5247 5283 5281 5269 5256 5284 5250 5286 5285 5270 5271 5287 5253 5289 5288 5272 5290 5256 5253 5292 5274 5291 5260 5293 5263 5295 5294 5276 5277 5263 5296 5278 5297 5298 5299 5266 5280 5301 5282 5300 5280 5250 5302 5283 5303 5304 5290 5284 5256 5305 5286 5292 5250 5284 5302 5285 5306 5303 5287 5290 5253 5307 5291 5288 5263 5293 5296 5294 5308 5297 5309 5277 5296 5311 5298 5310 5299 5280 5312 5300 5313 5314 5315 5280 5302 5317 5304 5316 5290 5318 5284 5320 5319 5305 5284 5321 5302 5323 5322 5306 5287 5324 5290 5326 5325 5307 5293 5327 5296 5329 5328 5308 5330 5309 5296 5332 5310 5331 5333 5299 5312 5335 5314 5334 5280 5315 5312 5317 5336 5313 5321 5315 5302 5337 5316 5322 5290 5324 5318 5325 5338 5320 5318 5321 5284 5339 5323 5319 5327 5330 5296 5340 5331 5328 5341 5309 5330 5343 5332 5342 5344 5333 5312 5346 5334 5345 5315 5344 5312 5347 5345 5336 5321 5348 5315 5350 5349 5337 5324 5351 5318 5353 5352 5338 5354 5321 5318 5356 5339 5355 5327 5357 5330 5359 5358 5340 5341 5330 5360 5342 5361 5362 5363 5333 5344 5365 5346 5364 5344 5315 5366 5347 5367 5368 5354 5348 5321 5369 5350 5356 5315 5348 5366 5349 5370 5367 5351 5354 5318 5371 5355 5352 5330 5357 5360 5358 5372 5361 5373 5341 5360 5375 5362 5374 5363 5344 5376 5364 5377 5378 5379 5344 5366 5381 5368 5380 5354 5382 5348 5384 5383 5369 5348 5385 5366 5387 5386 5370 5351 5388 5354 5390 5389 5371 5357 5391 5360 5393 5392 5372 5394 5373 5360 5396 5374 5395 5397 5363 5376 5399 5378 5398 5344 5379 5376 5381 5400 5377 5385 5379 5366 5401 5380 5386 5354 5388 5382 5389 5402 5384 5382 5385 5348 5403 5387 5383 5391 5394 5360 5404 5395 5392 5405 5373 5394 5407 5396 5406 5408 5397 5376 5410 5398 5409 5379 5408 5376 5411 5409 5400 5385 5412 5379 5414 5413 5401 5388 5415 5382 5417 5416 5402 5418 5385 5382 5420 5403 5419 5391 5421 5394 5423 5422 5404 5405 5394 5424 5406 5425 5426 5427 5397 5408 5429 5410 5428 5408 5379 5430 5411 5431 5432 5418 5412 5385 5433 5414 5420 5379 5412 5430 5413 5434 5431 5415 5418 5382 5435 5419 5416 5394 5421 5424 5422 5436 5425 5437 5405 5424 5439 5426 5438 5427 5408 5440 5428 5441 5442 5440 5408 5430 5441 5432 5443 5418 5444 5412 5446 5445 5433 5412 5447 5430 5449 5448 5434 5415 5450 5418 5452 5451 5435 5421 5453 5424 5455 5454 5436 5456 5437 5424 5458 5438 5457 5459 5427 5440 5461 5442 5460 5440 5430 5462 5443 5463 5464 5418 5450 5444 5451 5465 5446 5444 5447 5412 5466 5449 5445 5430 5447 5462 5448 5467 5463 5453 5456 5424 5468 5457 5454 5469 5437 5456 5471 5458 5470 5472 5459 5440 5474 5460 5473 5472 5440 5462 5473 5464 5475 5450 5476 5444 5478 5477 5465 5479 5447 5444 5481 5466 5480 5447 5482 5462 5484 5483 5467 5453 5485 5456 5487 5486 5468 5469 5456 5488 5470 5489 5490 5491 5459 5472 5493 5474 5492 5494 5472 5462 5496 5475 5495 5476 5479 5444 5497 5480 5477 5479 5482 5447 5498 5484 5481 5482 5494 5462 5499 5495 5483 5456 5485 5488 5486 5500 5489 5501 5469 5488 5503 5490 5502 5491 5472 5504 5492 5505 5506 5504 5472 5494 5505 5496 5507 5476 5508 5479 5510 5509 5497 5479 5511 5482 5513 5512 5498 5482 5514 5494 5516 5515 5499 5485 5517 5488 5519 5518 5500 5501 5488 5520 5502 5521 5522 5523 5491 5504 5525 5506 5524 5504 5494 5526 5507 5527 5528 5479 5508 5511 5509 5529 5513 5511 5514 5482 5530 5516 5512 5494 5514 5526 5515 5531 5527 5488 5517 5520 5518 5532 5521 5501 5520 5533 5522 5534 5535 5536 5523 5504 5538 5524 5537 5536 5504 5526 5537 5528 5539 5508 5540 5511 5542 5541 5529 5543 5514 5511 5545 5530 5544 5514 5546 5526 5548 5547 5531 5517 5549 5520 5551 5550 5532 5501 5533 5552 5535 5553 5554 5520 5555 5533 5557 5556 5534 5558 5523 5536 5560 5538 5559 5561 5536 5526 5563 5539 5562 5540 5543 5511 5564 5544 5541 5543 5546 5514 5565 5548 5545 5546 5561 5526 5566 5562 5547 5549 5555 5520 5567 5557 5550 5568 5501 5552 5570 5554 5569 5533 5571 5552 5573 5572 5553 5533 5555 5574 5556 5575 5576 5558 5536 5577 5559 5578 5579 5577 5536 5561 5578 5563 5580 5540 5581 5543 5583 5582 5564 5543 5584 5546 5586 5585 5565 5546 5587 5561 5589 5588 5566 5549 5590 5555 5592 5591 5567 5593 5568 5552 5595 5569 5594 5571 5533 5574 5573 5576 5596 5571 5593 5552 5597 5594 5572 5555 5598 5574 5600 5599 5575 5601 5558 5577 5603 5579 5602 5577 5561 5604 5580 5605 5606 5543 5581 5584 5582 5607 5586 5584 5587 5546 5608 5589 5585 5561 5587 5604 5588 5609 5605 5555 5590 5598 5591 5610 5600 5611 5568 5593 5613 5595 5612 5614 5571 5574 5616 5596 5615 5593 5571 5617 5597 5618 5619 5598 5614 5574 5620 5615 5599 5621 5601 5577 5623 5602 5622 5621 5577 5604 5622 5606 5624 5581 5625 5584 5627 5626 5607 5628 5587 5584 5630 5608 5629 5587 5631 5604 5633 5632 5609 5590 5634 5598 5636 5635 5610 5611 5593 5637 5612 5638 5639 5614 5640 5571 5642 5641 5616 5643 5593 5617 5645 5619 5644 5571 5640 5617 5641 5646 5618 5647 5614 5598 5649 5620 5648 5650 5601 5621 5652 5623 5651 5653 5621 5604 5655 5624 5654 5625 5628 5584 5656 5629 5626 5628 5631 5587 5657 5633 5630 5631 5653 5604 5658 5654 5632 5598 5634 5659 5635 5660 5661 5662 5611 5637 5664 5639 5663 5637 5593 5643 5638 5645 5665 5614 5666 5640 5668 5667 5642 5669 5643 5617 5671 5644 5670 5640 5669 5617 5672 5670 5646 5647 5666 5614 5673 5668 5649 5647 5598 5659 5648 5661 5674 5650 5621 5675 5651 5676 5677 5675 5621 5653 5676 5655 5678 5625 5679 5628 5681 5680 5656 5628 5682 5631 5684 5683 5657 5631 5685 5653 5687 5686 5658 5634 5688 5659 5690 5689 5660 5691 5662 5637 5693 5663 5692 5694 5637 5643 5696 5665 5695 5640 5666 5697 5667 5698 5699 5700 5643 5669 5702 5671 5701 5640 5697 5669 5699 5703 5672 5704 5666 5647 5706 5673 5705 5704 5647 5659 5705 5674 5707 5708 5650 5675 5710 5677 5709 5675 5653 5711 5678 5712 5713 5628 5679 5682 5680 5714 5684 5682 5685 5631 5715 5687 5683 5653 5685 5711 5686 5716 5712 5688 5717 5659 5719 5718 5689 5720 5662 5691 5722 5693 5721 5691 5637 5694 5692 5696 5723 5694 5643 5700 5695 5702 5724 5666 5725 5697 5727 5726 5698 5728 5700 5669 5730 5701 5729 5697 5728 5669 5731 5729 5703 5704 5725 5666 5732 5727 5706 5717 5704 5659 5733 5707 5718 5734 5708 5675 5736 5709 5735 5734 5675 5711 5735 5713 5737 5679 5738 5682 5740 5739 5714 5741 5685 5682 5743 5715 5742 5685 5744 5711 5746 5745 5716 5688 5747 5717 5749 5748 5719 5720 5691 5750 5721 5751 5752 5691 5694 5753 5723 5754 5755 5756 5694 5700 5758 5724 5757 5725 5759 5697 5761 5760 5726 5728 5756 5700 5762 5757 5730 5759 5728 5697 5763 5731 5760 5764 5704 5717 5766 5733 5765 5767 5708 5734 5769 5736 5768 5770 5734 5711 5772 5737 5771 5738 5741 5682 5773 5742 5739 5741 5744 5685 5774 5746 5743 5744 5770 5711 5775 5771 5745 5717 5747 5776 5748 5777 5778 5779 5720 5750 5781 5752 5780 5691 5753 5750 5755 5782 5751 5753 5694 5756 5754 5758 5783 5756 5728 5784 5762 5785 5786 5759 5787 5728 5789 5788 5763 5764 5717 5776 5765 5778 5790 5767 5734 5791 5768 5792 5793 5791 5734 5770 5792 5772 5794 5738 5795 5741 5797 5796 5773 5741 5798 5744 5800 5799 5774 5744 5801 5770 5803 5802 5775 5747 5804 5776 5806 5805 5777 5807 5779 5750 5809 5780 5808 5750 5753 5810 5782 5811 5812 5753 5756 5813 5783 5814 5815 5728 5787 5784 5788 5816 5785 5817 5756 5784 5819 5786 5818 5820 5764 5776 5822 5790 5821 5823 5767 5791 5825 5793 5824 5791 5770 5826 5794 5827 5828 5741 5795 5798 5796 5829 5800 5798 5801 5744 5830 5803 5799 5770 5801 5826 5802 5831 5827 5804 5832 5776 5834 5833 5805 5835 5779 5807 5837 5809 5836 5807 5750 5810 5808 5812 5838 5810 5753 5813 5811 5815 5839 5756 5817 5813 5819 5840 5814 5787 5841 5784 5843 5842 5816 5841 5817 5784 5844 5818 5842 5832 5820 5776 5845 5821 5833 5846 5823 5791 5848 5824 5847 5846 5791 5826 5847 5828 5849 5795 5850 5798 5852 5851 5829 5853 5801 5798 5855 5830 5854 5801 5856 5826 5858 5857 5831 5804 5859 5832 5861 5860 5834 5835 5807 5862 5836 5863 5864 5807 5810 5865 5838 5866 5867 5868 5810 5813 5870 5839 5869 5817 5868 5813 5871 5869 5840 5841 5872 5817 5874 5873 5844 5875 5820 5832 5877 5845 5876 5878 5823 5846 5880 5848 5879 5881 5846 5826 5883 5849 5882 5850 5853 5798 5884 5854 5851 5853 5856 5801 5885 5858 5855 5856 5881 5826 5886 5882 5857 5859 5887 5832 5889 5888 5860 5890 5835 5862 5892 5864 5891 5807 5865 5862 5867 5893 5863 5865 5810 5868 5866 5870 5894 5868 5817 5895 5871 5896 5897 5817 5872 5895 5873 5898 5896 5887 5875 5832 5899 5876 5888 5878 5846 5900 5879 5901 5902 5900 5846 5881 5901 5883 5903 5850 5904 5853 5906 5905 5884 5853 5907 5856 5909 5908 5885 5856 5910 5881 5912 5911 5886 5859 5913 5887 5915 5914 5889 5916 5890 5862 5918 5891 5917 5862 5865 5919 5893 5920 5921 5865 5868 5922 5894 5923 5924 5925 5868 5895 5927 5897 5926 5872 5928 5895 5930 5929 5898 5931 5875 5887 5933 5899 5932 5934 5878 5900 5936 5902 5935 5900 5881 5937 5903 5938 5939 5853 5904 5907 5905 5940 5909 5907 5910 5856 5941 5912 5908 5881 5910 5937 5911 5942 5938 5887 5913 5943 5914 5944 5945 5946 5890 5916 5948 5918 5947 5916 5862 5919 5917 5921 5949 5919 5865 5922 5920 5924 5950 5868 5925 5922 5927 5951 5923 5928 5925 5895 5952 5926 5929 5931 5887 5943 5932 5945 5953 5954 5934 5900 5956 5935 5955 5954 5900 5937 5955 5939 5957 5904 5958 5907 5960 5959 5940 5961 5910 5907 5963 5941 5962 5910 5964 5937 5966 5965 5942 5913 5967 5943 5969 5968 5944 5946 5916 5970 5947 5971 5972 5916 5919 5973 5949 5974 5975 5976 5919 5922 5978 5950 5977 5925 5976 5922 5979 5977 5951 5928 5980 5925 5982 5981 5952 5983 5931 5943 5985 5953 5984 5986 5934 5954 5988 5956 5987 5989 5954 5937 5991 5957 5990 5958 5961 5907 5992 5962 5959 5961 5964 5910 5993 5966 5963 5964 5989 5937 5994 5990 5965 5967 5995 5943 5997 5996 5968 5998 5946 5970 6000 5972 5999 5916 5973 5970 5975 6001 5971 5973 5919 5976 5974 5978 6002 5976 5925 6003 5979 6004 6005 5925 5980 6003 5981 6006 6004 5995 5983 5943 6007 5984 5996 5986 5954 6008 5987 6009 6010 6008 5954 5989 6009 5991 6011 5958 6012 5961 6014 6013 5992 5961 6015 5964 6017 6016 5993 5964 6018 5989 6020 6019 5994 5967 6021 5995 6023 6022 5997 6024 5998 5970 6026 5999 6025 5970 5973 6027 6001 6028 6029 5973 5976 6030 6002 6031 6032 6033 5976 6003 6035 6005 6034 5980 6036 6003 6038 6037 6006 6039 5983 5995 6041 6007 6040 6042 5986 6008 6044 6010 6043 6008 5989 6045 6011 6046 6047 5961 6012 6015 6013 6048 6017 6015 6018 5964 6049 6020 6016 5989 6018 6045 6019 6050 6046 5995 6021 6051 6022 6052 6053 6054 5998 6024 6056 6026 6055 6024 5970 6027 6025 6029 6057 6027 5973 6030 6028 6032 6058 5976 6033 6030 6035 6059 6031 6036 6033 6003 6060 6034 6037 6039 5995 6051 6040 6053 6061 6062 6042 6008 6064 6043 6063 6062 6008 6045 6063 6047 6065 6012 6066 6015 6068 6067 6048 6069 6018 6015 6071 6049 6070 6018 6072 6045 6074 6073 6050 6021 6075 6051 6077 6076 6052 6054 6024 6078 6055 6079 6080 6024 6027 6081 6057 6082 6083 6084 6027 6030 6086 6058 6085 6033 6084 6030 6087 6085 6059 6036 6088 6033 6090 6089 6060 6091 6039 6051 6093 6061 6092 6094 6042 6062 6096 6064 6095 6097 6062 6045 6099 6065 6098 6066 6069 6015 6100 6070 6067 6069 6072 6018 6101 6074 6071 6072 6097 6045 6102 6098 6073 6075 6103 6051 6105 6104 6076 6106 6054 6078 6108 6080 6107 6024 6081 6078 6083 6109 6079 6081 6027 6084 6082 6086 6110 6084 6033 6111 6087 6112 6113 6033 6088 6111 6089 6114 6112 6103 6091 6051 6115 6092 6104 6094 6062 6116 6095 6117 6118 6116 6062 6097 6117 6099 6119 6066 6120 6069 6122 6121 6100 6069 6123 6072 6125 6124 6101 6072 6126 6097 6128 6127 6102 6075 6129 6103 6131 6130 6105 6132 6106 6078 6134 6107 6133 6078 6081 6135 6109 6136 6137 6081 6084 6138 6110 6139 6140 6141 6084 6111 6143 6113 6142 6088 6144 6111 6146 6145 6114 6147 6091 6103 6149 6115 6148 6150 6094 6116 6152 6118 6151 6116 6097 6153 6119 6154 6155 6069 6120 6123 6121 6156 6125 6123 6126 6072 6157 6128 6124 6097 6126 6153 6127 6158 6154 6103 6129 6159 6130 6160 6161 6162 6106 6132 6164 6134 6163 6132 6078 6135 6133 6137 6165 6135 6081 6138 6136 6140 6166 6084 6141 6138 6143 6167 6139 6144 6141 6111 6168 6142 6145 6147 6103 6159 6148 6161 6169 6170 6150 6116 6172 6151 6171 6170 6116 6153 6171 6155 6173 6120 6174 6123 6176 6175 6156 6177 6126 6123 6179 6157 6178 6126 6180 6153 6182 6181 6158 6129 6183 6159 6185 6184 6160 6162 6132 6186 6163 6187 6188 6132 6135 6189 6165 6190 6191 6192 6135 6138 6194 6166 6193 6141 6192 6138 6195 6193 6167 6144 6196 6141 6198 6197 6168 6199 6147 6159 6201 6169 6200 6202 6150 6170 6204 6172 6203 6205 6170 6153 6207 6173 6206 6174 6177 6123 6208 6178 6175 6177 6180 6126 6209 6182 6179 6180 6205 6153 6210 6206 6181 6183 6211 6159 6213 6212 6184 6214 6162 6186 6216 6188 6215 6132 6189 6186 6191 6217 6187 6189 6135 6192 6190 6194 6218 6192 6141 6219 6195 6220 6221 6141 6196 6219 6197 6222 6220 6211 6199 6159 6223 6200 6212 6202 6170 6224 6203 6225 6226 6224 6170 6205 6225 6207 6227 6174 6228 6177 6230 6229 6208 6177 6231 6180 6233 6232 6209 6180 6234 6205 6236 6235 6210 6183 6237 6211 6239 6238 6213 6240 6214 6186 6242 6215 6241 6186 6189 6243 6217 6244 6245 6189 6192 6246 6218 6247 6248 6249 6192 6219 6251 6221 6250 6196 6252 6219 6254 6253 6222 6255 6199 6211 6257 6223 6256 6258 6202 6224 6260 6226 6259 6224 6205 6261 6227 6262 6263 6177 6228 6231 6229 6264 6233 6231 6234 6180 6265 6236 6232 6205 6234 6261 6235 6266 6262 6211 6237 6267 6238 6268 6269 6270 6214 6240 6272 6242 6271 6240 6186 6243 6241 6245 6273 6243 6189 6246 6244 6248 6274 6192 6249 6246 6251 6275 6247 6252 6249 6219 6276 6250 6253 6255 6211 6267 6256 6269 6277 6278 6258 6224 6280 6259 6279 6278 6224 6261 6279 6263 6281 6228 6282 6231 6284 6283 6264 6285 6234 6231 6287 6265 6286 6234 6288 6261 6290 6289 6266 6237 6291 6267 6293 6292 6268 6270 6240 6294 6271 6295 6296 6240 6243 6297 6273 6298 6299 6300 6243 6246 6302 6274 6301 6249 6303 6246 6305 6304 6275 6252 6306 6249 6308 6307 6276 6309 6255 6267 6311 6277 6310 6312 6258 6278 6314 6280 6313 6315 6278 6261 6317 6281 6316 6282 6285 6231 6318 6286 6283 6285 6288 6234 6319 6290 6287 6288 6315 6261 6320 6316 6289 6291 6321 6267 6323 6322 6292 6324 6270 6294 6326 6296 6325 6240 6297 6294 6299 6327 6295 6297 6243 6300 6298 6302 6328 6303 6300 6246 6329 6301 6304 6249 6306 6303 6307 6330 6305 6321 6309 6267 6331 6310 6322 6312 6278 6332 6313 6333 6334 6332 6278 6315 6333 6317 6335 6282 6336 6285 6338 6337 6318 6285 6339 6288 6341 6340 6319 6288 6342 6315 6344 6343 6320 6291 6345 6321 6347 6346 6323 6348 6324 6294 6350 6325 6349 6294 6297 6351 6327 6352 6353 6297 6300 6354 6328 6355 6356 6303 6357 6300 6359 6358 6329 6306 6360 6303 6362 6361 6330 6363 6309 6321 6365 6331 6364 6366 6312 6332 6368 6334 6367 6332 6315 6369 6335 6370 6371 6285 6336 6339 6337 6372 6341 6339 6342 6288 6373 6344 6340 6315 6342 6369 6343 6374 6370 6321 6345 6375 6346 6376 6377 6378 6324 6348 6380 6350 6379 6348 6294 6351 6349 6353 6381 6351 6297 6354 6352 6356 6382 6300 6357 6354 6358 6383 6355 6360 6357 6303 6384 6359 6361 6363 6321 6375 6364 6377 6385 6386 6366 6332 6388 6367 6387 6386 6332 6369 6387 6371 6389 6336 6390 6339 6392 6391 6372 6393 6342 6339 6395 6373 6394 6342 6396 6369 6398 6397 6374 6345 6399 6375 6401 6400 6376 6378 6348 6402 6379 6403 6404 6348 6351 6405 6381 6406 6407 6408 6351 6354 6410 6382 6409 6357 6411 6354 6413 6412 6383 6360 6414 6357 6416 6415 6384 6417 6363 6375 6419 6385 6418 6420 6366 6386 6422 6388 6421 6423 6386 6369 6425 6389 6424 6390 6393 6339 6426 6394 6391 6393 6396 6342 6427 6398 6395 6396 6423 6369 6428 6424 6397 6399 6429 6375 6431 6430 6400 6432 6378 6402 6434 6404 6433 6348 6405 6402 6407 6435 6403 6405 6351 6408 6406 6410 6436 6411 6408 6354 6437 6409 6412 6357 6414 6411 6415 6438 6413 6429 6417 6375 6439 6418 6430 6420 6386 6440 6421 6441 6442 6440 6386 6423 6441 6425 6443 6390 6444 6393 6446 6445 6426 6393 6447 6396 6449 6448 6427 6396 6450 6423 6452 6451 6428 6399 6453 6429 6455 6454 6431 6456 6432 6402 6458 6433 6457 6405 6459 6402 6461 6460 6435 6462 6405 6408 6464 6436 6463 6411 6465 6408 6467 6466 6437 6414 6468 6411 6470 6469 6438 6471 6417 6429 6473 6439 6472 6474 6420 6440 6476 6442 6475 6477 6440 6423 6479 6443 6478 6393 6444 6447 6445 6480 6449 6447 6450 6396 6481 6452 6448 6450 6477 6423 6482 6478 6451 6429 6453 6483 6454 6484 6485 6486 6432 6456 6488 6458 6487 6459 6456 6402 6489 6457 6460 6459 6405 6462 6461 6464 6490 6465 6462 6408 6491 6463 6466 6468 6465 6411 6492 6467 6469 6471 6429 6483 6472 6485 6493 6494 6474 6440 6496 6475 6495 6494 6440 6477 6495 6479 6497 6444 6498 6447 6500 6499 6480 6501 6450 6447 6503 6481 6502 6450 6504 6477 6506 6505 6482 6453 6507 6483 6509 6508 6484 6486 6456 6510 6487 6511 6512 6513 6456 6459 6515 6489 6514 6459 6462 6516 6490 6517 6518 6465 6519 6462 6521 6520 6491 6468 6522 6465 6524 6523 6492 6525 6471 6483 6527 6493 6526 6528 6474 6494 6530 6496 6529 6531 6494 6477 6533 6497 6532 6498 6501 6447 6534 6502 6499 6501 6504 6450 6535 6506 6503 6504 6531 6477 6536 6532 6505 6507 6537 6483 6539 6538 6508 6540 6486 6510 6542 6512 6541 6510 6456 6513 6511 6515 6543 6513 6459 6516 6514 6518 6544 6462 6519 6516 6520 6545 6517 6465 6522 6519 6523 6546 6521 6537 6525 6483 6547 6526 6538 6528 6494 6548 6529 6549 6550 6548 6494 6531 6549 6533 6551 6498 6552 6501 6554 6553 6534 6501 6555 6504 6557 6556 6535 6504 6558 6531 6560 6559 6536 6507 6561 6537 6563 6562 6539 6564 6540 6510 6566 6541 6565 6567 6510 6513 6569 6543 6568 6570 6513 6516 6572 6544 6571 6519 6573 6516 6575 6574 6545 6522 6576 6519 6578 6577 6546 6579 6525 6537 6581 6547 6580 6582 6528 6548 6584 6550 6583 6585 6548 6531 6587 6551 6586 6501 6552 6555 6553 6588 6557 6555 6558 6504 6589 6560 6556 6558 6585 6531 6590 6586 6559 6537 6561 6591 6562 6592 6593 6594 6540 6564 6596 6566 6595 6567 6564 6510 6597 6565 6569 6567 6513 6570 6568 6572 6598 6573 6570 6516 6599 6571 6574 6576 6573 6519 6600 6575 6577 6579 6537 6591 6580 6593 6601 6602 6582 6548 6604 6583 6603 6602 6548 6585 6603 6587 6605 6552 6606 6555 6608 6607 6588 6609 6558 6555 6611 6589 6610 6558 6612 6585 6614 6613 6590 6561 6615 6591 6617 6616 6592 6594 6564 6618 6595 6619 6620 6621 6564 6567 6623 6597 6622 6624 6567 6570 6626 6598 6625 6573 6627 6570 6629 6628 6599 6576 6630 6573 6632 6631 6600 6633 6579 6591 6635 6601 6634 6636 6582 6602 6638 6604 6637 6639 6602 6585 6641 6605 6640 6606 6609 6555 6642 6610 6607 6609 6612 6558 6643 6614 6611 6612 6639 6585 6644 6640 6613 6615 6645 6591 6647 6646 6616 6648 6594 6618 6650 6620 6649 6618 6564 6621 6619 6623 6651 6621 6567 6624 6622 6626 6652 6627 6624 6570 6653 6625 6628 6573 6630 6627 6631 6654 6629 6645 6633 6591 6655 6634 6646 6636 6602 6656 6637 6657 6658 6656 6602 6639 6657 6641 6659 6606 6660 6609 6662 6661 6642 6609 6663 6612 6665 6664 6643 6612 6666 6639 6668 6667 6644 6615 6669 6645 6671 6670 6647 6672 6648 6618 6674 6649 6673 6675 6618 6621 6677 6651 6676 6678 6621 6624 6680 6652 6679 6627 6681 6624 6683 6682 6653 6630 6684 6627 6686 6685 6654 6687 6633 6645 6689 6655 6688 6690 6636 6656 6692 6658 6691 6693 6656 6639 6695 6659 6694 6609 6660 6663 6661 6696 6665 6663 6666 6612 6697 6668 6664 6666 6693 6639 6698 6694 6667 6645 6669 6699 6670 6700 6701 6702 6648 6672 6704 6674 6703 6672 6618 6675 6673 6677 6705 6675 6621 6678 6676 6680 6706 6681 6678 6624 6707 6679 6682 6684 6681 6627 6708 6683 6685 6687 6645 6699 6688 6701 6709 6710 6690 6656 6712 6691 6711 6710 6656 6693 6711 6695 6713 6660 6714 6663 6716 6715 6696 6717 6666 6663 6719 6697 6718 6666 6720 6693 6722 6721 6698 6669 6723 6699 6725 6724 6700 6702 6672 6726 6703 6727 6728 6672 6675 6729 6705 6730 6731 6732 6675 6678 6734 6706 6733 6681 6735 6678 6737 6736 6707 6684 6738 6681 6740 6739 6708 6741 6687 6699 6743 6709 6742 6744 6690 6710 6746 6712 6745 6747 6710 6693 6749 6713 6748 6714 6717 6663 6750 6718 6715 6717 6720 6666 6751 6722 6719 6720 6747 6693 6752 6748 6721 6723 6753 6699 6755 6754 6724 6756 6702 6726 6758 6728 6757 6672 6729 6726 6731 6759 6727 6729 6675 6732 6730 6734 6760 6735 6732 6678 6761 6733 6736 6681 6738 6735 6739 6762 6737 6753 6741 6699 6763 6742 6754 6744 6710 6764 6745 6765 6766 6764 6710 6747 6765 6749 6767 6714 6768 6717 6770 6769 6750 6717 6771 6720 6773 6772 6751 6720 6774 6747 6776 6775 6752 6723 6777 6753 6779 6778 6755 6780 6756 6726 6782 6757 6781 6726 6729 6783 6759 6784 6785 6786 6729 6732 6788 6760 6787 6735 6789 6732 6791 6790 6761 6738 6792 6735 6794 6793 6762 6795 6741 6753 6797 6763 6796 6798 6744 6764 6800 6766 6799 6801 6764 6747 6803 6767 6802 6717 6768 6771 6769 6804 6773 6771 6774 6720 6805 6776 6772 6774 6801 6747 6806 6802 6775 6753 6777 6807 6778 6808 6809 6810 6756 6780 6812 6782 6811 6780 6726 6783 6781 6785 6813 6783 6729 6786 6784 6788 6814 6789 6786 6732 6815 6787 6790 6792 6789 6735 6816 6791 6793 6795 6753 6807 6796 6809 6817 6818 6798 6764 6820 6799 6819 6801 6818 6764 6821 6819 6803 6768 6822 6771 6824 6823 6804 6825 6774 6771 6827 6805 6826 6774 6828 6801 6830 6829 6806 6777 6831 6807 6833 6832 6808 6810 6780 6834 6811 6835 6836 6780 6783 6837 6813 6838 6839 6840 6783 6786 6842 6814 6841 6789 6843 6786 6845 6844 6815 6792 6846 6789 6848 6847 6816 6849 6795 6807 6851 6817 6850 6852 6798 6818 6854 6820 6853 6818 6801 6855 6821 6856 6857 6822 6825 6771 6858 6826 6823 6825 6828 6774 6859 6830 6827 6801 6828 6855 6829 6860 6856 6831 6861 6807 6863 6862 6832 6864 6810 6834 6866 6836 6865 6780 6837 6834 6839 6867 6835 6837 6783 6840 6838 6842 6868 6843 6840 6786 6869 6841 6844 6789 6846 6843 6847 6870 6845 6861 6849 6807 6871 6850 6862 6872 6852 6818 6874 6853 6873 6872 6818 6855 6873 6857 6875 6822 6876 6825 6878 6877 6858 6825 6879 6828 6881 6880 6859 6828 6882 6855 6884 6883 6860 6831 6885 6861 6887 6886 6863 6888 6864 6834 6890 6865 6889 6834 6837 6891 6867 6892 6893 6837 6840 6894 6868 6895 6896 6843 6897 6840 6899 6898 6869 6846 6900 6843 6902 6901 6870 6903 6849 6861 6905 6871 6904 6906 6852 6872 6908 6874 6907 6909 6872 6855 6911 6875 6910 6825 6876 6879 6877 6912 6881 6828 6879 6882 6880 6913 6884 6882 6909 6855 6914 6910 6883 6861 6885 6915 6886 6916 6917 6918 6864 6888 6920 6890 6919 6888 6834 6891 6889 6893 6921 6891 6837 6894 6892 6896 6922 6840 6897 6894 6898 6923 6895 6900 6897 6843 6924 6899 6901 6903 6861 6915 6904 6917 6925 6906 6872 6926 6907 6927 6928 6926 6872 6909 6927 6911 6929 6879 6876 6930 6912 6931 6932 6882 6879 6933 6913 6934 6935 6909 6882 6936 6914 6937 6938 6885 6939 6915 6941 6940 6916 6918 6888 6942 6919 6943 6944 6888 6891 6945 6921 6946 6947 6948 6891 6894 6950 6922 6949 6897 6951 6894 6953 6952 6923 6900 6954 6897 6956 6955 6924 6957 6903 6915 6959 6925 6958 6960 6906 6926 6962 6928 6961 6963 6926 6909 6965 6929 6964 6930 6876 6966 6931 6967 6968 6879 6930 6933 6932 6969 6934 6882 6933 6936 6935 6970 6937 6963 6909 6936 6964 6938 6971 6939 6972 6915 6974 6973 6940 6975 6918 6942 6977 6944 6976 6888 6945 6942 6947 6978 6943 6945 6891 6948 6946 6950 6979 6951 6948 6894 6980 6949 6952 6897 6954 6951 6955 6981 6953 6972 6957 6915 6982 6958 6973 6983 6960 6926 6985 6961 6984 6983 6926 6963 6984 6965 6986 6876 6987 6966 6989 6988 6967 6990 6930 6966 6992 6968 6991 6933 6930 6993 6969 6994 6995 6933 6996 6936 6998 6997 6970 6996 6963 6936 6999 6971 6997 6939 7000 6972 7002 7001 6974 7003 6975 6942 7005 6976 7004 6942 6945 7006 6978 7007 7008 6945 6948 7009 6979 7010 7011 6951 7012 6948 7014 7013 6980 6954 7015 6951 7017 7016 6981 7018 6957 6972 7020 6982 7019 7021 6960 6983 7023 6985 7022 6983 6963 7024 6986 7025 7026 6987 7027 6966 7029 7028 6988 6930 6990 6993 6992 7030 6994 7027 6990 6966 7031 6991 7028 7032 6933 6993 7034 6995 7033 7032 6996 6933 7035 6998 7034 6996 7036 6963 7038 7037 6999 6972 7000 7039 7001 7040 7041 7042 6975 7003 7044 7005 7043 7003 6942 7006 7004 7008 7045 7006 6945 7009 7007 7011 7046 6948 7012 7009 7013 7047 7010 7015 7012 6951 7048 7014 7016 7018 6972 7039 7019 7041 7049 7021 6983 7050 7022 7051 7052 7050 6983 7024 7051 7026 7053 6963 7036 7024 7037 7054 7025 6987 7055 7027 7057 7056 7029 6990 7058 6993 7060 7059 7030 7027 7061 6990 7063 7062 7031 7058 7032 6993 7064 7033 7059 7032 7065 6996 7067 7066 7035 6996 7065 7036 7066 7068 7038 7000 7069 7039 7071 7070 7040 7042 7003 7072 7043 7073 7074 7003 7006 7075 7045 7076 7077 7078 7006 7009 7080 7046 7079 7012 7081 7009 7083 7082 7047 7015 7084 7012 7086 7085 7048 7087 7018 7039 7089 7049 7088 7090 7021 7050 7092 7052 7091 7093 7050 7024 7095 7053 7094 7036 7093 7024 7096 7094 7054 7027 7055 7097 7056 7098 7099 7058 6990 7100 7060 7101 7102 7027 7097 7061 7099 7103 7063 6990 7061 7100 7062 7104 7101 7105 7032 7058 7107 7064 7106 7105 7065 7032 7108 7067 7107 7036 7065 7109 7068 7110 7111 7069 7112 7039 7114 7113 7070 7115 7042 7072 7117 7074 7116 7003 7075 7072 7077 7118 7073 7075 7006 7078 7076 7080 7119 7081 7078 7009 7120 7079 7082 7012 7084 7081 7085 7121 7083 7112 7087 7039 7122 7088 7113 7123 7090 7050 7125 7091 7124 7093 7123 7050 7126 7124 7095 7036 7109 7093 7111 7127 7096 7055 7128 7097 7130 7129 7098 7131 7058 7100 7133 7102 7132 7061 7097 7134 7103 7135 7136 7100 7061 7137 7104 7138 7139 7105 7058 7131 7106 7133 7140 7105 7141 7065 7143 7142 7108 7065 7141 7109 7142 7144 7110 7069 7145 7112 7147 7146 7114 7148 7115 7072 7150 7116 7149 7072 7075 7151 7118 7152 7153 7075 7078 7154 7119 7155 7156 7081 7157 7078 7159 7158 7120 7084 7160 7081 7162 7161 7121 7163 7087 7112 7165 7122 7164 7166 7090 7123 7168 7125 7167 7123 7093 7169 7126 7170 7171 7109 7172 7093 7174 7173 7127 7128 7175 7097 7177 7176 7129 7178 7131 7100 7180 7132 7179 7097 7175 7134 7176 7181 7135 7061 7134 7137 7136 7182 7138 7178 7100 7137 7179 7139 7183 7184 7105 7131 7186 7140 7185 7184 7141 7105 7187 7143 7186 7141 7188 7109 7190 7189 7144 7112 7145 7191 7146 7192 7193 7194 7115 7148 7196 7150 7195 7148 7072 7151 7149 7153 7197 7151 7075 7154 7152 7156 7198 7078 7157 7154 7158 7199 7155 7160 7157 7081 7200 7159 7161 7163 7112 7191 7164 7193 7201 7202 7166 7123 7204 7167 7203 7093 7172 7169 7173 7205 7170 7202 7123 7169 7203 7171 7206 7188 7172 7109 7207 7174 7189 7128 7208 7175 7210 7209 7177 7178 7211 7131 7213 7212 7180 7175 7214 7134 7216 7215 7181 7134 7217 7137 7219 7218 7182 7220 7178 7137 7222 7183 7221 7211 7184 7131 7223 7185 7212 7184 7224 7141 7226 7225 7187 7141 7224 7188 7225 7227 7190 7145 7228 7191 7230 7229 7192 7194 7148 7231 7195 7232 7233 7148 7151 7234 7197 7235 7236 7237 7151 7154 7239 7198 7238 7157 7240 7154 7242 7241 7199 7160 7243 7157 7245 7244 7200 7246 7163 7191 7248 7201 7247 7249 7166 7202 7251 7204 7250 7172 7252 7169 7254 7253 7205 7252 7202 7169 7255 7206 7253 7188 7256 7172 7258 7257 7207 7175 7208 7259 7209 7260 7261 7262 7211 7178 7264 7213 7263 7214 7175 7259 7216 7261 7265 7214 7217 7134 7266 7219 7215 7217 7220 7137 7267 7221 7218 7262 7178 7220 7263 7222 7268 7211 7269 7184 7271 7270 7223 7184 7269 7224 7270 7272 7226 7188 7224 7273 7227 7274 7275 7228 7276 7191 7278 7277 7229 7279 7194 7231 7281 7233 7280 7148 7234 7231 7236 7282 7232 7234 7151 7237 7235 7239 7283 7240 7237 7154 7284 7238 7241 7157 7243 7240 7244 7285 7242 7276 7246 7191 7286 7247 7277 7249 7202 7287 7250 7288 7289 7172 7256 7252 7257 7290 7254 7287 7202 7252 7288 7255 7291 7188 7273 7256 7275 7292 7258 7208 7293 7259 7295 7294 7260 7296 7211 7262 7298 7264 7297 7214 7259 7299 7265 7300 7301 7302 7217 7214 7304 7266 7303 7217 7305 7220 7307 7306 7267 7308 7262 7220 7310 7268 7309 7296 7269 7211 7311 7271 7298 7224 7269 7312 7272 7313 7314 7273 7224 7312 7274 7314 7315 7228 7316 7276 7318 7317 7278 7319 7279 7231 7321 7280 7320 7231 7234 7322 7282 7323 7324 7234 7237 7325 7283 7326 7327 7240 7328 7237 7330 7329 7284 7243 7331 7240 7333 7332 7285 7334 7246 7276 7336 7286 7335 7337 7249 7287 7339 7289 7338 7256 7340 7252 7342 7341 7290 7340 7287 7252 7343 7291 7341 7256 7273 7344 7292 7345 7346 7293 7347 7259 7349 7348 7294 7296 7262 7350 7297 7351 7352 7302 7214 7299 7303 7301 7353 7259 7347 7299 7348 7354 7300 7302 7305 7217 7355 7307 7304 7305 7308 7220 7356 7309 7306 7350 7262 7308 7351 7310 7357 7296 7358 7269 7360 7359 7311 7269 7358 7312 7359 7361 7313 7362 7273 7312 7364 7315 7363 7276 7316 7365 7317 7366 7367 7368 7279 7319 7370 7321 7369 7319 7231 7322 7320 7324 7371 7322 7234 7325 7323 7327 7372 7237 7328 7325 7329 7373 7326 7331 7328 7240 7374 7330 7332 7334 7276 7365 7335 7367 7375 7337 7287 7376 7338 7377 7378 7340 7256 7344 7342 7346 7379 7340 7380 7287 7382 7381 7343 7273 7362 7344 7364 7383 7345 7293 7384 7347 7386 7385 7349 7387 7296 7350 7389 7352 7388 7390 7302 7299 7392 7353 7391 7347 7393 7299 7395 7394 7354 7396 7305 7302 7398 7355 7397 7305 7399 7308 7401 7400 7356 7402 7350 7308 7404 7357 7403 7387 7358 7296 7405 7360 7389 7312 7358 7406 7361 7407 7408 7362 7312 7406 7363 7408 7409 7316 7410 7365 7412 7411 7366 7368 7319 7413 7369 7414 7415 7319 7322 7416 7371 7417 7418 7419 7322 7325 7421 7372 7420 7328 7422 7325 7424 7423 7373 7331 7425 7328 7427 7426 7374 7428 7334 7365 7430 7375 7429 7431 7337 7376 7433 7378 7432 7287 7380 7376 7381 7434 7377 7435 7340 7344 7437 7379 7436 7435 7380 7340 7438 7382 7437 7362 7439 7344 7441 7440 7383 7347 7384 7442 7385 7443 7444 7445 7387 7350 7447 7388 7446 7396 7302 7390 7397 7392 7448 7393 7390 7299 7449 7391 7394 7347 7442 7393 7444 7450 7395 7396 7399 7305 7451 7401 7398 7399 7402 7308 7452 7403 7400 7402 7445 7350 7453 7446 7404 7387 7454 7358 7456 7455 7405 7358 7454 7406 7455 7457 7407 7458 7362 7406 7460 7409 7459 7410 7461 7365 7463 7462 7411 7464 7368 7413 7466 7415 7465 7319 7416 7413 7418 7467 7414 7416 7322 7419 7417 7421 7468 7422 7419 7325 7469 7420 7423 7328 7425 7422 7426 7470 7424 7461 7428 7365 7471 7429 7462 7472 7431 7376 7474 7432 7473 7376 7380 7475 7434 7476 7477 7439 7435 7344 7478 7436 7440 7435 7479 7380 7481 7480 7438 7458 7439 7362 7482 7441 7460 7384 7483 7442 7485 7484 7443 7486 7387 7445 7488 7447 7487 7489 7396 7390 7491 7448 7490 7393 7492 7390 7494 7493 7449 7393 7442 7495 7450 7496 7497 7498 7399 7396 7500 7451 7499 7501 7402 7399 7503 7452 7502 7504 7445 7402 7506 7453 7505 7486 7454 7387 7507 7456 7488 7454 7508 7406 7510 7509 7457 7508 7458 7406 7511 7459 7509 7410 7512 7461 7514 7513 7463 7515 7464 7413 7517 7465 7516 7413 7416 7518 7467 7519 7520 7416 7419 7521 7468 7522 7523 7422 7524 7419 7526 7525 7469 7425 7527 7422 7529 7528 7470 7530 7428 7461 7532 7471 7531 7533 7431 7472 7535 7474 7534 7472 7376 7475 7473 7477 7536 7380 7479 7475 7480 7537 7476 7439 7538 7435 7540 7539 7478 7435 7538 7479 7539 7541 7481 7458 7542 7439 7544 7543 7482 7483 7545 7442 7547 7546 7484 7486 7445 7548 7487 7549 7550 7498 7396 7489 7499 7491 7551 7492 7489 7390 7552 7490 7493 7492 7393 7495 7494 7497 7553 7442 7545 7495 7546 7554 7496 7501 7399 7498 7502 7500 7555 7504 7402 7501 7505 7503 7556 7548 7445 7504 7549 7506 7557 7558 7454 7486 7560 7507 7559 7558 7508 7454 7561 7510 7560 7508 7562 7458 7564 7563 7511 7461 7512 7565 7513 7566 7567 7568 7464 7515 7570 7517 7569 7515 7413 7518 7516 7520 7571 7518 7416 7521 7519 7523 7572 7419 7524 7521 7525 7573 7522 7527 7524 7422 7574 7526 7528 7530 7461 7565 7531 7567 7575 7533 7472 7576 7534 7577 7578 7579 7472 7475 7581 7536 7580 7479 7579 7475 7582 7580 7537 7439 7542 7538 7543 7583 7540 7479 7538 7584 7541 7585 7586 7458 7562 7542 7563 7587 7544 7483 7588 7545 7590 7589 7547 7486 7548 7591 7550 7592 7593 7498 7489 7594 7551 7595 7596 7597 7489 7492 7599 7552 7598 7600 7492 7495 7602 7553 7601 7495 7545 7603 7554 7604 7605 7501 7498 7606 7555 7607 7608 7504 7501 7609 7556 7610 7611 7548 7504 7612 7557 7613 7614 7558 7486 7591 7559 7593 7615 7616 7508 7558 7618 7561 7617 7616 7562 7508 7619 7564 7618 7512 7620 7565 7622 7621 7566 7568 7515 7623 7569 7624 7625 7515 7518 7626 7571 7627 7628 7629 7518 7521 7631 7572 7630 7524 7632 7521 7634 7633 7573 7527 7635 7524 7637 7636 7574 7638 7530 7565 7640 7575 7639 7641 7533 7576 7643 7578 7642 7576 7472 7579 7577 7581 7644 7479 7584 7579 7586 7645 7582 7538 7542 7646 7583 7647 7648 7584 7538 7646 7585 7648 7649 7542 7562 7650 7587 7651 7652 7545 7588 7653 7589 7654 7655 7548 7656 7591 7658 7657 7592 7498 7594 7606 7596 7659 7607 7594 7489 7597 7595 7599 7660 7597 7492 7600 7598 7602 7661 7600 7495 7603 7601 7605 7662 7545 7653 7603 7655 7663 7604 7501 7606 7609 7608 7664 7610 7612 7504 7609 7613 7611 7665 7548 7612 7656 7614 7666 7658 7558 7591 7667 7615 7668 7669 7616 7558 7667 7617 7669 7670 7616 7671 7562 7673 7672 7619 7620 7674 7565 7676 7675 7621 7677 7568 7623 7679 7625 7678 7515 7626 7623 7628 7680 7624 7626 7518 7629 7627 7631 7681 7632 7629 7521 7682 7630 7633 7524 7635 7632 7636 7683 7634 7674 7638 7565 7684 7639 7675 7685 7641 7576 7687 7642 7686 7576 7579 7688 7644 7689 7690 7584 7691 7579 7693 7692 7645 7646 7542 7650 7647 7652 7694 7695 7584 7646 7697 7649 7696 7562 7671 7650 7672 7698 7651 7588 7699 7653 7701 7700 7654 7591 7656 7702 7657 7703 7704 7594 7705 7606 7707 7706 7659 7594 7597 7708 7660 7709 7710 7597 7600 7711 7661 7712 7713 7714 7600 7603 7716 7662 7715 7653 7717 7603 7719 7718 7663 7606 7720 7609 7722 7721 7664 7723 7612 7609 7725 7665 7724 7656 7612 7726 7666 7727 7728 7667 7591 7702 7668 7704 7729 7730 7616 7667 7732 7670 7731 7730 7671 7616 7733 7673 7732 7620 7734 7674 7736 7735 7676 7737 7677 7623 7739 7678 7738 7623 7626 7740 7680 7741 7742 7626 7629 7743 7681 7744 7745 7632 7746 7629 7748 7747 7682 7635 7749 7632 7751 7750 7683 7752 7638 7674 7754 7684 7753 7755 7641 7685 7757 7687 7756 7685 7576 7688 7686 7690 7758 7579 7691 7688 7692 7759 7689 7695 7691 7584 7760 7693 7697 7761 7646 7650 7763 7694 7762 7761 7695 7646 7764 7696 7763 7671 7765 7650 7767 7766 7698 7699 7768 7653 7770 7769 7700 7702 7656 7771 7703 7772 7773 7594 7708 7705 7710 7774 7707 7606 7705 7720 7706 7775 7722 7708 7597 7711 7709 7713 7776 7711 7600 7714 7712 7716 7777 7717 7714 7603 7778 7715 7718 7768 7717 7653 7779 7719 7769 7720 7723 7609 7780 7724 7721 7726 7612 7723 7727 7725 7781 7656 7726 7771 7728 7782 7772 7783 7667 7702 7785 7729 7784 7783 7730 7667 7786 7731 7785 7787 7671 7730 7789 7733 7788 7674 7734 7790 7735 7791 7792 7793 7677 7737 7795 7739 7794 7737 7623 7740 7738 7742 7796 7740 7626 7743 7741 7745 7797 7629 7746 7743 7747 7798 7744 7749 7746 7632 7799 7748 7750 7752 7674 7790 7753 7792 7800 7755 7685 7801 7756 7802 7803 7804 7685 7688 7806 7758 7805 7691 7804 7688 7807 7805 7759 7695 7808 7691 7810 7809 7760 7765 7761 7650 7811 7762 7766 7761 7812 7695 7814 7813 7764 7787 7765 7671 7815 7767 7789 7699 7816 7768 7818 7817 7770 7819 7702 7771 7821 7773 7820 7705 7708 7822 7774 7823 7824 7720 7705 7825 7775 7826 7827 7708 7711 7828 7776 7829 7830 7831 7711 7714 7833 7777 7832 7717 7834 7714 7836 7835 7778 7768 7837 7717 7839 7838 7779 7723 7720 7840 7780 7841 7842 7726 7723 7843 7781 7844 7845 7771 7726 7846 7782 7847 7848 7819 7783 7702 7849 7784 7821 7850 7730 7783 7852 7786 7851 7787 7730 7850 7788 7852 7853 7734 7854 7790 7856 7855 7791 7793 7737 7857 7794 7858 7859 7737 7740 7860 7796 7861 7862 7863 7740 7743 7865 7797 7864 7746 7866 7743 7868 7867 7798 7749 7869 7746 7871 7870 7799 7872 7752 7790 7874 7800 7873 7875 7755 7801 7877 7803 7876 7801 7685 7804 7802 7806 7878 7691 7808 7804 7809 7879 7807 7695 7812 7808 7813 7880 7810 7765 7881 7761 7883 7882 7811 7761 7881 7812 7882 7884 7814 7885 7765 7787 7887 7815 7886 7768 7816 7888 7817 7889 7890 7891 7819 7771 7893 7820 7892 7822 7708 7828 7823 7830 7894 7705 7822 7825 7824 7895 7826 7840 7720 7825 7841 7827 7896 7828 7711 7831 7829 7833 7897 7834 7831 7714 7898 7832 7835 7717 7837 7834 7838 7899 7836 7768 7888 7837 7890 7900 7839 7843 7723 7840 7844 7842 7901 7726 7843 7846 7845 7902 7847 7891 7771 7846 7892 7848 7903 7904 7783 7819 7906 7849 7905 7850 7783 7904 7851 7906 7907 7787 7850 7908 7853 7909 7910 7854 7911 7790 7913 7912 7855 7914 7793 7857 7916 7859 7915 7737 7860 7857 7862 7917 7858 7860 7740 7863 7861 7865 7918 7866 7863 7743 7919 7864 7867 7746 7869 7866 7870 7920 7868 7911 7872 7790 7921 7873 7912 7922 7875 7801 7924 7876 7923 7801 7804 7925 7878 7926 7927 7808 7928 7804 7930 7929 7879 7808 7812 7931 7880 7932 7933 7885 7881 7765 7934 7883 7887 7812 7881 7935 7884 7936 7937 7885 7787 7908 7886 7910 7938 7816 7939 7888 7941 7940 7889 7942 7819 7891 7944 7893 7943 7945 7822 7828 7947 7894 7946 7825 7822 7948 7895 7949 7950 7951 7840 7825 7953 7896 7952 7954 7828 7831 7956 7897 7955 7834 7957 7831 7959 7958 7898 7837 7960 7834 7962 7961 7899 7837 7888 7963 7900 7964 7965 7966 7843 7840 7968 7901 7967 7846 7843 7969 7902 7970 7971 7972 7891 7846 7974 7903 7973 7904 7819 7942 7905 7944 7975 7850 7904 7976 7907 7977 7978 7908 7850 7976 7909 7978 7979 7854 7980 7911 7982 7981 7913 7983 7914 7857 7985 7915 7984 7857 7860 7986 7917 7987 7988 7860 7863 7989 7918 7990 7991 7866 7992 7863 7994 7993 7919 7869 7995 7866 7997 7996 7920 7998 7872 7911 8000 7921 7999 8001 7875 7922 8003 7924 8002 7922 7801 7925 7923 7927 8004 7804 7928 7925 7929 8005 7926 7808 7931 7928 7933 8006 7930 7931 7812 7935 7932 7937 8007 7885 8008 7881 8010 8009 7934 7881 8008 7935 8009 8011 7936 8012 7885 7908 8014 7938 8013 7939 8015 7888 8017 8016 7940 7942 7891 8018 7943 8019 8020 7948 7822 7945 7949 7947 8021 7954 7945 7828 8022 7946 7956 7951 7825 7948 7952 7950 8023 7951 7966 7840 8024 7967 7953 7957 7954 7831 8025 7955 7958 7834 7960 7957 7961 8026 7959 7960 7837 7963 7962 7965 8027 7888 8015 7963 8016 8028 7964 7843 7966 7969 7968 8029 7970 7972 7846 7969 7973 7971 8030 7891 7972 8018 7974 8031 8019 7904 7942 8032 7975 8033 8034 7976 7904 8032 7977 8034 8035 8036 7908 7976 8038 7979 8037 7911 7980 8039 7981 8040 8041 8042 7914 7983 8044 7985 8043 7983 7857 7986 7984 7988 8045 7986 7860 7989 7987 7991 8046 7863 7992 7989 7993 8047 7990 7995 7992 7866 8048 7994 7996 7998 7911 8049 7999 8050 8051 8001 7922 8052 8002 8053 8054 8055 7922 7925 8057 8004 8056 7928 8055 7925 8058 8056 8005 7928 7931 8059 8006 8060 8061 8062 7931 7935 8064 8007 8063 8012 8008 7885 8065 8010 8014 8008 8066 7935 8068 8067 8011 8036 8012 7908 8069 8013 8038 7939 8070 8015 8072 8071 8017 7942 8018 8073 8020 8074 8075 8076 7948 7945 8078 8021 8077 7954 8079 7945 8081 8080 8022 8082 7951 7948 8084 8023 8083 7951 8085 7966 8087 8086 8024 8088 7954 7957 8090 8025 8089 7960 8091 7957 8093 8092 8026 8094 7960 7963 8096 8027 8095 8015 8097 7963 8099 8098 8028 7966 8100 7969 8102 8101 8029 8103 7972 7969 8105 8030 8104 7972 8106 8018 8108 8107 8031 7942 8073 8032 8075 8109 8033 8110 7976 8032 8112 8035 8111 8110 8036 7976 8113 8037 8112 7980 8114 8039 8116 8115 8040 7911 8039 8049 8041 8117 8050 8042 7983 8118 8043 8119 8120 7983 7986 8121 8045 8122 8123 8124 7986 7989 8126 8046 8125 7992 8127 7989 8129 8128 8047 7995 8130 7992 8132 8131 8048 8133 7998 8049 8135 8051 8134 8136 8001 8052 8138 8054 8137 8052 7922 8055 8053 8057 8139 7928 8059 8055 8061 8140 8058 8059 7931 8062 8060 8064 8141 8066 8062 7935 8142 8063 8067 8012 8143 8008 8145 8144 8065 8008 8143 8066 8144 8146 8068 8147 8012 8036 8149 8069 8148 8015 8070 8150 8071 8151 8152 8018 8153 8073 8155 8154 8074 8076 8082 7948 8156 8083 8078 8079 8076 7945 8157 8077 8080 8088 8079 7954 8158 8081 8090 8082 8085 7951 8159 8087 8084 8085 8100 7966 8160 8102 8086 8091 8088 7957 8161 8089 8092 8094 8091 7960 8162 8093 8096 8097 8094 7963 8163 8095 8098 8015 8150 8097 8152 8164 8099 8100 8103 7969 8165 8104 8101 8103 8106 7972 8166 8108 8105 8106 8153 8018 8167 8155 8107 8073 8168 8032 8170 8169 8109 8168 8110 8032 8171 8111 8169 8036 8110 8172 8113 8173 8174 8114 8175 8039 8177 8176 8115 8039 8175 8049 8176 8178 8117 8179 8042 8118 8181 8120 8180 7983 8121 8118 8123 8182 8119 8121 7986 8124 8122 8126 8183 8127 8124 7989 8184 8125 8128 7992 8130 8127 8131 8185 8129 8175 8133 8049 8186 8134 8178 8187 8136 8052 8189 8137 8188 8190 8052 8055 8192 8139 8191 8059 8190 8055 8193 8191 8140 8194 8059 8062 8196 8141 8195 8066 8197 8062 8199 8198 8142 8147 8143 8012 8200 8145 8149 8066 8143 8201 8146 8202 8203 8147 8036 8172 8148 8174 8204 8150 8070 8205 8151 8206 8207 8153 8208 8073 8210 8209 8154 8076 8211 8082 8213 8212 8156 8079 8214 8076 8216 8215 8157 8088 8217 8079 8219 8218 8158 8082 8220 8085 8222 8221 8159 8085 8223 8100 8225 8224 8160 8091 8226 8088 8228 8227 8161 8094 8229 8091 8231 8230 8162 8097 8232 8094 8234 8233 8163 8097 8150 8235 8164 8236 8237 8100 8238 8103 8240 8239 8165 8103 8241 8106 8243 8242 8166 8106 8244 8153 8246 8245 8167 8208 8168 8073 8247 8170 8209 8168 8248 8110 8250 8249 8171 8110 8248 8172 8249 8251 8173 8252 8179 8118 8254 8180 8253 8118 8121 8255 8182 8256 8257 8121 8124 8258 8183 8259 8260 8127 8261 8124 8263 8262 8184 8130 8264 8127 8266 8265 8185 8267 8136 8187 8269 8189 8268 8187 8052 8270 8188 8271 8272 8052 8190 8270 8192 8273 8271 8194 8190 8059 8274 8193 8196 8197 8194 8062 8275 8195 8198 8197 8066 8201 8199 8203 8276 8147 8277 8143 8279 8278 8200 8143 8277 8201 8278 8280 8202 8281 8147 8172 8283 8204 8282 8070 8252 8205 8285 8284 8206 8286 8150 8205 8288 8207 8287 8153 8289 8208 8291 8290 8210 8076 8214 8211 8215 8292 8213 8082 8211 8220 8212 8293 8222 8079 8217 8214 8218 8294 8216 8088 8226 8217 8227 8295 8219 8085 8220 8223 8221 8296 8225 8100 8223 8238 8224 8297 8240 8091 8229 8226 8230 8298 8228 8094 8232 8229 8233 8299 8231 8097 8235 8232 8237 8300 8234 8235 8150 8286 8236 8288 8301 8103 8238 8241 8239 8302 8243 8106 8241 8244 8242 8303 8246 8153 8244 8289 8245 8304 8291 8208 8305 8168 8307 8306 8247 8168 8305 8248 8306 8308 8250 8248 8309 8172 8311 8310 8251 8070 8179 8252 8312 8254 8285 8252 8118 8255 8253 8257 8313 8255 8121 8258 8256 8260 8314 8124 8261 8258 8262 8315 8259 8264 8261 8127 8316 8263 8265 8267 8187 8317 8268 8318 8319 8187 8270 8320 8272 8321 8322 8190 8323 8270 8325 8324 8273 8194 8323 8190 8326 8325 8274 8327 8194 8197 8329 8275 8328 8197 8201 8330 8276 8331 8332 8281 8277 8147 8333 8279 8283 8201 8277 8334 8280 8335 8336 8309 8281 8172 8337 8282 8310 8252 8338 8205 8340 8339 8284 8338 8286 8205 8341 8287 8339 8208 8289 8342 8290 8343 8344 8211 8214 8345 8292 8346 8347 8220 8211 8348 8293 8349 8350 8214 8217 8351 8294 8352 8353 8217 8226 8354 8295 8355 8356 8223 8220 8357 8296 8358 8359 8238 8223 8360 8297 8361 8362 8226 8229 8363 8298 8364 8365 8229 8232 8366 8299 8367 8368 8232 8235 8369 8300 8370 8371 8235 8286 8372 8301 8373 8374 8241 8238 8375 8302 8376 8377 8244 8241 8378 8303 8379 8380 8289 8244 8381 8304 8382 8383 8208 8342 8305 8344 8384 8307 8305 8385 8248 8387 8386 8308 8385 8309 8248 8388 8311 8386 8338 8252 8255 8340 8313 8389 8390 8255 8258 8392 8314 8391 8261 8393 8258 8395 8394 8315 8264 8396 8261 8398 8397 8316 8399 8267 8317 8401 8319 8400 8317 8187 8320 8318 8322 8402 8270 8403 8320 8405 8404 8321 8323 8403 8270 8406 8405 8324 8327 8323 8194 8407 8326 8329 8327 8197 8330 8328 8332 8408 8330 8201 8334 8331 8336 8409 8281 8410 8277 8412 8411 8333 8277 8410 8334 8411 8413 8335 8414 8281 8309 8416 8337 8415 8417 8286 8338 8419 8341 8418 8342 8289 8420 8343 8421 8422 8345 8214 8351 8346 8353 8423 8211 8345 8348 8347 8424 8349 8357 8220 8348 8358 8350 8425 8217 8354 8351 8356 8426 8352 8354 8226 8363 8355 8365 8427 8223 8357 8360 8359 8428 8361 8375 8238 8360 8376 8362 8429 8229 8366 8363 8368 8430 8364 8366 8232 8369 8367 8371 8431 8235 8372 8369 8374 8432 8370 8372 8286 8417 8373 8419 8433 8378 8241 8375 8379 8377 8434 8244 8378 8381 8380 8435 8382 8420 8289 8381 8421 8383 8436 8305 8342 8437 8384 8438 8439 8305 8437 8385 8439 8440 8387 8385 8441 8309 8443 8442 8388 8390 8338 8255 8444 8389 8392 8393 8390 8258 8445 8391 8394 8261 8396 8393 8397 8446 8395 8447 8399 8317 8449 8400 8448 8450 8317 8320 8452 8402 8451 8403 8450 8320 8453 8451 8404 8323 8454 8403 8456 8455 8406 8327 8454 8323 8457 8456 8407 8458 8327 8330 8460 8408 8459 8461 8330 8334 8463 8409 8462 8414 8410 8281 8464 8412 8416 8410 8465 8334 8467 8466 8413 8441 8414 8309 8468 8415 8442 8469 8417 8338 8471 8418 8470 8472 8342 8420 8474 8422 8473 8475 8345 8351 8477 8423 8476 8345 8478 8348 8480 8479 8424 8481 8357 8348 8483 8425 8482 8354 8484 8351 8486 8485 8426 8354 8363 8487 8427 8488 8489 8357 8490 8360 8492 8491 8428 8375 8360 8493 8429 8494 8495 8363 8366 8496 8430 8497 8498 8366 8369 8499 8431 8500 8501 8372 8502 8369 8504 8503 8432 8505 8372 8417 8507 8433 8506 8508 8378 8375 8510 8434 8509 8378 8511 8381 8513 8512 8435 8514 8420 8381 8516 8436 8515 8437 8342 8472 8438 8474 8517 8385 8437 8518 8440 8519 8520 8385 8518 8441 8520 8521 8443 8469 8338 8390 8470 8444 8522 8469 8390 8393 8522 8445 8523 8396 8524 8393 8526 8525 8446 8527 8399 8447 8529 8449 8528 8447 8317 8450 8448 8452 8530 8403 8531 8450 8533 8532 8453 8454 8531 8403 8534 8533 8455 8458 8454 8327 8535 8457 8460 8461 8458 8330 8536 8459 8463 8465 8461 8334 8537 8462 8466 8414 8538 8410 8540 8539 8464 8410 8538 8465 8539 8541 8467 8441 8542 8414 8544 8543 8468 8417 8469 8545 8471 8546 8547 8548 8472 8420 8550 8473 8549 8478 8345 8475 8480 8477 8551 8484 8475 8351 8552 8476 8485 8478 8481 8348 8553 8482 8479 8357 8481 8490 8483 8554 8492 8484 8354 8487 8486 8489 8555 8363 8496 8487 8498 8556 8488 8360 8490 8493 8491 8557 8494 8508 8375 8493 8509 8495 8558 8496 8366 8499 8497 8501 8559 8369 8502 8499 8503 8560 8500 8372 8505 8502 8507 8561 8504 8505 8417 8545 8506 8547 8562 8511 8378 8508 8513 8510 8563 8511 8514 8381 8564 8515 8512 8514 8548 8420 8565 8549 8516 8437 8472 8566 8517 8567 8568 8518 8437 8566 8519 8568 8569 8441 8518 8570 8521 8571 8572 8524 8469 8393 8573 8523 8525 8527 8447 8574 8528 8575 8576 8447 8450 8577 8530 8578 8579 8531 8580 8450 8582 8581 8532 8454 8583 8531 8585 8584 8534 8458 8583 8454 8586 8585 8535 8461 8587 8458 8589 8588 8536 8590 8461 8465 8592 8537 8591 8414 8542 8538 8543 8593 8540 8538 8594 8465 8596 8595 8541 8441 8570 8542 8572 8597 8544 8469 8598 8545 8600 8599 8546 8601 8472 8548 8603 8550 8602 8604 8478 8475 8606 8551 8605 8607 8475 8484 8609 8552 8608 8478 8610 8481 8612 8611 8553 8490 8481 8613 8554 8614 8615 8616 8484 8487 8618 8555 8617 8496 8619 8487 8621 8620 8556 8490 8622 8493 8624 8623 8557 8625 8508 8493 8627 8558 8626 8496 8499 8628 8559 8629 8630 8499 8502 8631 8560 8632 8633 8502 8505 8634 8561 8635 8636 8637 8505 8545 8639 8562 8638 8640 8511 8508 8642 8563 8641 8643 8514 8511 8645 8564 8644 8646 8548 8514 8648 8565 8647 8472 8601 8566 8603 8649 8567 8650 8518 8566 8652 8569 8651 8570 8518 8650 8571 8652 8653 8524 8598 8469 8654 8600 8573 8655 8527 8574 8657 8576 8656 8574 8447 8577 8575 8579 8658 8450 8580 8577 8581 8659 8578 8580 8531 8660 8582 8661 8662 8531 8583 8660 8584 8663 8661 8458 8587 8583 8588 8664 8586 8590 8587 8461 8665 8589 8592 8594 8590 8465 8666 8591 8595 8538 8542 8667 8593 8668 8669 8538 8667 8594 8669 8670 8596 8542 8570 8671 8597 8672 8673 8598 8637 8545 8674 8638 8599 8675 8601 8548 8677 8602 8676 8604 8610 8478 8678 8612 8606 8604 8475 8607 8605 8609 8679 8607 8484 8616 8608 8618 8680 8481 8610 8613 8611 8681 8614 8622 8490 8613 8624 8615 8682 8619 8616 8487 8683 8617 8620 8619 8496 8628 8621 8630 8684 8622 8625 8493 8685 8626 8623 8640 8508 8625 8641 8627 8686 8628 8499 8631 8629 8633 8687 8502 8634 8631 8636 8688 8632 8505 8689 8634 8691 8690 8635 8637 8689 8505 8692 8691 8639 8643 8511 8640 8644 8642 8693 8646 8514 8643 8647 8645 8694 8675 8548 8646 8676 8648 8695 8601 8696 8566 8698 8697 8649 8696 8650 8566 8699 8651 8697 8570 8650 8700 8653 8701 8702 8703 8655 8574 8705 8656 8704 8706 8574 8577 8708 8658 8707 8580 8706 8577 8709 8707 8659 8710 8580 8660 8712 8662 8711 8660 8583 8713 8663 8714 8715 8583 8587 8713 8664 8716 8714 8590 8717 8587 8719 8718 8665 8594 8720 8590 8722 8721 8666 8667 8542 8671 8668 8673 8723 8594 8667 8724 8670 8725 8726 8570 8700 8671 8702 8727 8672 8675 8728 8601 8730 8729 8677 8731 8610 8604 8733 8678 8732 8604 8607 8734 8679 8735 8736 8607 8616 8737 8680 8738 8739 8610 8740 8613 8742 8741 8681 8743 8622 8613 8745 8682 8744 8746 8616 8619 8748 8683 8747 8749 8619 8628 8751 8684 8750 8622 8752 8625 8754 8753 8685 8755 8640 8625 8757 8686 8756 8758 8628 8631 8760 8687 8759 8634 8758 8631 8761 8759 8688 8689 8762 8634 8764 8763 8690 8643 8640 8765 8693 8766 8767 8768 8646 8643 8770 8694 8769 8675 8646 8771 8695 8772 8773 8728 8696 8601 8774 8698 8729 8775 8650 8696 8777 8699 8776 8700 8650 8775 8701 8777 8778 8779 8655 8703 8781 8705 8780 8706 8703 8574 8782 8704 8708 8710 8706 8580 8783 8709 8712 8784 8710 8660 8786 8711 8785 8784 8660 8713 8785 8715 8787 8587 8717 8713 8718 8788 8716 8590 8720 8717 8721 8789 8719 8594 8724 8720 8726 8790 8722 8791 8667 8671 8793 8723 8792 8724 8667 8791 8725 8793 8794 8671 8700 8795 8727 8796 8797 8798 8728 8675 8800 8730 8799 8731 8740 8610 8801 8742 8733 8731 8604 8734 8732 8736 8802 8607 8737 8734 8739 8803 8735 8737 8616 8746 8738 8748 8804 8740 8743 8613 8805 8744 8741 8743 8752 8622 8806 8754 8745 8746 8619 8749 8747 8751 8807 8758 8749 8628 8808 8750 8760 8752 8755 8625 8809 8756 8753 8640 8755 8765 8757 8810 8766 8762 8758 8634 8811 8761 8763 8768 8643 8765 8769 8767 8812 8646 8768 8771 8770 8813 8772 8798 8675 8771 8799 8773 8814 8728 8815 8696 8817 8816 8774 8815 8775 8696 8818 8776 8816 8700 8775 8819 8778 8820 8821 8822 8779 8703 8824 8780 8823 8703 8706 8825 8782 8826 8827 8710 8828 8706 8830 8829 8783 8784 8831 8710 8833 8832 8786 8834 8784 8713 8836 8787 8835 8717 8834 8713 8837 8835 8788 8717 8720 8838 8789 8839 8840 8720 8724 8841 8790 8842 8843 8791 8671 8795 8792 8797 8844 8724 8791 8845 8794 8846 8847 8700 8819 8795 8821 8848 8796 8849 8728 8798 8851 8800 8850 8852 8740 8731 8854 8801 8853 8855 8731 8734 8857 8802 8856 8737 8858 8734 8860 8859 8803 8861 8737 8746 8863 8804 8862 8864 8743 8740 8866 8805 8865 8867 8752 8743 8869 8806 8868 8746 8749 8870 8807 8871 8872 8758 8873 8749 8875 8874 8808 8876 8755 8752 8878 8809 8877 8755 8879 8765 8881 8880 8810 8762 8873 8758 8882 8875 8811 8883 8768 8765 8885 8812 8884 8768 8886 8771 8888 8887 8813 8889 8798 8771 8891 8814 8890 8849 8815 8728 8892 8817 8851 8893 8775 8815 8895 8818 8894 8819 8775 8893 8820 8895 8896 8897 8779 8822 8899 8824 8898 8822 8703 8825 8823 8827 8900 8706 8828 8825 8829 8901 8826 8710 8831 8828 8832 8902 8830 8784 8903 8831 8905 8904 8833 8834 8903 8784 8906 8905 8836 8717 8838 8834 8840 8907 8837 8838 8720 8841 8839 8843 8908 8724 8845 8841 8847 8909 8842 8910 8791 8795 8912 8844 8911 8845 8791 8910 8846 8912 8913 8795 8819 8914 8848 8915 8916 8917 8849 8798 8919 8850 8918 8864 8740 8852 8865 8854 8920 8852 8731 8855 8853 8857 8921 8858 8855 8734 8922 8856 8859 8737 8861 8858 8863 8923 8860 8861 8746 8870 8862 8872 8924 8867 8743 8864 8868 8866 8925 8876 8752 8867 8877 8869 8926 8749 8927 8870 8929 8928 8871 8873 8927 8749 8930 8929 8874 8876 8879 8755 8931 8881 8878 8879 8883 8765 8932 8884 8880 8883 8886 8768 8933 8888 8885 8886 8889 8771 8934 8890 8887 8889 8917 8798 8935 8918 8891 8936 8815 8849 8938 8892 8937 8893 8815 8936 8894 8938 8939 8819 8893 8940 8896 8941 8942 8897 8822 8943 8898 8944 8945 8946 8822 8825 8948 8900 8947 8828 8946 8825 8949 8947 8901 8831 8950 8828 8952 8951 8902 8903 8953 8831 8955 8954 8904 8834 8956 8903 8958 8957 8906 8834 8838 8956 8907 8959 8958 8960 8838 8841 8962 8908 8961 8841 8845 8963 8909 8964 8965 8910 8795 8914 8911 8916 8966 8845 8910 8967 8913 8968 8969 8914 8819 8940 8915 8942 8970 8971 8849 8917 8973 8919 8972 8864 8852 8974 8920 8975 8976 8852 8855 8977 8921 8978 8979 8855 8858 8980 8922 8981 8982 8858 8861 8983 8923 8984 8985 8986 8861 8870 8988 8924 8987 8867 8864 8989 8925 8990 8991 8876 8867 8992 8926 8993 8994 8927 8986 8870 8995 8987 8928 8996 8879 8876 8998 8931 8997 8999 8883 8879 9001 8932 9000 9002 8886 8883 9004 8933 9003 9005 8889 8886 9007 8934 9006 9008 8917 8889 9010 8935 9009 8936 8849 8971 8937 8973 9011 8893 8936 9012 8939 9013 9014 8893 9012 8940 9014 9015 8941 9016 8897 8943 9018 8945 9017 8943 8822 8946 8944 8948 9019 8828 8950 8946 8951 9020 8949 8953 8950 8831 9021 8952 8954 8903 9022 8953 9024 9023 8955 8903 8956 9022 8957 9025 9024 8956 8838 8960 8959 8962 9026 8960 8841 8963 8961 8965 9027 8845 8967 8963 8969 9028 8964 9029 8910 8914 9031 8966 9030 8967 8910 9029 8968 9031 9032 9033 8914 8940 9035 8970 9034 8971 8917 9036 8972 9037 9038 8989 8864 8974 8990 8976 9039 8974 8852 8977 8975 8979 9040 8855 8980 8977 8982 9041 8978 8980 8858 8983 8981 8985 9042 8861 9043 8983 9045 9044 8984 8986 9043 8861 9046 9045 8988 8867 8989 8992 8991 9047 8993 8996 8876 8992 8997 8994 9048 8999 8879 8996 9000 8998 9049 9002 8883 8999 9003 9001 9050 9005 8886 9002 9006 9004 9051 9008 8889 9005 9009 9007 9052 9036 8917 9008 9037 9010 9053 8936 8971 9054 9011 9055 9056 9012 8936 9054 9013 9056 9057 8940 9012 9058 9015 9059 9060 9016 8943 9061 9017 9062 9063 9064 8943 8946 9066 9019 9065 8950 9064 8946 9067 9065 9020 8953 9068 8950 9070 9069 9021 8953 9022 9071 9023 9072 9073 9022 8956 9074 9025 9075 9076 8956 8960 9074 9026 9077 9075 8960 8963 9078 9027 9079 9080 8967 9081 8963 9083 9082 9028 9033 9029 8914 9084 9030 9035 8967 9029 9085 9032 9086 9087 9033 8940 9058 9034 9060 9088 8971 9036 9089 9038 9090 9091 8989 8974 9092 9039 9093 9094 9095 8974 8977 9097 9040 9096 8980 9095 8977 9098 9096 9041 9099 8980 8983 9101 9042 9100 9043 9099 8983 9102 9100 9044 8989 9103 8992 9105 9104 9047 9106 8996 8992 9108 9048 9107 8999 8996 9109 9049 9110 9111 9002 8999 9112 9050 9113 9114 9005 9002 9115 9051 9116 9117 9008 9005 9118 9052 9119 9120 9036 9008 9121 9053 9122 9123 8971 9089 9054 9091 9124 9055 9125 9012 9054 9127 9057 9126 9012 9125 9058 9127 9128 9059 9129 9016 9061 9131 9063 9130 9061 8943 9132 9062 9133 9134 8943 9064 9132 9066 9135 9133 8950 9068 9064 9069 9136 9067 8953 9071 9068 9073 9137 9070 9071 9022 9138 9072 9139 9140 9138 9022 9074 9139 9076 9141 9074 8960 9078 9077 9080 9142 8963 9081 9078 9082 9143 9079 8967 9085 9081 9087 9144 9083 9145 9029 9033 9147 9084 9146 9085 9029 9145 9086 9147 9148 9149 9033 9058 9151 9088 9150 9089 9036 9152 9090 9153 9154 9103 8989 9092 9105 9094 9155 8974 9156 9092 9158 9157 9093 8974 9095 9156 9097 9159 9158 9160 9095 8980 9162 9098 9161 9099 9160 8980 9163 9161 9101 9103 9106 8992 9164 9107 9104 9109 8996 9106 9110 9108 9165 8999 9109 9112 9111 9166 9113 9115 9002 9112 9116 9114 9167 9005 9115 9118 9117 9168 9119 9121 9008 9118 9122 9120 9169 9036 9121 9152 9123 9170 9153 9089 9171 9054 9173 9172 9124 9171 9125 9054 9174 9126 9172 9125 9175 9058 9177 9176 9128 9129 9061 9178 9130 9179 9180 9181 9061 9132 9183 9134 9182 9064 9184 9132 9186 9185 9135 9064 9068 9184 9136 9187 9186 9068 9071 9188 9137 9189 9190 9071 9138 9191 9140 9192 9193 9194 9138 9074 9196 9141 9195 9194 9074 9078 9195 9142 9197 9078 9081 9198 9143 9199 9200 9081 9085 9201 9144 9202 9203 9149 9145 9033 9204 9146 9151 9085 9145 9205 9148 9206 9207 9175 9149 9058 9208 9150 9176 9209 9089 9152 9211 9154 9210 9212 9103 9092 9214 9155 9213 9156 9212 9092 9215 9213 9157 9095 9216 9156 9218 9217 9159 9160 9216 9095 9219 9218 9162 9220 9106 9103 9222 9164 9221 9109 9106 9223 9165 9224 9225 9109 9226 9112 9228 9227 9166 9115 9112 9229 9167 9230 9231 9115 9232 9118 9234 9233 9168 9235 9121 9118 9237 9169 9236 9121 9238 9152 9240 9239 9170 9089 9209 9171 9211 9241 9173 9242 9125 9171 9244 9174 9243 9242 9175 9125 9245 9177 9244 9246 9129 9178 9248 9180 9247 9061 9181 9178 9183 9249 9179 9250 9181 9132 9252 9182 9251 9184 9250 9132 9253 9251 9185 9184 9068 9188 9187 9190 9254 9071 9191 9188 9193 9255 9189 9191 9138 9256 9192 9257 9258 9256 9138 9194 9257 9196 9259 9194 9078 9198 9197 9200 9260 9198 9081 9201 9199 9203 9261 9085 9205 9201 9207 9262 9202 9263 9145 9149 9265 9204 9264 9205 9145 9263 9206 9265 9266 9267 9149 9175 9269 9208 9268 9270 9209 9152 9272 9210 9271 9212 9220 9103 9273 9221 9214 9274 9212 9156 9276 9215 9275 9216 9274 9156 9277 9275 9217 9223 9106 9220 9224 9222 9278 9109 9223 9226 9225 9279 9228 9112 9226 9229 9227 9280 9230 9232 9115 9229 9234 9231 9281 9232 9235 9118 9282 9236 9233 9121 9235 9238 9237 9283 9240 9238 9270 9152 9284 9271 9239 9209 9285 9171 9287 9286 9241 9285 9242 9171 9288 9243 9286 9289 9175 9242 9291 9245 9290 9292 9246 9178 9294 9247 9293 9181 9292 9178 9295 9293 9249 9296 9181 9250 9298 9252 9297 9184 9299 9250 9301 9300 9253 9299 9184 9188 9301 9254 9302 9188 9191 9303 9255 9304 9305 9191 9256 9306 9258 9307 9308 9256 9194 9309 9259 9310 9311 9194 9198 9309 9260 9312 9310 9313 9198 9201 9315 9261 9314 9201 9205 9316 9262 9317 9318 9263 9149 9267 9264 9269 9319 9205 9263 9320 9266 9321 9322 9267 9175 9289 9268 9291 9323 9324 9209 9270 9326 9272 9325 9220 9212 9327 9273 9328 9329 9274 9330 9212 9332 9331 9276 9333 9223 9220 9335 9278 9334 9226 9223 9336 9279 9337 9338 9226 9339 9229 9341 9340 9280 9342 9232 9229 9344 9281 9343 9345 9235 9232 9347 9282 9346 9235 9348 9238 9350 9349 9283 9351 9270 9238 9353 9284 9352 9324 9285 9209 9354 9287 9326 9355 9242 9285 9357 9288 9356 9289 9242 9355 9290 9357 9358 9296 9292 9181 9359 9295 9298 9360 9296 9250 9362 9297 9361 9299 9360 9250 9363 9361 9300 9299 9188 9303 9302 9305 9364 9191 9306 9303 9308 9365 9304 9306 9256 9366 9307 9367 9368 9369 9256 9309 9371 9311 9370 9198 9372 9309 9374 9373 9312 9313 9372 9198 9375 9374 9315 9313 9201 9316 9314 9318 9376 9205 9320 9316 9322 9377 9317 9263 9267 9378 9319 9379 9380 9320 9263 9378 9321 9380 9381 9267 9289 9382 9323 9383 9384 9385 9324 9270 9387 9325 9386 9212 9330 9327 9331 9388 9328 9333 9220 9327 9334 9329 9389 9223 9333 9336 9335 9390 9337 9226 9336 9339 9338 9391 9341 9339 9342 9229 9392 9343 9340 9345 9232 9342 9346 9344 9393 9345 9348 9235 9394 9350 9347 9348 9351 9238 9395 9352 9349 9351 9385 9270 9396 9386 9353 9397 9285 9324 9399 9354 9398 9355 9285 9397 9356 9399 9400 9289 9355 9401 9358 9402 9403 9404 9360 9299 9406 9363 9405 9404 9299 9303 9405 9364 9407 9306 9408 9303 9410 9409 9365 9256 9369 9366 9371 9411 9367 9408 9306 9366 9410 9368 9412 9372 9369 9309 9413 9370 9373 9313 9414 9372 9416 9415 9375 9417 9313 9316 9419 9376 9418 9320 9420 9316 9422 9421 9377 9267 9382 9378 9384 9423 9379 9424 9320 9378 9426 9381 9425 9382 9289 9401 9383 9403 9427 9428 9324 9385 9430 9387 9429 9330 9431 9327 9433 9432 9388 9431 9333 9327 9434 9389 9432 9336 9333 9435 9390 9436 9437 9339 9336 9438 9391 9439 9440 9342 9339 9441 9392 9442 9443 9345 9342 9444 9393 9445 9446 9447 9348 9345 9449 9394 9448 9450 9351 9348 9452 9395 9451 9453 9385 9351 9455 9396 9454 9397 9324 9428 9398 9430 9456 9355 9397 9457 9400 9458 9459 9355 9457 9401 9459 9460 9402 9408 9404 9303 9461 9407 9409 9369 9462 9366 9464 9463 9411 9462 9408 9366 9465 9412 9463 9414 9369 9372 9466 9413 9415 9417 9414 9313 9467 9416 9419 9420 9417 9316 9468 9418 9421 9320 9424 9420 9426 9469 9422 9382 9424 9378 9470 9425 9423 9471 9382 9401 9473 9427 9472 9428 9385 9474 9429 9475 9476 9431 9477 9333 9479 9478 9434 9333 9477 9435 9478 9480 9436 9438 9336 9435 9439 9437 9481 9339 9438 9441 9440 9482 9442 9444 9342 9441 9445 9443 9483 9447 9345 9444 9448 9446 9484 9450 9348 9447 9451 9449 9485 9453 9351 9450 9454 9452 9486 9474 9385 9453 9475 9455 9487 9397 9428 9488 9456 9489 9490 9457 9397 9488 9458 9490 9491 9457 9471 9401 9492 9472 9460 9493 9462 9369 9495 9464 9494 9493 9369 9414 9494 9466 9496 9417 9497 9414 9499 9498 9467 9500 9417 9420 9502 9468 9501 9424 9503 9420 9505 9504 9469 9424 9382 9506 9470 9507 9508 9382 9471 9506 9473 9509 9507 9428 9474 9510 9476 9511 9512 9477 9513 9435 9515 9514 9480 9513 9438 9435 9516 9481 9514 9441 9438 9517 9482 9518 9519 9444 9441 9520 9483 9521 9522 9523 9447 9444 9525 9484 9524 9450 9447 9526 9485 9527 9528 9453 9450 9529 9486 9530 9531 9474 9453 9532 9487 9533 9534 9428 9510 9488 9512 9535 9489 9536 9457 9488 9538 9491 9537 9471 9457 9539 9492 9540 9541 9497 9493 9414 9542 9496 9498 9500 9497 9417 9543 9499 9502 9503 9500 9420 9544 9501 9504 9545 9503 9424 9547 9505 9546 9545 9424 9506 9546 9508 9548 9471 9549 9506 9551 9550 9509 9510 9474 9552 9511 9553 9554 9438 9513 9517 9516 9555 9518 9556 9441 9517 9558 9519 9557 9523 9444 9520 9524 9522 9559 9441 9556 9520 9558 9560 9521 9526 9447 9523 9527 9525 9561 9450 9526 9529 9528 9562 9530 9532 9453 9529 9533 9531 9563 9474 9532 9552 9534 9564 9553 9510 9536 9488 9565 9537 9535 9457 9536 9539 9538 9566 9540 9567 9471 9539 9569 9541 9568 9549 9545 9506 9570 9548 9550 9567 9549 9471 9571 9551 9569 9572 9510 9552 9574 9554 9573 9513 9575 9517 9577 9576 9555 9575 9556 9517 9578 9557 9576 9579 9523 9520 9581 9559 9580 9556 9579 9520 9582 9580 9560 9526 9523 9583 9561 9584 9585 9529 9526 9586 9562 9587 9588 9532 9529 9589 9563 9590 9591 9532 9592 9552 9594 9593 9564 9536 9510 9595 9565 9596 9597 9536 9598 9539 9600 9599 9566 9598 9567 9539 9601 9568 9599 9510 9572 9595 9574 9602 9596 9592 9572 9552 9603 9573 9593 9575 9604 9556 9606 9605 9578 9583 9523 9579 9584 9581 9607 9556 9604 9579 9605 9608 9582 9526 9583 9586 9585 9609 9587 9529 9586 9589 9588 9610 9590 9611 9532 9589 9613 9591 9612 9532 9611 9592 9613 9614 9594 9615 9536 9595 9617 9597 9616 9615 9598 9536 9618 9600 9617 9572 9619 9595 9621 9620 9602 9622 9572 9592 9624 9603 9623 9625 9583 9579 9627 9607 9626 9604 9625 9579 9628 9626 9608 9583 9629 9586 9631 9630 9609 9586 9632 9589 9634 9633 9610 9632 9611 9589 9635 9612 9633 9611 9622 9592 9636 9623 9614 9619 9615 9595 9637 9616 9620 9638 9619 9572 9640 9621 9639 9638 9572 9622 9639 9624 9641 9625 9642 9583 9644 9643 9627 9642 9629 9583 9645 9631 9643 9629 9632 9586 9646 9634 9630 9647 9611 9632 9649 9635 9648 9650 9622 9611 9652 9636 9651 9653 9638 9622 9655 9641 9654 9642 9656 9629 9658 9657 9645 9632 9629 9659 9646 9660 9661 9650 9611 9647 9651 9649 9662 9647 9632 9659 9648 9661 9663 9650 9653 9622 9664 9654 9652 9629 9656 9659 9657 9665 9660 9650 9647 9666 9662 9667 9668 9669 9647 9659 9671 9663 9670 9672 9653 9650 9674 9664 9673 9656 9669 9659 9675 9670 9665 9672 9650 9666 9673 9668 9676 9647 9677 9666 9679 9678 9667 9669 9677 9647 9680 9679 9671 9681 9672 9666 9683 9676 9682 9677 9681 9666 9684 9682 9678 </DataArray>
        <DataArray type="Int32" Name="offsets" format="ascii">6 12 18 24 30 36 42 48 54 60 66 72 78 84 90 96 102 108 114 120 126 132 138 144 150 156 162 168 174 180 186 192 198 204 210 216 222 228 234 240 246 252 258 264 270 276 282 288 294 300 306 312 318 324 330 336 342 348 354 360 366 372 378 384 390 396 402 408 414 420 426 432 438 444 450 456 462 468 474 480 486 492 498 504 510 516 522 528 534 540 546 552 558 564 570 576 582 588 594 600 606 612 618 624 630 636 642 648 654 660 666 672 678 684 690 696 702 708 714 720 726 732 738 744 750 756 762 768 774 780 786 792 798 804 810 816 822 828 834 840 846 852 858 864 870 876 882 888 894 900 906 912 918 924 930 936 942 948 954 960 966 972 978 984 990 996 1002 1008 1014 1020 1026 1032 1038 1044 1050 1056 1062 1068 1074 1080 1086 1092 1098 1104 1110 1116 1122 1128 1134 1140 1146 1152 1158 1164 1170 1176 1182 1188 1194 1200 1206 1212 1218 1224 1230 1236 1242 1248 1254 1260 1266 1272 1278 1284 1290 1296 1302 1308 1314 1320 1326 1332 1338 1344 1350 1356 1362 1368 1374 1380 1386 1392 1398 1404 1410 1416 1422 1428 1434 1440 1446 1452 1458 1464 1470 1476 1482 1488 1494 1500 1506 1512 1518 1524 1530 1536 1542 1548 1554 1560 1566 1572 1578 1584 1590 1596 1602 1608 1614 1620 1626 1632 1638 1644 1650 1656 1662 1668 1674 1680 1686 1692 1698 1704 1710 1716 1722 1728 1734 1740 1746 1752 1758 1764 1770 1776 1782 1788 1794 1800 1806 1812 1818 1824 1830 1836 1842 1848 1854 1860 1866 1872 1878 1884 1890 1896 1902 1908 1914 1920 1926 1932 1938 1944 1950 1956 1962 1968 1974 1980 1986 1992 1998 2004 2010 2016 2022 2028 2034 2040 2046 2052 2058 2064 2070 2076 2082 2088 2094 2100 2106 2112 2118 2124 2130 2136 2142 2148 2154 2160 2166 2172 2178 2184 2190 2196 2202 2208 2214 2220 2226 2232 2238 2244 2250 2256 2262 2268 2274 2280 2286 2292 2298 2304 2310 2316 2322 2328 2334 2340 2346 2352 2358 2364 2370 2376 2382 2388 2394 2400 2406 2412 2418 2424 2430 2436 2442 2448 2454 2460 2466 2472 2478 2484 2490 2496 2502 2508 2514 2520 2526 2532 2538 2544 2550 2556 2562 2568 2574 2580 2586 2592 2598 2604 2610 2616 2622 2628 2634 2640 2646 2652 2658 2664 2670 2676 2682 2688 2694 2700 2706 2712 2718 2724 2730 2736 2742 2748 2754 2760 2766 2772 2778 2784 2790 2796 2802 2808 2814 2820 2826 2832 2838 2844 2850 2856 2862 2868 2874 2880 2886 2892 2898 2904 2910 2916 2922 2928 2934 2940 2946 2952 2958 2964 2970 2976 2982 2988 2994 3000 3006 3012 3018 3024 3030 3036 3042 3048 3054 3060 3066 3072 3078 3084 3090 3096 3102 3108 3114 3120 3126 3132 3138 3144 3150 3156 3162 3168 3174 3180 3186 3192 3198 3204 3210 3216 3222 3228 3234 3240 3246 3252 3258 3264 3270 3276 3282 3288 3294 3300 3306 3312 3318 3324 3330 3336 3342 3348 3354 3360 3366 3372 3378 3384 3390 3396 3402 3408 3414 3420 3426 3432 3438 3444 3450 3456 3462 3468 3474 3480 3486 3492 3498 3504 3510 3516 3522 3528 3534 3540 3546 3552 3558 3564 3570 3576 3582 3588 3594 3600 3606 3612 3618 3624 3630 3636 3642 3648 3654 3660 3666 3672 3678 3684 3690 3696 3702 3708 3714 3720 3726 3732 3738 3744 3750 3756 3762 3768 3774 3780 3786 3792 3798 3804 3810 3816 3822 3828 3834 3840 3846 3852 3858 3864 3870 3876 3882 3888 3894 3900 3906 3912 3918 3924 3930 3936 3942 3948 3954 3960 3966 3972 3978 3984 3990 3996 4002 4008 4014 4020 4026 4032 4038 4044 4050 4056 4062 4068 4074 4080 4086 4092 4098 4104 4110 4116 4122 4128 4134 4140 4146 4152 4158 4164 4170 4176 4182 4188 4194 4200 4206 4212 4218 4224 4230 4236 4242 4248 4254 4260 4266 4272 4278 4284 4290 4296 4302 4308 4314 4320 4326 4332 4338 4344 4350 4356 4362 4368 4374 4380 4386 4392 4398 4404 4410 4416 4422 4428 4434 4440 4446 4452 4458 4464 4470 4476 4482 4488 4494 4500 4506 4512 4518 4524 4530 4536 4542 4548 4554 4560 4566 4572 4578 4584 4590 4596 4602 4608 4614 4620 4626 4632 4638 4644 4650 4656 4662 4668 4674 4680 4686 4692 4698 4704 4710 4716 4722 4728 4734 4740 4746 4752 4758 4764 4770 4776 4782 4788 4794 4800 4806 4812 4818 4824 4830 4836 4842 4848 4854 4860 4866 4872 4878 4884 4890 4896 4902 4908 4914 4920 4926 4932 4938 4944 4950 4956 4962 4968 4974 4980 4986 4992 4998 5004 5010 5016 5022 5028 5034 5040 5046 5052 5058 5064 5070 5076 5082 5088 5094 5100 5106 5112 5118 5124 5130 5136 5142 5148 5154 5160 5166 5172 5178 5184 5190 5196 5202 5208 5214 5220 5226 5232 5238 5244 5250 5256 5262 5268 5274 5280 5286 5292 5298 5304 5310 5316 5322 5328 5334 5340 5346 5352 5358 5364 5370 5376 5382 5388 5394 5400 5406 5412 5418 5424 5430 5436 5442 5448 5454 5460 5466 5472 5478 5484 5490 5496 5502 5508 5514 5520 5526 5532 5538 5544 5550 5556 5562 5568 5574 5580 5586 5592 5598 5604 5610 5616 5622 5628 5634 5640 5646 5652 5658 5664 5670 5676 5682 5688 5694 5700 5706 5712 5718 5724 5730 5736 5742 5748 5754 5760 5766 5772 5778 5784 5790 5796 5802 5808 5814 5820 5826 5832 5838 5844 5850 5856 5862 5868 5874 5880 5886 5892 5898 5904 5910 5916 5922 5928 5934 5940 5946 5952 5958 5964 5970 5976 5982 5988 5994 6000 6006 6012 6018 6024 6030 6036 6042 6048 6054 6060 6066 6072 6078 6084 6090 6096 6102 6108 6114 6120 6126 6132 6138 6144 6150 6156 6162 6168 6174 6180 6186 6192 6198 6204 6210 6216 6222 6228 6234 6240 6246 6252 6258 6264 6270 6276 6282 6288 6294 6300 6306 6312 6318 6324 6330 6336 6342 6348 6354 6360 6366 6372 6378 6384 6390 6396 6402 6408 6414 6420 6426 6432 6438 6444 6450 6456 6462 6468 6474 6480 6486 6492 6498 6504 6510 6516 6522 6528 6534 6540 6546 6552 6558 6564 6570 6576 6582 6588 6594 6600 6606 6612 6618 6624 6630 6636 6642 6648 6654 6660 6666 6672 6678 6684 6690 6696 6702 6708 6714 6720 6726 6732 6738 6744 6750 6756 6762 6768 6774 6780 6786 6792 6798 6804 6810 6816 6822 6828 6834 6840 6846 6852 6858 6864 6870 6876 6882 6888 6894 6900 6906 6912 6918 6924 6930 6936 6942 6948 6954 6960 6966 6972 6978 6984 6990 6996 7002 7008 7014 7020 7026 7032 7038 7044 7050 7056 7062 7068 7074 7080 7086 7092 7098 7104 7110 7116 7122 7128 7134 7140 7146 7152 7158 7164 7170 7176 7182 7188 7194 7200 7206 7212 7218 7224 7230 7236 7242 7248 7254 7260 7266 7272 7278 7284 7290 7296 7302 7308 7314 7320 7326 7332 7338 7344 7350 7356 7362 7368 7374 7380 7386 7392 7398 7404 7410 7416 7422 7428 7434 7440 7446 7452 7458 7464 7470 7476 7482 7488 7494 7500 7506 7512 7518 7524 7530 7536 7542 7548 7554 7560 7566 7572 7578 7584 7590 7596 7602 7608 7614 7620 7626 7632 7638 7644 7650 7656 7662 7668 7674 7680 7686 7692 7698 7704 7710 7716 7722 7728 7734 7740 7746 7752 7758 7764 7770 7776 7782 7788 7794 7800 7806 7812 7818 7824 7830 7836 7842 7848 7854 7860 7866 7872 7878 7884 7890 7896 7902 7908 7914 7920 7926 7932 7938 7944 7950 7956 7962 7968 7974 7980 7986 7992 7998 8004 8010 8016 8022 8028 8034 8040 8046 8052 8058 8064 8070 8076 8082 8088 8094 8100 8106 8112 8118 8124 8130 8136 8142 8148 8154 8160 8166 8172 8178 8184 8190 8196 8202 8208 8214 8220 8226 8232 8238 8244 8250 8256 8262 8268 8274 8280 8286 8292 8298 8304 8310 8316 8322 8328 8334 8340 8346 8352 8358 8364 8370 8376 8382 8388 8394 8400 8406 8412 8418 8424 8430 8436 8442 8448 8454 8460 8466 8472 8478 8484 8490 8496 8502 8508 8514 8520 8526 8532 8538 8544 8550 8556 8562 8568 8574 8580 8586 8592 8598 8604 8610 8616 8622 8628 8634 8640 8646 8652 8658 8664 8670 8676 8682 8688 8694 8700 8706 8712 8718 8724 8730 8736 8742 8748 8754 8760 8766 8772 8778 8784 8790 8796 8802 8808 8814 8820 8826 8832 8838 8844 8850 8856 8862 8868 8874 8880 8886 8892 8898 8904 8910 8916 8922 8928 8934 8940 8946 8952 8958 8964 8970 8976 8982 8988 8994 9000 9006 9012 9018 9024 9030 9036 9042 9048 9054 9060 9066 9072 9078 9084 9090 9096 9102 9108 9114 9120 9126 9132 9138 9144 9150 9156 9162 9168 9174 9180 9186 9192 9198 9204 9210 9216 9222 9228 9234 9240 9246 9252 9258 9264 9270 9276 9282 9288 9294 9300 9306 9312 9318 9324 9330 9336 9342 9348 9354 9360 9366 9372 9378 9384 9390 9396 9402 9408 9414 9420 9426 9432 9438 9444 9450 9456 9462 9468 9474 9480 9486 9492 9498 9504 9510 9516 9522 9528 9534 9540 9546 9552 9558 9564 9570 9576 9582 9588 9594 9600 9606 9612 9618 9624 9630 9636 9642 9648 9654 9660 9666 9672 9678 9684 9690 9696 9702 9708 9714 9720 9726 9732 9738 9744 9750 9756 9762 9768 9774 9780 9786 9792 9798 9804 9810 9816 9822 9828 9834 9840 9846 9852 9858 9864 9870 9876 9882 9888 9894 9900 9906 9912 9918 9924 9930 9936 9942 9948 9954 9960 9966 9972 9978 9984 9990 9996 10002 10008 10014 10020 10026 10032 10038 10044 10050 10056 10062 10068 10074 10080 10086 10092 10098 10104 10110 10116 10122 10128 10134 10140 10146 10152 10158 10164 10170 10176 10182 10188 10194 10200 10206 10212 10218 10224 10230 10236 10242 10248 10254 10260 10266 10272 10278 10284 10290 10296 10302 10308 10314 10320 10326 10332 10338 10344 10350 10356 10362 10368 10374 10380 10386 10392 10398 10404 10410 10416 10422 10428 10434 10440 10446 10452 10458 10464 10470 10476 10482 10488 10494 10500 10506 10512 10518 10524 10530 10536 10542 10548 10554 10560 10566 10572 10578 10584 10590 10596 10602 10608 10614 10620 10626 10632 10638 10644 10650 10656 10662 10668 10674 10680 10686 10692 10698 10704 10710 10716 10722 10728 10734 10740 10746 10752 10758 10764 10770 10776 10782 10788 10794 10800 10806 10812 10818 10824 10830 10836 10842 10848 10854 10860 10866 10872 10878 10884 10890 10896 10902 10908 10914 10920 10926 10932 10938 10944 10950 10956 10962 10968 10974 10980 10986 10992 10998 11004 11010 11016 11022 11028 11034 11040 11046 11052 11058 11064 11070 11076 11082 11088 11094 11100 11106 11112 11118 11124 11130 11136 11142 11148 11154 11160 11166 11172 11178 11184 11190 11196 11202 11208 11214 11220 11226 11232 11238 11244 11250 11256 11262 11268 11274 11280 11286 11292 11298 11304 11310 11316 11322 11328 11334 11340 11346 11352 11358 11364 11370 11376 11382 11388 11394 11400 11406 11412 11418 11424 11430 11436 11442 11448 11454 11460 11466 11472 11478 11484 11490 11496 11502 11508 11514 11520 11526 11532 11538 11544 11550 11556 11562 11568 11574 11580 11586 11592 11598 11604 11610 11616 11622 11628 11634 11640 11646 11652 11658 11664 11670 11676 11682 11688 11694 11700 11706 11712 11718 11724 11730 11736 11742 11748 11754 11760 11766 11772 11778 11784 11790 11796 11802 11808 11814 11820 11826 11832 11838 11844 11850 11856 11862 11868 11874 11880 11886 11892 11898 11904 11910 11916 11922 11928 11934 11940 11946 11952 11958 11964 11970 11976 11982 11988 11994 12000 12006 12012 12018 12024 12030 12036 12042 12048 12054 12060 12066 12072 12078 12084 12090 12096 12102 12108 12114 12120 12126 12132 12138 12144 12150 12156 12162 12168 12174 12180 12186 12192 12198 12204 12210 12216 12222 12228 12234 12240 12246 12252 12258 12264 12270 12276 12282 12288 12294 12300 12306 12312 12318 12324 12330 12336 12342 12348 12354 12360 12366 12372 12378 12384 12390 12396 12402 12408 12414 12420 12426 12432 12438 12444 12450 12456 12462 12468 12474 12480 12486 12492 12498 12504 12510 12516 12522 12528 12534 12540 12546 12552 12558 12564 12570 12576 12582 12588 12594 12600 12606 12612 12618 12624 12630 12636 12642 12648 12654 12660 12666 12672 12678 12684 12690 12696 12702 12708 12714 12720 12726 12732 12738 12744 12750 12756 12762 12768 12774 12780 12786 12792 12798 12804 12810 12816 12822 12828 12834 12840 12846 12852 12858 12864 12870 12876 12882 12888 12894 12900 12906 12912 12918 12924 12930 12936 12942 12948 12954 12960 12966 12972 12978 12984 12990 12996 13002 13008 13014 13020 13026 13032 13038 13044 13050 13056 13062 13068 13074 13080 13086 13092 13098 13104 13110 13116 13122 13128 13134 13140 13146 13152 13158 13164 13170 13176 13182 13188 13194 13200 13206 13212 13218 13224 13230 13236 13242 13248 13254 13260 13266 13272 13278 13284 13290 13296 13302 13308 13314 13320 13326 13332 13338 13344 13350 13356 13362 13368 13374 13380 13386 13392 13398 13404 13410 13416 13422 13428 13434 13440 13446 13452 13458 13464 13470 13476 13482 13488 13494 13500 13506 13512 13518 13524 13530 13536 13542 13548 13554 13560 13566 13572 13578 13584 13590 13596 13602 13608 13614 13620 13626 13632 13638 13644 13650 13656 13662 13668 13674 13680 13686 13692 13698 13704 13710 13716 13722 13728 13734 13740 13746 13752 13758 13764 13770 13776 13782 13788 13794 13800 13806 13812 13818 13824 13830 13836 13842 13848 13854 13860 13866 13872 13878 13884 13890 13896 13902 13908 13914 13920 13926 13932 13938 13944 13950 13956 13962 13968 13974 13980 13986 13992 13998 14004 14010 14016 14022 14028 14034 14040 14046 14052 14058 14064 14070 14076 14082 14088 14094 14100 14106 14112 14118 14124 14130 14136 14142 14148 14154 14160 14166 14172 14178 14184 14190 14196 14202 14208 14214 14220 14226 14232 14238 14244 14250 14256 14262 14268 14274 14280 14286 14292 14298 14304 14310 14316 14322 14328 14334 14340 14346 14352 14358 14364 14370 14376 14382 14388 14394 14400 14406 14412 14418 14424 14430 14436 14442 14448 14454 14460 14466 14472 14478 14484 14490 14496 14502 14508 14514 14520 14526 14532 14538 14544 14550 14556 14562 14568 14574 14580 14586 14592 14598 14604 14610 14616 14622 14628 14634 14640 14646 14652 14658 14664 14670 14676 14682 14688 14694 14700 14706 14712 14718 14724 14730 14736 14742 14748 14754 14760 14766 14772 14778 14784 14790 14796 14802 14808 14814 14820 14826 14832 14838 14844 14850 14856 14862 14868 14874 14880 14886 14892 14898 14904 14910 14916 14922 14928 14934 14940 14946 14952 14958 14964 14970 14976 14982 14988 14994 15000 15006 15012 15018 15024 15030 15036 15042 15048 15054 15060 15066 15072 15078 15084 15090 15096 15102 15108 15114 15120 15126 15132 15138 15144 15150 15156 15162 15168 15174 15180 15186 15192 15198 15204 15210 15216 15222 15228 15234 15240 15246 15252 15258 15264 15270 15276 15282 15288 15294 15300 15306 15312 15318 15324 15330 15336 15342 15348 15354 15360 15366 15372 15378 15384 15390 15396 15402 15408 15414 15420 15426 15432 15438 15444 15450 15456 15462 15468 15474 15480 15486 15492 15498 15504 15510 15516 15522 15528 15534 15540 15546 15552 15558 15564 15570 15576 15582 15588 15594 15600 15606 15612 15618 15624 15630 15636 15642 15648 15654 15660 15666 15672 15678 15684 15690 15696 15702 15708 15714 15720 15726 15732 15738 15744 15750 15756 15762 15768 15774 15780 15786 15792 15798 15804 15810 15816 15822 15828 15834 15840 15846 15852 15858 15864 15870 15876 15882 15888 15894 15900 15906 15912 15918 15924 15930 15936 15942 15948 15954 15960 15966 15972 15978 15984 15990 15996 16002 16008 16014 16020 16026 16032 16038 16044 16050 16056 16062 16068 16074 16080 16086 16092 16098 16104 16110 16116 16122 16128 16134 16140 16146 16152 16158 16164 16170 16176 16182 16188 16194 16200 16206 16212 16218 16224 16230 16236 16242 16248 16254 16260 16266 16272 16278 16284 16290 16296 16302 16308 16314 16320 16326 16332 16338 16344 16350 16356 16362 16368 16374 16380 16386 16392 16398 16404 16410 16416 16422 16428 16434 16440 16446 16452 16458 16464 16470 16476 16482 16488 16494 16500 16506 16512 16518 16524 16530 16536 16542 16548 16554 16560 16566 16572 16578 16584 16590 16596 16602 16608 16614 16620 16626 16632 16638 16644 16650 16656 16662 16668 16674 16680 16686 16692 16698 16704 16710 16716 16722 16728 16734 16740 16746 16752 16758 16764 16770 16776 16782 16788 16794 16800 16806 16812 16818 16824 16830 16836 16842 16848 16854 16860 16866 16872 16878 16884 16890 16896 16902 16908 16914 16920 16926 16932 16938 16944 16950 16956 16962 16968 16974 16980 16986 16992 16998 17004 17010 17016 17022 17028 17034 17040 17046 17052 17058 17064 17070 17076 17082 17088 17094 17100 17106 17112 17118 17124 17130 17136 17142 17148 17154 17160 17166 17172 17178 17184 17190 17196 17202 17208 17214 17220 17226 17232 17238 17244 17250 17256 17262 17268 17274 17280 17286 17292 17298 17304 17310 17316 17322 17328 17334 17340 17346 17352 17358 17364 17370 17376 17382 17388 17394 17400 17406 17412 17418 17424 17430 17436 17442 17448 17454 17460 17466 17472 17478 17484 17490 17496 17502 17508 17514 17520 17526 17532 17538 17544 17550 17556 17562 17568 17574 17580 17586 17592 17598 17604 17610 17616 17622 17628 17634 17640 17646 17652 17658 17664 17670 17676 17682 17688 17694 17700 17706 17712 17718 17724 17730 17736 17742 17748 17754 17760 17766 17772 17778 17784 17790 17796 17802 17808 17814 17820 17826 17832 17838 17844 17850 17856 17862 17868 17874 17880 17886 17892 17898 17904 17910 17916 17922 17928 17934 17940 17946 17952 17958 17964 17970 17976 17982 17988 17994 18000 18006 18012 18018 18024 18030 18036 18042 18048 18054 18060 18066 18072 18078 18084 18090 18096 18102 18108 18114 18120 18126 18132 18138 18144 18150 18156 18162 18168 18174 18180 18186 18192 18198 18204 18210 18216 18222 18228 18234 18240 18246 18252 18258 18264 18270 18276 18282 18288 18294 18300 18306 18312 18318 18324 18330 18336 18342 18348 18354 18360 18366 18372 18378 18384 18390 18396 18402 18408 18414 18420 18426 18432 18438 18444 18450 18456 18462 18468 18474 18480 18486 18492 18498 18504 18510 18516 18522 18528 18534 18540 18546 18552 18558 18564 18570 18576 18582 18588 18594 18600 18606 18612 18618 18624 18630 18636 18642 18648 18654 18660 18666 18672 18678 18684 18690 18696 18702 18708 18714 18720 18726 18732 18738 18744 18750 18756 18762 18768 18774 18780 18786 18792 18798 18804 18810 18816 18822 18828 18834 18840 18846 18852 18858 18864 18870 18876 18882 18888 18894 18900 18906 18912 18918 18924 18930 18936 18942 18948 18954 18960 18966 18972 18978 18984 18990 18996 19002 19008 19014 19020 19026 19032 19038 19044 19050 19056 19062 19068 19074 19080 19086 19092 19098 19104 19110 19116 19122 19128 19134 19140 19146 19152 19158 19164 19170 19176 19182 19188 19194 19200 19206 19212 19218 19224 19230 19236 19242 19248 19254 19260 19266 19272 19278 19284 19290 19296 19302 19308 19314 19320 19326 19332 19338 19344 19350 19356 19362 19368 19374 19380 19386 19392 19398 19404 19410 19416 19422 19428 19434 19440 19446 19452 19458 19464 19470 19476 19482 19488 19494 19500 19506 19512 19518 19524 19530 19536 19542 19548 19554 19560 19566 19572 19578 19584 19590 19596 19602 19608 19614 19620 19626 19632 19638 19644 19650 19656 19662 19668 19674 19680 19686 19692 19698 19704 19710 19716 19722 19728 19734 19740 19746 19752 19758 19764 19770 19776 19782 19788 19794 19800 19806 19812 19818 19824 19830 19836 19842 19848 19854 19860 19866 19872 19878 19884 19890 19896 19902 19908 19914 19920 19926 19932 19938 19944 19950 19956 19962 19968 19974 19980 19986 19992 19998 20004 20010 20016 20022 20028 20034 20040 20046 20052 20058 20064 20070 20076 20082 20088 20094 20100 20106 20112 20118 20124 20130 20136 20142 20148 20154 20160 20166 20172 20178 20184 20190 20196 20202 20208 20214 20220 20226 20232 20238 20244 20250 20256 20262 20268 20274 20280 20286 20292 20298 20304 20310 20316 20322 20328 20334 20340 20346 20352 20358 20364 20370 20376 20382 20388 20394 20400 20406 20412 20418 20424 20430 20436 20442 20448 20454 20460 20466 20472 20478 20484 20490 20496 20502 20508 20514 20520 20526 20532 20538 20544 20550 20556 20562 20568 20574 20580 20586 20592 20598 20604 20610 20616 20622 20628 20634 20640 20646 20652 20658 20664 20670 20676 20682 20688 20694 20700 20706 20712 20718 20724 20730 20736 20742 20748 20754 20760 20766 20772 20778 20784 20790 20796 20802 20808 20814 20820 20826 20832 20838 20844 20850 20856 20862 20868 20874 20880 20886 20892 20898 20904 20910 20916 20922 20928 20934 20940 20946 20952 20958 20964 20970 20976 20982 20988 20994 21000 21006 21012 21018 21024 21030 21036 21042 21048 21054 21060 21066 21072 21078 21084 21090 21096 21102 21108 21114 21120 21126 21132 21138 21144 21150 21156 21162 21168 21174 21180 21186 21192 21198 21204 21210 21216 21222 21228 21234 21240 21246 21252 21258 21264 21270 21276 21282 21288 21294 21300 21306 21312 21318 21324 21330 21336 21342 21348 21354 21360 21366 21372 21378 21384 21390 21396 21402 21408 21414 21420 21426 21432 21438 21444 21450 21456 21462 21468 21474 21480 21486 21492 21498 21504 21510 21516 21522 21528 21534 21540 21546 21552 21558 21564 21570 21576 21582 21588 21594 21600 21606 21612 21618 21624 21630 21636 21642 21648 21654 21660 21666 21672 21678 21684 21690 21696 21702 21708 21714 21720 21726 21732 21738 21744 21750 21756 21762 21768 21774 21780 21786 21792 21798 21804 21810 21816 21822 21828 21834 21840 21846 21852 21858 21864 21870 21876 21882 21888 21894 21900 21906 21912 21918 21924 21930 21936 21942 21948 21954 21960 21966 21972 21978 21984 21990 21996 22002 22008 22014 22020 22026 22032 22038 22044 22050 22056 22062 22068 22074 22080 22086 22092 22098 22104 22110 22116 22122 22128 22134 22140 22146 22152 22158 22164 22170 22176 22182 22188 22194 22200 22206 22212 22218 22224 22230 22236 22242 22248 22254 22260 22266 22272 22278 22284 22290 22296 22302 22308 22314 22320 22326 22332 22338 22344 22350 22356 22362 22368 22374 22380 22386 22392 22398 22404 22410 22416 22422 22428 22434 22440 22446 22452 22458 22464 22470 22476 22482 22488 22494 22500 22506 22512 22518 22524 22530 22536 22542 22548 22554 22560 22566 22572 22578 22584 22590 22596 22602 22608 22614 22620 22626 22632 22638 22644 22650 22656 22662 22668 22674 22680 22686 22692 22698 22704 22710 22716 22722 22728 22734 22740 22746 22752 22758 22764 22770 22776 22782 22788 22794 22800 22806 22812 22818 22824 22830 22836 22842 22848 22854 22860 22866 22872 22878 22884 22890 22896 22902 22908 22914 22920 22926 22932 22938 22944 22950 22956 22962 22968 22974 22980 22986 22992 22998 23004 23010 23016 23022 23028 23034 23040 23046 23052 23058 23064 23070 23076 23082 23088 23094 23100 23106 23112 23118 23124 23130 23136 23142 23148 23154 23160 23166 23172 23178 23184 23190 23196 23202 23208 23214 23220 23226 23232 23238 23244 23250 23256 23262 23268 23274 23280 23286 23292 23298 23304 23310 23316 23322 23328 23334 23340 23346 23352 23358 23364 23370 23376 23382 23388 23394 23400 23406 23412 23418 23424 23430 23436 23442 23448 23454 23460 23466 23472 23478 23484 23490 23496 23502 23508 23514 23520 23526 23532 23538 23544 23550 23556 23562 23568 23574 23580 23586 23592 23598 23604 23610 23616 23622 23628 23634 23640 23646 23652 23658 23664 23670 23676 23682 23688 23694 23700 23706 23712 23718 23724 23730 23736 23742 23748 23754 23760 23766 23772 23778 23784 23790 23796 23802 23808 23814 23820 23826 23832 23838 23844 23850 23856 23862 23868 23874 23880 23886 23892 23898 23904 23910 23916 23922 23928 23934 23940 23946 23952 23958 23964 23970 23976 23982 23988 23994 24000 24006 24012 24018 24024 24030 24036 24042 24048 24054 24060 24066 24072 24078 24084 24090 24096 24102 24108 24114 24120 24126 24132 24138 24144 24150 24156 24162 24168 24174 24180 24186 24192 24198 24204 24210 24216 24222 24228 24234 24240 24246 24252 24258 24264 24270 24276 24282 24288 24294 24300 24306 24312 24318 24324 24330 24336 24342 24348 24354 24360 24366 24372 24378 24384 24390 24396 24402 24408 24414 24420 24426 24432 24438 24444 24450 24456 24462 24468 24474 24480 24486 24492 24498 24504 24510 24516 24522 24528 24534 24540 24546 24552 24558 24564 24570 24576 24582 24588 24594 24600 24606 24612 24618 24624 24630 24636 24642 24648 24654 24660 24666 24672 24678 24684 24690 24696 24702 24708 24714 24720 24726 24732 24738 24744 24750 24756 24762 24768 24774 24780 24786 24792 24798 24804 24810 24816 24822 24828 24834 24840 24846 24852 24858 24864 24870 24876 24882 24888 24894 24900 24906 24912 24918 24924 24930 24936 24942 24948 24954 24960 24966 24972 24978 24984 24990 24996 25002 25008 25014 25020 25026 25032 25038 25044 25050 25056 25062 25068 25074 25080 25086 25092 25098 25104 25110 25116 25122 25128 25134 25140 25146 25152 25158 25164 25170 25176 25182 25188 25194 25200 25206 25212 25218 25224 25230 25236 25242 25248 25254 25260 25266 25272 25278 25284 25290 25296 25302 25308 25314 25320 25326 25332 25338 25344 25350 25356 25362 25368 25374 25380 25386 25392 25398 25404 25410 25416 25422 25428 25434 25440 25446 25452 25458 25464 25470 25476 25482 25488 25494 25500 25506 25512 25518 25524 25530 25536 25542 25548 25554 25560 25566 25572 25578 25584 25590 25596 25602 25608 25614 25620 25626 25632 25638 25644 25650 25656 25662 25668 25674 25680 25686 25692 25698 25704 25710 25716 25722 25728 25734 25740 25746 25752 25758 25764 25770 25776 25782 25788 25794 25800 25806 25812 25818 25824 25830 25836 25842 25848 25854 25860 25866 25872 25878 25884 25890 25896 25902 25908 25914 25920 25926 25932 25938 25944 25950 25956 25962 25968 25974 25980 25986 25992 25998 26004 26010 26016 26022 26028 26034 26040 26046 26052 26058 26064 26070 26076 26082 26088 26094 26100 26106 26112 26118 26124 26130 26136 26142 26148 26154 26160 26166 26172 26178 26184 26190 26196 26202 26208 26214 26220 26226 26232 26238 26244 26250 26256 26262 26268 26274 26280 26286 26292 26298 26304 26310 26316 26322 26328 26334 26340 26346 26352 26358 26364 26370 26376 26382 26388 26394 26400 26406 26412 26418 26424 26430 26436 26442 26448 26454 26460 26466 26472 26478 26484 26490 26496 26502 26508 26514 26520 26526 26532 26538 26544 26550 26556 26562 26568 26574 26580 26586 26592 26598 26604 26610 26616 26622 26628 26634 26640 26646 26652 26658 26664 26670 26676 26682 26688 26694 26700 26706 26712 26718 26724 26730 26736 26742 26748 26754 26760 26766 26772 </DataArray>
        <DataArray type="Int8" Name="types" format="ascii">69 69 69 69 69 69 69 69 69 69 69 69 69 69 69 69 69 69 69 69 69 69 69 69 69 69 69 69 69 69 69 69 69 69 69 69 69 69 69 69 69 69 69 69 69 69 69 69 69 69 69 69 69 69 69 69 69 69 69 69 69 69 69 69 69 69 69 69 69 69 69 69 69 69 69 69 69 69 69 69 69 69 69 69 69 69 69 69 69 69 69 69 69 69 69 69 69 69 69 69 69 69 69 69 69 69 69 69 69 69 69 69 69 69 69 69 69 69 69 69 69 69 69 69 69 69 69 69 69 69 69 69 69 69 69 69 69 69 69 69 69 69 69 69 69 69 69 69 69 69 69 69 69 69 69 69 69 69 69 69 69 69 69 69 69 69 69 69 69 69 69 69 69 69 69 69 69 69 69 69 69 69 69 69 69 69 69 69 69 69 69 69 69 69 69 69 69 69 69 69 69 69 69 69 69 69 69 69 69 69 69 69 69 69 69 69 69 69 69 69 69 69 69 69 69 69 69 69 69 69 69 69 69 69 69 69 69 69 69 69 69 69 69 69 69 69 69 69 69 69 69 69 69 69 69 69 69 69 69 69 69 69 69 69 69 69 69 69 69 69 69 69 69 69 69 69 69 69 69 69 69 69 69 69 69 69 69 69 69 69 69 69 69 69 69 69 69 69 69 69 69 69 69 69 69 69 69 69 69 69 69 69 69 69 69 69 69 69 69 69 69 69 69 69 69 69 69 69 69 69 69 69 69 69 69 69 69 69 69 69 69 69 69 69 69 69 69 69 69 69 69 69 69 69 69 69 69 69 69 69 69 69 69 69 69 69 69 69 69 69 69 69 69 69 69 69 69 69 69 69 69 69 69 69 69 69 69 69 69 69 69 69 69 69 69 69 69 69 69 69 69 69 69 69 69 69 69 69 69 69 69 69 69 69 69 69 69 69 69 69 69 69 69 69 69 69 69 69 69 69 69 69 69 69 69 69 69 69 69 69 69 69 69 69 69 69 69 69 69 69 69 69 69 69 69 69 69 69 69 69 69 69 69 69 69 69 69 69 69 69 69 69 69 69 69 69 69 69 69 69 69 69 69 69 69 69 69 69 69 69 69 69 69 69 69 69 69 69 69 69 69 69 69 69 69 69 69 69 69 69 69 69 69 69 69 69 69 69 69 69 69 69 69 69 69 69 69 69 69 69 69 69 69 69 69 69 69 69 69 69 69 69 69 69 69 69 69 69 69 69 69 69 69 69 69 69 69 69 69 69 69 69 69 69 69 69 69 69 69 69 69 69 69 69 69 69 69 69 69 69 69 69 69 69 69 69 69 69 69 69 69 69 69 69 69 69 69 69 69 69 69 69 69 69 69 69 69 69 69 69 69 69 69 69 69 69 69 69 69 69 69 69 69 69 69 69 69 69 69 69 69 69 69 69 69 69 69 69 69 69 69 69 69 69 69 69 69 69 69 69 69 69 69 69 69 69 69 69 69 69 69 69 69 69 69 69 69 69 69 69 69 69 69 69 69 69 69 69 69 69 69 69 69 69 69 69 69 69 69 69 69 69 69 69 69 69 69 69 69 69 69 69 69 69 69 69 69 69 69 69 69 69 69 69 69 69 69 69 69 69 69 69 69 69 69 69 69 69 69 69 69 69 69 69 69 69 69 69 69 69 69 69 69 69 69 69 69 69 69 69 69 69 69 69 69 69 69 69 69 69 69 69 69 69 69 69 69 69 69 69 69 69 69 69 69 69 69 69 69 69 69 69 69 69 69 69 69 69 69 69 69 69 69 69 69 69 69 69 69 69 69 69 69 69 69 69 69 69 69 69 69 69 69 69 69 69 69 69 69 69 69 69 69 69 69 69 69 69 69 69 69 69 69 69 69 69 69 69 69 69 69 69 69 69 69 69 69 69 69 69 69 69 69 69 69 69 69 69 69 69 69 69 69 69 69 69 69 69 69 69 69 69 69 69 69 69 69 69 69 69 69 69 69 69 69 69 69 69 69 69 69 69 69 69 69 69 69 69 69 69 69 69 69 69 69 69 69 69 69 69 69 69 69 69 69 69 69 69 69 69 69 69 69 69 69 69 69 69 69 69 69 69 69 69 69 69 69 69 69 69 69 69 69 69 69 69 69 69 69 69 69 69 69 69 69 69 69 69 69 69 69 69 69 69 69 69 69 69 69 69 69 69 69 69 69 69 69 69 69 69 69 69 69 69 69 69 69 69 69 69 69 69 69 69 69 69 69 69 69 69 69 69 69 69 69 69 69 69 69 69 69 69 69 69 69 69 69 69 69 69 69 69 69 69 69 69 69 69 69 69 69 69 69 69 69 69 69 69 69 69 69 69 69 69 69 69 69 69 69 69 69 69 69 69 69 69 69 69 69 69 69 69 69 69 69 69 69 69 69 69 69 69 69 69 69 69 69 69 69 69 69 69 69 69 69 69 69 69 69 69 69 69 69 69 69 69 69 69 69 69 69 69 69 69 69 69 69 69 69 69 69 69 69 69 69 69 69 69 69 69 69 69 69 69 69 69 69 69 69 69 69 69 69 69 69 69 69 69 69 69 69 69 69 69 69 69 69 69 69 69 69 69 69 69 69 69 69 69 69 69 69 69 69 69 69 69 69 69 69 69 69 69 69 69 69 69 69 69 69 69 69 69 69 69 69 69 69 69 69 69 69 69 69 69 69 69 69 69 69 69 69 69 69 69 69 69 69 69 69 69 69 69 69 69 69 69 69 69 69 69 69 69 69 69 69 69 69 69 69 69 69 69 69 69 69 69 69 69 69 69 69 69 69 69 69 69 69 69 69 69 69 69 69 69 69 69 69 69 69 69 69 69 69 69 69 69 69 69 69 69 69 69 69 69 69 69 69 69 69 69 69 69 69 69 69 69 69 69 69 69 69 69 69 69 69 69 69 69 69 69 69 69 69 69 69 69 69 69 69 69 69 69 69 69 69 69 69 69 69 69 69 69 69 69 69 69 69 69 69 69 69 69 69 69 69 69 69 69 69 69 69 69 69 69 69 69 69 69 69 69 69 69 69 69 69 69 69 69 69 69 69 69 69 69 69 69 69 69 69 69 69 69 69 69 69 69 69 69 69 69 69 69 69 69 69 69 69 69 69 69 69 69 69 69 69 69 69 69 69 69 69 69 69 69 69 69 69 69 69 69 69 69 69 69 69 69 69 69 69 69 69 69 69 69 69 69 69 69 69 69 69 69 69 69 69 69 69 69 69 69 69 69 69 69 69 69 69 69 69 69 69 69 69 69 69 69 69 69 69 69 69 69 69 69 69 69 69 69 69 69 69 69 69 69 69 69 69 69 69 69 69 69 69 69 69 69 69 69 69 69 69 69 69 69 69 69 69 69 69 69 69 69 69 69 69 69 69 69 69 69 69 69 69 69 69 69 69 69 69 69 69 69 69 69 69 69 69 69 69 69 69 69 69 69 69 69 69 69 69 69 69 69 69 69 69 69 69 69 69 69 69 69 69 69 69 69 69 69 69 69 69 69 69 69 69 69 69 69 69 69 69 69 69 69 69 69 69 69 69 69 69 69 69 69 69 69 69 69 69 69 69 69 69 69 69 69 69 69 69 69 69 69 69 69 69 69 69 69 69 69 69 69 69 69 69 69 69 69 69 69 69 69 69 69 69 69 69 69 69 69 69 69 69 69 69 69 69 69 69 69 69 69 69 69 69 69 69 69 69 69 69 69 69 69 69 69 69 69 69 69 69 69 69 69 69 69 69 69 69 69 69 69 69 69 69 69 69 69 69 69 69 69 69 69 69 69 69 69 69 69 69 69 69 69 69 69 69 69 69 69 69 69 69 69 69 69 69 69 69 69 69 69 69 69 69 69 69 69 69 69 69 69 69 69 69 69 69 69 69 69 69 69 69 69 69 69 69 69 69 69 69 69 69 69 69 69 69 69 69 69 69 69 69 69 69 69 69 69 69 69 69 69 69 69 69 69 69 69 69 69 69 69 69 69 69 69 69 69 69 69 69 69 69 69 69 69 69 69 69 69 69 69 69 69 69 69 69 69 69 69 69 69 69 69 69 69 69 69 69 69 69 69 69 69 69 69 69 69 69 69 69 69 69 69 69 69 69 69 69 69 69 69 69 69 69 69 69 69 69 69 69 69 69 69 69 69 69 69 69 69 69 69 69 69 69 69 69 69 69 69 69 69 69 69 69 69 69 69 69 69 69 69 69 69 69 69 69 69 69 69 69 69 69 69 69 69 69 69 69 69 69 69 69 69 69 69 69 69 69 69 69 69 69 69 69 69 69 69 69 69 69 69 69 69 69 69 69 69 69 69 69 69 69 69 69 69 69 69 69 69 69 69 69 69 69 69 69 69 69 69 69 69 69 69 69 69 69 69 69 69 69 69 69 69 69 69 69 69 69 69 69 69 69 69 69 69 69 69 69 69 69 69 69 69 69 69 69 69 69 69 69 69 69 69 69 69 69 69 69 69 69 69 69 69 69 69 69 69 69 69 69 69 69 69 69 69 69 69 69 69 69 69 69 69 69 69 69 69 69 69 69 69 69 69 69 69 69 69 69 69 69 69 69 69 69 69 69 69 69 69 69 69 69 69 69 69 69 69 69 69 69 69 69 69 69 69 69 69 69 69 69 69 69 69 69 69 69 69 69 69 69 69 69 69 69 69 69 69 69 69 69 69 69 69 69 69 69 69 69 69 69 69 69 69 69 69 69 69 69 69 69 69 69 69 69 69 69 69 69 69 69 69 69 69 69 69 69 69 69 69 69 69 69 69 69 69 69 69 69 69 69 69 69 69 69 69 69 69 69 69 69 69 69 69 69 69 69 69 69 69 69 69 69 69 69 69 69 69 69 69 69 69 69 69 69 69 69 69 69 69 69 69 69 69 69 69 69 69 69 69 69 69 69 69 69 69 69 69 69 69 69 69 69 69 69 69 69 69 69 69 69 69 69 69 69 69 69 69 69 69 69 69 69 69 69 69 69 69 69 69 69 69 69 69 69 69 69 69 69 69 69 69 69 69 69 69 69 69 69 69 69 69 69 69 69 69 69 69 69 69 69 69 69 69 69 69 69 69 69 69 69 69 69 69 69 69 69 69 69 69 69 69 69 69 69 69 69 69 69 69 69 69 69 69 69 69 69 69 69 69 69 69 69 69 69 69 69 69 69 69 69 69 69 69 69 69 69 69 69 69 69 69 69 69 69 69 69 69 69 69 69 69 69 69 69 69 69 69 69 69 69 69 69 69 69 69 69 69 69 69 69 69 69 69 69 69 69 69 69 69 69 69 69 69 69 69 69 69 69 69 69 69 69 69 69 69 69 69 69 69 69 69 69 69 69 69 69 69 69 69 69 69 69 69 69 69 69 69 69 69 69 69 69 69 69 69 69 69 69 69 69 69 69 69 69 69 69 69 69 69 69 69 69 69 69 69 69 69 69 69 69 69 69 69 69 69 69 69 69 69 69 69 69 69 69 69 69 69 69 69 69 69 69 69 69 69 69 69 69 69 69 69 69 69 69 69 69 69 69 69 69 69 69 69 69 69 69 69 69 69 69 69 69 69 69 69 69 69 69 69 69 69 69 69 69 69 69 69 69 69 69 69 69 69 69 69 69 69 69 69 69 69 69 69 69 69 69 69 69 69 69 69 69 69 69 69 69 69 69 69 69 69 69 69 69 69 69 69 69 69 69 69 69 69 69 69 69 69 69 69 69 69 69 69 69 69 69 69 69 69 69 69 69 69 69 69 69 69 69 69 69 69 69 69 69 69 69 69 69 69 69 69 69 69 69 69 69 69 69 69 69 69 69 69 69 69 69 69 69 69 69 69 69 69 69 69 69 69 69 69 69 69 69 69 69 69 69 69 69 69 69 69 69 69 69 69 69 69 69 69 69 69 69 69 69 69 69 69 69 69 69 69 69 69 69 69 69 69 69 69 69 69 69 69 69 69 69 69 69 69 69 69 69 69 69 69 69 69 69 69 69 69 69 69 69 69 69 69 69 69 69 69 69 69 69 69 69 69 69 69 69 69 69 69 69 69 69 69 69 69 69 69 69 69 69 69 69 69 69 69 69 69 69 69 69 69 69 69 69 69 69 69 69 69 69 69 69 69 69 69 69 69 69 69 69 69 69 69 69 69 69 69 69 69 69 69 69 69 69 69 69 69 69 69 69 69 69 69 69 69 69 69 69 69 69 69 69 69 69 69 69 69 69 69 69 69 69 69 69 69 69 69 69 69 69 69 69 69 69 69 69 69 69 69 69 69 69 69 69 69 69 69 69 69 69 69 69 69 69 69 69 69 69 69 69 69 69 69 69 69 69 69 69 69 69 69 69 69 69 69 69 69 69 69 69 69 69 69 69 69 69 69 69 69 69 69 69 69 69 69 69 69 69 69 69 69 69 69 69 69 69 69 69 69 69 69 69 69 69 69 69 69 69 69 69 69 69 69 69 69 69 69 69 69 69 69 69 69 69 69 69 69 69 69 69 69 69 69 69 69 69 69 69 69 69 69 69 69 69 69 69 69 69 69 69 69 69 69 69 69 69 69 69 69 69 69 69 69 69 69 69 69 69 69 69 69 69 69 69 69 69 69 69 69 69 69 69 69 69 69 69 69 69 69 69 69 69 69 69 69 69 69 69 69 69 69 69 69 69 69 69 69 69 69 69 69 69 69 69 69 69 69 69 69 69 69 69 69 69 69 69 69 69 69 69 69 69 69 69 69 69 69 69 69 69 69 69 69 69 69 69 69 69 69 69 69 69 69 69 69 69 69 69 69 69 69 69 69 69 69 69 69 69 69 69 69 69 69 69 69 69 69 69 69 69 69 69 69 69 69 69 69 69 69 69 69 69 69 69 69 69 69 69 69 69 69 69 69 69 69 69 69 69 69 69 69 69 69 69 69 69 69 69 69 69 69 69 69 69 69 69 69 69 69 69 69 69 69 69 69 69 69 69 69 69 69 69 69 69 69 69 69 69 69 69 69 69 69 69 69 69 69 69 69 69 69 69 69 69 69 69 69 69 69 69 69 69 69 69 69 69 69 69 69 69 69 69 69 69 69 69 69 69 69 69 69 69 69 69 69 69 69 69 69 69 69 69 69 69 69 69 69 69 69 69 69 69 69 69 69 69 69 69 69 69 69 69 69 69 69 69 69 69 69 69 69 69 69 69 69 69 69 69 69 69 69 69 69 69 69 69 69 69 69 69 69 69 69 69 69 69 69 69 69 69 69 69 69 69 69 69 69 69 69 69 69 69 69 69 69 69 69 69 69 69 69 69 69 69 69 69 69 69 69 69 69 69 69 69 69 69 69 69 69 69 69 69 69 69 69 69 69 69 69 69 69 69 69 69 69 69 69 69 69 69 69 69 69 69 69 69 69 69 69 69 69 69 69 69 69 69 69 69 69 69 69 69 69 69 69 69 69 69 69 69 69 69 69 69 69 69 69 69 69 69 69 69 69 69 69 69 69 69 69 69 69 69 69 69 69 69 69 69 69 69 69 69 69 69 69 69 69 69 69 69 69 69 69 69 69 69 69 69 69 69 69 69 69 69 69 69 69 69 69 69 69 69 69 69 69 69 69 69 69 69 69 69 69 69 69 69 69 69 69 69 69 69 69 69 69 69 69 69 69 69 69 69 69 69 69 69 69 69 69 69 69 69 69 69 69 69 69 69 69 69 69 69 69 69 69 69 69 69 69 69 69 69 69 69 69 69 69 69 69 69 69 69 69 69 69 69 69 69 69 69 69 69 69 69 69 69 69 69 69 69 69 69 69 69 69 69 69 69 69 69 69 69 69 69 69 69 69 69 69 69 69 69 69 69 69 69 69 69 69 69 69 69 69 69 69 69 69 69 69 69 69 69 69 69 69 69 69 69 69 69 69 69 69 69 69 69 69 69 69 69 69 69 69 69 69 69 69 69 69 69 69 69 69 69 69 69 69 69 69 69 69 69 69 69 69 69 69 69 69 69 69 69 69 69 69 69 69 69 69 69 69 69 69 69 69 69 69 69 69 69 69 69 69 69 69 69 69 69 69 69 69 69 69 69 69 69 69 69 69 69 69 69 69 69 69 69 69 69 69 69 69 69 69 69 69 69 69 69 69 69 69 69 69 69 69 69 69 69 69 69 69 69 69 69 69 69 69 69 69 69 69 69 69 69 69 69 69 69 69 69 69 69 69 69 69 69 69 69 69 69 69 69 69 69 69 69 69 69 69 69 69 69 69 69 69 69 69 69 69 69 69 69 69 69 69 69 69 69 69 69 69 69 69 69 69 69 69 69 69 69 69 69 69 69 69 69 69 69 69 69 69 69 69 69 69 69 69 69 69 69 69 69 69 69 69 69 69 69 69 69 69 69 69 69 69 69 69 69 69 69 69 69 69 69 69 69 69 69 69 69 69 69 69 69 69 69 69 69 69 69 69 69 69 69 69 69 69 69 69 69 69 69 69 69 69 69 69 69 69 69 69 69 69 69 69 69 69 69 69 69 69 69 69 69 69 69 69 69 69 69 69 69 69 69 69 69 69 69 69 69 69 69 69 69 69 69 69 69 69 69 69 69 69 69 69 69 69 69 69 69 69 69 69 69 69 69 69 69 69 69 69 69 69 69 69 69 69 69 69 69 69 69 69 69 69 69 69 69 69 69 69 69 69 69 69 69 69 69 69 69 69 69 69 69 69 69 69 69 69 69 69 69 69 69 69 69 69 69 69 69 69 69 69 69 69 69 69 69 69 69 69 69 69 69 69 69 69 69 69 69 69 69 69 69 69 69 69 69 69 69 69 69 69 69 69 69 69 69 69 69 69 69 69 69 69 69 69 69 69 69 69 69 69 69 69 69 69 69 69 69 69 69 69 69 69 69 69 69 69 69 69 69 69 69 69 69 69 69 69 69 69 69 69 69 69 69 69 69 69 69 69 69 69 69 69 69 69 69 69 69 69 69 69 69 69 69 69 69 69 69 69 69 69 69 69 69 69 69 69 69 69 69 69 69 69 69 69 69 69 69 69 69 69 69 69 69 69 69 69 69 69 69 69 69 69 69 69 69 69 69 69 69 69 69 69 69 69 69 69 69 69 69 69 69 69 69 69 69 69 69 69 69 69 69 69 69 69 69 69 69 69 69 69 69 69 69 69 69 69 69 69 69 69 69 69 69 69 69 69 69 69 69 69 69 69 69 69 69 69 69 69 69 69 69 69 69 69 69 69 69 69 69 69 69 69 69 69 69 69 69 69 69 69 69 69 69 69 69 69 69 69 69 69 69 69 69 69 69 69 69 69 69 69 69 69 69 69 69 69 69 69 69 69 69 69 69 69 69 69 69 69 69 69 69 69 69 69 69 69 69 69 69 69 69 69 69 69 69 69 69 69 69 69 69 69 69 69 69 69 69 69 69 69 69 69 69 69 69 69 69 69 69 69 69 69 69 69 69 69 69 69 69 69 69 69 69 69 69 69 69 69 69 69 69 69 69 69 69 69 69 69 69 69 69 69 69 69 69 69 69 69 69 69 69 69 69 69 69 69 69 69 69 69 69 69 69 69 69 69 69 69 69 69 69 69 69 69 69 69 69 69 69 69 69 69 69 69 69 69 69 69 69 69 69 69 69 69 69 69 69 69 69 69 69 69 69 69 69 69 69 69 69 69 69 69 69 69 69 69 69 69 69 69 69 69 69 69 69 69 69 69 69 69 69 69 69 69 69 69 69 69 69 69 69 69 69 69 69 69 69 69 69 69 69 69 69 69 69 69 69 69 69 69 69 69 69 69 69 69 69 69 69 69 69 69 69 69 69 69 69 69 69 69 69 69 69 69 69 69 69 69 69 69 69 69 69 69 69 69 69 69 69 69 69 69 69 69 69 69 69 69 69 69 69 69 69 69 69 69 69 69 69 69 69 69 69 69 69 69 69 69 69 69 69 69 69 69 69 69 69 69 69 69 69 69 69 69 69 69 69 69 69 69 69 69 69 69 69 69 69 69 69 69 69 69 69 69 69 69 69 69 69 69 69 69 69 69 69 69 69 69 69 69 69 69 69 69 </DataArray>
      </Cells>
      <CellData>
        <DataArray type="UInt8" Name="vtkGhostType" format="ascii" RangeMin="0" RangeMax="1">0 0 0 0 0 0 0 0 0 0 0 0 0 0 0 0 0 0 0 0 0 0 0 0 0 0 0 0 0 0 0 0 0 0 0 0 0 0 0 0 0 0 0 0 0 0 0 0 0 0 0 0 0 0 0 0 0 0 0 0 0 0 0 0 0 0 0 0 0 0 0 0 0 0 0 0 0 0 0 0 0 0 0 0 0 0 0 0 0 0 0 0 0 0 0 0 0 0 0 0 0 0 0 0 0 0 0 0 0 0 0 0 0 0 0 0 0 0 0 0 0 0 0 0 0 0 0 0 0 0 0 0 0 0 0 0 0 0 0 0 0 0 0 0 0 0 0 0 0 0 0 0 0 0 0 0 0 0 0 0 0 0 0 0 0 0 0 0 0 0 0 0 0 0 0 0 0 0 0 0 0 0 0 0 0 0 0 0 0 0 0 0 0 0 0 0 0 0 0 0 0 0 0 0 0 0 0 0 0 0 0 0 0 0 0 0 0 0 0 0 0 0 0 0 0 0 0 0 0 0 0 0 0 0 0 0 0 0 0 0 0 0 0 0 0 0 0 0 0 0 0 0 0 0 0 0 0 0 0 0 0 0 0 0 0 0 0 0 0 0 0 0 0 0 0 0 0 0 0 0 0 0 0 0 0 0 0 0 0 0 0 0 0 0 0 0 0 0 0 0 0 0 0 0 0 0 0 0 0 0 0 0 0 0 0 0 0 0 0 0 0 0 0 0 0 0 0 0 0 0 0 0 0 0 0 0 0 0 0 0 0 0 0 0 0 0 0 0 0 0 0 0 0 0 0 0 0 0 0 0 0 0 0 0 0 0 0 0 0 0 0 0 0 0 0 0 0 0 0 0 0 0 0 0 0 0 0 0 0 0 0 0 0 0 0 0 0 0 0 0 0 0 0 0 0 0 0 0 0 0 0 0 0 0 0 0 0 0 0 0 0 0 0 0 0 0 0 0 0 0 0 0 0 0 0 0 0 0 0 0 0 0 0 0 0 0 0 0 0 0 0 0 0 0 0 0 0 0 0 0 0 0 0 0 0 0 0 0 0 0 0 0 0 0 0 0 0 0 0 0 0 0 0 0 0 0 0 0 0 0 0 0 0 0 0 0 0 0 0 0 0 0 0 0 0 0 0 0 0 0 0 0 0 0 0 0 0 0 0 0 0 0 0 0 0 0 0 0 0 0 0 0 0 0 0 0 0 0 0 0 0 0 0 0 0 0 0 0 0 0 0 0 0 0 0 0 0 0 0 0 0 0 0 0 0 0 0 0 0 0 0 0 0 0 0 0 0 0 0 0 0 0 0 0 0 0 0 0 0 0 0 0 0 0 0 0 0 0 0 0 0 0 0 0 0 0 0 0 0 0 0 0 0 0 0 0 0 0 0 0 0 0 0 0 0 0 0 0 0 0 0 0 0 0 0 0 0 0 0 0 0 0 0 0 0 0 0 0 0 0 0 0 0 0 0 0 0 0 0 0 0 0 0 0 0 0 0 0 0 0 0 0 0 0 0 0 0 0 0 0 0 0 0 0 0 0 0 0 0 0 0 0 0 0 0 0 0 0 0 0 0 0 0 0 0 0 0 0 0 0 0 0 0 0 0 0 0 0 0 0 0 0 0 0 0 0 0 0 0 0 0 0 0 0 0 0 0 0 0 0 0 0 0 0 0 0 0 0 0 0 0 0 0 0 0 0 0 0 0 0 0 0 0 0 0 0 0 0 0 0 0 0 0 0 0 0 0 0 0 0 0 0 0 0 0 0 0 0 0 0 0 0 0 0 0 0 0 0 0 0 0 0 0 0 0 0 0 0 0 0 0 0 0 0 0 0 0 0 0 0 0 0 0 0 0 0 0 0 0 0 0 0 0 0 0 0 0 0 0 0 0 0 0 0 0 0 0 0 0 0 0 0 0 0 0 0 0 0 0 0 0 0 0 0 0 0 0 0 0 0 0 0 0 0 0 0 0 0 0 0 0 0 0 0 0 0 0 0 0 0 0 0 0 0 0 0 0 0 0 0 0 0 0 0 0 0 0 0 0 0 0 0 0 0 0 0 0 0 0 0 0 0 0 0 0 0 0 0 0 0 0 0 0 0 0 0 0 0 0 0 0 0 0 0 0 0 0 0 0 0 0 0 0 0 0 0 0 0 0 0 0 0 0 0 0 0 0 0 0 0 0 0 0 0 0 0 0 0 0 0 0 0 0 0 0 0 0 0 0 0 0 0 0 0 0 0 0 0 0 0 0 0 0 0 0 0 0 0 0 0 0 0 0 0 0 0 0 0 0 0 0 0 0 0 0 0 0 0 0 0 0 0 0 0 0 0 0 0 0 0 0 0 0 0 0 0 0 0 0 0 0 0 0 0 0 0 0 0 0 0 0 0 0 0 0 0 0 0 0 0 0 0 0 0 0 0 0 0 0 0 0 0 0 0 0 0 0 0 0 0 0 0 0 0 0 0 0 0 0 0 0 0 0 0 0 0 0 0 0 0 0 0 0 0 0 0 0 0 0 0 0 0 0 0 0 0 0 0 0 0 0 0 0 0 0 0 0 0 0 0 0 0 0 0 0 0 0 0 0 0 0 0 0 0 0 0 0 0 0 0 0 0 0 0 0 0 0 0 0 0 0 0 0 0 0 0 0 0 0 0 0 0 0 0 0 0 0 0 0 0 0 0 0 0 0 0 0 0 0 0 0 0 0 0 0 0 0 0 0 0 0 0 0 0 0 0 0 0 0 0 0 0 0 0 0 0 0 0 0 0 0 0 0 0 0 0 0 0 0 0 0 0 0 0 0 0 0 0 0 0 0 0 0 0 0 0 0 0 0 0 0 0 0 0 0 0 0 0 0 0 0 0 0 0 0 0 0 0 0 0 0 0 0 0 0 0 0 0 0 0 0 0 0 0 0 0 0 0 0 0 0 0 0 0 0 0 0 0 0 0 0 0 0 0 0 0 0 0 0 0 0 0 0 0 0 0 0 0 0 0 0 0 0 0 0 0 0 0 0 0 0 0 0 0 0 0 0 0 0 0 0 0 0 0 0 0 0 0 0 0 0 0 0 0 0 0 0 0 0 0 0 0 0 0 0 0 0 0 0 0 0 0 0 0 0 0 0 0 0 0 0 0 0 0 0 0 0 0 0 0 0 0 0 0 0 0 0 0 0 0 0 0 0 0 0 0 0 0 0 0 0 0 0 0 0 0 0 0 0 0 0 0 0 0 0 0 0 0 0 0 0 0 0 0 0 0 0 0 0 0 0 0 0 0 0 0 0 0 0 0 0 0 0 0 0 0 0 0 0 0 0 0 0 0 0 0 0 0 0 0 0 0 0 0 0 0 0 0 0 0 0 0 0 0 0 0 0 0 0 0 0 0 0 0 0 0 0 0 0 0 0 0 0 0 0 0 0 0 0 0 0 0 0 0 0 0 0 0 0 0 0 0 0 0 0 0 0 0 0 0 0 0 0 0 0 0 0 0 0 0 0 0 0 0 0 0 0 0 0 0 0 0 0 0 0 0 0 0 0 0 0 0 0 0 0 0 0 0 0 0 0 0 0 0 0 0 0 0 0 0 0 0 0 0 0 0 0 0 0 0 0 0 0 0 0 0 0 0 0 0 0 0 0 0 0 0 0 0 0 0 0 0 0 0 0 0 0 0 0 0 0 0 0 0 0 0 0 0 0 0 0 0 0 0 0 0 0 0 0 0 0 0 0 0 0 0 0 0 0 0 0 0 0 0 0 0 0 0 0 0 0 0 0 0 0 0 0 0 0 0 0 0 0 0 0 0 0 0 0 0 0 0 0 0 0 0 0 0 0 0 0 0 0 0 0 0 0 0 0 0 0 0 0 0 0 0 0 0 0 0 0 0 0 0 0 0 0 0 0 0 0 0 0 0 0 0 0 0 0 0 0 0 0 0 0 0 0 0 0 0 0 0 0 0 0 0 0 0 0 0 0 0 0 0 0 0 0 0 0 0 0 0 0 0 0 0 0 0 0 0 0 0 0 0 0 0 0 0 0 0 0 0 0 0 0 0 0 0 0 0 0 0 0 0 0 0 0 0 0 0 0 0 0 0 0 0 0 0 0 0 0 0 0 0 0 0 0 0 0 0 0 0 0 0 0 0 0 0 0 0 0 0 0 0 0 0 0 0 0 0 0 0 0 0 0 0 0 0 0 0 0 0 0 0 0 0 0 0 0 0 0 0 0 0 0 0 0 0 0 0 0 0 0 0 0 0 0 0 0 0 0 0 0 0 0 0 0 0 0 0 0 0 0 0 0 0 0 0 0 0 0 0 0 0 0 0 0 0 0 0 0 0 0 0 0 0 0 0 0 0 0 0 0 0 0 0 0 0 0 0 0 0 0 0 0 0 0 0 0 0 0 0 0 0 0 0 0 0 0 0 0 0 0 0 0 0 0 0 0 0 0 0 0 0 0 0 0 0 0 0 0 0 0 0 0 0 0 0 0 0 0 0 0 0 0 0 0 0 0 0 0 0 0 0 0 0 0 0 0 0 0 0 0 0 0 0 0 0 0 0 0 0 0 0 0 0 0 0 0 0 0 0 0 0 0 0 0 0 0 0 0 0 0 0 0 0 0 0 0 0 0 0 0 0 0 0 0 0 0 0 0 0 0 0 0 0 0 0 0 0 0 0 0 0 0 0 0 0 0 0 0 0 0 0 0 0 0 0 0 0 0 0 0 0 0 0 0 0 0 0 0 0 0 0 0 0 0 0 0 0 0 0 0 0 0 0 0 0 0 0 0 0 0 0 0 0 0 0 0 0 0 0 0 0 0 0 0 0 0 0 0 0 0 0 0 0 0 0 0 0 0 0 0 0 0 0 0 0 0 0 0 0 0 0 0 0 0 0 0 0 0 0 0 0 0 0 0 0 0 0 0 0 0 0 0 0 0 0 0 0 0 0 0 0 0 0 0 0 0 0 0 0 0 0 0 0 0 0 0 0 0 0 0 0 0 0 0 0 0 0 0 0 0 0 0 0 0 0 0 0 0 0 0 0 0 0 0 0 0 0 0 0 0 0 0 0 0 0 0 0 0 0 0 0 0 0 0 0 0 0 0 0 0 0 0 0 0 0 0 0 0 0 0 0 0 0 0 0 0 0 0 0 0 0 0 0 0 0 0 0 0 0 0 0 0 0 0 0 0 0 0 0 0 0 0 0 0 0 0 0 0 0 0 0 0 0 0 0 0 0 0 0 0 0 0 0 0 0 0 0 0 0 0 0 0 0 0 0 0 0 0 0 0 0 0 0 0 0 0 0 0 0 0 0 0 0 0 0 0 0 0 0 0 0 0 0 0 0 0 0 0 0 0 0 0 0 0 0 0 0 0 0 0 0 0 0 0 0 0 0 0 0 0 0 0 0 0 0 0 0 0 0 0 0 0 0 0 0 0 0 0 0 0 0 0 0 0 0 0 0 0 0 0 0 0 0 0 0 0 0 0 0 0 0 0 0 0 0 0 0 0 0 0 0 0 0 0 0 0 0 0 0 0 0 0 0 0 0 0 0 0 0 0 0 0 0 0 0 0 0 0 0 0 0 0 0 0 0 0 0 0 0 0 0 0 0 0 0 0 0 0 0 0 0 0 0 0 0 0 0 0 0 0 0 0 0 0 0 0 0 0 0 0 0 0 0 0 0 0 0 0 0 0 0 0 0 0 0 0 0 0 0 0 0 0 0 0 0 0 0 0 0 0 0 0 0 0 0 0 0 0 0 0 0 0 0 0 0 0 0 0 0 0 0 0 0 0 0 0 0 0 0 0 0 0 0 0 0 0 0 0 0 0 0 0 0 0 0 0 0 0 0 0 0 0 0 0 0 0 0 0 0 0 0 0 0 0 0 0 0 0 0 0 0 0 0 0 0 0 0 0 0 0 0 0 0 0 0 0 0 0 0 0 0 0 0 0 0 0 0 0 0 0 0 0 0 0 0 0 0 0 0 0 0 0 0 0 0 0 0 0 0 0 0 0 0 0 0 0 0 0 0 0 0 0 0 0 0 0 0 0 0 0 0 0 0 0 0 0 0 0 0 0 0 0 0 0 0 0 0 0 0 0 0 0 0 0 0 0 0 0 0 0 0 0 0 0 0 0 0 0 0 0 0 0 0 0 0 0 0 0 0 0 0 0 0 0 0 0 0 0 0 0 0 0 0 0 0 0 0 0 0 0 0 0 0 0 0 0 0 0 0 0 0 0 0 0 0 0 0 0 0 0 0 0 0 0 0 0 0 0 0 0 0 0 0 0 0 0 0 0 0 0 0 0 0 0 0 0 0 0 0 0 0 0 0 0 0 0 0 0 0 0 0 0 0 0 0 0 0 0 0 0 0 0 0 0 0 0 0 0 0 0 0 0 0 0 0 0 0 0 0 0 0 0 0 0 0 0 0 0 0 0 0 0 0 0 0 0 0 0 0 0 0 0 0 0 0 0 0 0 0 0 0 0 0 0 0 0 0 0 0 0 0 0 0 0 0 0 0 0 0 0 0 0 0 0 0 0 0 0 0 0 0 0 0 0 0 0 0 0 0 0 0 0 0 0 0 0 0 0 0 0 0 0 0 0 0 0 0 0 0 0 0 0 0 0 0 0 0 0 0 0 0 0 0 0 0 0 0 0 0 0 0 0 0 0 0 0 0 0 0 0 0 0 0 0 0 0 0 0 0 0 0 0 0 0 0 0 0 0 0 0 0 0 0 0 0 0 0 0 0 0 0 0 0 0 0 0 0 0 0 0 0 0 0 0 0 0 0 0 0 0 0 0 0 0 0 0 0 0 0 0 0 0 0 0 0 0 0 0 0 0 0 0 0 0 0 0 0 0 0 0 0 0 0 0 0 0 0 0 0 0 0 0 0 0 0 0 0 0 0 0 0 0 0 0 0 0 0 0 0 0 0 0 0 0 0 0 0 0 0 0 0 0 0 0 0 0 0 0 0 0 0 0 0 0 0 0 0 0 0 0 0 0 0 0 0 0 0 0 0 0 0 0 0 0 0 0 0 0 0 0 0 0 0 0 0 0 0 0 0 0 0 0 0 0 0 0 0 0 0 0 0 0 0 0 0 0 0 0 0 0 0 0 0 0 0 0 0 0 0 0 0 0 0 0 0 0 0 0 0 0 0 0 0 0 0 0 0 0 0 0 0 0 0 0 0 0 0 0 0 0 0 0 0 0 0 0 0 0 0 0 0 0 0 0 0 0 0 0 0 0 0 0 0 0 0 0 0 0 0 0 0 0 0 0 0 0 0 0 0 0 0 0 0 0 0 0 0 0 0 0 0 0 0 0 0 0 0 0 0 0 0 0 0 0 0 0 0 0 0 0 0 0 0 0 0 0 0 0 0 0 0 0 0 0 0 0 0 0 0 0 0 0 0 0 0 0 0 0 0 0 0 0 0 0 0 0 0 0 0 0 0 0 0 0 0 0 0 0 0 0 0 0 0 0 0 0 0 0 0 0 0 0 0 0 0 0 0 0 0 0 0 0 0 0 0 0 0 0 0 0 0 0 0 0 0 0 0 0 0 0 0 0 0 0 0 0 0 0 0 0 0 0 0 0 0 0 0 0 0 0 0 0 0 0 0 0 0 0 0 0 0 0 0 0 0 0 0 0 0 0 0 0 0 0 0 0 0 0 0 0 0 0 0 0 0 0 0 0 0 0 0 0 0 0 0 0 0 0 0 0 0 0 0 0 0 0 0 0 0 0 0 0 0 0 0 0 0 0 0 0 0 0 0 0 0 0 0 0 0 0 0 0 0 0 0 0 0 0 0 0 0 0 0 0 0 0 0 0 0 0 0 0 0 0 0 0 0 0 0 0 0 0 0 0 0 0 0 0 0 0 0 0 0 0 0 0 0 0 0 0 0 0 0 0 0 0 0 0 0 0 0 0 0 0 0 0 0 0 0 0 0 0 0 0 0 0 0 0 0 0 0 0 0 0 0 0 0 0 0 0 0 0 0 0 0 0 0 0 0 0 0 0 0 0 0 0 0 0 0 0 0 0 0 0 0 0 0 0 0 0 0 0 0 0 0 0 0 0 0 0 0 0 0 0 0 0 0 0 0 0 0 0 0 0 0 0 0 0 0 0 0 0 0 0 0 0 0 0 0 0 0 0 0 0 0 0 0 0 0 0 0 0 0 0 0 0 0 0 0 0 0 0 0 0 0 0 0 0 0 0 0 0 0 0 0 0 0 0 0 0 0 0 0 0 0 0 0 0 0 0 0 0 0 0 0 0 0 0 0 0 0 0 0 0 0 0 0 0 0 0 0 0 0 0 0 0 0 0 0 0 0 0 0 0 0 0 0 0 0 0 0 0 0 0 0 0 0 0 0 0 0 0 0 0 0 0 0 0 0 0 0 0 0 0 0 0 0 0 0 0 0 0 0 0 0 0 0 0 0 0 0 0 0 0 0 0 0 0 0 0 0 0 0 0 0 0 0 0 0 0 0 0 0 0 0 0 0 0 0 0 0 0 0 0 0 0 0 0 0 0 0 0 0 0 0 0 0 0 0 0 0 0 0 0 0 0 0 0 0 0 0 0 0 0 0 0 0 0 0 0 0 0 0 0 0 0 0 0 0 0 0 0 0 0 0 0 0 0 0 0 0 0 0 0 0 0 0 0 0 0 0 0 0 0 0 0 0 0 0 0 0 0 0 0 0 0 0 0 0 0 0 0 0 0 0 0 0 0 0 0 0 0 0 0 0 0 0 0 0 0 0 0 0 0 0 0 0 0 0 0 0 0 0 0 0 0 0 0 0 0 0 0 0 0 0 0 0 0 0 0 0 0 0 0 0 0 0 0 0 0 0 0 0 0 0 0 0 0 0 0 0 0 0 0 0 0 0 0 0 0 0 0 0 0 0 0 0 0 0 0 0 0 0 0 0 0 0 0 0 0 0 0 0 0 0 0 0 0 0 0 0 0 0 0 0 0 0 0 0 0 0 0 0 0 0 0 0 0 0 0 0 0 0 0 0 0 0 0 0 0 0 0 0 0 0 0 0 0 0 0 0 0 0 0 0 0 0 0 0 0 0 0 0 0 0 0 0 0 0 0 0 0 0 0 0 0 0 0 0 0 0 0 0 0 0 0 0 0 0 0 0 0 0 0 0 0 0 0 0 0 0 0 0 0 0 0 0 0 0 0 0 0 0 0 0 0 0 0 0 0 0 0 0 0 0 0 0 0 0 0 0 0 0 0 0 0 0 0 0 0 0 0 0 0 0 0 0 0 0 0 0 0 0 0 0 0 0 0 0 0 0 0 0 0 0 0 0 0 0 0 0 0 0 0 0 0 0 0 0 0 0 0 0 0 0 0 0 0 0 0 0 0 0 0 0 0 0 0 0 0 0 0 0 0 0 0 0 0 0 0 0 0 0 0 0 0 0 0 0 0 0 0 0 0 0 0 0 0 0 0 0 0 0 0 0 0 0 0 0 0 0 0 0 0 0 0 0 0 0 0 0 0 0 0 0 0 0 0 0 0 0 0 0 0 0 0 0 0 0 0 0 0 0 0 0 0 0 0 0 0 0 0 0 0 0 0 0 0 0 0 0 0 0 0 0 0 0 0 0 0 0 0 0 0 0 0 0 0 0 0 0 0 0 0 0 0 0 0 0 0 0 0 0 0 0 0 0 0 0 0 0 0 0 0 0 0 0 0 0 0 0 0 0 0 0 0 0 0 0 0 0 0 0 0 0 0 0 0 0 0 0 0 0 0 0 0 0 0 0 0 0 0 0 0 0 0 0 0 0 0 0 0 0 0 0 0 0 0 0 0 0 0 0 0 0 0 0 0 0 0 0 0 0 0 0 0 0 0 0 0 0 0 0 0 0 0 0 0 0 0 0 0 0 0 0 0 0 0 0 0 0 0 0 0 0 0 0 0 0 0 0 0 0 0 0 0 0 0 0 0 0 0 0 0 0 0 0 0 0 0 0 0 0 0 0 0 0 0 0 0 0 0 0 0 0 0 0 0 0 0 0 0 0 0 0 0 0 0 0 0 0 0 0 0 0 0 0 0 0 </DataArray>
        <DataArray type="Int64" IdType="1" Name="vtkOriginalCellIds" format="ascii" RangeMin="0" RangeMax="4461">0 1 2 3 4 5 6 7 8 9 10 11 12 13 14 15 16 17 18 19 20 21 22 23 24 25 26 27 28 29 30 31 32 33 34 35 36 37 38 39 40 41 42 43 44 45 46 47 48 49 50 51 52 53 54 55 56 57 58 59 60 61 62 63 64 65 66 67 68 69 70 71 72 73 74 75 76 77 78 79 80 81 82 83 84 85 86 87 88 89 90 91 92 93 94 95 96 97 98 99 100 101 102 103 104 105 106 107 108 109 110 111 112 113 114 115 116 117 118 119 120 121 122 123 124 125 126 127 128 129 130 131 132 133 134 135 136 137 138 139 140 141 142 143 144 145 146 147 148 149 150 151 152 153 154 155 156 157 158 159 160 161 162 163 164 165 166 167 168 169 170 171 172 173 174 175 176 177 178 179 180 181 182 183 184 185 186 187 188 189 190 191 192 193 194 195 196 197 198 199 200 201 202 203 204 205 206 207 208 209 210 211 212 213 214 215 216 217 218 219 220 221 222 223 224 225 226 227 228 229 230 231 232 233 234 235 236 237 238 239 240 241 242 243 244 245 246 247 248 249 250 251 252 253 254 255 256 257 258 259 260 261 262 263 264 265 266 267 268 269 270 271 272 273 274 275 276 277 278 279 280 281 282 283 284 285 286 287 288 289 290 291 292 293 294 295 296 297 298 299 300 301 302 303 304 305 306 307 308 309 310 311 312 313 314 315 316 317 318 319 320 321 322 323 324 325 326 327 328 329 330 331 332 333 334 335 336 337 338 339 340 341 342 343 344 345 346 347 348 349 350 351 352 353 354 355 356 357 358 359 360 361 362 363 364 365 366 367 368 369 370 371 372 373 374 375 376 377 378 379 380 381 382 383 384 385 386 387 388 389 390 391 392 393 394 395 396 397 398 399 400 401 402 403 404 405 406 407 408 409 410 411 412 413 414 415 416 417 418 419 420 421 422 423 424 425 426 427 428 429 430 431 432 433 434 435 436 437 438 439 440 441 442 443 444 445 446 447 448 449 450 451 452 453 454 455 456 457 458 459 460 461 462 463 464 465 466 467 468 469 470 471 472 473 474 475 476 477 478 479 480 481 482 483 484 485 486 487 488 489 490 491 492 493 494 495 496 497 498 499 500 501 502 503 504 505 506 507 508 509 510 511 512 513 514 515 516 517 518 519 520 521 522 523 524 525 526 527 528 529 530 531 532 533 534 535 536 537 538 539 540 541 542 543 544 545 546 547 548 549 550 551 552 553 554 555 556 557 558 559 560 561 562 563 564 565 566 567 568 569 570 571 572 573 574 575 576 577 578 579 580 581 582 583 584 585 586 587 588 589 590 591 592 593 594 595 596 597 598 599 600 601 602 603 604 605 606 607 608 609 610 611 612 613 614 615 616 617 618 619 620 621 622 623 624 625 626 627 628 629 630 631 632 633 634 635 636 637 638 639 640 641 642 643 644 645 646 647 648 649 650 651 652 653 654 655 656 657 658 659 660 661 662 663 664 665 666 667 668 669 670 671 672 673 674 675 676 677 678 679 680 681 682 683 684 685 686 687 688 689 690 691 692 693 694 695 696 697 698 699 700 701 702 703 704 705 706 707 708 709 710 711 712 713 714 715 716 717 718 719 720 721 722 723 724 725 726 727 728 729 730 731 732 733 734 735 736 737 738 739 740 741 742 743 744 745 746 747 748 749 750 751 752 753 754 755 756 757 758 759 760 761 762 763 764 765 766 767 768 769 770 771 772 773 774 775 776 777 778 779 780 781 782 783 784 785 786 787 788 789 790 791 792 793 794 795 796 797 798 799 800 801 802 803 804 805 806 807 808 809 810 811 812 813 814 815 816 817 818 819 820 821 822 823 824 825 826 827 828 829 830 831 832 833 834 835 836 837 838 839 840 841 842 843 844 845 846 847 848 849 850 851 852 853 854 855 856 857 858 859 860 861 862 863 864 865 866 867 868 869 870 871 872 873 874 875 876 877 878 879 880 881 882 883 884 885 886 887 888 889 890 891 892 893 894 895 896 897 898 899 900 901 902 903 904 905 906 907 908 909 910 911 912 913 914 915 916 917 918 919 920 921 922 923 924 925 926 927 928 929 930 931 932 933 934 935 936 937 938 939 940 941 942 943 944 945 946 947 948 949 950 951 952 953 954 955 956 957 958 959 960 961 962 963 964 965 966 967 968 969 970 971 972 973 974 975 976 977 978 979 980 981 982 983 984 985 986 987 988 989 990 991 992 993 994 995 996 997 998 999 1000 1001 1002 1003 1004 1005 1006 1007 1008 1009 1010 1011 1012 1013 1014 1015 1016 1017 1018 1019 1020 1021 1022 1023 1024 1025 1026 1027 1028 1029 1030 1031 1032 1033 1034 1035 1036 1037 1038 1039 1040 1041 1042 1043 1044 1045 1046 1047 1048 1049 1050 1051 1052 1053 1054 1055 1056 1057 1058 1059 1060 1061 1062 1063 1064 1065 1066 1067 1068 1069 1070 1071 1072 1073 1074 1075 1076 1077 1078 1079 1080 1081 1082 1083 1084 1085 1086 1087 1088 1089 1090 1091 1092 1093 1094 1095 1096 1097 1098 1099 1100 1101 1102 1103 1104 1105 1106 1107 1108 1109 1110 1111 1112 1113 1114 1115 1116 1117 1118 1119 1120 1121 1122 1123 1124 1125 1126 1127 1128 1129 1130 1131 1132 1133 1134 1135 1136 1137 1138 1139 1140 1141 1142 1143 1144 1145 1146 1147 1148 1149 1150 1151 1152 1153 1154 1155 1156 1157 1158 1159 1160 1161 1162 1163 1164 1165 1166 1167 1168 1169 1170 1171 1172 1173 1174 1175 1176 1177 1178 1179 1180 1181 1182 1183 1184 1185 1186 1187 1188 1189 1190 1191 1192 1193 1194 1195 1196 1197 1198 1199 1200 1201 1202 1203 1204 1205 1206 1207 1208 1209 1210 1211 1212 1213 1214 1215 1216 1217 1218 1219 1220 1221 1222 1223 1224 1225 1226 1227 1228 1229 1230 1231 1232 1233 1234 1235 1236 1237 1238 1239 1240 1241 1242 1243 1244 1245 1246 1247 1248 1249 1250 1251 1252 1253 1254 1255 1256 1257 1258 1259 1260 1261 1262 1263 1264 1265 1266 1267 1268 1269 1270 1271 1272 1273 1274 1275 1276 1277 1278 1279 1280 1281 1282 1283 1284 1285 1286 1287 1288 1289 1290 1291 1292 1293 1294 1295 1296 1297 1298 1299 1300 1301 1302 1303 1304 1305 1306 1307 1308 1309 1310 1311 1312 1313 1314 1315 1316 1317 1318 1319 1320 1321 1322 1323 1324 1325 1326 1327 1328 1329 1330 1331 1332 1333 1334 1335 1336 1337 1338 1339 1340 1341 1342 1343 1344 1345 1346 1347 1348 1349 1350 1351 1352 1353 1354 1355 1356 1357 1358 1359 1360 1361 1362 1363 1364 1365 1366 1367 1368 1369 1370 1371 1372 1373 1374 1375 1376 1377 1378 1379 1380 1381 1382 1383 1384 1385 1386 1387 1388 1389 1390 1391 1392 1393 1394 1395 1396 1397 1398 1399 1400 1401 1402 1403 1404 1405 1406 1407 1408 1409 1410 1411 1412 1413 1414 1415 1416 1417 1418 1419 1420 1421 1422 1423 1424 1425 1426 1427 1428 1429 1430 1431 1432 1433 1434 1435 1436 1437 1438 1439 1440 1441 1442 1443 1444 1445 1446 1447 1448 1449 1450 1451 1452 1453 1454 1455 1456 1457 1458 1459 1460 1461 1462 1463 1464 1465 1466 1467 1468 1469 1470 1471 1472 1473 1474 1475 1476 1477 1478 1479 1480 1481 1482 1483 1484 1485 1486 1487 1488 1489 1490 1491 1492 1493 1494 1495 1496 1497 1498 1499 1500 1501 1502 1503 1504 1505 1506 1507 1508 1509 1510 1511 1512 1513 1514 1515 1516 1517 1518 1519 1520 1521 1522 1523 1524 1525 1526 1527 1528 1529 1530 1531 1532 1533 1534 1535 1536 1537 1538 1539 1540 1541 1542 1543 1544 1545 1546 1547 1548 1549 1550 1551 1552 1553 1554 1555 1556 1557 1558 1559 1560 1561 1562 1563 1564 1565 1566 1567 1568 1569 1570 1571 1572 1573 1574 1575 1576 1577 1578 1579 1580 1581 1582 1583 1584 1585 1586 1587 1588 1589 1590 1591 1592 1593 1594 1595 1596 1597 1598 1599 1600 1601 1602 1603 1604 1605 1606 1607 1608 1609 1610 1611 1612 1613 1614 1615 1616 1617 1618 1619 1620 1621 1622 1623 1624 1625 1626 1627 1628 1629 1630 1631 1632 1633 1634 1635 1636 1637 1638 1639 1640 1641 1642 1643 1644 1645 1646 1647 1648 1649 1650 1651 1652 1653 1654 1655 1656 1657 1658 1659 1660 1661 1662 1663 1664 1665 1666 1667 1668 1669 1670 1671 1672 1673 1674 1675 1676 1677 1678 1679 1680 1681 1682 1683 1684 1685 1686 1687 1688 1689 1690 1691 1692 1693 1694 1695 1696 1697 1698 1699 1700 1701 1702 1703 1704 1705 1706 1707 1708 1709 1710 1711 1712 1713 1714 1715 1716 1717 1718 1719 1720 1721 1722 1723 1724 1725 1726 1727 1728 1729 1730 1731 1732 1733 1734 1735 1736 1737 1738 1739 1740 1741 1742 1743 1744 1745 1746 1747 1748 1749 1750 1751 1752 1753 1754 1755 1756 1757 1758 1759 1760 1761 1762 1763 1764 1765 1766 1767 1768 1769 1770 1771 1772 1773 1774 1775 1776 1777 1778 1779 1780 1781 1782 1783 1784 1785 1786 1787 1788 1789 1790 1791 1792 1793 1794 1795 1796 1797 1798 1799 1800 1801 1802 1803 1804 1805 1806 1807 1808 1809 1810 1811 1812 1813 1814 1815 1816 1817 1818 1819 1820 1821 1822 1823 1824 1825 1826 1827 1828 1829 1830 1831 1832 1833 1834 1835 1836 1837 1838 1839 1840 1841 1842 1843 1844 1845 1846 1847 1848 1849 1850 1851 1852 1853 1854 1855 1856 1857 1858 1859 1860 1861 1862 1863 1864 1865 1866 1867 1868 1869 1870 1871 1872 1873 1874 1875 1876 1877 1878 1879 1880 1881 1882 1883 1884 1885 1886 1887 1888 1889 1890 1891 1892 1893 1894 1895 1896 1897 1898 1899 1900 1901 1902 1903 1904 1905 1906 1907 1908 1909 1910 1911 1912 1913 1914 1915 1916 1917 1918 1919 1920 1921 1922 1923 1924 1925 1926 1927 1928 1929 1930 1931 1932 1933 1934 1935 1936 1937 1938 1939 1940 1941 1942 1943 1944 1945 1946 1947 1948 1949 1950 1951 1952 1953 1954 1955 1956 1957 1958 1959 1960 1961 1962 1963 1964 1965 1966 1967 1968 1969 1970 1971 1972 1973 1974 1975 1976 1977 1978 1979 1980 1981 1982 1983 1984 1985 1986 1987 1988 1989 1990 1991 1992 1993 1994 1995 1996 1997 1998 1999 2000 2001 2002 2003 2004 2005 2006 2007 2008 2009 2010 2011 2012 2013 2014 2015 2016 2017 2018 2019 2020 2021 2022 2023 2024 2025 2026 2027 2028 2029 2030 2031 2032 2033 2034 2035 2036 2037 2038 2039 2040 2041 2042 2043 2044 2045 2046 2047 2048 2049 2050 2051 2052 2053 2054 2055 2056 2057 2058 2059 2060 2061 2062 2063 2064 2065 2066 2067 2068 2069 2070 2071 2072 2073 2074 2075 2076 2077 2078 2079 2080 2081 2082 2083 2084 2085 2086 2087 2088 2089 2090 2091 2092 2093 2094 2095 2096 2097 2098 2099 2100 2101 2102 2103 2104 2105 2106 2107 2108 2109 2110 2111 2112 2113 2114 2115 2116 2117 2118 2119 2120 2121 2122 2123 2124 2125 2126 2127 2128 2129 2130 2131 2132 2133 2134 2135 2136 2137 2138 2139 2140 2141 2142 2143 2144 2145 2146 2147 2148 2149 2150 2151 2152 2153 2154 2155 2156 2157 2158 2159 2160 2161 2162 2163 2164 2165 2166 2167 2168 2169 2170 2171 2172 2173 2174 2175 2176 2177 2178 2179 2180 2181 2182 2183 2184 2185 2186 2187 2188 2189 2190 2191 2192 2193 2194 2195 2196 2197 2198 2199 2200 2201 2202 2203 2204 2205 2206 2207 2208 2209 2210 2211 2212 2213 2214 2215 2216 2217 2218 2219 2220 2221 2222 2223 2224 2225 2226 2227 2228 2229 2230 2231 2232 2233 2234 2235 2236 2237 2238 2239 2240 2241 2242 2243 2244 2245 2246 2247 2248 2249 2250 2251 2252 2253 2254 2255 2256 2257 2258 2259 2260 2261 2262 2263 2264 2265 2266 2267 2268 2269 2270 2271 2272 2273 2274 2275 2276 2277 2278 2279 2280 2281 2282 2283 2284 2285 2286 2287 2288 2289 2290 2291 2292 2293 2294 2295 2296 2297 2298 2299 2300 2301 2302 2303 2304 2305 2306 2307 2308 2309 2310 2311 2312 2313 2314 2315 2316 2317 2318 2319 2320 2321 2322 2323 2324 2325 2326 2327 2328 2329 2330 2331 2332 2333 2334 2335 2336 2337 2338 2339 2340 2341 2342 2343 2344 2345 2346 2347 2348 2349 2350 2351 2352 2353 2354 2355 2356 2357 2358 2359 2360 2361 2362 2363 2364 2365 2366 2367 2368 2369 2370 2371 2372 2373 2374 2375 2376 2377 2378 2379 2380 2381 2382 2383 2384 2385 2386 2387 2388 2389 2390 2391 2392 2393 2394 2395 2396 2397 2398 2399 2400 2401 2402 2403 2404 2405 2406 2407 2408 2409 2410 2411 2412 2413 2414 2415 2416 2417 2418 2419 2420 2421 2422 2423 2424 2425 2426 2427 2428 2429 2430 2431 2432 2433 2434 2435 2436 2437 2438 2439 2440 2441 2442 2443 2444 2445 2446 2447 2448 2449 2450 2451 2452 2453 2454 2455 2456 2457 2458 2459 2460 2461 2462 2463 2464 2465 2466 2467 2468 2469 2470 2471 2472 2473 2474 2475 2476 2477 2478 2479 2480 2481 2482 2483 2484 2485 2486 2487 2488 2489 2490 2491 2492 2493 2494 2495 2496 2497 2498 2499 2500 2501 2502 2503 2504 2505 2506 2507 2508 2509 2510 2511 2512 2513 2514 2515 2516 2517 2518 2519 2520 2521 2522 2523 2524 2525 2526 2527 2528 2529 2530 2531 2532 2533 2534 2535 2536 2537 2538 2539 2540 2541 2542 2543 2544 2545 2546 2547 2548 2549 2550 2551 2552 2553 2554 2555 2556 2557 2558 2559 2560 2561 2562 2563 2564 2565 2566 2567 2568 2569 2570 2571 2572 2573 2574 2575 2576 2577 2578 2579 2580 2581 2582 2583 2584 2585 2586 2587 2588 2589 2590 2591 2592 2593 2594 2595 2596 2597 2598 2599 2600 2601 2602 2603 2604 2605 2606 2607 2608 2609 2610 2611 2612 2613 2614 2615 2616 2617 2618 2619 2620 2621 2622 2623 2624 2625 2626 2627 2628 2629 2630 2631 2632 2633 2634 2635 2636 2637 2638 2639 2640 2641 2642 2643 2644 2645 2646 2647 2648 2649 2650 2651 2652 2653 2654 2655 2656 2657 2658 2659 2660 2661 2662 2663 2664 2665 2666 2667 2668 2669 2670 2671 2672 2673 2674 2675 2676 2677 2678 2679 2680 2681 2682 2683 2684 2685 2686 2687 2688 2689 2690 2691 2692 2693 2694 2695 2696 2697 2698 2699 2700 2701 2702 2703 2704 2705 2706 2707 2708 2709 2710 2711 2712 2713 2714 2715 2716 2717 2718 2719 2720 2721 2722 2723 2724 2725 2726 2727 2728 2729 2730 2731 2732 2733 2734 2735 2736 2737 2738 2739 2740 2741 2742 2743 2744 2745 2746 2747 2748 2749 2750 2751 2752 2753 2754 2755 2756 2757 2758 2759 2760 2761 2762 2763 2764 2765 2766 2767 2768 2769 2770 2771 2772 2773 2774 2775 2776 2777 2778 2779 2780 2781 2782 2783 2784 2785 2786 2787 2788 2789 2790 2791 2792 2793 2794 2795 2796 2797 2798 2799 2800 2801 2802 2803 2804 2805 2806 2807 2808 2809 2810 2811 2812 2813 2814 2815 2816 2817 2818 2819 2820 2821 2822 2823 2824 2825 2826 2827 2828 2829 2830 2831 2832 2833 2834 2835 2836 2837 2838 2839 2840 2841 2842 2843 2844 2845 2846 2847 2848 2849 2850 2851 2852 2853 2854 2855 2856 2857 2858 2859 2860 2861 2862 2863 2864 2865 2866 2867 2868 2869 2870 2871 2872 2873 2874 2875 2876 2877 2878 2879 2880 2881 2882 2883 2884 2885 2886 2887 2888 2889 2890 2891 2892 2893 2894 2895 2896 2897 2898 2899 2900 2901 2902 2903 2904 2905 2906 2907 2908 2909 2910 2911 2912 2913 2914 2915 2916 2917 2918 2919 2920 2921 2922 2923 2924 2925 2926 2927 2928 2929 2930 2931 2932 2933 2934 2935 2936 2937 2938 2939 2940 2941 2942 2943 2944 2945 2946 2947 2948 2949 2950 2951 2952 2953 2954 2955 2956 2957 2958 2959 2960 2961 2962 2963 2964 2965 2966 2967 2968 2969 2970 2971 2972 2973 2974 2975 2976 2977 2978 2979 2980 2981 2982 2983 2984 2985 2986 2987 2988 2989 2990 2991 2992 2993 2994 2995 2996 2997 2998 2999 3000 3001 3002 3003 3004 3005 3006 3007 3008 3009 3010 3011 3012 3013 3014 3015 3016 3017 3018 3019 3020 3021 3022 3023 3024 3025 3026 3027 3028 3029 3030 3031 3032 3033 3034 3035 3036 3037 3038 3039 3040 3041 3042 3043 3044 3045 3046 3047 3048 3049 3050 3051 3052 3053 3054 3055 3056 3057 3058 3059 3060 3061 3062 3063 3064 3065 3066 3067 3068 3069 3070 3071 3072 3073 3074 3075 3076 3077 3078 3079 3080 3081 3082 3083 3084 3085 3086 3087 3088 3089 3090 3091 3092 3093 3094 3095 3096 3097 3098 3099 3100 3101 3102 3103 3104 3105 3106 3107 3108 3109 3110 3111 3112 3113 3114 3115 3116 3117 3118 3119 3120 3121 3122 3123 3124 3125 3126 3127 3128 3129 3130 3131 3132 3133 3134 3135 3136 3137 3138 3139 3140 3141 3142 3143 3144 3145 3146 3147 3148 3149 3150 3151 3152 3153 3154 3155 3156 3157 3158 3159 3160 3161 3162 3163 3164 3165 3166 3167 3168 3169 3170 3171 3172 3173 3174 3175 3176 3177 3178 3179 3180 3181 3182 3183 3184 3185 3186 3187 3188 3189 3190 3191 3192 3193 3194 3195 3196 3197 3198 3199 3200 3201 3202 3203 3204 3205 3206 3207 3208 3209 3210 3211 3212 3213 3214 3215 3216 3217 3218 3219 3220 3221 3222 3223 3224 3225 3226 3227 3228 3229 3230 3231 3232 3233 3234 3235 3236 3237 3238 3239 3240 3241 3242 3243 3244 3245 3246 3247 3248 3249 3250 3251 3252 3253 3254 3255 3256 3257 3258 3259 3260 3261 3262 3263 3264 3265 3266 3267 3268 3269 3270 3271 3272 3273 3274 3275 3276 3277 3278 3279 3280 3281 3282 3283 3284 3285 3286 3287 3288 3289 3290 3291 3292 3293 3294 3295 3296 3297 3298 3299 3300 3301 3302 3303 3304 3305 3306 3307 3308 3309 3310 3311 3312 3313 3314 3315 3316 3317 3318 3319 3320 3321 3322 3323 3324 3325 3326 3327 3328 3329 3330 3331 3332 3333 3334 3335 3336 3337 3338 3339 3340 3341 3342 3343 3344 3345 3346 3347 3348 3349 3350 3351 3352 3353 3354 3355 3356 3357 3358 3359 3360 3361 3362 3363 3364 3365 3366 3367 3368 3369 3370 3371 3372 3373 3374 3375 3376 3377 3378 3379 3380 3381 3382 3383 3384 3385 3386 3387 3388 3389 3390 3391 3392 3393 3394 3395 3396 3397 3398 3399 3400 3401 3402 3403 3404 3405 3406 3407 3408 3409 3410 3411 3412 3413 3414 3415 3416 3417 3418 3419 3420 3421 3422 3423 3424 3425 3426 3427 3428 3429 3430 3431 3432 3433 3434 3435 3436 3437 3438 3439 3440 3441 3442 3443 3444 3445 3446 3447 3448 3449 3450 3451 3452 3453 3454 3455 3456 3457 3458 3459 3460 3461 3462 3463 3464 3465 3466 3467 3468 3469 3470 3471 3472 3473 3474 3475 3476 3477 3478 3479 3480 3481 3482 3483 3484 3485 3486 3487 3488 3489 3490 3491 3492 3493 3494 3495 3496 3497 3498 3499 3500 3501 3502 3503 3504 3505 3506 3507 3508 3509 3510 3511 3512 3513 3514 3515 3516 3517 3518 3519 3520 3521 3522 3523 3524 3525 3526 3527 3528 3529 3530 3531 3532 3533 3534 3535 3536 3537 3538 3539 3540 3541 3542 3543 3544 3545 3546 3547 3548 3549 3550 3551 3552 3553 3554 3555 3556 3557 3558 3559 3560 3561 3562 3563 3564 3565 3566 3567 3568 3569 3570 3571 3572 3573 3574 3575 3576 3577 3578 3579 3580 3581 3582 3583 3584 3585 3586 3587 3588 3589 3590 3591 3592 3593 3594 3595 3596 3597 3598 3599 3600 3601 3602 3603 3604 3605 3606 3607 3608 3609 3610 3611 3612 3613 3614 3615 3616 3617 3618 3619 3620 3621 3622 3623 3624 3625 3626 3627 3628 3629 3630 3631 3632 3633 3634 3635 3636 3637 3638 3639 3640 3641 3642 3643 3644 3645 3646 3647 3648 3649 3650 3651 3652 3653 3654 3655 3656 3657 3658 3659 3660 3661 3662 3663 3664 3665 3666 3667 3668 3669 3670 3671 3672 3673 3674 3675 3676 3677 3678 3679 3680 3681 3682 3683 3684 3685 3686 3687 3688 3689 3690 3691 3692 3693 3694 3695 3696 3697 3698 3699 3700 3701 3702 3703 3704 3705 3706 3707 3708 3709 3710 3711 3712 3713 3714 3715 3716 3717 3718 3719 3720 3721 3722 3723 3724 3725 3726 3727 3728 3729 3730 3731 3732 3733 3734 3735 3736 3737 3738 3739 3740 3741 3742 3743 3744 3745 3746 3747 3748 3749 3750 3751 3752 3753 3754 3755 3756 3757 3758 3759 3760 3761 3762 3763 3764 3765 3766 3767 3768 3769 3770 3771 3772 3773 3774 3775 3776 3777 3778 3779 3780 3781 3782 3783 3784 3785 3786 3787 3788 3789 3790 3791 3792 3793 3794 3795 3796 3797 3798 3799 3800 3801 3802 3803 3804 3805 3806 3807 3808 3809 3810 3811 3812 3813 3814 3815 3816 3817 3818 3819 3820 3821 3822 3823 3824 3825 3826 3827 3828 3829 3830 3831 3832 3833 3834 3835 3836 3837 3838 3839 3840 3841 3842 3843 3844 3845 3846 3847 3848 3849 3850 3851 3852 3853 3854 3855 3856 3857 3858 3859 3860 3861 3862 3863 3864 3865 3866 3867 3868 3869 3870 3871 3872 3873 3874 3875 3876 3877 3878 3879 3880 3881 3882 3883 3884 3885 3886 3887 3888 3889 3890 3891 3892 3893 3894 3895 3896 3897 3898 3899 3900 3901 3902 3903 3904 3905 3906 3907 3908 3909 3910 3911 3912 3913 3914 3915 3916 3917 3918 3919 3920 3921 3922 3923 3924 3925 3926 3927 3928 3929 3930 3931 3932 3933 3934 3935 3936 3937 3938 3939 3940 3941 3942 3943 3944 3945 3946 3947 3948 3949 3950 3951 3952 3953 3954 3955 3956 3957 3958 3959 3960 3961 3962 3963 3964 3965 3966 3967 3968 3969 3970 3971 3972 3973 3974 3975 3976 3977 3978 3979 3980 3981 3982 3983 3984 3985 3986 3987 3988 3989 3990 3991 3992 3993 3994 3995 3996 3997 3998 3999 4000 4001 4002 4003 4004 4005 4006 4007 4008 4009 4010 4011 4012 4013 4014 4015 4016 4017 4018 4019 4020 4021 4022 4023 4024 4025 4026 4027 4028 4029 4030 4031 4032 4033 4034 4035 4036 4037 4038 4039 4040 4041 4042 4043 4044 4045 4046 4047 4048 4049 4050 4051 4052 4053 4054 4055 4056 4057 4058 4059 4060 4061 4062 4063 4064 4065 4066 4067 4068 4069 4070 4071 4072 4073 4074 4075 4076 4077 4078 4079 4080 4081 4082 4083 4084 4085 4086 4087 4088 4089 4090 4091 4092 4093 4094 4095 4096 4097 4098 4099 4100 4101 4102 4103 4104 4105 4106 4107 4108 4109 4110 4111 4112 4113 4114 4115 4116 4117 4118 4119 4120 4121 4122 4123 4124 4125 4126 4127 4128 4129 4130 4131 4132 4133 4134 4135 4136 4137 4138 4139 4140 4141 4142 4143 4144 4145 4146 4147 4148 4149 4150 4151 4152 4153 4154 4155 4156 4157 4158 4159 4160 4161 4162 4163 4164 4165 4166 4167 4168 4169 4170 4171 4172 4173 4174 4175 4176 4177 4178 4179 4180 4181 4182 4183 4184 4185 4186 4187 4188 4189 4190 4191 4192 4193 4194 4195 4196 4197 4198 4199 4200 4201 4202 4203 4204 4205 4206 4207 4208 4209 4210 4211 4212 4213 4214 4215 4216 4217 4218 4219 4220 4221 4222 4223 4224 4225 4226 4227 4228 4229 4230 4231 4232 4233 4234 4235 4236 4237 4238 4239 4240 4241 4242 4243 4244 4245 4246 4247 4248 4249 4250 4251 4252 4253 4254 4255 4256 4257 4258 4259 4260 4261 4262 4263 4264 4265 4266 4267 4268 4269 4270 4271 4272 4273 4274 4275 4276 4277 4278 4279 4280 4281 4282 4283 4284 4285 4286 4287 4288 4289 4290 4291 4292 4293 4294 4295 4296 4297 4298 4299 4300 4301 4302 4303 4304 4305 4306 4307 4308 4309 4310 4311 4312 4313 4314 4315 4316 4317 4318 4319 4320 4321 4322 4323 4324 4325 4326 4327 4328 4329 4330 4331 4332 4333 4334 4335 4336 4337 4338 4339 4340 4341 4342 4343 4344 4345 4346 4347 4348 4349 4350 4351 4352 4353 4354 4355 4356 4357 4358 4359 4360 4361 4362 4363 4364 4365 4366 4367 4368 4369 4370 4371 4372 4373 4374 4375 4376 4377 4378 4379 4380 4381 4382 4383 4384 4385 4386 4387 4388 4389 4390 4391 4392 4393 4394 4395 4396 4397 4398 4399 4400 4401 4402 4403 4404 4405 4406 4407 4408 4409 4410 4411 4412 4413 4414 4415 4416 4417 4418 4419 4420 4421 4422 4423 4424 4425 4426 4427 4428 4429 4430 4431 4432 4433 4434 4435 4436 4437 4438 4439 4440 4441 4442 4443 4444 4445 4446 4447 4448 4449 4450 4451 4452 4453 4454 4455 4456 4457 4458 4459 4460 4461 </DataArray>
      </CellData>
      <PointData Scalars="temperature">
        <DataArray type="Int64" IdType="1" Name="vtkOriginalPointIds" format="ascii" RangeMin="0" RangeMax="9684">0 1 2 3 4 5 6 7 8 9 10 11 12 13 14 15 16 17 18 19 20 21 22 23 24 25 26 27 28 29 30 31 32 33 34 35 36 37 38 39 40 41 42 43 44 45 46 47 48 49 50 51 52 53 54 55 56 57 58 59 60 61 62 63 64 65 66 67 68 69 70 71 72 73 74 75 76 77 78 79 80 81 82 83 84 85 86 87 88 89 90 91 92 93 94 95 96 97 98 99 100 101 102 103 104 105 106 107 108 109 110 111 112 113 114 115 116 117 118 119 120 121 122 123 124 125 126 127 128 129 130 131 132 133 134 135 136 137 138 139 140 141 142 143 144 145 146 147 148 149 150 151 152 153 154 155 156 157 158 159 160 161 162 163 164 165 166 167 168 169 170 171 172 173 174 175 176 177 178 179 180 181 182 183 184 185 186 187 188 189 190 191 192 193 194 195 196 197 198 199 200 201 202 203 204 205 206 207 208 209 210 211 212 213 214 215 216 217 218 219 220 221 222 223 224 225 226 227 228 229 230 231 232 233 234 235 236 237 238 239 240 241 242 243 244 245 246 247 248 249 250 251 252 253 254 255 256 257 258 259 260 261 262 263 264 265 266 267 268 269 270 271 272 273 274 275 276 277 278 279 280 281 282 283 284 285 286 287 288 289 290 291 292 293 294 295 296 297 298 299 300 301 302 303 304 305 306 307 308 309 310 311 312 313 314 315 316 317 318 319 320 321 322 323 324 325 326 327 328 329 330 331 332 333 334 335 336 337 338 339 340 341 342 343 344 345 346 347 348 349 350 351 352 353 354 355 356 357 358 359 360 361 362 363 364 365 366 367 368 369 370 371 372 373 374 375 376 377 378 379 380 381 382 383 384 385 386 387 388 389 390 391 392 393 394 395 396 397 398 399 400 401 402 403 404 405 406 407 408 409 410 411 412 413 414 415 416 417 418 419 420 421 422 423 424 425 426 427 428 429 430 431 432 433 434 435 436 437 438 439 440 441 442 443 444 445 446 447 448 449 450 451 452 453 454 455 456 457 458 459 460 461 462 463 464 465 466 467 468 469 470 471 472 473 474 475 476 477 478 479 480 481 482 483 484 485 486 487 488 489 490 491 492 493 494 495 496 497 498 499 500 501 502 503 504 505 506 507 508 509 510 511 512 513 514 515 516 517 518 519 520 521 522 523 524 525 526 527 528 529 530 531 532 533 534 535 536 537 538 539 540 541 542 543 544 545 546 547 548 549 550 551 552 553 554 555 556 557 558 559 560 561 562 563 564 565 566 567 568 569 570 571 572 573 574 575 576 577 578 579 580 581 582 583 584 585 586 587 588 589 590 591 592 593 594 595 596 597 598 599 600 601 602 603 604 605 606 607 608 609 610 611 612 613 614 615 616 617 618 619 620 621 622 623 624 625 626 627 628 629 630 631 632 633 634 635 636 637 638 639 640 641 642 643 644 645 646 647 648 649 650 651 652 653 654 655 656 657 658 659 660 661 662 663 664 665 666 667 668 669 670 671 672 673 674 675 676 677 678 679 680 681 682 683 684 685 686 687 688 689 690 691 692 693 694 695 696 697 698 699 700 701 702 703 704 705 706 707 708 709 710 711 712 713 714 715 716 717 718 719 720 721 722 723 724 725 726 727 728 729 730 731 732 733 734 735 736 737 738 739 740 741 742 743 744 745 746 747 748 749 750 751 752 753 754 755 756 757 758 759 760 761 762 763 764 765 766 767 768 769 770 771 772 773 774 775 776 777 778 779 780 781 782 783 784 785 786 787 788 789 790 791 792 793 794 795 796 797 798 799 800 801 802 803 804 805 806 807 808 809 810 811 812 813 814 815 816 817 818 819 820 821 822 823 824 825 826 827 828 829 830 831 832 833 834 835 836 837 838 839 840 841 842 843 844 845 846 847 848 849 850 851 852 853 854 855 856 857 858 859 860 861 862 863 864 865 866 867 868 869 870 871 872 873 874 875 876 877 878 879 880 881 882 883 884 885 886 887 888 889 890 891 892 893 894 895 896 897 898 899 900 901 902 903 904 905 906 907 908 909 910 911 912 913 914 915 916 917 918 919 920 921 922 923 924 925 926 927 928 929 930 931 932 933 934 935 936 937 938 939 940 941 942 943 944 945 946 947 948 949 950 951 952 953 954 955 956 957 958 959 960 961 962 963 964 965 966 967 968 969 970 971 972 973 974 975 976 977 978 979 980 981 982 983 984 985 986 987 988 989 990 991 992 993 994 995 996 997 998 999 1000 1001 1002 1003 1004 1005 1006 1007 1008 1009 1010 1011 1012 1013 1014 1015 1016 1017 1018 1019 1020 1021 1022 1023 1024 1025 1026 1027 1028 1029 1030 1031 1032 1033 1034 1035 1036 1037 1038 1039 1040 1041 1042 1043 1044 1045 1046 1047 1048 1049 1050 1051 1052 1053 1054 1055 1056 1057 1058 1059 1060 1061 1062 1063 1064 1065 1066 1067 1068 1069 1070 1071 1072 1073 1074 1075 1076 1077 1078 1079 1080 1081 1082 1083 1084 1085 1086 1087 1088 1089 1090 1091 1092 1093 1094 1095 1096 1097 1098 1099 1100 1101 1102 1103 1104 1105 1106 1107 1108 1109 1110 1111 1112 1113 1114 1115 1116 1117 1118 1119 1120 1121 1122 1123 1124 1125 1126 1127 1128 1129 1130 1131 1132 1133 1134 1135 1136 1137 1138 1139 1140 1141 1142 1143 1144 1145 1146 1147 1148 1149 1150 1151 1152 1153 1154 1155 1156 1157 1158 1159 1160 1161 1162 1163 1164 1165 1166 1167 1168 1169 1170 1171 1172 1173 1174 1175 1176 1177 1178 1179 1180 1181 1182 1183 1184 1185 1186 1187 1188 1189 1190 1191 1192 1193 1194 1195 1196 1197 1198 1199 1200 1201 1202 1203 1204 1205 1206 1207 1208 1209 1210 1211 1212 1213 1214 1215 1216 1217 1218 1219 1220 1221 1222 1223 1224 1225 1226 1227 1228 1229 1230 1231 1232 1233 1234 1235 1236 1237 1238 1239 1240 1241 1242 1243 1244 1245 1246 1247 1248 1249 1250 1251 1252 1253 1254 1255 1256 1257 1258 1259 1260 1261 1262 1263 1264 1265 1266 1267 1268 1269 1270 1271 1272 1273 1274 1275 1276 1277 1278 1279 1280 1281 1282 1283 1284 1285 1286 1287 1288 1289 1290 1291 1292 1293 1294 1295 1296 1297 1298 1299 1300 1301 1302 1303 1304 1305 1306 1307 1308 1309 1310 1311 1312 1313 1314 1315 1316 1317 1318 1319 1320 1321 1322 1323 1324 1325 1326 1327 1328 1329 1330 1331 1332 1333 1334 1335 1336 1337 1338 1339 1340 1341 1342 1343 1344 1345 1346 1347 1348 1349 1350 1351 1352 1353 1354 1355 1356 1357 1358 1359 1360 1361 1362 1363 1364 1365 1366 1367 1368 1369 1370 1371 1372 1373 1374 1375 1376 1377 1378 1379 1380 1381 1382 1383 1384 1385 1386 1387 1388 1389 1390 1391 1392 1393 1394 1395 1396 1397 1398 1399 1400 1401 1402 1403 1404 1405 1406 1407 1408 1409 1410 1411 1412 1413 1414 1415 1416 1417 1418 1419 1420 1421 1422 1423 1424 1425 1426 1427 1428 1429 1430 1431 1432 1433 1434 1435 1436 1437 1438 1439 1440 1441 1442 1443 1444 1445 1446 1447 1448 1449 1450 1451 1452 1453 1454 1455 1456 1457 1458 1459 1460 1461 1462 1463 1464 1465 1466 1467 1468 1469 1470 1471 1472 1473 1474 1475 1476 1477 1478 1479 1480 1481 1482 1483 1484 1485 1486 1487 1488 1489 1490 1491 1492 1493 1494 1495 1496 1497 1498 1499 1500 1501 1502 1503 1504 1505 1506 1507 1508 1509 1510 1511 1512 1513 1514 1515 1516 1517 1518 1519 1520 1521 1522 1523 1524 1525 1526 1527 1528 1529 1530 1531 1532 1533 1534 1535 1536 1537 1538 1539 1540 1541 1542 1543 1544 1545 1546 1547 1548 1549 1550 1551 1552 1553 1554 1555 1556 1557 1558 1559 1560 1561 1562 1563 1564 1565 1566 1567 1568 1569 1570 1571 1572 1573 1574 1575 1576 1577 1578 1579 1580 1581 1582 1583 1584 1585 1586 1587 1588 1589 1590 1591 1592 1593 1594 1595 1596 1597 1598 1599 1600 1601 1602 1603 1604 1605 1606 1607 1608 1609 1610 1611 1612 1613 1614 1615 1616 1617 1618 1619 1620 1621 1622 1623 1624 1625 1626 1627 1628 1629 1630 1631 1632 1633 1634 1635 1636 1637 1638 1639 1640 1641 1642 1643 1644 1645 1646 1647 1648 1649 1650 1651 1652 1653 1654 1655 1656 1657 1658 1659 1660 1661 1662 1663 1664 1665 1666 1667 1668 1669 1670 1671 1672 1673 1674 1675 1676 1677 1678 1679 1680 1681 1682 1683 1684 1685 1686 1687 1688 1689 1690 1691 1692 1693 1694 1695 1696 1697 1698 1699 1700 1701 1702 1703 1704 1705 1706 1707 1708 1709 1710 1711 1712 1713 1714 1715 1716 1717 1718 1719 1720 1721 1722 1723 1724 1725 1726 1727 1728 1729 1730 1731 1732 1733 1734 1735 1736 1737 1738 1739 1740 1741 1742 1743 1744 1745 1746 1747 1748 1749 1750 1751 1752 1753 1754 1755 1756 1757 1758 1759 1760 1761 1762 1763 1764 1765 1766 1767 1768 1769 1770 1771 1772 1773 1774 1775 1776 1777 1778 1779 1780 1781 1782 1783 1784 1785 1786 1787 1788 1789 1790 1791 1792 1793 1794 1795 1796 1797 1798 1799 1800 1801 1802 1803 1804 1805 1806 1807 1808 1809 1810 1811 1812 1813 1814 1815 1816 1817 1818 1819 1820 1821 1822 1823 1824 1825 1826 1827 1828 1829 1830 1831 1832 1833 1834 1835 1836 1837 1838 1839 1840 1841 1842 1843 1844 1845 1846 1847 1848 1849 1850 1851 1852 1853 1854 1855 1856 1857 1858 1859 1860 1861 1862 1863 1864 1865 1866 1867 1868 1869 1870 1871 1872 1873 1874 1875 1876 1877 1878 1879 1880 1881 1882 1883 1884 1885 1886 1887 1888 1889 1890 1891 1892 1893 1894 1895 1896 1897 1898 1899 1900 1901 1902 1903 1904 1905 1906 1907 1908 1909 1910 1911 1912 1913 1914 1915 1916 1917 1918 1919 1920 1921 1922 1923 1924 1925 1926 1927 1928 1929 1930 1931 1932 1933 1934 1935 1936 1937 1938 1939 1940 1941 1942 1943 1944 1945 1946 1947 1948 1949 1950 1951 1952 1953 1954 1955 1956 1957 1958 1959 1960 1961 1962 1963 1964 1965 1966 1967 1968 1969 1970 1971 1972 1973 1974 1975 1976 1977 1978 1979 1980 1981 1982 1983 1984 1985 1986 1987 1988 1989 1990 1991 1992 1993 1994 1995 1996 1997 1998 1999 2000 2001 2002 2003 2004 2005 2006 2007 2008 2009 2010 2011 2012 2013 2014 2015 2016 2017 2018 2019 2020 2021 2022 2023 2024 2025 2026 2027 2028 2029 2030 2031 2032 2033 2034 2035 2036 2037 2038 2039 2040 2041 2042 2043 2044 2045 2046 2047 2048 2049 2050 2051 2052 2053 2054 2055 2056 2057 2058 2059 2060 2061 2062 2063 2064 2065 2066 2067 2068 2069 2070 2071 2072 2073 2074 2075 2076 2077 2078 2079 2080 2081 2082 2083 2084 2085 2086 2087 2088 2089 2090 2091 2092 2093 2094 2095 2096 2097 2098 2099 2100 2101 2102 2103 2104 2105 2106 2107 2108 2109 2110 2111 2112 2113 2114 2115 2116 2117 2118 2119 2120 2121 2122 2123 2124 2125 2126 2127 2128 2129 2130 2131 2132 2133 2134 2135 2136 2137 2138 2139 2140 2141 2142 2143 2144 2145 2146 2147 2148 2149 2150 2151 2152 2153 2154 2155 2156 2157 2158 2159 2160 2161 2162 2163 2164 2165 2166 2167 2168 2169 2170 2171 2172 2173 2174 2175 2176 2177 2178 2179 2180 2181 2182 2183 2184 2185 2186 2187 2188 2189 2190 2191 2192 2193 2194 2195 2196 2197 2198 2199 2200 2201 2202 2203 2204 2205 2206 2207 2208 2209 2210 2211 2212 2213 2214 2215 2216 2217 2218 2219 2220 2221 2222 2223 2224 2225 2226 2227 2228 2229 2230 2231 2232 2233 2234 2235 2236 2237 2238 2239 2240 2241 2242 2243 2244 2245 2246 2247 2248 2249 2250 2251 2252 2253 2254 2255 2256 2257 2258 2259 2260 2261 2262 2263 2264 2265 2266 2267 2268 2269 2270 2271 2272 2273 2274 2275 2276 2277 2278 2279 2280 2281 2282 2283 2284 2285 2286 2287 2288 2289 2290 2291 2292 2293 2294 2295 2296 2297 2298 2299 2300 2301 2302 2303 2304 2305 2306 2307 2308 2309 2310 2311 2312 2313 2314 2315 2316 2317 2318 2319 2320 2321 2322 2323 2324 2325 2326 2327 2328 2329 2330 2331 2332 2333 2334 2335 2336 2337 2338 2339 2340 2341 2342 2343 2344 2345 2346 2347 2348 2349 2350 2351 2352 2353 2354 2355 2356 2357 2358 2359 2360 2361 2362 2363 2364 2365 2366 2367 2368 2369 2370 2371 2372 2373 2374 2375 2376 2377 2378 2379 2380 2381 2382 2383 2384 2385 2386 2387 2388 2389 2390 2391 2392 2393 2394 2395 2396 2397 2398 2399 2400 2401 2402 2403 2404 2405 2406 2407 2408 2409 2410 2411 2412 2413 2414 2415 2416 2417 2418 2419 2420 2421 2422 2423 2424 2425 2426 2427 2428 2429 2430 2431 2432 2433 2434 2435 2436 2437 2438 2439 2440 2441 2442 2443 2444 2445 2446 2447 2448 2449 2450 2451 2452 2453 2454 2455 2456 2457 2458 2459 2460 2461 2462 2463 2464 2465 2466 2467 2468 2469 2470 2471 2472 2473 2474 2475 2476 2477 2478 2479 2480 2481 2482 2483 2484 2485 2486 2487 2488 2489 2490 2491 2492 2493 2494 2495 2496 2497 2498 2499 2500 2501 2502 2503 2504 2505 2506 2507 2508 2509 2510 2511 2512 2513 2514 2515 2516 2517 2518 2519 2520 2521 2522 2523 2524 2525 2526 2527 2528 2529 2530 2531 2532 2533 2534 2535 2536 2537 2538 2539 2540 2541 2542 2543 2544 2545 2546 2547 2548 2549 2550 2551 2552 2553 2554 2555 2556 2557 2558 2559 2560 2561 2562 2563 2564 2565 2566 2567 2568 2569 2570 2571 2572 2573 2574 2575 2576 2577 2578 2579 2580 2581 2582 2583 2584 2585 2586 2587 2588 2589 2590 2591 2592 2593 2594 2595 2596 2597 2598 2599 2600 2601 2602 2603 2604 2605 2606 2607 2608 2609 2610 2611 2612 2613 2614 2615 2616 2617 2618 2619 2620 2621 2622 2623 2624 2625 2626 2627 2628 2629 2630 2631 2632 2633 2634 2635 2636 2637 2638 2639 2640 2641 2642 2643 2644 2645 2646 2647 2648 2649 2650 2651 2652 2653 2654 2655 2656 2657 2658 2659 2660 2661 2662 2663 2664 2665 2666 2667 2668 2669 2670 2671 2672 2673 2674 2675 2676 2677 2678 2679 2680 2681 2682 2683 2684 2685 2686 2687 2688 2689 2690 2691 2692 2693 2694 2695 2696 2697 2698 2699 2700 2701 2702 2703 2704 2705 2706 2707 2708 2709 2710 2711 2712 2713 2714 2715 2716 2717 2718 2719 2720 2721 2722 2723 2724 2725 2726 2727 2728 2729 2730 2731 2732 2733 2734 2735 2736 2737 2738 2739 2740 2741 2742 2743 2744 2745 2746 2747 2748 2749 2750 2751 2752 2753 2754 2755 2756 2757 2758 2759 2760 2761 2762 2763 2764 2765 2766 2767 2768 2769 2770 2771 2772 2773 2774 2775 2776 2777 2778 2779 2780 2781 2782 2783 2784 2785 2786 2787 2788 2789 2790 2791 2792 2793 2794 2795 2796 2797 2798 2799 2800 2801 2802 2803 2804 2805 2806 2807 2808 2809 2810 2811 2812 2813 2814 2815 2816 2817 2818 2819 2820 2821 2822 2823 2824 2825 2826 2827 2828 2829 2830 2831 2832 2833 2834 2835 2836 2837 2838 2839 2840 2841 2842 2843 2844 2845 2846 2847 2848 2849 2850 2851 2852 2853 2854 2855 2856 2857 2858 2859 2860 2861 2862 2863 2864 2865 2866 2867 2868 2869 2870 2871 2872 2873 2874 2875 2876 2877 2878 2879 2880 2881 2882 2883 2884 2885 2886 2887 2888 2889 2890 2891 2892 2893 2894 2895 2896 2897 2898 2899 2900 2901 2902 2903 2904 2905 2906 2907 2908 2909 2910 2911 2912 2913 2914 2915 2916 2917 2918 2919 2920 2921 2922 2923 2924 2925 2926 2927 2928 2929 2930 2931 2932 2933 2934 2935 2936 2937 2938 2939 2940 2941 2942 2943 2944 2945 2946 2947 2948 2949 2950 2951 2952 2953 2954 2955 2956 2957 2958 2959 2960 2961 2962 2963 2964 2965 2966 2967 2968 2969 2970 2971 2972 2973 2974 2975 2976 2977 2978 2979 2980 2981 2982 2983 2984 2985 2986 2987 2988 2989 2990 2991 2992 2993 2994 2995 2996 2997 2998 2999 3000 3001 3002 3003 3004 3005 3006 3007 3008 3009 3010 3011 3012 3013 3014 3015 3016 3017 3018 3019 3020 3021 3022 3023 3024 3025 3026 3027 3028 3029 3030 3031 3032 3033 3034 3035 3036 3037 3038 3039 3040 3041 3042 3043 3044 3045 3046 3047 3048 3049 3050 3051 3052 3053 3054 3055 3056 3057 3058 3059 3060 3061 3062 3063 3064 3065 3066 3067 3068 3069 3070 3071 3072 3073 3074 3075 3076 3077 3078 3079 3080 3081 3082 3083 3084 3085 3086 3087 3088 3089 3090 3091 3092 3093 3094 3095 3096 3097 3098 3099 3100 3101 3102 3103 3104 3105 3106 3107 3108 3109 3110 3111 3112 3113 3114 3115 3116 3117 3118 3119 3120 3121 3122 3123 3124 3125 3126 3127 3128 3129 3130 3131 3132 3133 3134 3135 3136 3137 3138 3139 3140 3141 3142 3143 3144 3145 3146 3147 3148 3149 3150 3151 3152 3153 3154 3155 3156 3157 3158 3159 3160 3161 3162 3163 3164 3165 3166 3167 3168 3169 3170 3171 3172 3173 3174 3175 3176 3177 3178 3179 3180 3181 3182 3183 3184 3185 3186 3187 3188 3189 3190 3191 3192 3193 3194 3195 3196 3197 3198 3199 3200 3201 3202 3203 3204 3205 3206 3207 3208 3209 3210 3211 3212 3213 3214 3215 3216 3217 3218 3219 3220 3221 3222 3223 3224 3225 3226 3227 3228 3229 3230 3231 3232 3233 3234 3235 3236 3237 3238 3239 3240 3241 3242 3243 3244 3245 3246 3247 3248 3249 3250 3251 3252 3253 3254 3255 3256 3257 3258 3259 3260 3261 3262 3263 3264 3265 3266 3267 3268 3269 3270 3271 3272 3273 3274 3275 3276 3277 3278 3279 3280 3281 3282 3283 3284 3285 3286 3287 3288 3289 3290 3291 3292 3293 3294 3295 3296 3297 3298 3299 3300 3301 3302 3303 3304 3305 3306 3307 3308 3309 3310 3311 3312 3313 3314 3315 3316 3317 3318 3319 3320 3321 3322 3323 3324 3325 3326 3327 3328 3329 3330 3331 3332 3333 3334 3335 3336 3337 3338 3339 3340 3341 3342 3343 3344 3345 3346 3347 3348 3349 3350 3351 3352 3353 3354 3355 3356 3357 3358 3359 3360 3361 3362 3363 3364 3365 3366 3367 3368 3369 3370 3371 3372 3373 3374 3375 3376 3377 3378 3379 3380 3381 3382 3383 3384 3385 3386 3387 3388 3389 3390 3391 3392 3393 3394 3395 3396 3397 3398 3399 3400 3401 3402 3403 3404 3405 3406 3407 3408 3409 3410 3411 3412 3413 3414 3415 3416 3417 3418 3419 3420 3421 3422 3423 3424 3425 3426 3427 3428 3429 3430 3431 3432 3433 3434 3435 3436 3437 3438 3439 3440 3441 3442 3443 3444 3445 3446 3447 3448 3449 3450 3451 3452 3453 3454 3455 3456 3457 3458 3459 3460 3461 3462 3463 3464 3465 3466 3467 3468 3469 3470 3471 3472 3473 3474 3475 3476 3477 3478 3479 3480 3481 3482 3483 3484 3485 3486 3487 3488 3489 3490 3491 3492 3493 3494 3495 3496 3497 3498 3499 3500 3501 3502 3503 3504 3505 3506 3507 3508 3509 3510 3511 3512 3513 3514 3515 3516 3517 3518 3519 3520 3521 3522 3523 3524 3525 3526 3527 3528 3529 3530 3531 3532 3533 3534 3535 3536 3537 3538 3539 3540 3541 3542 3543 3544 3545 3546 3547 3548 3549 3550 3551 3552 3553 3554 3555 3556 3557 3558 3559 3560 3561 3562 3563 3564 3565 3566 3567 3568 3569 3570 3571 3572 3573 3574 3575 3576 3577 3578 3579 3580 3581 3582 3583 3584 3585 3586 3587 3588 3589 3590 3591 3592 3593 3594 3595 3596 3597 3598 3599 3600 3601 3602 3603 3604 3605 3606 3607 3608 3609 3610 3611 3612 3613 3614 3615 3616 3617 3618 3619 3620 3621 3622 3623 3624 3625 3626 3627 3628 3629 3630 3631 3632 3633 3634 3635 3636 3637 3638 3639 3640 3641 3642 3643 3644 3645 3646 3647 3648 3649 3650 3651 3652 3653 3654 3655 3656 3657 3658 3659 3660 3661 3662 3663 3664 3665 3666 3667 3668 3669 3670 3671 3672 3673 3674 3675 3676 3677 3678 3679 3680 3681 3682 3683 3684 3685 3686 3687 3688 3689 3690 3691 3692 3693 3694 3695 3696 3697 3698 3699 3700 3701 3702 3703 3704 3705 3706 3707 3708 3709 3710 3711 3712 3713 3714 3715 3716 3717 3718 3719 3720 3721 3722 3723 3724 3725 3726 3727 3728 3729 3730 3731 3732 3733 3734 3735 3736 3737 3738 3739 3740 3741 3742 3743 3744 3745 3746 3747 3748 3749 3750 3751 3752 3753 3754 3755 3756 3757 3758 3759 3760 3761 3762 3763 3764 3765 3766 3767 3768 3769 3770 3771 3772 3773 3774 3775 3776 3777 3778 3779 3780 3781 3782 3783 3784 3785 3786 3787 3788 3789 3790 3791 3792 3793 3794 3795 3796 3797 3798 3799 3800 3801 3802 3803 3804 3805 3806 3807 3808 3809 3810 3811 3812 3813 3814 3815 3816 3817 3818 3819 3820 3821 3822 3823 3824 3825 3826 3827 3828 3829 3830 3831 3832 3833 3834 3835 3836 3837 3838 3839 3840 3841 3842 3843 3844 3845 3846 3847 3848 3849 3850 3851 3852 3853 3854 3855 3856 3857 3858 3859 3860 3861 3862 3863 3864 3865 3866 3867 3868 3869 3870 3871 3872 3873 3874 3875 3876 3877 3878 3879 3880 3881 3882 3883 3884 3885 3886 3887 3888 3889 3890 3891 3892 3893 3894 3895 3896 3897 3898 3899 3900 3901 3902 3903 3904 3905 3906 3907 3908 3909 3910 3911 3912 3913 3914 3915 3916 3917 3918 3919 3920 3921 3922 3923 3924 3925 3926 3927 3928 3929 3930 3931 3932 3933 3934 3935 3936 3937 3938 3939 3940 3941 3942 3943 3944 3945 3946 3947 3948 3949 3950 3951 3952 3953 3954 3955 3956 3957 3958 3959 3960 3961 3962 3963 3964 3965 3966 3967 3968 3969 3970 3971 3972 3973 3974 3975 3976 3977 3978 3979 3980 3981 3982 3983 3984 3985 3986 3987 3988 3989 3990 3991 3992 3993 3994 3995 3996 3997 3998 3999 4000 4001 4002 4003 4004 4005 4006 4007 4008 4009 4010 4011 4012 4013 4014 4015 4016 4017 4018 4019 4020 4021 4022 4023 4024 4025 4026 4027 4028 4029 4030 4031 4032 4033 4034 4035 4036 4037 4038 4039 4040 4041 4042 4043 4044 4045 4046 4047 4048 4049 4050 4051 4052 4053 4054 4055 4056 4057 4058 4059 4060 4061 4062 4063 4064 4065 4066 4067 4068 4069 4070 4071 4072 4073 4074 4075 4076 4077 4078 4079 4080 4081 4082 4083 4084 4085 4086 4087 4088 4089 4090 4091 4092 4093 4094 4095 4096 4097 4098 4099 4100 4101 4102 4103 4104 4105 4106 4107 4108 4109 4110 4111 4112 4113 4114 4115 4116 4117 4118 4119 4120 4121 4122 4123 4124 4125 4126 4127 4128 4129 4130 4131 4132 4133 4134 4135 4136 4137 4138 4139 4140 4141 4142 4143 4144 4145 4146 4147 4148 4149 4150 4151 4152 4153 4154 4155 4156 4157 4158 4159 4160 4161 4162 4163 4164 4165 4166 4167 4168 4169 4170 4171 4172 4173 4174 4175 4176 4177 4178 4179 4180 4181 4182 4183 4184 4185 4186 4187 4188 4189 4190 4191 4192 4193 4194 4195 4196 4197 4198 4199 4200 4201 4202 4203 4204 4205 4206 4207 4208 4209 4210 4211 4212 4213 4214 4215 4216 4217 4218 4219 4220 4221 4222 4223 4224 4225 4226 4227 4228 4229 4230 4231 4232 4233 4234 4235 4236 4237 4238 4239 4240 4241 4242 4243 4244 4245 4246 4247 4248 4249 4250 4251 4252 4253 4254 4255 4256 4257 4258 4259 4260 4261 4262 4263 4264 4265 4266 4267 4268 4269 4270 4271 4272 4273 4274 4275 4276 4277 4278 4279 4280 4281 4282 4283 4284 4285 4286 4287 4288 4289 4290 4291 4292 4293 4294 4295 4296 4297 4298 4299 4300 4301 4302 4303 4304 4305 4306 4307 4308 4309 4310 4311 4312 4313 4314 4315 4316 4317 4318 4319 4320 4321 4322 4323 4324 4325 4326 4327 4328 4329 4330 4331 4332 4333 4334 4335 4336 4337 4338 4339 4340 4341 4342 4343 4344 4345 4346 4347 4348 4349 4350 4351 4352 4353 4354 4355 4356 4357 4358 4359 4360 4361 4362 4363 4364 4365 4366 4367 4368 4369 4370 4371 4372 4373 4374 4375 4376 4377 4378 4379 4380 4381 4382 4383 4384 4385 4386 4387 4388 4389 4390 4391 4392 4393 4394 4395 4396 4397 4398 4399 4400 4401 4402 4403 4404 4405 4406 4407 4408 4409 4410 4411 4412 4413 4414 4415 4416 4417 4418 4419 4420 4421 4422 4423 4424 4425 4426 4427 4428 4429 4430 4431 4432 4433 4434 4435 4436 4437 4438 4439 4440 4441 4442 4443 4444 4445 4446 4447 4448 4449 4450 4451 4452 4453 4454 4455 4456 4457 4458 4459 4460 4461 4462 4463 4464 4465 4466 4467 4468 4469 4470 4471 4472 4473 4474 4475 4476 4477 4478 4479 4480 4481 4482 4483 4484 4485 4486 4487 4488 4489 4490 4491 4492 4493 4494 4495 4496 4497 4498 4499 4500 4501 4502 4503 4504 4505 4506 4507 4508 4509 4510 4511 4512 4513 4514 4515 4516 4517 4518 4519 4520 4521 4522 4523 4524 4525 4526 4527 4528 4529 4530 4531 4532 4533 4534 4535 4536 4537 4538 4539 4540 4541 4542 4543 4544 4545 4546 4547 4548 4549 4550 4551 4552 4553 4554 4555 4556 4557 4558 4559 4560 4561 4562 4563 4564 4565 4566 4567 4568 4569 4570 4571 4572 4573 4574 4575 4576 4577 4578 4579 4580 4581 4582 4583 4584 4585 4586 4587 4588 4589 4590 4591 4592 4593 4594 4595 4596 4597 4598 4599 4600 4601 4602 4603 4604 4605 4606 4607 4608 4609 4610 4611 4612 4613 4614 4615 4616 4617 4618 4619 4620 4621 4622 4623 4624 4625 4626 4627 4628 4629 4630 4631 4632 4633 4634 4635 4636 4637 4638 4639 4640 4641 4642 4643 4644 4645 4646 4647 4648 4649 4650 4651 4652 4653 4654 4655 4656 4657 4658 4659 4660 4661 4662 4663 4664 4665 4666 4667 4668 4669 4670 4671 4672 4673 4674 4675 4676 4677 4678 4679 4680 4681 4682 4683 4684 4685 4686 4687 4688 4689 4690 4691 4692 4693 4694 4695 4696 4697 4698 4699 4700 4701 4702 4703 4704 4705 4706 4707 4708 4709 4710 4711 4712 4713 4714 4715 4716 4717 4718 4719 4720 4721 4722 4723 4724 4725 4726 4727 4728 4729 4730 4731 4732 4733 4734 4735 4736 4737 4738 4739 4740 4741 4742 4743 4744 4745 4746 4747 4748 4749 4750 4751 4752 4753 4754 4755 4756 4757 4758 4759 4760 4761 4762 4763 4764 4765 4766 4767 4768 4769 4770 4771 4772 4773 4774 4775 4776 4777 4778 4779 4780 4781 4782 4783 4784 4785 4786 4787 4788 4789 4790 4791 4792 4793 4794 4795 4796 4797 4798 4799 4800 4801 4802 4803 4804 4805 4806 4807 4808 4809 4810 4811 4812 4813 4814 4815 4816 4817 4818 4819 4820 4821 4822 4823 4824 4825 4826 4827 4828 4829 4830 4831 4832 4833 4834 4835 4836 4837 4838 4839 4840 4841 4842 4843 4844 4845 4846 4847 4848 4849 4850 4851 4852 4853 4854 4855 4856 4857 4858 4859 4860 4861 4862 4863 4864 4865 4866 4867 4868 4869 4870 4871 4872 4873 4874 4875 4876 4877 4878 4879 4880 4881 4882 4883 4884 4885 4886 4887 4888 4889 4890 4891 4892 4893 4894 4895 4896 4897 4898 4899 4900 4901 4902 4903 4904 4905 4906 4907 4908 4909 4910 4911 4912 4913 4914 4915 4916 4917 4918 4919 4920 4921 4922 4923 4924 4925 4926 4927 4928 4929 4930 4931 4932 4933 4934 4935 4936 4937 4938 4939 4940 4941 4942 4943 4944 4945 4946 4947 4948 4949 4950 4951 4952 4953 4954 4955 4956 4957 4958 4959 4960 4961 4962 4963 4964 4965 4966 4967 4968 4969 4970 4971 4972 4973 4974 4975 4976 4977 4978 4979 4980 4981 4982 4983 4984 4985 4986 4987 4988 4989 4990 4991 4992 4993 4994 4995 4996 4997 4998 4999 5000 5001 5002 5003 5004 5005 5006 5007 5008 5009 5010 5011 5012 5013 5014 5015 5016 5017 5018 5019 5020 5021 5022 5023 5024 5025 5026 5027 5028 5029 5030 5031 5032 5033 5034 5035 5036 5037 5038 5039 5040 5041 5042 5043 5044 5045 5046 5047 5048 5049 5050 5051 5052 5053 5054 5055 5056 5057 5058 5059 5060 5061 5062 5063 5064 5065 5066 5067 5068 5069 5070 5071 5072 5073 5074 5075 5076 5077 5078 5079 5080 5081 5082 5083 5084 5085 5086 5087 5088 5089 5090 5091 5092 5093 5094 5095 5096 5097 5098 5099 5100 5101 5102 5103 5104 5105 5106 5107 5108 5109 5110 5111 5112 5113 5114 5115 5116 5117 5118 5119 5120 5121 5122 5123 5124 5125 5126 5127 5128 5129 5130 5131 5132 5133 5134 5135 5136 5137 5138 5139 5140 5141 5142 5143 5144 5145 5146 5147 5148 5149 5150 5151 5152 5153 5154 5155 5156 5157 5158 5159 5160 5161 5162 5163 5164 5165 5166 5167 5168 5169 5170 5171 5172 5173 5174 5175 5176 5177 5178 5179 5180 5181 5182 5183 5184 5185 5186 5187 5188 5189 5190 5191 5192 5193 5194 5195 5196 5197 5198 5199 5200 5201 5202 5203 5204 5205 5206 5207 5208 5209 5210 5211 5212 5213 5214 5215 5216 5217 5218 5219 5220 5221 5222 5223 5224 5225 5226 5227 5228 5229 5230 5231 5232 5233 5234 5235 5236 5237 5238 5239 5240 5241 5242 5243 5244 5245 5246 5247 5248 5249 5250 5251 5252 5253 5254 5255 5256 5257 5258 5259 5260 5261 5262 5263 5264 5265 5266 5267 5268 5269 5270 5271 5272 5273 5274 5275 5276 5277 5278 5279 5280 5281 5282 5283 5284 5285 5286 5287 5288 5289 5290 5291 5292 5293 5294 5295 5296 5297 5298 5299 5300 5301 5302 5303 5304 5305 5306 5307 5308 5309 5310 5311 5312 5313 5314 5315 5316 5317 5318 5319 5320 5321 5322 5323 5324 5325 5326 5327 5328 5329 5330 5331 5332 5333 5334 5335 5336 5337 5338 5339 5340 5341 5342 5343 5344 5345 5346 5347 5348 5349 5350 5351 5352 5353 5354 5355 5356 5357 5358 5359 5360 5361 5362 5363 5364 5365 5366 5367 5368 5369 5370 5371 5372 5373 5374 5375 5376 5377 5378 5379 5380 5381 5382 5383 5384 5385 5386 5387 5388 5389 5390 5391 5392 5393 5394 5395 5396 5397 5398 5399 5400 5401 5402 5403 5404 5405 5406 5407 5408 5409 5410 5411 5412 5413 5414 5415 5416 5417 5418 5419 5420 5421 5422 5423 5424 5425 5426 5427 5428 5429 5430 5431 5432 5433 5434 5435 5436 5437 5438 5439 5440 5441 5442 5443 5444 5445 5446 5447 5448 5449 5450 5451 5452 5453 5454 5455 5456 5457 5458 5459 5460 5461 5462 5463 5464 5465 5466 5467 5468 5469 5470 5471 5472 5473 5474 5475 5476 5477 5478 5479 5480 5481 5482 5483 5484 5485 5486 5487 5488 5489 5490 5491 5492 5493 5494 5495 5496 5497 5498 5499 5500 5501 5502 5503 5504 5505 5506 5507 5508 5509 5510 5511 5512 5513 5514 5515 5516 5517 5518 5519 5520 5521 5522 5523 5524 5525 5526 5527 5528 5529 5530 5531 5532 5533 5534 5535 5536 5537 5538 5539 5540 5541 5542 5543 5544 5545 5546 5547 5548 5549 5550 5551 5552 5553 5554 5555 5556 5557 5558 5559 5560 5561 5562 5563 5564 5565 5566 5567 5568 5569 5570 5571 5572 5573 5574 5575 5576 5577 5578 5579 5580 5581 5582 5583 5584 5585 5586 5587 5588 5589 5590 5591 5592 5593 5594 5595 5596 5597 5598 5599 5600 5601 5602 5603 5604 5605 5606 5607 5608 5609 5610 5611 5612 5613 5614 5615 5616 5617 5618 5619 5620 5621 5622 5623 5624 5625 5626 5627 5628 5629 5630 5631 5632 5633 5634 5635 5636 5637 5638 5639 5640 5641 5642 5643 5644 5645 5646 5647 5648 5649 5650 5651 5652 5653 5654 5655 5656 5657 5658 5659 5660 5661 5662 5663 5664 5665 5666 5667 5668 5669 5670 5671 5672 5673 5674 5675 5676 5677 5678 5679 5680 5681 5682 5683 5684 5685 5686 5687 5688 5689 5690 5691 5692 5693 5694 5695 5696 5697 5698 5699 5700 5701 5702 5703 5704 5705 5706 5707 5708 5709 5710 5711 5712 5713 5714 5715 5716 5717 5718 5719 5720 5721 5722 5723 5724 5725 5726 5727 5728 5729 5730 5731 5732 5733 5734 5735 5736 5737 5738 5739 5740 5741 5742 5743 5744 5745 5746 5747 5748 5749 5750 5751 5752 5753 5754 5755 5756 5757 5758 5759 5760 5761 5762 5763 5764 5765 5766 5767 5768 5769 5770 5771 5772 5773 5774 5775 5776 5777 5778 5779 5780 5781 5782 5783 5784 5785 5786 5787 5788 5789 5790 5791 5792 5793 5794 5795 5796 5797 5798 5799 5800 5801 5802 5803 5804 5805 5806 5807 5808 5809 5810 5811 5812 5813 5814 5815 5816 5817 5818 5819 5820 5821 5822 5823 5824 5825 5826 5827 5828 5829 5830 5831 5832 5833 5834 5835 5836 5837 5838 5839 5840 5841 5842 5843 5844 5845 5846 5847 5848 5849 5850 5851 5852 5853 5854 5855 5856 5857 5858 5859 5860 5861 5862 5863 5864 5865 5866 5867 5868 5869 5870 5871 5872 5873 5874 5875 5876 5877 5878 5879 5880 5881 5882 5883 5884 5885 5886 5887 5888 5889 5890 5891 5892 5893 5894 5895 5896 5897 5898 5899 5900 5901 5902 5903 5904 5905 5906 5907 5908 5909 5910 5911 5912 5913 5914 5915 5916 5917 5918 5919 5920 5921 5922 5923 5924 5925 5926 5927 5928 5929 5930 5931 5932 5933 5934 5935 5936 5937 5938 5939 5940 5941 5942 5943 5944 5945 5946 5947 5948 5949 5950 5951 5952 5953 5954 5955 5956 5957 5958 5959 5960 5961 5962 5963 5964 5965 5966 5967 5968 5969 5970 5971 5972 5973 5974 5975 5976 5977 5978 5979 5980 5981 5982 5983 5984 5985 5986 5987 5988 5989 5990 5991 5992 5993 5994 5995 5996 5997 5998 5999 6000 6001 6002 6003 6004 6005 6006 6007 6008 6009 6010 6011 6012 6013 6014 6015 6016 6017 6018 6019 6020 6021 6022 6023 6024 6025 6026 6027 6028 6029 6030 6031 6032 6033 6034 6035 6036 6037 6038 6039 6040 6041 6042 6043 6044 6045 6046 6047 6048 6049 6050 6051 6052 6053 6054 6055 6056 6057 6058 6059 6060 6061 6062 6063 6064 6065 6066 6067 6068 6069 6070 6071 6072 6073 6074 6075 6076 6077 6078 6079 6080 6081 6082 6083 6084 6085 6086 6087 6088 6089 6090 6091 6092 6093 6094 6095 6096 6097 6098 6099 6100 6101 6102 6103 6104 6105 6106 6107 6108 6109 6110 6111 6112 6113 6114 6115 6116 6117 6118 6119 6120 6121 6122 6123 6124 6125 6126 6127 6128 6129 6130 6131 6132 6133 6134 6135 6136 6137 6138 6139 6140 6141 6142 6143 6144 6145 6146 6147 6148 6149 6150 6151 6152 6153 6154 6155 6156 6157 6158 6159 6160 6161 6162 6163 6164 6165 6166 6167 6168 6169 6170 6171 6172 6173 6174 6175 6176 6177 6178 6179 6180 6181 6182 6183 6184 6185 6186 6187 6188 6189 6190 6191 6192 6193 6194 6195 6196 6197 6198 6199 6200 6201 6202 6203 6204 6205 6206 6207 6208 6209 6210 6211 6212 6213 6214 6215 6216 6217 6218 6219 6220 6221 6222 6223 6224 6225 6226 6227 6228 6229 6230 6231 6232 6233 6234 6235 6236 6237 6238 6239 6240 6241 6242 6243 6244 6245 6246 6247 6248 6249 6250 6251 6252 6253 6254 6255 6256 6257 6258 6259 6260 6261 6262 6263 6264 6265 6266 6267 6268 6269 6270 6271 6272 6273 6274 6275 6276 6277 6278 6279 6280 6281 6282 6283 6284 6285 6286 6287 6288 6289 6290 6291 6292 6293 6294 6295 6296 6297 6298 6299 6300 6301 6302 6303 6304 6305 6306 6307 6308 6309 6310 6311 6312 6313 6314 6315 6316 6317 6318 6319 6320 6321 6322 6323 6324 6325 6326 6327 6328 6329 6330 6331 6332 6333 6334 6335 6336 6337 6338 6339 6340 6341 6342 6343 6344 6345 6346 6347 6348 6349 6350 6351 6352 6353 6354 6355 6356 6357 6358 6359 6360 6361 6362 6363 6364 6365 6366 6367 6368 6369 6370 6371 6372 6373 6374 6375 6376 6377 6378 6379 6380 6381 6382 6383 6384 6385 6386 6387 6388 6389 6390 6391 6392 6393 6394 6395 6396 6397 6398 6399 6400 6401 6402 6403 6404 6405 6406 6407 6408 6409 6410 6411 6412 6413 6414 6415 6416 6417 6418 6419 6420 6421 6422 6423 6424 6425 6426 6427 6428 6429 6430 6431 6432 6433 6434 6435 6436 6437 6438 6439 6440 6441 6442 6443 6444 6445 6446 6447 6448 6449 6450 6451 6452 6453 6454 6455 6456 6457 6458 6459 6460 6461 6462 6463 6464 6465 6466 6467 6468 6469 6470 6471 6472 6473 6474 6475 6476 6477 6478 6479 6480 6481 6482 6483 6484 6485 6486 6487 6488 6489 6490 6491 6492 6493 6494 6495 6496 6497 6498 6499 6500 6501 6502 6503 6504 6505 6506 6507 6508 6509 6510 6511 6512 6513 6514 6515 6516 6517 6518 6519 6520 6521 6522 6523 6524 6525 6526 6527 6528 6529 6530 6531 6532 6533 6534 6535 6536 6537 6538 6539 6540 6541 6542 6543 6544 6545 6546 6547 6548 6549 6550 6551 6552 6553 6554 6555 6556 6557 6558 6559 6560 6561 6562 6563 6564 6565 6566 6567 6568 6569 6570 6571 6572 6573 6574 6575 6576 6577 6578 6579 6580 6581 6582 6583 6584 6585 6586 6587 6588 6589 6590 6591 6592 6593 6594 6595 6596 6597 6598 6599 6600 6601 6602 6603 6604 6605 6606 6607 6608 6609 6610 6611 6612 6613 6614 6615 6616 6617 6618 6619 6620 6621 6622 6623 6624 6625 6626 6627 6628 6629 6630 6631 6632 6633 6634 6635 6636 6637 6638 6639 6640 6641 6642 6643 6644 6645 6646 6647 6648 6649 6650 6651 6652 6653 6654 6655 6656 6657 6658 6659 6660 6661 6662 6663 6664 6665 6666 6667 6668 6669 6670 6671 6672 6673 6674 6675 6676 6677 6678 6679 6680 6681 6682 6683 6684 6685 6686 6687 6688 6689 6690 6691 6692 6693 6694 6695 6696 6697 6698 6699 6700 6701 6702 6703 6704 6705 6706 6707 6708 6709 6710 6711 6712 6713 6714 6715 6716 6717 6718 6719 6720 6721 6722 6723 6724 6725 6726 6727 6728 6729 6730 6731 6732 6733 6734 6735 6736 6737 6738 6739 6740 6741 6742 6743 6744 6745 6746 6747 6748 6749 6750 6751 6752 6753 6754 6755 6756 6757 6758 6759 6760 6761 6762 6763 6764 6765 6766 6767 6768 6769 6770 6771 6772 6773 6774 6775 6776 6777 6778 6779 6780 6781 6782 6783 6784 6785 6786 6787 6788 6789 6790 6791 6792 6793 6794 6795 6796 6797 6798 6799 6800 6801 6802 6803 6804 6805 6806 6807 6808 6809 6810 6811 6812 6813 6814 6815 6816 6817 6818 6819 6820 6821 6822 6823 6824 6825 6826 6827 6828 6829 6830 6831 6832 6833 6834 6835 6836 6837 6838 6839 6840 6841 6842 6843 6844 6845 6846 6847 6848 6849 6850 6851 6852 6853 6854 6855 6856 6857 6858 6859 6860 6861 6862 6863 6864 6865 6866 6867 6868 6869 6870 6871 6872 6873 6874 6875 6876 6877 6878 6879 6880 6881 6882 6883 6884 6885 6886 6887 6888 6889 6890 6891 6892 6893 6894 6895 6896 6897 6898 6899 6900 6901 6902 6903 6904 6905 6906 6907 6908 6909 6910 6911 6912 6913 6914 6915 6916 6917 6918 6919 6920 6921 6922 6923 6924 6925 6926 6927 6928 6929 6930 6931 6932 6933 6934 6935 6936 6937 6938 6939 6940 6941 6942 6943 6944 6945 6946 6947 6948 6949 6950 6951 6952 6953 6954 6955 6956 6957 6958 6959 6960 6961 6962 6963 6964 6965 6966 6967 6968 6969 6970 6971 6972 6973 6974 6975 6976 6977 6978 6979 6980 6981 6982 6983 6984 6985 6986 6987 6988 6989 6990 6991 6992 6993 6994 6995 6996 6997 6998 6999 7000 7001 7002 7003 7004 7005 7006 7007 7008 7009 7010 7011 7012 7013 7014 7015 7016 7017 7018 7019 7020 7021 7022 7023 7024 7025 7026 7027 7028 7029 7030 7031 7032 7033 7034 7035 7036 7037 7038 7039 7040 7041 7042 7043 7044 7045 7046 7047 7048 7049 7050 7051 7052 7053 7054 7055 7056 7057 7058 7059 7060 7061 7062 7063 7064 7065 7066 7067 7068 7069 7070 7071 7072 7073 7074 7075 7076 7077 7078 7079 7080 7081 7082 7083 7084 7085 7086 7087 7088 7089 7090 7091 7092 7093 7094 7095 7096 7097 7098 7099 7100 7101 7102 7103 7104 7105 7106 7107 7108 7109 7110 7111 7112 7113 7114 7115 7116 7117 7118 7119 7120 7121 7122 7123 7124 7125 7126 7127 7128 7129 7130 7131 7132 7133 7134 7135 7136 7137 7138 7139 7140 7141 7142 7143 7144 7145 7146 7147 7148 7149 7150 7151 7152 7153 7154 7155 7156 7157 7158 7159 7160 7161 7162 7163 7164 7165 7166 7167 7168 7169 7170 7171 7172 7173 7174 7175 7176 7177 7178 7179 7180 7181 7182 7183 7184 7185 7186 7187 7188 7189 7190 7191 7192 7193 7194 7195 7196 7197 7198 7199 7200 7201 7202 7203 7204 7205 7206 7207 7208 7209 7210 7211 7212 7213 7214 7215 7216 7217 7218 7219 7220 7221 7222 7223 7224 7225 7226 7227 7228 7229 7230 7231 7232 7233 7234 7235 7236 7237 7238 7239 7240 7241 7242 7243 7244 7245 7246 7247 7248 7249 7250 7251 7252 7253 7254 7255 7256 7257 7258 7259 7260 7261 7262 7263 7264 7265 7266 7267 7268 7269 7270 7271 7272 7273 7274 7275 7276 7277 7278 7279 7280 7281 7282 7283 7284 7285 7286 7287 7288 7289 7290 7291 7292 7293 7294 7295 7296 7297 7298 7299 7300 7301 7302 7303 7304 7305 7306 7307 7308 7309 7310 7311 7312 7313 7314 7315 7316 7317 7318 7319 7320 7321 7322 7323 7324 7325 7326 7327 7328 7329 7330 7331 7332 7333 7334 7335 7336 7337 7338 7339 7340 7341 7342 7343 7344 7345 7346 7347 7348 7349 7350 7351 7352 7353 7354 7355 7356 7357 7358 7359 7360 7361 7362 7363 7364 7365 7366 7367 7368 7369 7370 7371 7372 7373 7374 7375 7376 7377 7378 7379 7380 7381 7382 7383 7384 7385 7386 7387 7388 7389 7390 7391 7392 7393 7394 7395 7396 7397 7398 7399 7400 7401 7402 7403 7404 7405 7406 7407 7408 7409 7410 7411 7412 7413 7414 7415 7416 7417 7418 7419 7420 7421 7422 7423 7424 7425 7426 7427 7428 7429 7430 7431 7432 7433 7434 7435 7436 7437 7438 7439 7440 7441 7442 7443 7444 7445 7446 7447 7448 7449 7450 7451 7452 7453 7454 7455 7456 7457 7458 7459 7460 7461 7462 7463 7464 7465 7466 7467 7468 7469 7470 7471 7472 7473 7474 7475 7476 7477 7478 7479 7480 7481 7482 7483 7484 7485 7486 7487 7488 7489 7490 7491 7492 7493 7494 7495 7496 7497 7498 7499 7500 7501 7502 7503 7504 7505 7506 7507 7508 7509 7510 7511 7512 7513 7514 7515 7516 7517 7518 7519 7520 7521 7522 7523 7524 7525 7526 7527 7528 7529 7530 7531 7532 7533 7534 7535 7536 7537 7538 7539 7540 7541 7542 7543 7544 7545 7546 7547 7548 7549 7550 7551 7552 7553 7554 7555 7556 7557 7558 7559 7560 7561 7562 7563 7564 7565 7566 7567 7568 7569 7570 7571 7572 7573 7574 7575 7576 7577 7578 7579 7580 7581 7582 7583 7584 7585 7586 7587 7588 7589 7590 7591 7592 7593 7594 7595 7596 7597 7598 7599 7600 7601 7602 7603 7604 7605 7606 7607 7608 7609 7610 7611 7612 7613 7614 7615 7616 7617 7618 7619 7620 7621 7622 7623 7624 7625 7626 7627 7628 7629 7630 7631 7632 7633 7634 7635 7636 7637 7638 7639 7640 7641 7642 7643 7644 7645 7646 7647 7648 7649 7650 7651 7652 7653 7654 7655 7656 7657 7658 7659 7660 7661 7662 7663 7664 7665 7666 7667 7668 7669 7670 7671 7672 7673 7674 7675 7676 7677 7678 7679 7680 7681 7682 7683 7684 7685 7686 7687 7688 7689 7690 7691 7692 7693 7694 7695 7696 7697 7698 7699 7700 7701 7702 7703 7704 7705 7706 7707 7708 7709 7710 7711 7712 7713 7714 7715 7716 7717 7718 7719 7720 7721 7722 7723 7724 7725 7726 7727 7728 7729 7730 7731 7732 7733 7734 7735 7736 7737 7738 7739 7740 7741 7742 7743 7744 7745 7746 7747 7748 7749 7750 7751 7752 7753 7754 7755 7756 7757 7758 7759 7760 7761 7762 7763 7764 7765 7766 7767 7768 7769 7770 7771 7772 7773 7774 7775 7776 7777 7778 7779 7780 7781 7782 7783 7784 7785 7786 7787 7788 7789 7790 7791 7792 7793 7794 7795 7796 7797 7798 7799 7800 7801 7802 7803 7804 7805 7806 7807 7808 7809 7810 7811 7812 7813 7814 7815 7816 7817 7818 7819 7820 7821 7822 7823 7824 7825 7826 7827 7828 7829 7830 7831 7832 7833 7834 7835 7836 7837 7838 7839 7840 7841 7842 7843 7844 7845 7846 7847 7848 7849 7850 7851 7852 7853 7854 7855 7856 7857 7858 7859 7860 7861 7862 7863 7864 7865 7866 7867 7868 7869 7870 7871 7872 7873 7874 7875 7876 7877 7878 7879 7880 7881 7882 7883 7884 7885 7886 7887 7888 7889 7890 7891 7892 7893 7894 7895 7896 7897 7898 7899 7900 7901 7902 7903 7904 7905 7906 7907 7908 7909 7910 7911 7912 7913 7914 7915 7916 7917 7918 7919 7920 7921 7922 7923 7924 7925 7926 7927 7928 7929 7930 7931 7932 7933 7934 7935 7936 7937 7938 7939 7940 7941 7942 7943 7944 7945 7946 7947 7948 7949 7950 7951 7952 7953 7954 7955 7956 7957 7958 7959 7960 7961 7962 7963 7964 7965 7966 7967 7968 7969 7970 7971 7972 7973 7974 7975 7976 7977 7978 7979 7980 7981 7982 7983 7984 7985 7986 7987 7988 7989 7990 7991 7992 7993 7994 7995 7996 7997 7998 7999 8000 8001 8002 8003 8004 8005 8006 8007 8008 8009 8010 8011 8012 8013 8014 8015 8016 8017 8018 8019 8020 8021 8022 8023 8024 8025 8026 8027 8028 8029 8030 8031 8032 8033 8034 8035 8036 8037 8038 8039 8040 8041 8042 8043 8044 8045 8046 8047 8048 8049 8050 8051 8052 8053 8054 8055 8056 8057 8058 8059 8060 8061 8062 8063 8064 8065 8066 8067 8068 8069 8070 8071 8072 8073 8074 8075 8076 8077 8078 8079 8080 8081 8082 8083 8084 8085 8086 8087 8088 8089 8090 8091 8092 8093 8094 8095 8096 8097 8098 8099 8100 8101 8102 8103 8104 8105 8106 8107 8108 8109 8110 8111 8112 8113 8114 8115 8116 8117 8118 8119 8120 8121 8122 8123 8124 8125 8126 8127 8128 8129 8130 8131 8132 8133 8134 8135 8136 8137 8138 8139 8140 8141 8142 8143 8144 8145 8146 8147 8148 8149 8150 8151 8152 8153 8154 8155 8156 8157 8158 8159 8160 8161 8162 8163 8164 8165 8166 8167 8168 8169 8170 8171 8172 8173 8174 8175 8176 8177 8178 8179 8180 8181 8182 8183 8184 8185 8186 8187 8188 8189 8190 8191 8192 8193 8194 8195 8196 8197 8198 8199 8200 8201 8202 8203 8204 8205 8206 8207 8208 8209 8210 8211 8212 8213 8214 8215 8216 8217 8218 8219 8220 8221 8222 8223 8224 8225 8226 8227 8228 8229 8230 8231 8232 8233 8234 8235 8236 8237 8238 8239 8240 8241 8242 8243 8244 8245 8246 8247 8248 8249 8250 8251 8252 8253 8254 8255 8256 8257 8258 8259 8260 8261 8262 8263 8264 8265 8266 8267 8268 8269 8270 8271 8272 8273 8274 8275 8276 8277 8278 8279 8280 8281 8282 8283 8284 8285 8286 8287 8288 8289 8290 8291 8292 8293 8294 8295 8296 8297 8298 8299 8300 8301 8302 8303 8304 8305 8306 8307 8308 8309 8310 8311 8312 8313 8314 8315 8316 8317 8318 8319 8320 8321 8322 8323 8324 8325 8326 8327 8328 8329 8330 8331 8332 8333 8334 8335 8336 8337 8338 8339 8340 8341 8342 8343 8344 8345 8346 8347 8348 8349 8350 8351 8352 8353 8354 8355 8356 8357 8358 8359 8360 8361 8362 8363 8364 8365 8366 8367 8368 8369 8370 8371 8372 8373 8374 8375 8376 8377 8378 8379 8380 8381 8382 8383 8384 8385 8386 8387 8388 8389 8390 8391 8392 8393 8394 8395 8396 8397 8398 8399 8400 8401 8402 8403 8404 8405 8406 8407 8408 8409 8410 8411 8412 8413 8414 8415 8416 8417 8418 8419 8420 8421 8422 8423 8424 8425 8426 8427 8428 8429 8430 8431 8432 8433 8434 8435 8436 8437 8438 8439 8440 8441 8442 8443 8444 8445 8446 8447 8448 8449 8450 8451 8452 8453 8454 8455 8456 8457 8458 8459 8460 8461 8462 8463 8464 8465 8466 8467 8468 8469 8470 8471 8472 8473 8474 8475 8476 8477 8478 8479 8480 8481 8482 8483 8484 8485 8486 8487 8488 8489 8490 8491 8492 8493 8494 8495 8496 8497 8498 8499 8500 8501 8502 8503 8504 8505 8506 8507 8508 8509 8510 8511 8512 8513 8514 8515 8516 8517 8518 8519 8520 8521 8522 8523 8524 8525 8526 8527 8528 8529 8530 8531 8532 8533 8534 8535 8536 8537 8538 8539 8540 8541 8542 8543 8544 8545 8546 8547 8548 8549 8550 8551 8552 8553 8554 8555 8556 8557 8558 8559 8560 8561 8562 8563 8564 8565 8566 8567 8568 8569 8570 8571 8572 8573 8574 8575 8576 8577 8578 8579 8580 8581 8582 8583 8584 8585 8586 8587 8588 8589 8590 8591 8592 8593 8594 8595 8596 8597 8598 8599 8600 8601 8602 8603 8604 8605 8606 8607 8608 8609 8610 8611 8612 8613 8614 8615 8616 8617 8618 8619 8620 8621 8622 8623 8624 8625 8626 8627 8628 8629 8630 8631 8632 8633 8634 8635 8636 8637 8638 8639 8640 8641 8642 8643 8644 8645 8646 8647 8648 8649 8650 8651 8652 8653 8654 8655 8656 8657 8658 8659 8660 8661 8662 8663 8664 8665 8666 8667 8668 8669 8670 8671 8672 8673 8674 8675 8676 8677 8678 8679 8680 8681 8682 8683 8684 8685 8686 8687 8688 8689 8690 8691 8692 8693 8694 8695 8696 8697 8698 8699 8700 8701 8702 8703 8704 8705 8706 8707 8708 8709 8710 8711 8712 8713 8714 8715 8716 8717 8718 8719 8720 8721 8722 8723 8724 8725 8726 8727 8728 8729 8730 8731 8732 8733 8734 8735 8736 8737 8738 8739 8740 8741 8742 8743 8744 8745 8746 8747 8748 8749 8750 8751 8752 8753 8754 8755 8756 8757 8758 8759 8760 8761 8762 8763 8764 8765 8766 8767 8768 8769 8770 8771 8772 8773 8774 8775 8776 8777 8778 8779 8780 8781 8782 8783 8784 8785 8786 8787 8788 8789 8790 8791 8792 8793 8794 8795 8796 8797 8798 8799 8800 8801 8802 8803 8804 8805 8806 8807 8808 8809 8810 8811 8812 8813 8814 8815 8816 8817 8818 8819 8820 8821 8822 8823 8824 8825 8826 8827 8828 8829 8830 8831 8832 8833 8834 8835 8836 8837 8838 8839 8840 8841 8842 8843 8844 8845 8846 8847 8848 8849 8850 8851 8852 8853 8854 8855 8856 8857 8858 8859 8860 8861 8862 8863 8864 8865 8866 8867 8868 8869 8870 8871 8872 8873 8874 8875 8876 8877 8878 8879 8880 8881 8882 8883 8884 8885 8886 8887 8888 8889 8890 8891 8892 8893 8894 8895 8896 8897 8898 8899 8900 8901 8902 8903 8904 8905 8906 8907 8908 8909 8910 8911 8912 8913 8914 8915 8916 8917 8918 8919 8920 8921 8922 8923 8924 8925 8926 8927 8928 8929 8930 8931 8932 8933 8934 8935 8936 8937 8938 8939 8940 8941 8942 8943 8944 8945 8946 8947 8948 8949 8950 8951 8952 8953 8954 8955 8956 8957 8958 8959 8960 8961 8962 8963 8964 8965 8966 8967 8968 8969 8970 8971 8972 8973 8974 8975 8976 8977 8978 8979 8980 8981 8982 8983 8984 8985 8986 8987 8988 8989 8990 8991 8992 8993 8994 8995 8996 8997 8998 8999 9000 9001 9002 9003 9004 9005 9006 9007 9008 9009 9010 9011 9012 9013 9014 9015 9016 9017 9018 9019 9020 9021 9022 9023 9024 9025 9026 9027 9028 9029 9030 9031 9032 9033 9034 9035 9036 9037 9038 9039 9040 9041 9042 9043 9044 9045 9046 9047 9048 9049 9050 9051 9052 9053 9054 9055 9056 9057 9058 9059 9060 9061 9062 9063 9064 9065 9066 9067 9068 9069 9070 9071 9072 9073 9074 9075 9076 9077 9078 9079 9080 9081 9082 9083 9084 9085 9086 9087 9088 9089 9090 9091 9092 9093 9094 9095 9096 9097 9098 9099 9100 9101 9102 9103 9104 9105 9106 9107 9108 9109 9110 9111 9112 9113 9114 9115 9116 9117 9118 9119 9120 9121 9122 9123 9124 9125 9126 9127 9128 9129 9130 9131 9132 9133 9134 9135 9136 9137 9138 9139 9140 9141 9142 9143 9144 9145 9146 9147 9148 9149 9150 9151 9152 9153 9154 9155 9156 9157 9158 9159 9160 9161 9162 9163 9164 9165 9166 9167 9168 9169 9170 9171 9172 9173 9174 9175 9176 9177 9178 9179 9180 9181 9182 9183 9184 9185 9186 9187 9188 9189 9190 9191 9192 9193 9194 9195 9196 9197 9198 9199 9200 9201 9202 9203 9204 9205 9206 9207 9208 9209 9210 9211 9212 9213 9214 9215 9216 9217 9218 9219 9220 9221 9222 9223 9224 9225 9226 9227 9228 9229 9230 9231 9232 9233 9234 9235 9236 9237 9238 9239 9240 9241 9242 9243 9244 9245 9246 9247 9248 9249 9250 9251 9252 9253 9254 9255 9256 9257 9258 9259 9260 9261 9262 9263 9264 9265 9266 9267 9268 9269 9270 9271 9272 9273 9274 9275 9276 9277 9278 9279 9280 9281 9282 9283 9284 9285 9286 9287 9288 9289 9290 9291 9292 9293 9294 9295 9296 9297 9298 9299 9300 9301 9302 9303 9304 9305 9306 9307 9308 9309 9310 9311 9312 9313 9314 9315 9316 9317 9318 9319 9320 9321 9322 9323 9324 9325 9326 9327 9328 9329 9330 9331 9332 9333 9334 9335 9336 9337 9338 9339 9340 9341 9342 9343 9344 9345 9346 9347 9348 9349 9350 9351 9352 9353 9354 9355 9356 9357 9358 9359 9360 9361 9362 9363 9364 9365 9366 9367 9368 9369 9370 9371 9372 9373 9374 9375 9376 9377 9378 9379 9380 9381 9382 9383 9384 9385 9386 9387 9388 9389 9390 9391 9392 9393 9394 9395 9396 9397 9398 9399 9400 9401 9402 9403 9404 9405 9406 9407 9408 9409 9410 9411 9412 9413 9414 9415 9416 9417 9418 9419 9420 9421 9422 9423 9424 9425 9426 9427 9428 9429 9430 9431 9432 9433 9434 9435 9436 9437 9438 9439 9440 9441 9442 9443 9444 9445 9446 9447 9448 9449 9450 9451 9452 9453 9454 9455 9456 9457 9458 9459 9460 9461 9462 9463 9464 9465 9466 9467 9468 9469 9470 9471 9472 9473 9474 9475 9476 9477 9478 9479 9480 9481 9482 9483 9484 9485 9486 9487 9488 9489 9490 9491 9492 9493 9494 9495 9496 9497 9498 9499 9500 9501 9502 9503 9504 9505 9506 9507 9508 9509 9510 9511 9512 9513 9514 9515 9516 9517 9518 9519 9520 9521 9522 9523 9524 9525 9526 9527 9528 9529 9530 9531 9532 9533 9534 9535 9536 9537 9538 9539 9540 9541 9542 9543 9544 9545 9546 9547 9548 9549 9550 9551 9552 9553 9554 9555 9556 9557 9558 9559 9560 9561 9562 9563 9564 9565 9566 9567 9568 9569 9570 9571 9572 9573 9574 9575 9576 9577 9578 9579 9580 9581 9582 9583 9584 9585 9586 9587 9588 9589 9590 9591 9592 9593 9594 9595 9596 9597 9598 9599 9600 9601 9602 9603 9604 9605 9606 9607 9608 9609 9610 9611 9612 9613 9614 9615 9616 9617 9618 9619 9620 9621 9622 9623 9624 9625 9626 9627 9628 9629 9630 9631 9632 9633 9634 9635 9636 9637 9638 9639 9640 9641 9642 9643 9644 9645 9646 9647 9648 9649 9650 9651 9652 9653 9654 9655 9656 9657 9658 9659 9660 9661 9662 9663 9664 9665 9666 9667 9668 9669 9670 9671 9672 9673 9674 9675 9676 9677 9678 9679 9680 9681 9682 9683 9684 </DataArray>
        <DataArray type="UInt8" Name="vtkGhostType" format="ascii" RangeMin="0" RangeMax="0">0 0 0 0 0 0 0 0 0 0 0 0 0 0 0 0 0 0 0 0 0 0 0 0 0 0 0 0 0 0 0 0 0 0 0 0 0 0 0 0 0 0 0 0 0 0 0 0 0 0 0 0 0 0 0 0 0 0 0 0 0 0 0 0 0 0 0 0 0 0 0 0 0 0 0 0 0 0 0 0 0 0 0 0 0 0 0 0 0 0 0 0 0 0 0 0 0 0 0 0 0 0 0 0 0 0 0 0 0 0 0 0 0 0 0 0 0 0 0 0 0 0 0 0 0 0 0 0 0 0 0 0 0 0 0 0 0 0 0 0 0 0 0 0 0 0 0 0 0 0 0 0 0 0 0 0 0 0 0 0 0 0 0 0 0 0 0 0 0 0 0 0 0 0 0 0 0 0 0 0 0 0 0 0 0 0 0 0 0 0 0 0 0 0 0 0 0 0 0 0 0 0 0 0 0 0 0 0 0 0 0 0 0 0 0 0 0 0 0 0 0 0 0 0 0 0 0 0 0 0 0 0 0 0 0 0 0 0 0 0 0 0 0 0 0 0 0 0 0 0 0 0 0 0 0 0 0 0 0 0 0 0 0 0 0 0 0 0 0 0 0 0 0 0 0 0 0 0 0 0 0 0 0 0 0 0 0 0 0 0 0 0 0 0 0 0 0 0 0 0 0 0 0 0 0 0 0 0 0 0 0 0 0 0 0 0 0 0 0 0 0 0 0 0 0 0 0 0 0 0 0 0 0 0 0 0 0 0 0 0 0 0 0 0 0 0 0 0 0 0 0 0 0 0 0 0 0 0 0 0 0 0 0 0 0 0 0 0 0 0 0 0 0 0 0 0 0 0 0 0 0 0 0 0 0 0 0 0 0 0 0 0 0 0 0 0 0 0 0 0 0 0 0 0 0 0 0 0 0 0 0 0 0 0 0 0 0 0 0 0 0 0 0 0 0 0 0 0 0 0 0 0 0 0 0 0 0 0 0 0 0 0 0 0 0 0 0 0 0 0 0 0 0 0 0 0 0 0 0 0 0 0 0 0 0 0 0 0 0 0 0 0 0 0 0 0 0 0 0 0 0 0 0 0 0 0 0 0 0 0 0 0 0 0 0 0 0 0 0 0 0 0 0 0 0 0 0 0 0 0 0 0 0 0 0 0 0 0 0 0 0 0 0 0 0 0 0 0 0 0 0 0 0 0 0 0 0 0 0 0 0 0 0 0 0 0 0 0 0 0 0 0 0 0 0 0 0 0 0 0 0 0 0 0 0 0 0 0 0 0 0 0 0 0 0 0 0 0 0 0 0 0 0 0 0 0 0 0 0 0 0 0 0 0 0 0 0 0 0 0 0 0 0 0 0 0 0 0 0 0 0 0 0 0 0 0 0 0 0 0 0 0 0 0 0 0 0 0 0 0 0 0 0 0 0 0 0 0 0 0 0 0 0 0 0 0 0 0 0 0 0 0 0 0 0 0 0 0 0 0 0 0 0 0 0 0 0 0 0 0 0 0 0 0 0 0 0 0 0 0 0 0 0 0 0 0 0 0 0 0 0 0 0 0 0 0 0 0 0 0 0 0 0 0 0 0 0 0 0 0 0 0 0 0 0 0 0 0 0 0 0 0 0 0 0 0 0 0 0 0 0 0 0 0 0 0 0 0 0 0 0 0 0 0 0 0 0 0 0 0 0 0 0 0 0 0 0 0 0 0 0 0 0 0 0 0 0 0 0 0 0 0 0 0 0 0 0 0 0 0 0 0 0 0 0 0 0 0 0 0 0 0 0 0 0 0 0 0 0 0 0 0 0 0 0 0 0 0 0 0 0 0 0 0 0 0 0 0 0 0 0 0 0 0 0 0 0 0 0 0 0 0 0 0 0 0 0 0 0 0 0 0 0 0 0 0 0 0 0 0 0 0 0 0 0 0 0 0 0 0 0 0 0 0 0 0 0 0 0 0 0 0 0 0 0 0 0 0 0 0 0 0 0 0 0 0 0 0 0 0 0 0 0 0 0 0 0 0 0 0 0 0 0 0 0 0 0 0 0 0 0 0 0 0 0 0 0 0 0 0 0 0 0 0 0 0 0 0 0 0 0 0 0 0 0 0 0 0 0 0 0 0 0 0 0 0 0 0 0 0 0 0 0 0 0 0 0 0 0 0 0 0 0 0 0 0 0 0 0 0 0 0 0 0 0 0 0 0 0 0 0 0 0 0 0 0 0 0 0 0 0 0 0 0 0 0 0 0 0 0 0 0 0 0 0 0 0 0 0 0 0 0 0 0 0 0 0 0 0 0 0 0 0 0 0 0 0 0 0 0 0 0 0 0 0 0 0 0 0 0 0 0 0 0 0 0 0 0 0 0 0 0 0 0 0 0 0 0 0 0 0 0 0 0 0 0 0 0 0 0 0 0 0 0 0 0 0 0 0 0 0 0 0 0 0 0 0 0 0 0 0 0 0 0 0 0 0 0 0 0 0 0 0 0 0 0 0 0 0 0 0 0 0 0 0 0 0 0 0 0 0 0 0 0 0 0 0 0 0 0 0 0 0 0 0 0 0 0 0 0 0 0 0 0 0 0 0 0 0 0 0 0 0 0 0 0 0 0 0 0 0 0 0 0 0 0 0 0 0 0 0 0 0 0 0 0 0 0 0 0 0 0 0 0 0 0 0 0 0 0 0 0 0 0 0 0 0 0 0 0 0 0 0 0 0 0 0 0 0 0 0 0 0 0 0 0 0 0 0 0 0 0 0 0 0 0 0 0 0 0 0 0 0 0 0 0 0 0 0 0 0 0 0 0 0 0 0 0 0 0 0 0 0 0 0 0 0 0 0 0 0 0 0 0 0 0 0 0 0 0 0 0 0 0 0 0 0 0 0 0 0 0 0 0 0 0 0 0 0 0 0 0 0 0 0 0 0 0 0 0 0 0 0 0 0 0 0 0 0 0 0 0 0 0 0 0 0 0 0 0 0 0 0 0 0 0 0 0 0 0 0 0 0 0 0 0 0 0 0 0 0 0 0 0 0 0 0 0 0 0 0 0 0 0 0 0 0 0 0 0 0 0 0 0 0 0 0 0 0 0 0 0 0 0 0 0 0 0 0 0 0 0 0 0 0 0 0 0 0 0 0 0 0 0 0 0 0 0 0 0 0 0 0 0 0 0 0 0 0 0 0 0 0 0 0 0 0 0 0 0 0 0 0 0 0 0 0 0 0 0 0 0 0 0 0 0 0 0 0 0 0 0 0 0 0 0 0 0 0 0 0 0 0 0 0 0 0 0 0 0 0 0 0 0 0 0 0 0 0 0 0 0 0 0 0 0 0 0 0 0 0 0 0 0 0 0 0 0 0 0 0 0 0 0 0 0 0 0 0 0 0 0 0 0 0 0 0 0 0 0 0 0 0 0 0 0 0 0 0 0 0 0 0 0 0 0 0 0 0 0 0 0 0 0 0 0 0 0 0 0 0 0 0 0 0 0 0 0 0 0 0 0 0 0 0 0 0 0 0 0 0 0 0 0 0 0 0 0 0 0 0 0 0 0 0 0 0 0 0 0 0 0 0 0 0 0 0 0 0 0 0 0 0 0 0 0 0 0 0 0 0 0 0 0 0 0 0 0 0 0 0 0 0 0 0 0 0 0 0 0 0 0 0 0 0 0 0 0 0 0 0 0 0 0 0 0 0 0 0 0 0 0 0 0 0 0 0 0 0 0 0 0 0 0 0 0 0 0 0 0 0 0 0 0 0 0 0 0 0 0 0 0 0 0 0 0 0 0 0 0 0 0 0 0 0 0 0 0 0 0 0 0 0 0 0 0 0 0 0 0 0 0 0 0 0 0 0 0 0 0 0 0 0 0 0 0 0 0 0 0 0 0 0 0 0 0 0 0 0 0 0 0 0 0 0 0 0 0 0 0 0 0 0 0 0 0 0 0 0 0 0 0 0 0 0 0 0 0 0 0 0 0 0 0 0 0 0 0 0 0 0 0 0 0 0 0 0 0 0 0 0 0 0 0 0 0 0 0 0 0 0 0 0 0 0 0 0 0 0 0 0 0 0 0 0 0 0 0 0 0 0 0 0 0 0 0 0 0 0 0 0 0 0 0 0 0 0 0 0 0 0 0 0 0 0 0 0 0 0 0 0 0 0 0 0 0 0 0 0 0 0 0 0 0 0 0 0 0 0 0 0 0 0 0 0 0 0 0 0 0 0 0 0 0 0 0 0 0 0 0 0 0 0 0 0 0 0 0 0 0 0 0 0 0 0 0 0 0 0 0 0 0 0 0 0 0 0 0 0 0 0 0 0 0 0 0 0 0 0 0 0 0 0 0 0 0 0 0 0 0 0 0 0 0 0 0 0 0 0 0 0 0 0 0 0 0 0 0 0 0 0 0 0 0 0 0 0 0 0 0 0 0 0 0 0 0 0 0 0 0 0 0 0 0 0 0 0 0 0 0 0 0 0 0 0 0 0 0 0 0 0 0 0 0 0 0 0 0 0 0 0 0 0 0 0 0 0 0 0 0 0 0 0 0 0 0 0 0 0 0 0 0 0 0 0 0 0 0 0 0 0 0 0 0 0 0 0 0 0 0 0 0 0 0 0 0 0 0 0 0 0 0 0 0 0 0 0 0 0 0 0 0 0 0 0 0 0 0 0 0 0 0 0 0 0 0 0 0 0 0 0 0 0 0 0 0 0 0 0 0 0 0 0 0 0 0 0 0 0 0 0 0 0 0 0 0 0 0 0 0 0 0 0 0 0 0 0 0 0 0 0 0 0 0 0 0 0 0 0 0 0 0 0 0 0 0 0 0 0 0 0 0 0 0 0 0 0 0 0 0 0 0 0 0 0 0 0 0 0 0 0 0 0 0 0 0 0 0 0 0 0 0 0 0 0 0 0 0 0 0 0 0 0 0 0 0 0 0 0 0 0 0 0 0 0 0 0 0 0 0 0 0 0 0 0 0 0 0 0 0 0 0 0 0 0 0 0 0 0 0 0 0 0 0 0 0 0 0 0 0 0 0 0 0 0 0 0 0 0 0 0 0 0 0 0 0 0 0 0 0 0 0 0 0 0 0 0 0 0 0 0 0 0 0 0 0 0 0 0 0 0 0 0 0 0 0 0 0 0 0 0 0 0 0 0 0 0 0 0 0 0 0 0 0 0 0 0 0 0 0 0 0 0 0 0 0 0 0 0 0 0 0 0 0 0 0 0 0 0 0 0 0 0 0 0 0 0 0 0 0 0 0 0 0 0 0 0 0 0 0 0 0 0 0 0 0 0 0 0 0 0 0 0 0 0 0 0 0 0 0 0 0 0 0 0 0 0 0 0 0 0 0 0 0 0 0 0 0 0 0 0 0 0 0 0 0 0 0 0 0 0 0 0 0 0 0 0 0 0 0 0 0 0 0 0 0 0 0 0 0 0 0 0 0 0 0 0 0 0 0 0 0 0 0 0 0 0 0 0 0 0 0 0 0 0 0 0 0 0 0 0 0 0 0 0 0 0 0 0 0 0 0 0 0 0 0 0 0 0 0 0 0 0 0 0 0 0 0 0 0 0 0 0 0 0 0 0 0 0 0 0 0 0 0 0 0 0 0 0 0 0 0 0 0 0 0 0 0 0 0 0 0 0 0 0 0 0 0 0 0 0 0 0 0 0 0 0 0 0 0 0 0 0 0 0 0 0 0 0 0 0 0 0 0 0 0 0 0 0 0 0 0 0 0 0 0 0 0 0 0 0 0 0 0 0 0 0 0 0 0 0 0 0 0 0 0 0 0 0 0 0 0 0 0 0 0 0 0 0 0 0 0 0 0 0 0 0 0 0 0 0 0 0 0 0 0 0 0 0 0 0 0 0 0 0 0 0 0 0 0 0 0 0 0 0 0 0 0 0 0 0 0 0 0 0 0 0 0 0 0 0 0 0 0 0 0 0 0 0 0 0 0 0 0 0 0 0 0 0 0 0 0 0 0 0 0 0 0 0 0 0 0 0 0 0 0 0 0 0 0 0 0 0 0 0 0 0 0 0 0 0 0 0 0 0 0 0 0 0 0 0 0 0 0 0 0 0 0 0 0 0 0 0 0 0 0 0 0 0 0 0 0 0 0 0 0 0 0 0 0 0 0 0 0 0 0 0 0 0 0 0 0 0 0 0 0 0 0 0 0 0 0 0 0 0 0 0 0 0 0 0 0 0 0 0 0 0 0 0 0 0 0 0 0 0 0 0 0 0 0 0 0 0 0 0 0 0 0 0 0 0 0 0 0 0 0 0 0 0 0 0 0 0 0 0 0 0 0 0 0 0 0 0 0 0 0 0 0 0 0 0 0 0 0 0 0 0 0 0 0 0 0 0 0 0 0 0 0 0 0 0 0 0 0 0 0 0 0 0 0 0 0 0 0 0 0 0 0 0 0 0 0 0 0 0 0 0 0 0 0 0 0 0 0 0 0 0 0 0 0 0 0 0 0 0 0 0 0 0 0 0 0 0 0 0 0 0 0 0 0 0 0 0 0 0 0 0 0 0 0 0 0 0 0 0 0 0 0 0 0 0 0 0 0 0 0 0 0 0 0 0 0 0 0 0 0 0 0 0 0 0 0 0 0 0 0 0 0 0 0 0 0 0 0 0 0 0 0 0 0 0 0 0 0 0 0 0 0 0 0 0 0 0 0 0 0 0 0 0 0 0 0 0 0 0 0 0 0 0 0 0 0 0 0 0 0 0 0 0 0 0 0 0 0 0 0 0 0 0 0 0 0 0 0 0 0 0 0 0 0 0 0 0 0 0 0 0 0 0 0 0 0 0 0 0 0 0 0 0 0 0 0 0 0 0 0 0 0 0 0 0 0 0 0 0 0 0 0 0 0 0 0 0 0 0 0 0 0 0 0 0 0 0 0 0 0 0 0 0 0 0 0 0 0 0 0 0 0 0 0 0 0 0 0 0 0 0 0 0 0 0 0 0 0 0 0 0 0 0 0 0 0 0 0 0 0 0 0 0 0 0 0 0 0 0 0 0 0 0 0 0 0 0 0 0 0 0 0 0 0 0 0 0 0 0 0 0 0 0 0 0 0 0 0 0 0 0 0 0 0 0 0 0 0 0 0 0 0 0 0 0 0 0 0 0 0 0 0 0 0 0 0 0 0 0 0 0 0 0 0 0 0 0 0 0 0 0 0 0 0 0 0 0 0 0 0 0 0 0 0 0 0 0 0 0 0 0 0 0 0 0 0 0 0 0 0 0 0 0 0 0 0 0 0 0 0 0 0 0 0 0 0 0 0 0 0 0 0 0 0 0 0 0 0 0 0 0 0 0 0 0 0 0 0 0 0 0 0 0 0 0 0 0 0 0 0 0 0 0 0 0 0 0 0 0 0 0 0 0 0 0 0 0 0 0 0 0 0 0 0 0 0 0 0 0 0 0 0 0 0 0 0 0 0 0 0 0 0 0 0 0 0 0 0 0 0 0 0 0 0 0 0 0 0 0 0 0 0 0 0 0 0 0 0 0 0 0 0 0 0 0 0 0 0 0 0 0 0 0 0 0 0 0 0 0 0 0 0 0 0 0 0 0 0 0 0 0 0 0 0 0 0 0 0 0 0 0 0 0 0 0 0 0 0 0 0 0 0 0 0 0 0 0 0 0 0 0 0 0 0 0 0 0 0 0 0 0 0 0 0 0 0 0 0 0 0 0 0 0 0 0 0 0 0 0 0 0 0 0 0 0 0 0 0 0 0 0 0 0 0 0 0 0 0 0 0 0 0 0 0 0 0 0 0 0 0 0 0 0 0 0 0 0 0 0 0 0 0 0 0 0 0 0 0 0 0 0 0 0 0 0 0 0 0 0 0 0 0 0 0 0 0 0 0 0 0 0 0 0 0 0 0 0 0 0 0 0 0 0 0 0 0 0 0 0 0 0 0 0 0 0 0 0 0 0 0 0 0 0 0 0 0 0 0 0 0 0 0 0 0 0 0 0 0 0 0 0 0 0 0 0 0 0 0 0 0 0 0 0 0 0 0 0 0 0 0 0 0 0 0 0 0 0 0 0 0 0 0 0 0 0 0 0 0 0 0 0 0 0 0 0 0 0 0 0 0 0 0 0 0 0 0 0 0 0 0 0 0 0 0 0 0 0 0 0 0 0 0 0 0 0 0 0 0 0 0 0 0 0 0 0 0 0 0 0 0 0 0 0 0 0 0 0 0 0 0 0 0 0 0 0 0 0 0 0 0 0 0 0 0 0 0 0 0 0 0 0 0 0 0 0 0 0 0 0 0 0 0 0 0 0 0 0 0 0 0 0 0 0 0 0 0 0 0 0 0 0 0 0 0 0 0 0 0 0 0 0 0 0 0 0 0 0 0 0 0 0 0 0 0 0 0 0 0 0 0 0 0 0 0 0 0 0 0 0 0 0 0 0 0 0 0 0 0 0 0 0 0 0 0 0 0 0 0 0 0 0 0 0 0 0 0 0 0 0 0 0 0 0 0 0 0 0 0 0 0 0 0 0 0 0 0 0 0 0 0 0 0 0 0 0 0 0 0 0 0 0 0 0 0 0 0 0 0 0 0 0 0 0 0 0 0 0 0 0 0 0 0 0 0 0 0 0 0 0 0 0 0 0 0 0 0 0 0 0 0 0 0 0 0 0 0 0 0 0 0 0 0 0 0 0 0 0 0 0 0 0 0 0 0 0 0 0 0 0 0 0 0 0 0 0 0 0 0 0 0 0 0 0 0 0 0 0 0 0 0 0 0 0 0 0 0 0 0 0 0 0 0 0 0 0 0 0 0 0 0 0 0 0 0 0 0 0 0 0 0 0 0 0 0 0 0 0 0 0 0 0 0 0 0 0 0 0 0 0 0 0 0 0 0 0 0 0 0 0 0 0 0 0 0 0 0 0 0 0 0 0 0 0 0 0 0 0 0 0 0 0 0 0 0 0 0 0 0 0 0 0 0 0 0 0 0 0 0 0 0 0 0 0 0 0 0 0 0 0 0 0 0 0 0 0 0 0 0 0 0 0 0 0 0 0 0 0 0 0 0 0 0 0 0 0 0 0 0 0 0 0 0 0 0 0 0 0 0 0 0 0 0 0 0 0 0 0 0 0 0 0 0 0 0 0 0 0 0 0 0 0 0 0 0 0 0 0 0 0 0 0 0 0 0 0 0 0 0 0 0 0 0 0 0 0 0 0 0 0 0 0 0 0 0 0 0 0 0 0 0 0 0 0 0 0 0 0 0 0 0 0 0 0 0 0 0 0 0 0 0 0 0 0 0 0 0 0 0 0 0 0 0 0 0 0 0 0 0 0 0 0 0 0 0 0 0 0 0 0 0 0 0 0 0 0 0 0 0 0 0 0 0 0 0 0 0 0 0 0 0 0 0 0 0 0 0 0 0 0 0 0 0 0 0 0 0 0 0 0 0 0 0 0 0 0 0 0 0 0 0 0 0 0 0 0 0 0 0 0 0 0 0 0 0 0 0 0 0 0 0 0 0 0 0 0 0 0 0 0 0 0 0 0 0 0 0 0 0 0 0 0 0 0 0 0 0 0 0 0 0 0 0 0 0 0 0 0 0 0 0 0 0 0 0 0 0 0 0 0 0 0 0 0 0 0 0 0 0 0 0 0 0 0 0 0 0 0 0 0 0 0 0 0 0 0 0 0 0 0 0 0 0 0 0 0 0 0 0 0 0 0 0 0 0 0 0 0 0 0 0 0 0 0 0 0 0 0 0 0 0 0 0 0 0 0 0 0 0 0 0 0 0 0 0 0 0 0 0 0 0 0 0 0 0 0 0 0 0 0 0 0 0 0 0 0 0 0 0 0 0 0 0 0 0 0 0 0 0 0 0 0 0 0 0 0 0 0 0 0 0 0 0 0 0 0 0 0 0 0 0 0 0 0 0 0 0 0 0 0 0 0 0 0 0 0 0 0 0 0 0 0 0 0 0 0 0 0 0 0 0 0 0 0 0 0 0 0 0 0 0 0 0 0 0 0 0 0 0 0 0 0 0 0 0 0 0 0 0 0 0 0 0 0 0 0 0 0 0 0 0 0 0 0 0 0 0 0 0 0 0 0 0 0 0 0 0 0 0 0 0 0 0 0 0 0 0 0 0 0 0 0 0 0 0 0 0 0 0 0 0 0 0 0 0 0 0 0 0 0 0 0 0 0 0 0 0 0 0 0 0 0 0 0 0 0 0 0 0 0 0 0 0 0 0 0 0 0 0 0 0 0 0 0 0 0 0 0 0 0 0 0 0 0 0 0 0 0 0 0 0 0 0 0 0 0 0 0 0 0 0 0 0 0 0 0 0 0 0 0 0 0 0 0 0 0 0 0 0 0 0 0 0 0 0 0 0 0 0 0 0 0 0 0 0 0 0 0 0 0 0 0 0 0 0 0 0 0 0 0 0 0 0 0 0 0 0 0 0 0 0 0 0 0 0 0 0 0 0 0 0 0 0 0 0 0 0 0 0 0 0 0 0 0 0 0 0 0 0 0 0 0 0 0 0 0 0 0 0 0 0 0 0 0 0 0 0 0 0 0 0 0 0 0 0 0 0 0 0 0 0 0 0 0 0 0 0 0 0 0 0 0 0 0 0 0 0 0 0 0 0 0 0 0 0 0 0 0 0 0 0 0 0 0 0 0 0 0 0 0 0 0 0 0 0 0 0 0 0 0 0 0 0 0 0 0 0 0 0 0 0 0 0 0 0 0 0 0 0 0 0 0 0 0 0 0 0 0 0 0 0 0 0 0 0 0 0 0 0 0 0 0 0 0 0 0 0 0 0 0 0 0 0 0 0 0 0 0 0 0 0 0 0 0 0 0 0 0 0 0 0 0 0 0 0 0 0 0 0 0 0 0 0 0 0 0 0 0 0 0 0 0 0 0 0 0 0 0 0 0 0 0 0 0 0 0 0 0 0 0 0 0 0 0 0 0 0 0 0 0 0 0 0 0 0 0 0 0 0 0 0 0 0 0 0 0 0 0 0 0 0 0 0 0 0 0 0 0 0 0 0 0 0 0 0 0 0 0 0 0 0 0 0 0 0 0 0 0 0 0 0 0 0 0 0 0 0 0 0 0 0 0 0 0 0 0 0 0 0 0 0 0 0 0 0 0 0 0 0 0 0 0 0 0 0 0 0 0 0 0 0 0 0 0 0 0 0 0 0 0 0 0 0 0 0 0 0 0 0 0 0 0 0 0 0 0 0 0 0 0 0 0 0 0 0 0 0 0 0 0 0 0 0 0 0 0 0 0 0 0 0 0 0 0 0 0 0 0 0 0 0 0 0 0 0 0 0 0 0 0 0 0 0 0 0 0 0 0 0 0 0 0 0 0 0 0 0 0 0 0 0 0 0 0 0 0 0 0 0 0 0 0 0 0 0 0 0 0 0 0 0 0 0 0 0 0 0 0 0 0 0 0 0 0 0 0 0 0 0 0 0 0 0 0 0 0 0 0 0 0 0 0 0 0 0 0 0 0 0 0 0 0 0 0 0 0 0 0 0 0 0 0 0 0 0 0 0 0 0 0 0 0 0 0 0 0 0 0 0 0 0 0 0 0 0 0 0 0 0 0 0 0 0 0 0 0 0 0 0 0 0 0 0 0 0 0 0 0 0 0 0 0 0 0 0 0 0 0 0 0 0 0 0 0 0 0 0 0 0 0 0 0 0 0 0 0 0 0 0 0 0 0 0 0 0 0 0 0 0 0 0 0 0 0 0 0 0 0 0 0 0 0 0 0 0 0 0 0 0 0 0 0 0 0 0 0 0 0 0 0 0 0 0 0 0 0 0 0 0 0 0 0 0 0 0 0 0 0 0 0 0 0 0 0 0 0 0 0 0 0 0 0 0 0 0 0 0 0 0 0 0 0 0 0 0 0 0 0 0 0 0 0 0 0 0 0 0 0 0 0 0 0 0 0 0 0 0 0 0 0 0 0 0 0 0 0 0 0 0 0 0 0 0 0 0 0 0 0 0 0 0 0 0 0 0 0 0 0 0 0 0 0 0 0 0 0 0 0 0 0 0 0 0 0 0 0 0 0 0 0 0 0 0 0 0 0 0 0 0 0 0 0 0 0 0 0 0 0 0 0 0 0 0 0 0 0 0 0 0 0 0 0 0 0 0 0 0 0 0 0 0 0 0 0 0 0 0 0 0 0 0 0 0 0 0 0 0 0 0 0 0 0 0 0 0 0 0 0 0 0 0 0 0 0 0 0 0 0 0 0 0 0 0 0 0 0 0 0 0 0 0 0 0 0 0 0 0 0 0 0 0 0 0 0 0 0 0 0 0 0 0 0 0 0 0 0 0 0 0 0 0 0 0 0 0 0 0 0 0 0 0 0 0 0 0 0 0 0 0 0 0 0 0 0 0 0 0 0 0 0 0 0 0 0 0 0 0 0 0 0 0 0 0 0 0 0 0 0 0 0 0 0 0 0 0 0 0 0 0 0 0 0 0 0 0 0 0 0 0 0 0 0 0 0 0 0 0 0 0 0 0 0 0 0 0 0 0 0 0 0 0 0 0 0 0 0 0 0 0 0 0 0 0 0 0 0 0 0 0 0 0 0 0 0 0 0 0 0 0 0 0 0 0 0 0 0 0 0 0 0 0 0 0 0 0 0 0 0 0 0 0 0 0 0 0 0 0 0 0 0 0 0 0 0 0 0 0 0 0 0 0 0 0 0 0 0 0 0 0 0 0 0 0 0 0 0 0 0 0 0 0 0 0 0 0 0 0 0 0 0 0 0 0 0 0 0 0 0 0 0 0 0 0 0 0 0 0 0 0 0 0 0 0 0 0 0 0 0 0 0 0 0 0 0 0 0 0 0 0 0 0 0 0 0 0 0 0 0 0 0 0 0 0 0 0 0 0 0 0 0 0 0 0 0 0 0 0 0 0 0 0 0 0 0 0 0 0 0 0 0 0 0 0 0 0 0 0 0 0 0 0 0 0 0 0 0 0 0 0 0 0 0 0 0 0 0 0 0 0 0 0 0 0 0 0 0 0 0 0 0 0 0 0 0 0 0 0 0 0 0 0 0 0 0 0 0 0 0 0 0 0 0 0 0 0 0 0 0 0 0 0 0 0 0 0 0 0 0 0 0 0 0 0 0 0 0 0 0 0 0 0 0 0 0 0 0 0 0 0 0 0 0 0 0 0 0 0 0 0 0 0 0 0 0 0 0 0 0 0 0 0 0 0 0 0 0 0 0 0 0 0 0 0 0 0 0 0 0 0 0 0 0 0 0 0 0 0 0 0 0 0 0 0 0 0 0 0 0 0 0 0 0 0 0 0 0 0 0 0 0 0 0 0 0 0 0 0 0 0 0 0 0 0 0 0 0 0 0 0 0 0 0 0 0 0 0 0 0 0 0 0 0 0 0 0 0 0 0 0 0 0 0 0 0 0 0 0 0 0 0 0 0 0 0 0 0 0 0 0 0 0 0 0 0 0 0 0 0 0 0 0 0 0 0 0 0 0 0 0 0 0 0 0 0 0 0 0 0 0 0 0 0 0 0 0 0 0 0 0 0 0 0 0 0 0 0 0 0 0 0 0 0 0 0 0 0 0 0 0 0 0 0 0 0 0 0 0 0 0 0 0 0 0 0 0 0 0 0 0 0 0 0 0 0 0 0 0 0 0 0 0 0 0 0 0 0 0 0 0 0 0 0 0 0 0 0 0 0 0 0 0 0 0 0 0 0 0 0 0 0 0 0 0 0 0 0 0 0 0 0 0 0 0 0 0 0 0 0 0 0 0 0 0 0 0 0 0 0 0 0 0 0 0 0 0 0 0 0 0 0 0 0 0 0 0 0 0 0 0 0 0 0 0 0 0 0 0 0 0 0 0 0 0 0 0 0 0 0 0 0 0 0 0 0 0 0 0 0 0 0 0 0 0 0 0 0 0 0 0 0 0 0 0 0 0 0 0 0 0 0 0 0 0 0 0 0 0 0 0 0 0 0 0 0 0 0 0 0 0 0 0 0 0 0 0 0 0 0 0 0 0 0 0 0 0 0 0 0 0 0 0 0 0 0 0 0 0 0 0 0 0 0 0 0 0 0 0 0 0 0 0 0 0 0 0 0 0 0 0 0 0 0 0 0 0 0 0 0 0 0 0 0 0 0 0 0 0 0 0 0 0 0 0 0 0 0 0 0 0 0 0 0 0 0 0 0 0 0 0 0 0 0 0 0 0 0 0 0 0 0 0 0 0 0 0 0 0 0 0 0 0 0 0 0 0 0 0 0 0 0 0 0 0 0 0 0 0 0 0 0 0 0 0 0 0 0 0 0 0 0 0 0 0 0 0 0 0 0 0 0 0 0 0 0 0 0 0 0 0 0 0 0 0 0 0 0 0 0 0 0 0 0 0 0 0 0 0 0 0 0 0 0 0 0 0 0 0 0 0 0 0 0 0 0 0 0 0 0 0 0 0 0 0 0 0 0 0 0 0 0 0 0 0 0 0 0 0 0 0 0 0 0 0 0 0 0 0 0 0 0 0 0 0 0 0 0 0 0 0 0 0 0 0 0 0 0 0 0 0 0 0 0 0 0 0 0 0 0 0 0 0 0 0 0 0 0 0 0 0 0 0 0 0 0 0 0 0 0 0 0 0 0 0 0 0 0 0 0 0 0 0 0 0 0 0 0 0 0 0 0 0 0 0 0 0 0 0 0 0 0 0 0 0 0 0 0 0 0 0 0 0 0 0 0 0 0 0 0 0 0 0 0 0 0 0 0 0 0 0 0 0 0 0 0 0 0 0 0 0 0 0 0 0 0 0 0 0 0 0 0 0 0 0 0 0 0 0 0 0 0 0 0 0 0 0 0 0 0 0 0 0 0 0 0 0 0 0 0 0 0 0 0 0 0 0 0 0 0 0 0 0 0 0 0 0 0 0 0 0 0 0 0 0 0 0 0 0 0 0 0 0 0 0 0 0 0 0 0 0 0 0 0 0 0 0 0 0 0 0 0 0 0 0 0 0 0 0 0 0 0 0 0 0 0 0 0 0 0 0 0 0 0 0 0 0 0 0 0 0 0 0 0 0 0 0 0 0 0 0 0 0 0 0 0 0 0 0 0 0 0 0 0 0 0 0 0 0 0 0 0 0 0 0 0 0 0 0 0 0 0 0 0 0 0 0 0 0 0 0 0 0 0 0 0 0 0 0 0 0 0 0 0 0 0 0 0 0 0 0 0 0 0 0 0 0 0 0 0 0 0 0 0 0 0 0 0 0 0 0 0 0 0 0 0 0 0 0 0 0 0 0 0 0 0 0 0 0 0 0 0 0 0 0 0 0 0 0 0 0 0 0 0 0 0 0 0 0 0 0 0 0 0 0 0 0 0 0 0 0 0 0 0 0 0 0 0 0 0 0 0 0 0 0 0 0 0 0 0 0 0 0 0 0 0 0 0 0 0 0 0 0 0 0 0 0 0 0 0 0 0 0 0 0 0 0 0 0 0 0 0 0 0 0 0 0 0 0 0 0 0 0 0 0 0 0 0 0 0 0 0 0 0 0 0 0 0 0 0 0 0 0 0 0 0 0 0 0 0 0 0 0 0 0 0 0 0 0 0 0 0 0 0 0 0 0 0 0 0 0 0 0 0 0 0 0 0 0 0 0 0 0 0 0 0 0 0 0 0 0 0 0 0 0 0 0 0 0 0 0 0 0 0 0 0 0 0 0 0 0 0 0 0 0 0 0 0 0 0 0 0 0 0 0 0 0 0 0 0 0 0 0 0 0 0 0 0 0 0 0 0 0 0 0 0 0 0 0 0 0 0 0 0 0 0 0 0 0 0 0 0 0 0 0 0 0 0 0 0 0 0 0 0 0 0 0 0 0 0 0 0 0 0 0 0 0 0 0 0 0 0 0 0 0 0 0 0 0 0 0 0 0 0 0 0 0 0 0 0 0 0 0 0 0 0 0 0 0 0 0 0 0 0 0 0 0 0 0 0 0 0 0 0 0 0 0 0 0 0 0 0 0 0 0 0 0 0 0 0 0 0 0 0 0 0 0 0 0 0 0 0 0 0 0 0 0 0 0 0 0 0 0 0 0 0 0 0 0 0 0 0 0 0 0 0 0 0 0 0 0 0 0 0 0 0 0 0 0 0 0 0 0 0 0 0 0 0 0 0 0 0 0 0 0 0 0 0 0 0 0 0 0 0 0 0 0 0 0 0 0 0 0 0 0 0 0 0 0 0 0 0 0 0 0 0 0 0 0 0 0 0 0 0 0 0 0 0 0 0 0 0 0 0 0 0 0 0 0 0 0 0 0 0 0 0 0 0 0 0 0 0 0 0 0 0 0 0 0 0 0 0 0 0 0 0 0 0 0 0 0 0 0 0 0 0 0 0 0 0 0 0 0 0 0 0 0 0 0 0 0 0 0 0 0 0 0 0 0 0 0 0 0 0 0 0 0 0 0 0 0 0 0 0 0 0 0 0 0 0 0 0 0 0 0 0 0 0 0 0 0 0 0 0 0 0 0 0 0 0 0 0 0 0 0 0 0 0 0 0 0 0 0 0 0 0 0 0 0 0 0 0 0 0 0 0 0 0 0 0 0 0 0 0 0 0 0 0 0 0 0 0 0 0 0 0 0 0 0 0 0 0 0 0 0 0 0 0 0 0 0 0 0 0 0 0 0 0 0 0 0 0 0 0 0 0 0 0 0 0 0 0 0 0 0 0 0 0 0 0 0 0 0 0 0 0 0 0 0 0 0 0 0 0 0 0 0 0 0 0 0 0 0 0 0 0 0 0 0 0 0 0 0 0 0 0 0 0 0 0 0 0 0 0 0 0 0 0 0 0 0 0 0 0 0 0 0 0 0 0 0 0 0 0 0 0 0 0 0 0 0 0 0 0 0 0 0 0 0 0 0 0 0 0 0 0 0 0 0 0 0 0 0 0 0 0 0 0 0 0 0 0 0 0 0 0 0 0 0 0 0 0 0 0 0 0 0 0 0 0 0 0 0 0 0 0 0 0 0 0 0 0 0 0 0 0 0 0 0 0 0 0 0 0 0 0 0 0 0 0 0 0 0 0 0 0 0 0 0 0 0 0 0 0 0 0 0 0 0 0 0 0 0 0 0 0 0 0 0 0 0 0 0 0 0 0 0 0 0 0 0 0 0 0 0 0 0 0 0 0 0 0 0 0 0 0 0 0 0 0 0 0 0 0 0 0 0 0 0 0 0 0 0 0 0 0 0 0 0 0 0 0 0 0 0 0 0 0 0 0 0 0 0 0 0 0 0 0 0 0 0 0 0 0 0 0 0 0 0 0 0 0 0 0 0 0 0 0 0 0 0 0 0 0 0 0 0 0 0 0 0 0 0 0 0 0 0 0 0 0 0 0 0 0 0 0 0 0 0 0 0 0 0 0 0 0 0 0 0 0 0 0 0 0 0 0 0 0 0 0 0 0 0 0 0 0 0 0 0 0 0 0 0 0 0 0 0 0 0 0 0 0 0 0 0 0 0 0 0 0 0 0 0 0 0 0 0 0 0 0 0 0 0 0 0 0 0 0 0 0 0 0 0 0 0 0 0 0 0 0 0 0 0 0 0 0 0 0 0 0 0 0 0 0 0 0 0 0 0 0 0 0 0 0 0 0 0 0 0 0 0 0 0 0 0 0 0 0 0 0 0 0 0 0 0 0 0 0 0 0 0 0 0 0 0 0 0 0 0 0 0 0 0 0 0 0 0 0 0 0 0 0 0 0 0 0 0 0 0 0 0 0 0 0 0 0 0 0 0 0 0 0 0 0 0 0 0 0 0 0 0 0 0 0 0 0 0 0 0 0 0 0 0 0 0 0 0 0 0 0 0 0 0 0 0 0 0 0 0 0 0 0 0 0 0 0 0 0 0 0 0 0 0 0 0 0 0 0 0 0 0 0 0 0 0 0 0 0 0 0 0 0 0 0 0 0 0 0 0 0 0 0 0 0 0 0 0 0 0 0 0 0 0 0 0 0 0 0 0 0 0 0 0 0 0 0 0 0 0 0 0 0 0 0 0 0 0 0 0 0 0 0 0 0 0 0 0 0 0 0 0 0 0 0 0 0 0 0 0 0 0 0 0 0 0 0 0 0 0 0 0 0 0 0 0 0 0 0 0 0 0 0 0 0 0 0 0 0 0 0 0 0 0 0 0 0 0 0 0 0 0 0 0 0 0 0 0 0 0 0 0 0 0 0 0 0 0 0 0 0 0 0 0 0 0 0 0 0 0 0 0 0 0 0 0 0 0 0 0 0 0 0 0 0 0 0 0 0 0 0 0 0 0 0 0 0 0 0 0 0 0 0 0 0 0 0 0 0 0 0 0 0 0 0 0 0 0 0 0 0 0 0 0 0 0 0 0 0 0 0 0 0 0 0 0 0 0 0 0 0 0 0 0 0 0 0 0 0 0 0 0 0 0 0 0 0 0 0 0 0 0 0 0 0 0 0 0 0 0 0 0 0 0 0 0 0 0 0 0 0 0 0 0 0 0 0 0 0 0 0 0 0 0 0 0 0 0 0 0 0 0 0 0 0 0 0 0 0 0 0 0 0 0 0 0 0 0 0 0 0 0 0 0 0 0 0 0 0 0 0 0 0 0 0 0 0 0 0 0 0 0 0 0 0 0 0 0 0 0 0 0 0 0 0 0 0 0 0 0 0 0 0 0 0 0 0 0 0 0 0 0 0 0 0 0 0 0 0 0 0 0 0 0 0 0 0 0 0 0 0 0 0 0 0 0 0 0 0 0 0 0 0 0 0 0 0 0 0 0 0 0 0 0 0 0 0 0 0 0 0 0 0 0 0 0 0 0 0 0 0 0 0 0 0 0 0 0 0 0 0 0 0 0 0 0 0 0 0 0 0 0 0 0 0 0 0 0 0 0 0 0 0 0 0 0 0 0 0 0 0 0 0 0 0 0 0 0 0 0 0 0 0 0 0 0 0 0 0 0 0 0 0 0 0 0 0 0 0 0 0 0 0 0 0 0 0 0 0 0 0 0 0 0 0 0 0 0 0 0 0 0 0 0 0 0 0 0 0 0 0 0 0 0 0 0 0 0 0 0 0 0 0 0 0 0 0 0 0 0 0 0 0 0 0 0 0 0 0 0 0 0 0 0 0 0 0 0 0 0 0 0 0 0 0 0 0 0 0 0 0 0 0 0 0 0 0 0 0 0 0 0 0 0 0 0 0 0 0 0 0 0 0 0 0 0 0 0 0 0 0 0 0 0 0 0 0 0 0 0 0 0 0 0 0 0 0 0 0 0 0 0 0 0 0 0 0 0 0 0 0 0 0 0 0 0 0 0 0 0 0 0 0 0 0 0 0 0 0 0 0 0 0 0 0 0 0 0 0 0 0 0 0 0 0 0 0 0 0 0 0 0 0 0 0 0 0 0 0 0 0 0 0 0 0 0 0 0 0 0 0 0 0 0 0 0 0 0 0 0 0 0 0 0 0 0 0 0 0 0 0 0 0 0 0 0 0 0 0 0 0 0 0 0 0 0 0 0 0 0 0 0 0 0 0 0 0 0 0 0 0 0 0 0 0 0 0 0 0 0 0 0 0 0 0 0 0 0 0 0 0 0 0 0 0 0 0 0 0 0 0 0 0 0 0 0 0 0 0 0 0 0 0 0 0 0 0 0 0 0 0 0 0 0 0 0 0 0 0 0 0 0 0 0 0 0 0 0 0 0 0 0 0 0 0 0 0 0 0 0 0 0 0 0 0 0 0 0 0 0 0 0 0 0 0 0 0 0 0 0 0 0 0 0 0 0 0 0 0 0 0 0 0 0 0 0 0 0 0 0 0 0 0 0 0 0 0 0 0 0 0 0 0 0 0 0 0 0 0 0 0 0 0 0 0 0 0 0 0 0 0 0 0 0 0 0 0 0 0 0 0 0 0 0 0 0 0 0 0 0 0 0 0 0 0 0 0 0 0 0 0 0 0 0 0 0 0 0 0 0 0 0 0 0 0 0 0 0 0 0 0 0 0 0 0 0 0 0 0 0 0 0 0 0 0 0 0 0 0 0 0 0 0 0 0 0 0 0 0 0 0 0 0 0 0 0 0 0 0 0 0 0 0 0 0 0 0 0 0 0 0 0 0 0 0 0 0 0 0 0 0 0 0 0 0 0 0 0 0 0 0 0 0 0 0 0 0 0 0 0 0 0 0 0 0 0 0 0 0 0 0 0 0 0 0 0 0 0 0 0 0 0 0 0 0 0 0 0 0 0 0 0 0 0 0 0 0 0 0 0 0 0 0 0 0 0 0 0 0 0 0 0 0 0 0 0 0 0 0 0 0 0 0 0 0 0 0 0 0 0 0 0 0 0 0 0 0 0 0 0 0 0 0 0 0 0 0 0 0 0 0 0 0 0 0 0 0 0 0 0 0 0 0 0 0 0 0 0 0 0 0 0 0 0 0 0 0 0 0 0 0 0 0 0 0 0 0 0 0 0 0 0 0 0 0 0 0 0 0 0 0 0 0 0 0 0 0 0 0 0 0 0 0 0 0 0 0 0 0 0 0 0 0 0 0 0 0 0 0 0 0 0 0 0 0 0 0 0 0 0 0 0 0 0 0 0 0 0 0 0 0 0 0 0 0 0 0 0 0 0 0 0 0 0 0 0 0 0 0 0 0 0 0 0 0 0 0 0 0 0 0 0 0 0 0 0 0 0 0 0 0 0 0 0 0 0 0 0 0 0 0 0 0 0 0 0 0 0 0 0 0 0 0 0 0 0 0 0 0 0 0 0 0 0 0 0 0 0 0 0 0 0 0 0 0 0 0 0 0 0 0 0 0 0 0 0 0 0 0 0 0 0 0 0 0 0 0 0 0 0 0 0 0 0 0 0 0 0 0 0 0 0 0 0 0 0 0 0 0 0 0 0 0 0 0 0 0 0 0 0 0 0 0 0 0 0 0 0 0 0 0 0 0 0 0 0 0 0 0 0 0 0 0 0 0 0 0 0 0 0 0 0 0 0 0 0 0 0 0 0 0 0 0 0 0 0 0 0 0 0 0 0 0 0 0 0 0 0 0 0 0 0 0 0 0 0 0 0 0 0 0 0 0 0 0 0 0 0 0 0 0 0 0 0 0 0 0 0 0 0 0 0 0 0 0 0 0 0 0 0 0 0 0 0 0 0 0 0 0 0 0 0 0 0 0 0 0 0 0 0 0 0 0 0 0 0 0 0 0 0 0 0 0 0 0 0 0 0 0 0 0 0 0 0 0 0 0 0 0 0 0 0 0 0 0 0 0 0 0 0 0 0 0 0 0 0 0 0 0 0 0 0 0 0 0 0 0 0 0 0 0 0 0 0 0 0 0 0 0 0 0 0 0 0 0 0 0 0 0 0 0 0 0 0 0 0 0 0 0 0 0 0 0 0 0 0 0 0 0 0 0 0 0 0 0 0 0 0 0 0 0 0 0 0 0 0 0 0 0 0 0 0 0 0 0 0 0 0 0 0 0 0 0 0 0 0 0 0 0 0 0 0 0 0 0 0 0 0 0 0 0 0 0 0 0 0 0 0 0 0 0 0 0 0 0 0 0 0 0 0 0 0 0 0 0 0 0 0 0 0 0 0 0 0 0 0 0 0 0 0 0 0 0 0 0 0 0 0 0 0 0 0 0 0 0 0 0 0 0 0 0 0 0 0 0 0 0 0 0 0 0 0 0 0 0 0 0 0 0 0 0 0 0 0 0 0 0 0 0 0 0 0 0 0 0 0 0 0 0 0 0 0 0 0 0 0 0 0 0 0 0 0 0 0 0 0 0 0 0 0 0 0 0 </DataArray>
        <DataArray type="Float64" Name="temperature" format="ascii">284.6618563804478 285.0286102448387 285.3648023607188 285.2291530763939 284.9823129839821 284.8615549601633 285.033130844049 285.2324449878874 284.8640066129018 285.9311627320257 285.6595458476759 285.4756027368016 285.9154085625548 285.6509379882841 285.4708934297428 285.2683848666854 285.651128713386 285.1669901072152 285.9805240771603 285.2765151932213 285.6499174563522 285.1731431263064 286.4664555049383 286.2214677182359 285.8930627551665 286.6412556607033 286.3154226787669 286.2993824481813 286.2772216711992 286.1170352991182 285.7930867284626 285.3957959499386 285.990366534117 285.3469295550902 286.6221193693793 286.5179993432113 285.4080159525433 285.8939500753816 285.3563650509232 286.4122610512925 286.4654532766454 285.9284808607892 287.2261445199671 286.9618152114851 286.9000137408464 287.0657519595678 286.8845845525211 286.7037010126272 286.4526841261793 286.3843941352574 285.9559173884031 285.4420387892183 285.9590214375149 285.4289837959684 287.1857164578932 286.8446571791491 286.8591846069643 287.2346716600634 287.1967914660787 286.8157130422313 285.4615810543561 285.9970997062072 285.4441793831058 286.3899546055454 285.9435550078633 286.411726132877 287.0138578189364 286.7368069510637 287.1143481150523 287.6473827204239 287.4527507364086 287.4699854929169 287.590286248003 287.3629079666041 287.4438617648664 287.2405941654226 287.1739782706105 286.8870168317 286.4111551823592 286.4427703175485 285.960316452602 285.467253148248 285.9665199137962 285.4701775480665 285.4355246002035 285.9373632963524 285.4450314647568 286.7269861790676 287.4991581198303 287.2867158627379 287.3691782672486 287.6510702161689 287.5951944425033 287.4591492696856 286.8837586187176 286.6186797875196 286.5212840631573 286.0859211059957 286.3295911556025 286.4782036796803 285.9243176829295 285.4506448079417 285.9103542576204 285.4618747365522 285.4032089474616 285.4254195736424 286.4404962032844 285.9722557962043 285.9548768249674 285.4144560462525 286.5861890091911 286.0664871185827 286.0469051488464 285.4389237740805 286.3322652749956 285.9135209552089 286.3670235049563 287.1168661416618 287.0800727151727 286.7991700831978 287.3289652000959 287.8588082665742 287.7838952879716 287.7586265070562 287.8018054562939 287.6854307207183 287.7539277311494 287.7057807115895 287.5124692001239 287.6710973682014 287.26003983353 286.8860797831465 287.2623555197727 286.9706301321288 287.1611878727329 286.7919613049743 286.9187575879206 286.4637884456952 286.382687470186 286.4090914895386 285.9291878139927 286.5117355657427 285.3883284708419 285.9176995689296 285.3952971514908 285.398744912195 285.8863403267651 285.4208058967991 286.7625933551552 287.5893493470587 287.4024203499073 287.5681109936966 287.8124712606197 287.8530506783983 287.7116340139835 287.523019003715 287.2175100177412 286.8933599182342 287.0857446712874 286.8084056964707 286.7758348812982 287.0691467292603 286.8545195492632 286.7839040166206 286.321655498667 286.3494082020616 285.8862657147949 285.3829967292919 285.8822510658967 285.3850684282576 285.4032805265323 285.388305132895 286.1993441959912 285.8123898484641 285.8229927671628 285.3954265320697 286.3626881711259 285.9064907930698 285.9103280166621 285.3850042701583 286.261421385642 286.2999767593846 285.8621889306074 286.8437167915156 286.6131125524148 286.9860005427436 287.2973990244655 287.2358849591489 287.452870626063 287.8719768366998 287.8239379812451 287.8845083206739 287.8736094007487 287.8640571373194 287.8956138519715 287.7433107422981 287.7004448652634 287.7969589540434 287.677246301959 287.5120852228466 287.703831181654 287.4635586351745 287.264437859527 287.2188150832986 286.9692361817179 287.0284658131664 287.0542708164723 286.7493532308318 287.0774243756014 287.1684082739513 286.7193510291403 286.3389079297378 286.4224248827583 286.3094174665902 285.9440677399614 286.2805307255826 285.425685464234 285.961227752826 285.4144301589793 285.3468598456827 285.8241277957182 285.3748782627878 286.568427765288 287.1051428386946 287.5299493373282 287.4517907632453 287.5817316044486 287.8928817094447 287.8029180406731 287.8216425442679 287.6448985764398 287.599724149791 287.6430048108529 287.4340590261568 287.4571367618993 287.399997451957 287.2503248538034 287.282420178139 287.4604712470388 287.3037108293771 287.2946990264829 287.3854902833588 287.0024948433181 287.0121913281028 286.7085945949669 286.7226075584926 287.0208227892396 286.6681052109963 286.762780014569 286.7243066355068 286.2793349319995 286.3530159203853 285.8701840444767 285.4504073334494 285.8878133001338 285.4391213231601 285.4614848737124 285.4678004449864 286.3565900882654 285.9340306691038 285.9307101365799 285.4701651433112 286.5193200317591 286.0165619627797 286.0303910979524 285.4617818814602 286.1543432795697 285.783191737018 286.2089098446293 286.8959097979622 286.8828978370836 286.6307791293086 287.1050575747968 287.2559069733949 287.3989781605669 287.2953904040568 287.7859573284427 287.8570331631673 287.8436643103906 287.7768687576608 287.8330346325581 287.7627425860271 287.6820388640526 287.7326173001202 287.8000336401776 287.5135078681844 287.5479056558617 287.6470534078401 287.7135330085981 287.5292346978868 287.4283320118031 287.3393800435251 287.2230794302616 287.3649996186118 287.2078583727545 287.0923300283776 287.0456609060712 286.7870427920156 287.1868966568088 287.1018419010528 286.8633122389411 287.0556144355529 287.1567092131733 286.7758816968616 286.8208611270352 286.4009516513277 286.6086901205625 286.4962086663052 286.0823185977736 286.4450318874005 285.4076852108116 286.0445795114999 285.4441636636756 285.0328389954934 285.2764615487494 285.9672668574917 285.6733023740526 285.49571702535 285.1731810951229 286.3245013063818 285.9120027732703 285.8158279944629 285.3563383104031 285.288747037347 285.7406572238189 285.3190001589414 286.5624200901209 287.1190304916146 287.3111476032784 287.4373045392824 287.3165400414942 287.7447815280021 287.7992310829549 287.6035084363453 287.41537682389 287.6418473221185 287.7110459085272 287.654661185749 287.5849490488962 287.512980057054 287.4791465843841 287.5265751886637 287.4177702972589 287.4367692580428 287.4040812490442 287.3194304134389 287.1984659816718 287.3244309274236 287.2294528328683 287.1739654345582 287.4059047953518 287.3226961235031 287.251047195444 287.3428070909287 287.2400084572208 287.2234547892572 286.884514972687 287.2459642170397 286.8536467885687 286.9629302828665 286.9220070041721 286.4858941210153 285.4546010244212 285.7243487894409 285.2759818405824 286.1705367922697 284.6613703835854 285.0219663905954 284.864214769033 286.0685531136044 286.1119930101555 285.7132831071009 286.6025274163123 286.4069146234897 286.7496385365351 286.950944512129 286.9456478924055 287.1066097315639 287.0891620141537 287.1891975628399 287.2023817907253 287.5096240072775 287.6674789559793 287.6041457121582 287.6273876825647 287.7281347427095 287.7110472459982 287.341155527389 287.4405057185064 287.5269643116984 287.1570585661271 287.3485105043218 287.2531128437404 287.6507423686378 287.5743912405701 287.4601801574883 287.3705027369619 287.3823402325701 287.3878130976743 287.3722433390574 287.3259112225747 287.5000596096314 287.3650673080176 287.3725638292828 287.369753629791 287.4499188202724 287.3436431944368 287.2527763479143 286.989311122315 287.3296417944953 287.2996095324599 287.0106836458115 287.3056093192356 287.0532463188732 286.8634381738885 286.7143304782044 286.0860569668882 285.7842771893781 286.0886233443926 286.9193115508864 286.6826628494701 286.4750631690571 285.0279147975865 285.2730578437312 284.8617269385763 287.20384916638 285.2283903685626 285.6691914124767 285.2595382404386 286.351277234165 286.8064719176289 287.0536996129414 286.9749864072762 287.0576407802959 287.1560384614963 287.4291553040615 287.5778148194668 287.2496510736711 287.0653340358385 287.4602260871523 287.5742852355674 287.5420130691068 287.5034080194845 287.3235227135074 287.4405515063596 287.3875755411493 287.2365238403902 287.3221034002241 287.3475407070882 287.3738136235347 287.3656032274387 287.3739732115058 287.3872560363815 287.6068258395029 287.4188889361906 287.5535038065967 287.4285767891733 287.4476610665624 287.4120797595865 287.5289501308652 287.5463973246962 287.4929988675776 287.5038769230314 287.7075105579956 287.5468161311946 287.5202507167895 287.6925025200583 287.5417905094489 287.5155146275027 287.0163549336579 286.5511961419275 285.5526465635268 287.5281509278253 287.4600126461345 287.3265765416138 286.103486481786 285.7234137768776 286.0920925375062 286.6095537721567 286.6142810446054 286.3881840131451 286.7852951309852 286.8470097446197 286.9134648193719 286.9703329405198 286.7986594039027 286.957831818842 286.8863543779097 287.1059517402207 287.3202537916951 287.226579392912 287.3054793078432 287.4077021361846 287.4837923285 286.9009975230156 287.0359279043081 287.1308712242593 286.7127020209809 286.8556330973373 286.9438924992368 287.3916463400045 287.386540867296 287.2729653159203 287.2089690714151 287.2150006230117 287.3094990141351 287.3112000817795 287.3950032780342 287.6602118679369 287.6668841779855 287.6054637465624 287.4737328624647 287.5921136657673 287.6551859080518 287.7123807733581 287.643664463224 287.2598070777128 286.8535760790194 286.9356279632536 286.4938842876414 285.2689371100963 285.7280795423887 285.167293417538 285.1681799503891 285.6750671443685 285.1990773044276 286.3724583289556 286.7679000270478 286.8541197748259 286.5489127087593 286.6914344438475 286.7715787671073 287.0024702263587 287.2084754805489 286.8040589615443 286.6277253255305 287.12203796614 287.3064438916145 287.2089180070515 287.2319073105791 286.9888693287486 287.1226166335452 287.1699012855148 286.9215119230247 287.0912418466094 287.0762177762626 287.2437290599683 287.2186683528958 287.3272745172491 287.3574040536911 287.7935597539017 287.7291704559096 287.7262198061107 287.3381044411749 287.40083586681 287.4563521235976 287.4817462407759 287.5222456212854 287.5954828892545 287.7776169121921 287.8794072811895 287.826792288462 287.8136529581013 287.8440580190396 287.7260981623395 287.8064994986057 287.336947055822 287.4576216240087 287.1579757339903 287.1190009415948 286.0826356966102 286.4999617641949 286.1179567372187 285.6813251843665 285.8250406267212 285.962229393932 285.5333224821493 286.5792207068696 286.6078684319673 286.4040866989725 286.7178879518615 286.6212517689439 286.7490233236119 286.7105500299446 286.4073778557321 286.4757789470822 286.6141996577808 286.625870095752 286.761764679357 286.8728715416235 286.8751922768259 287.1004117963436 286.9869057395803 286.3999986708916 286.5576209938699 286.656208230353 286.2094064282728 286.3843884332479 286.4669329078156 287.0012615634676 287.0479449256861 286.9464790803018 286.9256466749713 286.9145514474162 287.078224178186 287.0969654419888 287.2839935014733 287.6508101769044 287.6726232046128 287.7485847692207 287.4049199494971 287.5651211879905 287.8464860867181 287.8822927535933 287.6134402375127 287.7588639537437 287.6109846287863 287.4944709799562 287.1541145083979 287.2791170378359 287.024817295752 286.3601981086757 286.2327038610107 286.6518626134227 285.3964530696208 285.7665340852794 285.346660357995 285.1081741029006 285.488516526232 285.1390649580698 286.3212625150392 286.1155423150147 286.2488778239247 286.4523667020467 286.6410198589042 286.5384642210965 286.0564866089955 286.3097250707641 286.2421382418195 286.7489443674842 286.5090468207902 286.2999897457377 286.1284272775584 286.6907478715778 286.9145420037422 286.7754514349272 286.8429651399898 286.5751980799192 286.7524370098145 286.7885733669521 286.5387352320185 286.7374605516196 286.7352943317493 287.0012519692301 287.1322948115439 286.9547920496985 287.183513290184 287.8038215284069 287.7328154442114 287.8169116839805 287.1419250784182 287.249086527687 287.3275001859801 287.3304699587395 287.4150583335388 287.5083772301462 287.8698631784197 287.8748298268782 287.8974460719777 287.8887317634058 287.7704316192204 287.7176737623906 287.8303751938246 287.4183110696449 286.7968613113657 285.8994515857748 285.6957850921103 285.4359422222734 285.7598330338574 286.0855396834613 285.9821153749775 286.2043158108977 286.4342813632041 286.4149972925072 286.5248348297516 286.5300715896365 286.2796582445506 286.4636467951665 286.3424858867768 285.9364410135798 285.9928198626479 286.1807378690714 286.3870412001105 286.6358429236192 286.4994988428726 286.1066148649049 286.2476179956416 286.3693710315018 285.8652259044463 286.0337353325977 286.1355146115783 285.6689266488378 285.9427985957745 285.8621703709339 286.5374928110407 286.6235341627678 286.5467783239814 286.5842628842041 286.7589538847419 286.5513398013248 286.7994200778119 287.0642802165762 287.533795953152 287.6018410933011 287.689014723101 287.23181821561 287.4331326858029 287.8548004172431 287.8514853406846 287.3848408067115 287.5269579985206 287.6191178148523 287.2879232377176 286.5763731641415 286.9046648558484 286.4840416319178 285.4418536184353 285.9350897117889 285.429014357735 285.0471866219337 285.3912719842838 285.0785416254687 285.90830753015 286.2403400497651 286.1942754315071 286.2986036929832 286.3393254102468 286.388542182645 286.1241814705381 285.515978076898 285.7912767344757 285.7297304752047 286.2427332888558 285.9805453473097 285.7614113017803 285.5871770414705 286.2165777430552 286.2919979981544 286.4566154333653 286.3951944334258 286.1306312684164 286.3544008550833 286.3350260776701 286.1356014977775 286.3615465612356 286.3374027843295 286.7084274459559 286.8579521780338 286.6370265337061 286.9335098215039 287.6969867897311 287.6250925136069 287.7614630783884 286.8995017736915 287.0234018700721 287.1253599223991 287.1333770625116 287.3464654487581 287.2348260628789 287.808670889463 287.7363224273992 287.8190841462153 287.778287187985 287.5414263520846 287.4872042027656 287.6721838926404 287.037114481033 286.050592728002 285.5850946972124 285.6406331622291 285.3507859632851 285.9874317688838 286.042211702998 285.8877830263373 286.1219297602739 286.1536660712894 286.3096917019894 286.2300736048833 286.2172700706319 285.8404641997223 286.0711292155032 285.8861243235951 285.4031407960807 285.6767178993322 285.4551193469111 285.8765508073585 286.1329284094538 285.9818606703319 285.5731784377044 285.7101459010563 285.8405249369237 285.315458765344 285.4845190510347 285.5913771673719 285.1059325370219 285.3054902575046 285.3894948046569 286.0429057198859 286.1624844345289 286.1216333779278 286.2312222834893 286.1723541014221 286.4069616562703 286.4729421189624 286.7967657273634 287.3662394954816 287.4539692568163 287.5474758930263 287.0133966571391 287.2539514856985 287.7388822269813 287.6753638864047 287.0403696922716 287.3338445437579 287.2283477735729 286.8371610143398 285.4352447307998 286.0452946440246 285.4450035174093 284.9845159423602 285.3046521716111 285.0168727274742 285.8169098086674 286.0156652794263 286.0483743326828 286.1425955440756 286.0868360837833 286.0198544297785 285.6303790433304 284.9429564862622 285.1707108228609 285.2330177932142 285.7196066388223 285.4383909521163 285.2047340028508 285.0188837929968 285.7333929348238 285.9745249028216 285.7932104737235 285.9292079430577 285.6881888861128 285.9102150984072 285.9076203162722 285.7440062313594 285.9369053748338 285.9872924625913 286.4103525751961 286.31118354564 286.5579510068586 286.6598727076863 287.5254760713307 287.6172805280061 287.4609236651307 286.655234583794 286.9015696059363 286.7758136190727 286.931227150046 287.159044380425 287.0314339844202 287.6502370468646 287.5094907162294 287.6318472122141 287.5474210532964 287.2397830967583 287.3995941324293 287.1640270727689 286.2814479133377 286.6963109151101 286.437488744426 285.8847318752297 285.4537503982857 285.2516232090967 285.5193220156472 285.764238792052 285.6987916958428 285.87559757803 285.8508585982506 285.9439032134542 285.9358481401465 285.7575248421379 285.9690914465153 285.9159860752577 285.7982617600931 285.3216519992066 285.59024215803 285.3591352721942 284.8219353248751 285.1179791498924 284.8776176783115 285.3668543558408 285.4579808392497 285.6205704631443 285.0417986091634 285.1667786050402 285.3065472942091 284.7631353144499 284.9234532145959 285.0391142095814 284.5317948515662 284.7277615723314 284.819852190287 285.5455029193966 285.6982154002103 285.7035407625957 285.8972749798093 285.8089911955834 286.0605242385421 286.1551362160233 286.5262950602098 287.1822147981989 287.2750193494528 287.3678373404679 286.792381345202 287.0650749820149 287.5468915837218 287.4109094029125 286.7731511269029 287.0377347308333 286.9111373090098 286.5511916240856 285.3988564207227 285.8578800090229 285.420810504115 284.9186954198582 285.2037004931729 284.9528534261733 285.6238487449982 285.8393400649587 285.6741586424512 285.7946548194052 285.860583597413 285.7168089877055 285.5541824205712 285.073578268109 284.3462615827102 284.5767545875175 284.647121992997 285.1987835991811 284.896585640927 284.6416422504916 284.4335645257544 285.2630949905378 285.4956874274074 285.3015564654051 285.471987702494 285.2687248382348 285.4747100456312 285.5039200470811 285.3837694702811 285.5591826398711 285.6395488276373 286.1355477545802 286.0070079469826 286.2688520376405 286.398785009365 287.3180207552235 287.2716612208999 287.4252474078889 286.4340985380292 286.5408553731502 286.6887280910345 286.7446976292858 286.973135849898 286.8353622751271 287.4315995770106 287.2238932246866 287.2500623287514 287.3723738174122 286.7819560477317 286.7838255441409 287.0235141549624 286.1906720927302 286.4982342110532 286.2385170632753 285.8203398148766 285.3283649127159 285.3919532617565 285.1568455744643 285.6391665012661 285.7096905349595 285.5921487234534 285.7520803006781 285.5706757561462 285.7269495996494 285.624724429016 285.2610097885501 285.48898536797 285.5210560861373 285.2894946439929 284.7359177500455 285.0365090860154 284.7751047241854 284.2018281823457 284.2692119224272 284.5162852725683 284.8722091710571 284.9430222358379 285.1170354807696 284.5220598027946 284.6284165099265 284.7800214438897 284.2159831347625 284.4886125825201 284.3599985681956 283.9533927705872 284.1367594487259 284.2428969596374 285.0629108478888 285.2521003833835 285.3128567995094 285.6006012271887 285.4803434897733 285.7436411610738 285.8689234532778 286.2797593727399 286.9960881194347 287.0887479881227 287.1713371787442 286.5917009327388 286.8838085825939 287.3046940652983 287.0569391614748 286.5249777808751 285.3471395234632 285.7835178038393 285.3748675298064 284.8480062033239 285.105241044864 284.8848572459376 285.5126782513858 285.6493788182721 285.2077032853966 285.416935355237 285.4556922102763 285.2340818629697 285.005380111547 284.4646916469864 283.7326267069479 284.0413011609302 283.9556410657044 284.6918576770406 284.3635498950346 284.0793294393297 283.8379919071721 284.8186636791639 285.0371099818555 284.8306146973884 285.0400140079914 284.8842514311823 285.0716489453491 285.1316407999678 285.0654930296129 285.2190336418403 285.3322860668031 285.9004669090269 285.7419398587373 286.0126712293749 286.1704946026032 287.0832382394217 287.0669598589125 287.2028470157936 286.2476616370879 286.3363022337089 286.5024633358135 286.5809734276539 286.7988219076239 286.6600002815739 287.1709826913565 286.8939754174141 286.8626043339341 287.0643382555963 286.05783701812 286.4525170397687 286.1244449353639 285.7225045652418 285.1956246772705 285.0563491267582 285.2634818341247 285.4311210864251 285.4068695779851 285.535205898696 285.432445567747 285.5607632530003 285.504511569212 285.1536530053686 285.1820478501789 285.3790421032218 284.6760666851277 284.9547822258722 284.9789461148923 284.70341035478 284.0928301246977 284.4210852012432 284.1433665819035 283.5492705100589 283.6365116072136 283.879333403436 284.4011529170008 284.4459872319274 284.6333918088123 284.0203840864282 284.1020326694095 284.2687510842121 283.6785919239868 283.7997092498952 283.9458825274809 283.3746595899106 283.6639554381415 283.5376881282622 284.6055648277726 284.836606054424 284.9609921520781 285.3495116494186 285.1959642183905 285.4691408491685 285.6262833007152 286.0713002689297 286.8131277147011 286.9628233927754 286.9044209438418 286.4207836416957 286.7163619763489 287.0298971751774 286.3610437192591 286.5743703191973 286.6733870018793 286.2241763242761 285.2879676252909 285.6828192643989 285.3190910575339 284.7698819406078 284.999571666396 284.8109508578298 285.3269965886914 285.4580876906766 285.3238968978794 284.6319735387622 284.9332554598148 284.9126893004066 284.652851932079 284.384400283627 283.8117027587769 283.1054526304122 283.3121980040809 283.4205962213597 284.2060931162743 283.8447238601924 283.5219909493949 283.2358267295143 284.4074121287067 284.6086118662167 284.3882875856253 284.6426220233385 284.5413356666342 284.7074488658769 284.8016484715088 284.7939197807311 284.92380517133 285.0717439547101 285.7095572355186 285.7994374168541 285.5224777993532 285.9826090641142 286.8305768542562 286.9599799861309 286.8564046699077 286.0975397334305 286.1682802868852 286.3467332743441 286.4376919943688 286.6371650653065 286.5072690132388 286.8802938583654 286.5156124320046 286.4543834251148 286.7108974729385 285.8777740739565 285.0708883410027 285.1436030630837 284.9790664139426 285.2807963730029 285.365765675271 285.2843872035642 285.3611194473914 285.080780169481 285.2738031680001 285.1199899362924 284.5909037914039 284.8893936820139 284.6117848937812 284.0115483699025 284.3533267016655 284.3268311776181 284.0493365330451 283.3983329932871 283.7517683568332 283.4701949610978 282.8674646579388 283.2119619209547 282.9828606446723 283.9585287405535 283.9724334110646 284.1761224959198 283.5404011774575 283.5916683738283 283.7776158077503 283.1538878716969 283.4146605009937 283.246001794547 282.7969141614694 282.9327903201478 283.0856247032991 284.1793532679134 284.4587436927262 284.6536310182468 285.1463468683631 284.9594985325728 285.2420192888789 285.4303210182619 285.9040508203025 286.6284207858341 286.7217607340451 286.7459131897027 286.2792655705745 286.5590566302042 286.7212373973869 285.9552424283237 286.2726454034627 286.1610319656946 285.6502670448871 284.6820718511869 284.9088978544651 284.7284275141101 285.1877944425573 285.2165444142183 284.8630866600864 283.94827940985 284.2806892757239 284.3030690898565 283.9783953257927 283.6986827630333 283.1191232931459 282.4655770519888 282.6483109815782 282.7871159660198 283.745647892211 283.3432818967248 282.9718023560785 282.6281922292973 284.0338071581178 284.2158375141142 283.9791468234502 284.2852054322987 284.241575159968 284.3859843758106 284.5169438364666 284.5691491894087 284.6757468818415 284.8589804910321 285.5618391099958 285.3494351407348 285.6305632633827 285.8351497884073 286.5453596127213 286.6927615585155 286.6301280835963 285.9788330706805 286.0347995720522 286.217579257372 286.3059254446476 286.480965213061 286.3711266362719 286.5491815696777 286.0120768003168 285.9884909905532 286.2753167863707 285.2287338137478 285.607671911087 285.2595902609226 284.8418769244954 284.9562745111501 284.8064663691063 284.973841100855 285.0843962281004 285.1483467075604 285.0305841811833 284.5383105968772 284.8309542726366 284.5663303051459 283.8917054582641 284.2583859680524 283.9199517896902 283.2722023269756 283.6079818275747 283.6511030188888 283.3327862565319 282.6540945877269 282.7581640604492 283.0324357587392 282.1551614880211 282.3081735289283 282.5151960199648 283.546844916209 283.5254453836175 283.7487941669172 283.0822639679027 283.3084915910914 283.0987676338561 282.642090226175 282.6995921784101 282.8964761893763 282.2202569921359 282.3225075952452 282.5086374217955 283.7876381254303 284.1216912540406 284.391726399855 284.9882366314949 284.7696641755826 285.0618351606529 285.278966495647 285.775126917481 286.4298949850171 286.5070085693374 286.5317453271413 286.1601473629804 286.4010767991991 286.3428982495722 285.6641535224285 284.581108782516 284.7300105679016 284.634589435413 284.8443371577929 284.875728125225 284.9997283566545 284.9121427494295 284.7889739372831 284.2326331567759 283.1607777394559 283.5289019503661 283.5676779033086 283.215447639646 282.9514231282186 282.387053930834 281.8107774733976 282.1402398520228 281.9621885755888 283.3118188037441 282.8594249755729 282.4289407614302 282.0141579864714 283.6978396036241 283.8610680416908 283.6046560919318 283.9684135813038 283.9850545076798 284.1079858495965 284.2775763321979 284.3913177746368 284.4748082281479 284.6925682134997 285.4530388616004 285.5031921386888 285.2193469494662 285.7233226704678 286.2290184526393 286.3770120129542 286.3918452692089 285.8821140912198 285.9284517662303 286.1056039504977 286.1730730269664 286.240467123772 286.3177410688025 286.1502931765711 285.1684226064921 285.6180848447018 285.19918529451 284.6291166205344 284.6439678608072 284.7371731117322 284.6645786640349 284.7824455036667 284.7555970074359 284.4691917417244 284.6923855772882 284.7459087739062 284.5064794311072 283.8306079377887 284.2062640803512 283.8625395955153 283.0517570850365 283.1069085778619 283.4899881509353 282.4571991976471 282.8000584365431 282.8744285270507 282.5544117181213 281.8571252434494 282.0053228352148 282.2625713110615 281.4079433543284 281.7863496921327 281.6092887627876 283.1659913784565 283.1050355879843 283.35257521909 282.6466019611222 282.8617857628586 282.6238158002125 282.1409506249162 282.1592377880698 282.3903080688766 281.6392061461451 281.9303509592033 281.7028024029203 283.4304301182565 283.8253516920074 284.1754400343306 284.8766411591924 284.6273985271172 284.9276955571042 285.170661779129 285.6776446144748 286.2042403137712 286.3212595141746 286.2364935836789 286.0520657385281 286.2291706638619 285.7334999133214 286.0180853033522 285.8711201351707 285.4758760964576 284.4622132243063 284.5570908270337 284.5251037373949 284.6606758504625 284.3685536219888 284.5444188392465 284.6340265611719 284.4214453062102 284.1744958891874 283.4496317812358 282.2633053711295 282.7265477840457 282.6521195365198 282.3609339533745 282.1406518230518 281.6117199335173 281.1348319289162 281.4759422542783 281.2484860104513 282.9048466926766 282.3925004250175 281.8896926946597 281.3879108456842 283.3995280172169 283.5440905487731 283.2646606492835 283.6923464579498 283.7718053810588 283.8734255852037 284.0836393778719 284.255715883149 284.3187434888459 284.5709264877073 285.373588396778 285.1281598312237 285.4103017769012 285.6375456761804 285.8132742405293 286.0653465288675 286.0284675718788 285.7953922266992 285.9982238718064 285.8383447438187 286.0261376008381 286.1020293857191 286.134621779917 285.7814750069604 285.1081822909618 285.4337336148954 285.1391398273159 284.3855968530783 284.4636007738165 284.5115766164029 284.2893369101802 284.491948394031 284.5145813054163 284.3321567250301 283.7535475347923 284.090989927968 284.1387447960727 283.7944099169127 282.93142066987 282.9938642139696 283.4058812858703 282.0550726573836 282.5744942209394 282.1622314041284 281.5585088599717 281.8959064192807 282.0190945595461 281.7090724995446 280.9982331807226 281.2051608431168 281.4362888799206 280.6157220323618 280.8782683709613 281.0184359235056 282.8155525737346 282.7112267140403 282.9871826620092 282.2331145138787 282.1655027211219 282.4375700558611 281.645629807468 281.8927201851191 281.6197835302444 281.0483840649503 281.0678971776626 281.3455932556583 283.107500869525 283.5698921587113 284.0026580234863 284.7929156731844 284.5211362018465 284.8311779482673 285.0914647736893 285.6007355523423 285.987526027659 286.098151231999 285.9336113227817 285.9414394043818 286.0444957151269 285.5077538112008 284.3215394485872 284.3615641077656 284.3957725341685 284.3607423461442 283.6449820722215 284.0120071656787 284.0397592901126 283.7014528008113 283.3576065215148 282.4920234823405 281.2384427390413 281.6335599145176 281.768165424723 281.4027238772782 281.2577445095239 280.7835290185452 280.4260788179138 280.4962579568194 280.7855447275305 282.5244684345828 281.9401162938427 281.3489733371223 280.7412344760099 283.1370643050035 283.2640769169868 282.9580962446719 283.4561589431862 283.595188950994 283.9295332537454 283.6791304149436 284.1432042226598 284.1958319125766 284.4753027184246 285.3121817399729 285.0609494099187 285.3413333531229 285.5661181809981 285.6182132701416 285.8300148321344 285.714231776614 285.7050485809287 285.8816117379252 285.7515676256895 285.8431261349219 285.9220622761221 285.9452921989234 285.0468646325889 285.4604161715521 285.0784103981746 284.08762526929 284.2431343655578 284.2500221473199 284.038386618638 284.2459626634904 284.164589032756 283.4977151256129 283.9423971338124 283.5716754964273 282.7885451012716 283.2388698041618 283.3041838665608 282.8630978651324 281.8129804594479 282.4022917391918 281.9393870549885 280.8701395730839 281.488529944696 281.062316385267 280.5592805375671 280.8784234168789 281.0728601233484 280.7841921796701 280.0597010334471 280.540344316125 280.3441585176785 279.7592740669634 280.1000005180124 280.1970235929215 282.4918492841381 282.3421409686816 282.6506163271964 281.8319409502636 282.0310588215577 281.7166095708441 281.1502151132768 281.0757103230363 281.3986733499585 280.4352918979875 280.4057499364674 280.7457400118871 282.8162137341637 283.3512930412871 283.8606701216759 284.7335449497141 284.4395084514878 284.7608809382485 285.0338784373064 285.5318225214756 285.372194175433 285.7934275380796 285.8276342979988 284.1576742344316 284.1297574014001 284.2434309844122 284.0673423238474 283.8004642034821 282.62508354353 283.1767487901794 283.089252747118 282.7085658421385 282.3045574396261 281.3302132514393 280.0581370852444 280.4434347210554 280.6698627630814 280.3189485830163 280.2854579836609 279.8840096977044 279.665158803551 280.0538334050243 279.6862574705307 282.1641106894435 281.4943500542934 280.7979609834537 280.0585388008101 282.9060876449749 283.0180077839243 282.6810561848517 283.2544713272771 283.4492247352437 283.5187074591835 283.802741855147 284.0729398394984 284.4132105836208 284.1052424236592 285.2570307552324 285.0099972301711 285.2846317790028 285.4963311020551 284.9844436803826 285.3249697524152 285.0168547880649 285.489927190459 285.5544534965867 285.7109712617054 285.5914351802441 285.7482913089879 285.6508759144203 283.7288648302114 283.9969805046849 283.9153436732406 283.3831741438653 283.7420575662876 283.8026614567077 283.4357628077535 282.466808187652 283.0284386530445 282.5423611613843 281.5238435828537 282.0848833408483 282.1983293952008 281.6746943123947 280.4241844880452 281.1566674298224 280.6590407947544 279.4533425928589 280.1940539675639 279.7721237122263 279.4325515661043 279.7203219363915 280.0139078170674 279.7577403461554 279.0138699580852 279.5522782675466 279.399017794255 278.8091971705239 279.2502766623015 279.2981787350844 282.189457349265 281.9901611202503 282.3384392300628 281.4382481881896 281.2715312860701 281.6349769829173 280.6405213725993 280.5135215384033 280.8983271884874 279.7787239242375 280.1142671522746 279.6960372561754 282.5518576250757 283.1643709100194 283.755748041913 284.6913935504616 284.7115437651876 284.3887018049242 284.9882824466447 285.4533930698606 285.2768291754292 285.6349588799828 285.7389280315054 285.6019405910868 285.6481323325663 283.9752524053654 283.8601432316025 284.0690982857755 283.5685723618565 282.9618196487892 281.2198306783997 281.8630764010503 281.9775125574866 281.3740653472794 280.9642794419019 279.9165183524094 278.6864056609056 279.0425418839986 279.3991370703967 279.0782538157774 279.1966932365302 278.8847384498436 278.8196398391896 279.2554528436005 278.7876300359883 281.8188055123679 281.0461126314505 280.2192963951915 279.3132067997464 282.7023822393468 282.8015799526934 282.4286892808184 283.0823078580282 283.3337960126177 283.3890181830187 283.7130092124947 284.0170644239032 284.0436113549105 284.3675992266336 285.1934929613275 284.9638517563058 285.2268485426282 285.4099989195562 284.9182929518639 285.2274953971948 284.9528177331616 285.3721230682511 285.5187633763019 285.4352418567765 285.4590883096212 285.5613698144371 285.5298769597042 283.3557836209169 283.5433646553849 283.7228558690425 282.8161635709154 283.3404829661422 283.1042869555104 282.2159201557835 282.8626577462268 282.3372130438772 280.77922436198 281.7046693891272 280.9934011868558 279.8688096104564 280.5386411218799 280.7522838613525 280.1607728611748 278.691725856248 279.6082203265329 279.0963807285445 277.7578185384648 278.6457759994674 278.2503942577 278.1413704723494 278.3856121372827 278.8100871173652 278.597321997735 277.823921837448 278.4398222343705 278.3363587116834 277.7253969027761 278.2925535811183 278.2873540903587 281.9003174455907 281.6488173357985 282.0440608969657 281.0382090538536 280.8161465892154 281.2402703053041 280.0963458733198 280.3747687462676 279.9123556835797 279.0446837156025 279.4241027358044 278.9054409730825 282.3085282704653 283.0070270762121 283.6744253041216 284.6482521305169 284.3452812855751 284.6704098256752 284.9383902917979 285.3637871144206 285.1993678426379 285.474611944053 283.7883035056414 283.5822094549843 283.8819372722384 283.0999047462096 282.5222144698293 281.5422363326087 279.5829324995794 280.1604511455823 280.4564021360712 279.721500922552 279.2558121948892 278.1912242402276 277.0787016851552 277.3853715031281 277.9152406932754 277.6392334678023 277.9549180472574 277.7474898308249 277.8419614569435 277.7564728930286 278.3507974390729 281.4780565505366 280.5787557724457 279.5862023619721 278.4644978683071 282.5123852451633 282.6062126543368 282.1903165415226 282.9332326795176 283.2281416245713 283.2800302221292 283.636366176221 283.9615899636826 283.9894691764291 284.3224622256899 285.1179535880814 284.9125886908757 285.1589517617097 285.3093098835456 284.8480194346992 285.143360624198 284.8847380670023 285.2916661569316 285.3598851439506 285.3811852377867 282.9900879154119 283.4483031069805 283.1662635352456 282.2288157944079 282.8654129017086 282.5197131229111 281.377926657332 281.8100291348507 282.1722425079343 281.044597168369 278.0295705924931 278.862184357422 279.5249296853986 277.6687531438062 278.626807359854 278.8575793530815 278.2135516994882 276.560655987815 277.2001901718456 277.6818055347527 275.7307779426538 276.7880836708198 276.4470461602142 276.6482633358299 276.8338918442778 277.4235515103863 277.2646680135785 276.4425031865018 277.1610923018259 277.1115300968381 276.4454514161167 277.1138545983866 277.171170036797 281.6099310610167 281.3038874332392 281.7563958501448 280.6093419065347 280.329076944901 280.8291613621332 279.4791910476121 279.2357680177087 279.7993752622322 278.1815867198695 277.9841857962212 278.632950954853 282.0726610420811 282.8622168391532 283.5990180407324 284.5953853898991 284.2980591897792 284.6238155228147 284.8787288081519 285.2502552369227 285.1354648587197 285.2534694549347 285.0184905801034 285.2509135029326 283.6180659650116 283.3216673711287 283.7005435305371 282.627706187609 281.8048794345671 279.1087336604944 279.980776194093 280.352287846847 278.4670992199692 277.7762505886214 277.055758484037 276.1058014133853 275.1868264085414 275.4253924449231 276.1704712364085 275.9578627345819 276.5184131763326 276.4173387575764 276.670250325552 276.530097952184 277.2851772343409 281.1238240687758 280.0623582799475 278.8537277496101 277.4550715819367 282.3235716983284 282.418760886934 281.9523929070392 282.7909412365897 283.1200333021702 283.1748923856546 283.5598955653103 283.8943574346071 283.9295584038348 284.2677752672651 285.0142449494448 285.0708440567099 284.8441850930459 285.1765246562837 284.770168054504 284.9640063384161 284.8110114206005 285.0471680238511 285.100252982169 285.1783840141397 282.667887924915 283.2016124031496 282.8190382854725 281.6804687349061 281.9398646884869 282.4096688484624 280.4981798025562 281.449235235212 280.9211273637521 279.7883186400095 275.0457594346857 276.7250640061899 277.3794891028511 275.680018753891 276.864309877774 276.763044111609 274.8278965402785 276.3075538288575 275.7621978994196 273.9491569251948 274.900243070276 275.3048245581124 273.3434571681099 274.5768036438066 274.3186909390109 274.8843170648459 275.0079422280783 275.8023389874837 275.701104388248 274.7980637924405 275.6562731700756 275.6567129970811 274.9018534925004 275.7114687181437 275.8201916246007 281.2956919403313 280.9326588597836 281.4571352634467 280.1115541369309 279.7707678045794 280.3709143708505 278.7372627365409 278.4314118946163 279.1272726735115 277.1219504809258 276.8673911631506 277.6814060009506 281.8273023534452 282.7174805530274 283.5171964940931 284.5222204702347 284.2356301929157 284.5618118842607 284.796510293296 285.0907388659172 284.9531476643185 283.4821381945184 283.101392513928 283.5457705214387 282.202859365496 281.1095815302716 277.6772404746044 279.2185811572511 278.3258113327166 276.4263503673227 275.2603230439051 275.1977169214526 274.3377342717437 273.6100939143181 272.9789407071552 273.134267154842 274.1218717731637 273.9793015989464 274.8158560482203 274.8246660541429 275.2134815390407 275.0305775386795 275.9825918879077 280.7255288709489 279.4514958776932 277.961539179258 276.2042202657962 282.1202173388714 282.2249862696753 281.6955420317535 282.641873189305 282.9969993787344 283.0609513064072 283.4714518664937 283.8095045848899 283.8543712806674 284.1952338808234 284.8613756716232 284.7350376013235 284.9412813503362 284.9923874757028 284.6824055459885 284.8864190738674 284.7285237110909 282.3511135342945 282.501785438482 282.9794895549392 281.2388102145305 282.0234698382945 281.4409687810831 279.7584282749368 280.8008410285442 280.0949432590417 278.7678382073498 273.749692633543 275.8189567282586 274.2061026438357 272.6608791705705 274.2543652182097 273.50871564189 273.8467736343792 271.644489841117 272.8754907798877 273.2742054825226 271.0441294128505 272.5255892242563 272.2561226920837 270.680937773404 271.881411552299 272.0422138864485 272.8110244898803 273.8882380496127 272.8724466650028 273.8476223849289 272.8144734864104 273.8975910624813 273.8503648517409 272.9847283412242 274.1371207058004 273.9920617960455 280.9319094887217 280.5015871189273 281.1218852540694 279.510689391918 279.096992466827 279.8276252738066 277.7979416763429 277.4282033133928 278.2967036334894 275.7502364851919 275.4500785756736 276.4797913304504 281.5525356745582 282.5585902252846 283.4199476494474 284.4160601854666 284.1472302505481 284.4721109081748 284.6703854426306 284.8378861939892 284.8836947721756 284.9417964043857 284.7877728350622 283.385486169483 282.9069134496773 283.4295958842231 281.8289986405898 280.5375646949515 276.884833011524 278.4171586399403 277.2158475262357 275.4122357328824 272.0778895833891 271.3060851413795 270.8379528154054 270.4832844562414 271.7645135046986 270.5634574000275 271.6910582543712 272.7911615714103 272.8771451898522 273.3623146644608 274.3419617582277 273.1461790898031 280.2541510467437 278.6934123502884 276.8161431414994 274.5960261564821 281.8821819727942 282.0065302173276 281.3966099341244 282.4702800622407 282.8536503417895 283.3654783352422 282.9284192624077 283.698461365886 283.7561628127837 284.0934206952064 284.6717141780645 284.5949772319258 284.7697185141389 284.7707586670377 284.5811565664978 284.717184419432 284.634672866312 282.1939579696921 282.8481359950717 282.2631292544191 280.9556821304017 281.7084411976076 281.0810735224125 279.3016342025994 280.3376245699204 279.4995150758645 278.1640326439925 273.2682866372925 275.143010902638 273.4617176515864 270.4203459090613 271.6538401948865 270.4355384253936 271.6553345184309 270.4833063466949 271.6930814117971 271.7671366975065 270.6809683733561 272.0513058237143 271.8845450074799 280.4900178424985 279.9786459377142 280.7227950370255 278.7421236688108 279.1505553213583 278.2371206030065 276.569650073434 277.2263045250583 276.1202359282389 273.9683152316649 273.6293664553182 274.9196719647051 281.2250465044111 282.3730713495581 283.2997938479146 284.2556255294737 284.0125940649589 284.3372754865217 284.5086131451392 284.6787644308354 283.322804577633 282.8014051014047 283.3512443527452 281.6148115114808 280.1766998232629 276.5144341527558 277.9853115759927 276.6667609526062 274.9709718022031 270.435547109113 270.5634879209324 271.0441974264264 272.266244146988 270.8380082860436 279.665085945849 277.7112527909882 275.3181512100171 272.5350100972436 281.5980558653094 281.746145782056 281.0354900904892 282.2685222360107 282.677924419459 283.2314163050095 282.7676609872984 283.5370706270712 283.9368858029363 283.6182865858072 284.3732549021956 284.3350068922163 284.5243082440919 284.4617226006224 284.5862442399579 284.5250256093249 282.097203867556 282.1390131371378 282.7647709308635 280.773312915472 281.5355504275915 280.8533837962728 279.0468683203257 280.0602654723043 279.155035967207 277.8526132352732 273.0362859987348 274.8381923024946 273.1322856941493 279.9446089386474 279.316772584138 280.2310370365137 277.762868858376 277.1182399633981 278.283644771379 274.9460604706287 275.8193672745596 274.4013401506423 271.6442240478223 272.88590921189 271.306111653152 280.8282459618209 282.1496016266667 283.136581451404 284.0034829758408 283.7963503890635 284.1298851953404 284.4653426404187 284.2180709505095 283.2843200795687 282.7363028200009 283.3020075997197 281.4789642932432 279.9600028941492 276.2951081704744 277.7436743913616 276.3882218073817 274.7366942946766 278.9281304483504 276.4318748845146 273.3325107147771 281.2682321586546 281.435710986568 280.6004276363518 282.0302008491317 282.501079967866 283.066672585319 282.5861918571466 283.4839966575294 283.7645968148937 283.5068666575099 284.3215100847981 284.3596196523623 284.3957546309816 284.09282207496 284.0550085723672 284.2350880573379 282.0396916531646 282.7143506307789 282.0641610194232 280.6713811581501 281.4339898662291 280.7155344693188 278.8742132425889 279.879701069349 278.9496305371817 277.6548635760063 272.9170011123557 274.6676877973124 272.9673878166982 279.3203789068792 278.5042741208474 279.639670590675 276.4992150649717 277.1687735641617 275.6322938724222 272.6585905638855 273.9121320584711 272.0772650648009 280.3752963108208 281.9067797217311 283.0394214080379 283.8453086916119 284.2508539700972 283.2613937717398 282.6974738073638 283.2723428730088 281.4007906312643 279.824861017757 276.2060465057643 277.6080645312364 276.2418487672504 274.6295769843076 278.0384707716322 274.6886590479994 280.9971810235728 281.120451562728 280.1639700775708 281.8161865714915 282.483723663389 282.4792053328529 283.031915465921 283.6032070150999 283.8679200071665 283.5390682595233 284.1573580738866 284.1316638822651 284.2434348259103 282.0060238104942 282.0200857331686 282.684543229166 280.6122573797556 281.37444283139 280.6378293810571 278.7974292668387 279.7881245775342 278.8296441107112 277.5703374786415 272.8532982310145 274.5925090565711 272.8807706978333 278.8144772548512 279.0382641408858 277.6136157831334 275.0394902465546 275.7718283000737 273.5129992568369 280.0071154282022 281.7898356993284 283.1262002652089 283.9567612598073 283.2479135614861 282.6746010777839 283.254808725263 281.3551441477151 279.7567244798307 276.1440199106199 277.5383680675865 276.1702925274608 274.5645750138319 277.2180417015152 280.9488466493107 279.9314708617445 280.9408074041961 281.7863748984556 282.5387509274965 282.4908792069384 283.1391236830034 283.9752226582307 283.811808293147 284.0690061166701 282.0286733758034 282.6850683544902 282.0155244565133 280.6071602818891 281.3526011746425 280.6074094245343 278.7045322721304 279.7135909201389 278.7475896972949 277.4896229444142 272.8183065443578 274.5441377575663 272.8338233353221 279.0387204405783 277.3210408745924 278.8573877460238 280.0659981033684 281.8170311015419 283.4450702420052 283.0474061847325 283.5127180513052 283.7542762286694 283.2399864769903 282.6792423149608 283.2445139354763 281.3657278228739 279.7120060374881 276.1191009093069 277.4760158897067 276.1288405386096 274.5339129933236 277.8243265226242 278.39835246346 276.5083522134009 280.8663560543471 279.9940169319422 280.862068109709 281.7813084338309 282.881346490007 283.1755984097665 282.6935558036713 283.7883606014363 283.6222343948044 283.8820706127227 282.0606428795656 282.0434375883415 282.6934294208225 280.5641761743818 281.3466212013296 280.58425730149 278.6863622096603 279.7028779599319 278.6934776204809 277.4677691287993 272.7986234030425 274.5224059549226 272.8077154443696 273.7487781634296 275.912713229924 274.2068936969238 279.5054220636305 282.0184198393454 283.4076341166462 283.2353457038092 282.6900011849243 283.2384426141599 281.3651991646183 279.6793351346013 276.1396669225068 277.4757724539635 276.1277578649922 274.5355249669826 276.9651428722412 275.4575578541545 277.3368992524883 279.6942159831988 278.7966578523265 280.2705288733063 281.6603634420493 281.257363058805 282.3267132533954 283.6180381951679 283.2754290884486 283.7003400519131 282.0844917350944 282.7005698922861 282.0717218268965 280.5686597479663 281.3669866272962 280.5655704938328 278.6404405223299 279.6581993119909 278.662227616311 277.4513569370296 272.7873420065833 274.5289008932336 272.7928694144883 273.2682525976592 275.1883859659291 273.4615518065429 278.4161456450801 280.7656645079707 282.81844692543 282.2905086032986 282.8318881374301 283.2617573619007 283.2325647597115 282.6985762676994 283.234846426323 281.3808802140063 279.6612024648904 276.0909287094052 277.4283885045409 276.1142396596593 274.5034666333899 276.5322123879512 276.7157633097556 274.9808447451543 279.2082233008283 279.4224522892385 278.1463136138218 281.2374577990062 280.5069619134822 281.4383488808089 282.1159078578631 283.4821013734177 283.1658134957652 283.5459307146555 282.0502676128891 282.0667244195471 282.6839409320224 280.5440573370127 280.555811537215 281.3700649375494 278.6355189301245 279.6586443053952 278.6372799804546 277.4262746260234 272.7807977893285 274.4995984411241 272.7842996078635 273.036292639499 274.8483002612107 273.1322875507685 277.9406816660997 280.2982785638975 282.4777011377085 281.903383296927 282.6414908504193 283.0305416707079 283.2308931394637 282.6827530600353 283.2326880810931 281.3501905068181 279.6449981331601 276.0474959162784 277.4060491581178 276.068493028382 274.4766249309228 276.2933290728125 274.7357446535161 276.3963079946178 279.1196312529776 279.1449556979089 277.9015959548591 280.9952489949214 281.1037252984225 280.1587548304502 281.8016639993694 283.3855507266077 282.9609337331809 283.4296668535932 282.0782205941005 282.6949504102701 282.0636724232292 280.5546819227181 281.3547549183342 280.5490160096866 278.6114302363102 279.6340133230808 278.6230299989004 277.3930298584519 272.7769317263901 274.4743683049231 272.7792896331523 272.9169950979756 274.6668806157701 272.9673855151634 277.7845407814993 280.1147509404769 282.1940365509925 281.6320377776764 282.3297410355045 282.8479682598634 283.229926670786 282.6942357330735 283.2314318815776 281.3710373130204 279.6401895945923 276.0801435662975 277.4076238699305 276.0632741896933 274.4924958231786 276.2145340232568 276.2452452342718 274.6342211205959 278.8415527207698 278.9705900748377 277.6357495915794 280.8509068711984 280.0366516288172 280.9119659153181 281.5692938060925 283.3227728826054 282.8013777145896 283.3512014570526 282.0465752750551 282.0619008578045 282.6806066254199 280.5326449984314 280.5434009764775 281.3613907139032 278.6236250822914 279.645512082799 278.6172317307424 277.4146202332315 272.7746702208091 274.4911648981629 272.7763308724474 272.8532965585067 274.5972196458084 272.880761530501 277.5935533698828 279.9095715660006 282.0971897517709 281.5129578488613 282.1390120808118 282.7647549024044 283.2293227195385 282.68018725958 283.2306595694812 281.3430007607165 279.6331506071193 276.0611896000958 277.4058274377236 276.0702159394847 274.4810848937248 276.1236405476208 274.5534686781417 276.1643706816276 278.7494120666344 278.7893467181003 277.547338724781 280.7291288616707 280.7833175912742 279.8431512903259 281.45924970628 283.2843127387137 282.7362907260065 283.301996181412 282.0759254391698 282.6929331242097 282.0607807644417 280.5496178571073 281.3503719429191 280.540939885939 278.6082436188362 279.6261895192298 278.6157228283075 277.3974177916332 272.7733275437675 274.4803039379779 272.7745976693641 272.8183000391319 274.533082137887 272.8338219795518 277.502250281238 279.7995311085137 282.0396875285127 281.4261252814509 282.0641467977359 282.7143424446334 283.2290004927262 282.6926689634651 283.2302279080874 281.3674595092854 279.6358518600251 276.0755456502976 277.403858404994 276.0679789987208 274.4882431848519 276.1202964586479 276.1192638374072 274.534554785058 278.7181519248198 278.7303230234396 277.4879667175305 280.6777719856373 279.7724518158834 280.6994614098664 281.4032174756325 283.2613939214676 282.6974681770572 283.2723383445802 282.0453044340753 282.0601742912245 282.6794474534719 280.5262416639306 280.5377659926959 281.3572483918963 278.6200626483297 279.6410882123581 278.6139934651702 277.410505956844 272.7725407181095 274.4877874301548 272.773572242197 272.7986399889956 274.52305901048 272.8077078935704 277.4841383145776 279.7568170662536 282.0060010117384 281.3839649886854 282.0200728091631 282.6845409373213 283.2287790029993 282.6793079406847 283.2299501312727 281.3394361298512 279.627912163656 276.0912765960886 277.4176115390271 276.0830529343949 274.4964242185046 276.0709876359181 274.498109991475 276.0940300978664 278.6819583462987 278.6980900234668 277.465848252689 280.6538924189029 280.6635425422548 279.744611902892 281.3732030067615 283.2478984075024 282.674629884612 283.2548126647683 282.060876306989 282.6860793379705 282.0526205165598 280.5650361150049 281.3563618353476 280.545525274374 278.6106623321238 279.6236755377215 278.6152333486365 277.412448155687 272.7720812894115 274.4961550466709 272.7729691943999 272.7873438528325 274.4915122187936 272.7928796421895 277.4420984094568 279.7274154180367 281.9862815142717 281.3619960243711 281.9942989649389 282.6670384676156 283.228681867691 282.6860237235376 283.2298199646669 281.3653869579949 279.6456482390299 276.0736347480882 277.4043691960979 276.0821213587618 274.486605516435 276.0905771934844 276.0797355801095 274.5032607905296 278.6760034386661 278.6778150231292 277.4398869900751 280.5944846775674 279.69452441364 280.6228617457013 281.335587504349 283.2399478572886 282.6612114670008 283.2445040664465 281.9581729059142 282.0092951528748 282.6418874669811 280.6446870668988 280.6048771692987 281.4003167207029 278.6192846852913 279.6494722902166 278.6148610652681 277.4091914476954 272.771809535894 274.4864536345638 272.7726235824312 272.7807919924828 274.4994114644119 272.7842945459303 277.447980130747 279.6912413559729 281.9747368322689 281.3290331112992 281.9791963748648 282.6567370285578 283.2285033430062 282.6419335015013 283.2296890435038 281.341571467189 279.6947711980461 276.1088404444642 277.4252041251373 276.0909172825417 274.5056350546661 276.0469973632793 274.4763554196282 276.0680664840177 278.6166029033452 278.6456060947471 277.4156101651825 280.5866917945879 280.5897532224857 279.6873188100994 281.3254138438262 283.2352576593668 282.6532438707602 283.2384135330325 281.9580344059209 282.6419073296389 281.9575050955406 280.6485679454875 281.3433032404953 280.6465673893154 278.6668654009873 279.7159179210687 278.6429959316 277.4516524312305 272.7716612263363 274.5055462829286 272.7724149235222 272.7769321791418 274.4741018727885 272.7792879787978 277.3953104633673 279.6603950566558 282.0688000805389 281.3796804803274 282.021057615989 282.6938990324442 283.2284881492325 282.6418870510016 283.2296579823239 281.3432435786426 279.7181386380137 276.0729964533962 277.4353336148038 276.0906059432706 274.4860525853075 276.0804106505276 276.0631598685887 274.4926391314792 278.6278173895496 278.6217685787495 277.401911378119 280.538950500172 279.6336399504727 280.5622893732605 281.3587344206871 283.2325720172951 282.6918235422445 283.2348548221508 281.9579997408907 281.9574387147813 282.641875387365 280.6894873471807 280.6690092248174 281.3614477740393 278.6824276350548 279.7250554602921 278.6745392831822 277.4440246170514 272.7716175008771 274.4859930673469 272.7723141891863 272.7746728708422 274.4913063249421 272.7763290966091 277.4168460985089 279.6384656584077 282.0523227056158 281.3491799621922 282.0598942592218 282.6848415907297 283.2284859742324 282.6418737625728 283.2296441857284 281.3614330399054 279.7483752218623 276.0487845979489 277.4330097164828 276.0605959655763 274.4728330655983 276.0403256208398 274.4697411155087 276.0599299698773 278.6082613888561 278.6177453286651 277.4062105537029 280.5332079763668 280.5357123074923 279.6353761453542 281.3465732252147 283.2308860258539 282.6836482982676 283.2326908276502 281.9580264311624 282.641882546036 281.9574340525991 280.6733526726301 281.3542423210722 280.6813775817636 278.6741883719221 279.7446957745502 278.6781964657103 277.4284283761932 272.7715598279491 274.4728356890981 272.772272446537 272.7733279038031 274.4689606093751 272.7745999082749 277.3877920411885 279.6264966450503 282.0772709949709 281.3611378209804 282.0642255078799 282.6945412868951 283.2285096040559 282.6418998592704 283.2296551154237 281.3542528691487 279.7355022582161 276.0729513362399 277.4393865944438 276.06056554717 274.485968182185 276.0741630201146 276.0568642643753 274.4874794194274 278.6222017016343 278.6150218325987 277.3956711046353 280.5255297731103 279.6222509090653 280.5291012188839 281.3577428666945 283.2299352255351 282.6938193723367 283.2314306988223 281.9580936196015 281.9574781640208 282.6419271473729 280.7005219577426 280.6869053616427 281.3663577562084 278.6885605352056 279.7418884905754 278.6812648878904 277.4474195834148 272.7716310244286 274.4859760265359 272.7722728838033 272.7725540631295 274.4870146978358 272.7735689907996 277.4109727392122 279.6284280386643 282.0484830514604 281.3410211740854 282.0623814367963 282.6814277213065 283.2285651777464 282.641968014879 283.2296930115439 281.3664023642818 279.7573921007367 276.0501628154665 277.4370627503355 276.0612601342697 274.4735812334751 276.0347912421277 274.4656958381717 276.054137720304 278.6059990312681 278.6139422913921 277.4020612963634 280.5265111359353 280.5258168237894 279.6290362950243 281.3413893268244 283.2293171583258 282.6810122242604 283.230658769776 281.9582449205 282.6420249178819 281.957583659691 280.6828340913498 281.3585149837091 280.6916355675944 278.6802219563149 279.7536754130774 278.6842766660988 277.4324159233467 272.7716762111333 274.4736480374755 272.7723358032434 272.7720854321257 274.4654280966996 272.7729773018948 277.3840687668992 279.6217314938913 282.0761195558744 281.3575123057436 282.0618314328086 282.6930165267672 283.2286656186224 282.6420986311697 283.2297692114501 281.3585960169119 279.7435876368143 276.0732524580764 277.4428898529792 276.061399950845 274.4861802164613 276.0645924300622 276.0493711188627 274.481667127472 278.6214840490956 278.6136118904982 277.392724672748 280.5214128572753 279.6188867132776 280.5237896189943 281.3552626656665 283.2290103164369 282.692746046998 283.2302273218141 281.9584868900407 281.9577733394341 282.6421937780268 280.7109227560749 280.6968420845939 281.3711200341918 278.694376164407 279.7498786462546 278.6871814422397 277.450796397243 272.7718876834918 274.4862663491914 272.772454011375 272.7718157439956 274.48151432642 272.7726199581835 277.4062519351208 279.6258016664056 282.0476470827741 281.3387197056455 282.0614474304651 282.6804567462375 283.2288349696517 282.6423181730206 283.229899392702 281.3712641143463 279.7659123399879 276.0517787200515 277.4410490594172 276.0622095455615 274.4745659175005 276.0646674960824 274.481586931151 276.0643137560373 278.62930697679 278.6252821729221 277.4106381212621 280.5215832753281 280.5213498287889 279.6259187818932 281.3387478884071 283.2287567798532 282.6803252081579 283.2299490914908 281.958905951325 282.6424788550467 281.9580944030758 280.691924406993 281.3627885577365 280.7013697753363 278.6861572288857 279.7622547977362 278.6901381566219 277.4364539136071 272.772125843096 274.4747496377865 272.772678186452 272.7716701191754 274.4814952938823 272.7724183563101 277.4106663161811 279.6294099462731 282.0672438689021 281.3502167948411 282.0570075061367 282.688846249885 283.2291124256797 282.642682704684 283.2301165847838 281.3630214914714 279.7514090965832 276.074072809664 277.446580621964 276.0625994468721 274.4868185120449 276.0533510080326 276.0587083890326 274.4753560986036 278.7765535319153 278.7030908713297 277.4928515863368 280.489332781682 279.6112535935468 280.5053298703611 281.3361668850019 283.2286245427852 282.6887701426238 283.2298118790894 281.9595767072196 281.9586190970675 282.6429423995368 280.7210333922426 280.7064216210602 281.3760093582659 278.7003280383167 279.757713016319 278.6931013981823 277.4544806565258 272.7726480469797 274.4870832771167 272.7730410344003 272.7716011591776 274.4753081800942 272.7723124980445 277.487728481148 279.6776577418987 282.0105707928319 281.3032505754072 282.0385458133952 282.6643561380984 283.229562065978 282.6432727229059 283.2304692164217 281.3763843458744 279.7743307796642 276.0540826897732 277.4454345868764 276.0637443896292 274.4761419000838 276.0440305137224 274.4702470462663 276.0483966253856 278.7670964388358 278.7717244859301 277.482434955979 280.4482417675648 280.4686807545051 279.6547698038391 281.2852867337616 283.2285275699115 282.6643142556524 283.2296984228649 281.960661736353 282.643692121494 281.9594712141526 280.7384364872393 281.3841680898475 280.7296498037134 278.6925947762791 279.7708993411991 278.6962954939315 277.4410758695211 272.7733685874342 274.4766114897249 272.7736499670238 272.7715846472351 274.4702336876637 272.7722696284922 277.4782139471392 279.650478369531 282.0253380922073 281.293957626598 282.0174913690449 282.6707161125156 283.230275455448 282.6442236554778 283.2310374878385 281.3847771305574 279.7808544256038 276.0761786111144 277.4511531408224 276.0647545694657 274.4884948749115 276.0424019544636 276.0429229330729 274.4693471430092 278.7619701755782 278.7644362883372 277.4753414462359 280.411325489084 279.6299700989115 280.42966884285 281.2778900377053 283.228583155415 282.6706343780976 283.229666284635 281.9624480349629 281.9608559527736 282.644891683254 280.7318733386299 280.7350299064194 281.381858715528 278.7074093464664 279.7874369558782 278.6997984431397 277.4593648761476 272.7746756545355 274.4892167586688 272.7746282655433 272.7716167356264 274.4693646001564 272.7722759468676 277.4746046796088 279.6276403865929 282.0072391709683 281.2673461444139 282.0158465407257 282.6628647212391 283.231485402384 282.6456696093833 283.2319368617768 281.3828660284188 279.7836708274716 276.0583414146657 277.4513651472008 276.0668546906631 274.4793251168503 276.0408112430342 274.4684932008316 276.0413123103856 278.7604947130952 278.7611344404784 277.4737746052903 280.4383289696553 279.6426439012022 280.4247063306658 281.2790409509657 283.2284877546319 282.6628717296609 283.2296391527329 282.0866704361987 282.6989568401313 282.024314284809 280.6865406803455 281.3626220557803 280.7090318785425 278.7011498503824 279.7809247566171 278.7040160479209 277.4477436262675 272.7766461423327 274.480528608995 272.7762247850206 272.771704429793 274.4685459226251 272.7723343640503 277.4730604873914 279.6419724287665 282.0220817881059 281.2877566711799 282.0142007637866 282.6692996816972 283.233389919142 282.7001698537969 283.2334430857295 281.4336137859846 279.7550012507876 276.081655228369 277.4584811305162 276.0694919696617 274.4928724066189 276.0459356129322 276.043075694103 274.4713150729525 278.7588959190547 277.4721570445324 278.7595954271034 280.4023198356247 279.6219719463006 280.4202091503428 281.2720890955967 283.2286050897745 282.669250473943 283.2296596130095 282.1923075551559 282.1391469336509 282.7459003052151 280.7185422641996 280.7021297675256 281.4475687158751 278.7182257035099 279.7626684870357 278.7093266839316 277.4678346472146 272.779980763936 274.4947806651356 272.7787935419565 272.7718668343587 274.4714158424075 272.7724570642896 277.4744876493403 279.6212508906463 282.0055043087841 281.2624431253342 282.0133521061472 282.6621349913015 283.2367332805741 282.7477748295086 283.2357885309712 281.508670323826 279.7807860630813 276.0678739703428 277.4618652089204 276.074173244613 274.4867853696813 276.045719497887 274.471266978321 276.0455168108596 278.7686300451824 277.4799212927509 278.7636586788191 280.4012076758285 279.6206242688946 280.4016159582947 281.2618868506694 283.2285656138004 282.662177327413 283.2296844899296 282.4164975314504 282.8469858659379 282.3053074065729 280.9175758844909 280.8180210810043 281.5955540735484 278.7552473442165 279.797394928849 278.7361635932306 277.4821456123657 272.7852253480096 274.489902042236 272.782958531618 272.7721495043331 274.4714348148112 272.7726773101722 277.4798262710704 279.625058227259 282.0246257841976 281.2731016338488 282.014602315186 282.6704269607958 283.241456832169 282.8502844358018 283.2397003441843 281.7254262051759 279.9114522963419 276.0959768963992 277.4954036676328 276.0810814529101 274.5043214815783 276.0464611504952 276.0457568036392 274.4717808952482 278.6006735066926 277.3861147774156 278.6848913941276 280.4332897634876 279.6428581638786 280.417113311002 281.2869968447631 283.2288221716298 282.6703955102569 283.2297700283063 282.0717408284747 282.2465599733723 282.6982777201341 281.5266460175255 278.7126149007586 279.8933995380063 278.7330532035434 277.4708600564217 272.7938809787861 274.5093712890141 272.7897014066062 272.7726815730929 274.472036095781 272.7730470194772 277.3864571707671 279.566893404092 282.0343545485626 281.292609642099 282.0290323007836 282.6745754672985 283.2491839878965 282.7039931668666 283.245701968689 280.3837545923129 281.2942464022242 280.6554221628754 279.5895675041762 276.0860225593979 277.4672795172204 276.0898504108407 274.502566845262 276.0016639076485 274.447648920573 276.0237488467571 278.6458972739737 277.4115732808921 278.6231866641753 280.612401228311 279.6681118758381 280.5233370333018 281.3708592693794 283.2289616514288 282.6747119788755 283.2299097026794 282.4035687186354 282.8485690738489 282.2394372929909 280.8720276423437 280.630872106453 281.5063802834533 278.7096867058407 279.5889293559561 278.7098297059712 277.4643545384995 272.8079373863109 274.5108128466588 272.8006988733754 272.7733561527766 274.4481346895704 272.7736591159278 277.391260301549 279.6882452473487 281.9925502887136 281.3468910218487 282.0129700839388 282.6567412029135 283.2622078369918 282.8571408359522 283.2559662124305 281.6992812275023 279.8649119927712 276.1340479756421 277.487750221555 276.1082810278969 274.5346522193606 276.0686730805103 276.0348210703802 274.484407107871 278.6598658106278 277.3989984572104 278.6527256057901 280.6594404178385 280.6358692399828 279.7150055099414 281.3676878449008 283.2291254264704 282.6570265771249 283.2301159440356 282.1201639050631 282.262155433758 282.7321640805772 281.533017111214 278.7502327457804 279.8841498023782 278.7279019895258 277.5082731842688 272.8309896513926 274.5481767267623 272.8186669985516 272.7746640468732 274.4851367710821 272.7746272209679 277.4294968961544 279.7212164855009 281.9595808321543 281.3489646395868 281.975491536448 282.6429081303859 283.2829079634776 282.7471237837208 283.2720829377985 280.4253053400137 281.3420385428505 280.6505222625739 279.629134971394 276.1453500812299 277.5160312918142 276.1370605144301 274.5505886563548 276.0735252423916 274.4875812658517 276.07068373696 278.7005916104396 278.6800409494605 277.4521545328607 280.6569044982467 279.7197653097564 280.6580611540033 281.3478384964062 283.2295581025518 282.6432671767718 283.230461212456 282.4781596088686 282.9012062331931 282.2999892123544 280.9679733649285 280.6982703351356 281.5756963262711 278.7902875413529 279.6491587291147 278.766939492893 277.5349217959242 272.8687434779421 274.5727252210459 272.8481381922276 272.7766528011477 274.4887828640467 272.7762213544848 277.4544519584696 279.7379274869821 281.960636038553 281.3484781288466 281.9594786890036 282.643687439294 283.3167539343631 282.9237473341909 283.2988270474443 281.7869073192912 279.955359549393 276.236064074006 277.580364186739 276.1865425381423 274.6159965854762 276.0832431256813 276.0778794295882 274.4937374680133 278.7037639495088 278.7019137703294 277.4560965576614 280.6194357010056 279.7166410034179 280.6380361805059 281.3318364294213 283.2302848567316 282.6442215060586 283.2310363835539 282.2467763685066 282.3592620179439 282.8209528703597 281.6457175464879 278.8864841365257 280.0012886591608 278.8331671390677 277.6285025704397 272.9303287009166 274.6521627250802 272.8963345171115 272.7799500053873 274.4956561943702 272.7787913969942 277.4606771082907 279.7181022744265 281.9624180056477 281.332882375875 281.9608602302037 282.6448964611067 283.3702048876183 282.8594269459811 283.3410661715744 280.5894981952122 281.4908605925156 280.7765138449708 279.7808172766433 276.3107038018878 277.6693880468289 276.2670550717833 274.6828916051867 276.0619122876489 274.483521862287 276.0719678430937 278.6267872640665 278.6649533932874 277.4175921643425 280.6152877646952 280.6171061421568 279.7157036997984 281.3309587700158 283.2313697050086 282.6457237174934 283.2319395133773 282.663475835076 283.0342308200122 282.4540758512747 281.2190330724865 280.9021583649697 281.7575540112473 279.0119650392236 279.8425138382988 278.9410741010901 277.7304738896026 273.0297078128818 274.7411987811961 272.9746075821304 272.7852567753933 274.4866382664713 272.7829602866989 277.4082003555509 279.681421645897 282.0832442015709 281.4004770107601 282.0225621056769 282.6975303795379 283.4539652771751 283.0903079247451 283.4084368221605 282.0102790448656 280.1973467397624 276.5032764722804 277.8288933868471 276.3971666171007 274.8303633144108 276.0980475911213 276.0791553790053 274.5054194309515 278.6891169907622 278.6573906190667 277.4424141624263 280.5822977438822 279.6625292915032 280.5982988433785 281.3859765426629 283.2333963189506 282.6987154870147 283.2334476414538 282.5613184018648 282.601520574638 283.042835214794 281.9331961051035 279.2407354400935 280.3067838133178 279.1140798119188 277.9428572451561 273.1878307127342 274.9232669800397 273.1000608559069 272.7938703269059 274.5104888232236 272.7897022782058 277.4594277530426 279.6906042246064 282.1506150445655 281.4253044526268 282.1163920241756 282.7276756018362 283.5808980391655 283.1344868093923 283.511384585429 281.0203464844323 281.8701026468945 281.1085254177328 280.178874453867 276.7332139674138 278.0646134800295 276.6037342022342 275.0238106828788 276.0844891246712 274.5017009184697 276.0900981369312 278.6874384136917 278.6874519326615 277.4576998849899 280.8525631097199 280.7180089603446 279.8447749463369 281.5430366581349 283.2367569728385 282.7295653256431 283.2357832934324 283.0968657393444 283.3498687060676 282.8256621263947 281.8926105647402 281.4508921206469 282.2331249557304 279.5665567019417 280.3375127436514 279.3854033819001 278.2255563177234 273.4358807942483 275.1692143132589 273.2982005377607 272.8079410351029 274.5099648894859 272.8006969577541 277.4525377273688 279.8446626727011 282.3991705560919 281.6873881384518 282.2761330008711 282.83919738202 283.7690210587769 283.476215988184 283.6667510700234 282.5673288826733 280.8351647773765 277.1647638807978 278.4469172353776 276.9267450433416 275.366970230909 276.1340580296772 276.1075280051861 274.5346193672958 278.7181120087602 278.7014607536481 277.4683256918573 280.3664240654731 279.5685028037448 280.6132908593448 282.0718066263319 282.2375948850415 281.4978004561619 283.2414648313435 282.8425137371476 283.2396957996428 283.1875343681643 283.1187954346204 283.5164756138537 282.5787482422981 280.0920816229329 281.0828291179538 279.8028860907045 278.7110279745373 273.8231865761252 275.5936004810216 273.6076738473283 272.8309787090761 274.5481700157795 272.8186626029121 277.4924569794896 279.5831455050049 281.2868594712891 282.6982917136242 284.0401942340633 283.7158540355192 283.8922150499404 281.8828930543455 282.6240200447006 281.8656642803151 281.0440243913152 277.800453035096 279.0349782434363 277.4476681867195 275.8836368999706 276.1420746623394 274.548725115118 276.1354043122604 278.7348909476206 278.7244319715355 277.499651986552 280.869263304614 280.6211103327734 279.8670105496144 281.5051569702517 283.2491944446776 282.7040129025282 283.2456988876119 283.8843615534248 283.9850538035143 283.5075326254219 282.6452167655895 282.938602997679 282.2493154635193 280.6528449106047 281.3173715362818 280.3398625832174 279.3131284950665 274.4403101354607 276.2420736795931 274.0934714408186 272.8687386926352 274.5709101584853 272.8481314215028 277.5059821129613 279.8758291822406 282.40464127716 281.698742313902 282.24004670067 282.8490441069058 284.4393789110563 284.2727754307633 284.218411483048 283.3601254554407 281.7483593494424 278.9152536225307 279.8487276107199 278.2900734861675 276.763121880941 276.2288732678761 276.1813237641527 274.6119778076613 278.7946982558797 278.7614428200888 277.5358201486088 280.4209496726585 279.6197482172064 280.6469836519748 282.1179901969435 282.2616149620512 281.5305927799924 283.2621882312279 282.8576199941676 283.2559647330734 284.7025408829746 284.2576353074659 284.6186268625987 283.2757368772031 282.9305207568259 283.6497283133317 281.4798443884316 282.1246063531526 281.0364932273313 280.3070121132629 275.5155588467707 277.378335937228 274.8918761516025 272.9303073735003 274.6481936845169 272.8963226300903 277.5795815169149 279.6487432347705 281.3389093474013 282.7312112757818 285.3304266830611 285.0894299548815 284.7429770252659 284.1130526069417 282.4606044350592 282.0669586278142 281.7253967514044 280.5201669905015 279.4414573856187 279.0842934760943 277.5361195609893 276.2978686616182 274.6756830245143 276.2569980096687 278.8636170460544 278.82389659979 277.6122718463631 280.9617610545679 280.6928856356313 279.9536563689542 281.5716364932851 283.2829153787036 282.7461970665523 283.2720780868679 285.6184769277385 285.5718044927914 285.1494266734747 284.4945909647618 283.8639404566636 284.6582483417059 282.7418884053728 280.8929557041174 278.1784445985217 278.7628151573849 276.420221537124 273.0296801802032 274.7340861330574 272.9745876700799 277.6507744864539 279.9877208908601 282.4750100058465 281.7824230538243 282.2973416142884 282.8997988596329 286.5597080066549 286.0486178725553 286.1221266074983 285.1390546932642 283.4502007426912 282.3644903759401 280.9103296180014 282.1045815234763 280.5940282639153 276.4873460075261 276.3828094176702 274.821381933187 279.0038186571089 278.9255043382967 277.719886498904 280.5786302282154 279.7643995831999 280.7680456852044 282.2400328499692 282.3542533528404 281.6391755684498 283.3167228290136 282.9223666763165 283.2988220075447 286.5731162004665 286.583653887956 286.0233293438772 285.8775324988558 286.299061668982 285.764438025157 285.2060059602334 284.1014491529371 284.3116471226135 283.1039020827463 283.3140375455422 283.6949670914489 282.9395242891815 281.4438228166084 273.1877713606784 274.9143692672787 273.1000229782345 277.8171479758098 279.8327819558667 281.4822618306353 282.8180283004505 285.4724107262995 286.0744977769282 285.4409920447025 287.3368234642971 286.9710529124795 286.9814895841102 287.1515496850691 286.8495979225495 286.5699993753569 285.1102672899362 285.0068941790195 284.5232676682493 283.8278493682075 281.5377096566687 282.6295935795098 279.9154251308523 284.3789510208965 276.7081706755052 275.009642189988 276.5832406428727 279.2077959052137 279.0934906940564 277.9167294266846 281.2072390711312 280.8906805720202 280.1868318315755 281.7484026683061 283.3702017172437 282.8566350695705 283.3410527688561 286.6698179354406 286.128066513311 286.6265016449498 287.4054326584002 287.0266584774178 287.3838411086445 287.2698341965084 286.7702861867256 286.2721061488392 286.9942409204029 285.4861538418949 276.3561994344875 279.1269802256239 276.9752928555492 285.5382594164869 284.5543898180054 283.7252712761249 286.1879180697688 285.0595591216398 285.5350071054025 273.4357792438205 275.1551191233646 273.298132639165 278.0347377998007 280.2856974950363 282.6537103007972 281.9994867416984 282.4457777523514 283.0299123248565 285.492289131525 286.1422189905098 285.4865556026832 287.0690363753505 285.9811705907786 280.9929935515506 281.1691701285754 278.8256900244876 285.0353496953392 283.2977958134289 285.2572921961297 285.8583824091955 286.5034028794484 277.136104795167 276.9000051809616 275.3506623885863 279.5498832306854 279.3605720773242 278.2044607807221 281.0072098371406 280.1567421224988 281.096129255412 282.5511764876582 282.5913593671364 281.9222199054298 283.4539138239982 283.0861537128461 283.4084180934772 286.7523729505478 286.7122807153283 286.1912150373435 287.4278006619129 287.0834333086011 287.422058800934 275.7525144977551 278.5056827959545 275.9870056675103 283.1331727017583 273.8229539730768 275.5772423729642 273.6075392703839 278.4246680368004 280.3226807288971 281.8584579390046 283.0385327582965 285.4986104254187 286.1960746739991 285.4970915234398 287.1175843924443 280.4734653821764 280.6944177126319 278.2255123433364 284.7487031081334 282.9101902131682 284.8680877255354 277.7842072841905 275.8726619409886 277.4243613918729 280.0832763767364 279.7900461711956 278.6925294576862 281.8919668438245 281.4445839425319 280.8280973573662 282.2271395960004 283.5809361893507 283.130555074041 283.5113478952936 286.6743083258856 286.7130584301386 286.1441626118663 287.4348148252658 287.1228644199523 287.4345543486332 275.4940881862878 278.0856205382927 275.5958021983495 282.6976910568883 274.4397018687687 276.2319232661732 274.0931944640304 279.0228820829194 281.0788899155064 283.078202200974 282.5554077637271 282.8115978195348 283.3422680880078 285.5015289591618 286.1461211011727 285.5012588325084 287.0918862493075 280.4586503370057 280.4465303522014 278.0823716100664 284.6077555434745 282.5910761290198 284.6654872637787 278.9645195011078 278.3030142915182 276.7841722163665 280.6497380373401 279.3032983021422 280.3331009225143 281.8758101528168 281.035558140702 281.8614276832853 283.1819604760049 283.1052208157341 282.5745118558222 283.7689082577958 283.4686355563959 283.6666984339707 286.7038048976732 286.1643030469246 286.6877675641258 287.4381401065428 287.0940685454135 287.4389689063153 275.3817364005864 278.021428534555 275.425761820556 282.5954941652179 275.5126263681258 277.4049692527917 274.8909785450328 279.8678904610738 281.3119606000242 282.6178144224662 283.5143903600695 285.5030552926746 286.1654130721712 285.5032167056728 287.1060661130652 280.2193848801032 280.3297245145788 277.8930273933561 284.5442383350399 282.548359290187 284.5710910939123 279.5068453210744 277.584672494635 279.1534696163184 281.4686124461666 280.3229543821642 281.0299885905565 282.6279830340945 281.7355327127906 282.2361165413707 282.9280689517593 284.0401649932317 283.7146266185086 283.8921625708512 286.6708557715668 286.6859187991311 286.1439870989036 287.4397751845043 287.1072552305397 287.4412957992908 275.3358740412424 277.8681941670895 275.3532951407404 282.4408374622336 278.1847550446229 278.7920869592394 276.4205531604533 282.0362667143667 280.9051928372628 280.5451150143438 281.7128129926981 282.1089654289289 283.8807104469979 283.3522738906389 283.5030611521564 283.9839774841301 285.5040097327053 286.1446465192726 285.5044749916265 287.0943208895873 280.3531967372419 280.2805624932424 277.9412210165561 284.5181835455138 282.4214556457777 284.5299310667477 282.569388503542 281.1203410188638 280.7375290686776 282.2365942613934 283.2290207658719 282.4291418157364 282.7005239377982 282.9010778461026 283.6286598695822 284.4394085197401 284.2726719239528 284.2183864711099 286.7067947074524 286.1673803214736 286.6874137960721 287.4408658435191 287.094974380414 287.4424892692676 275.3235384876676 277.9349351645829 275.326578560112 282.486309073138 283.757671787314 283.0556547431805 281.5112783170485 284.5481068658084 283.7016424814985 283.4351281891915 283.8504439590243 284.7027093762362 284.2566087975707 284.0951000965758 284.6186687949372 285.5045315772635 286.1677794013188 285.5051185648566 287.1093226573915 280.1899140700531 280.2669704041735 277.8457081127598 284.5122986392246 282.4817931272369 284.5154844443944 282.0139682233121 282.8493560923982 280.2163749919524 285.1891178742019 284.027250891719 284.5198572971367 284.827358307724 284.6918673250118 285.3298847204273 285.0894157552682 284.7429450128888 286.6733945956686 286.6886090238369 286.1463035167434 287.4413761944226 287.1097508857005 287.4433543853076 275.335827763982 277.8533148598095 275.3266348305386 282.4048855479836 276.3514298933419 279.4077218936977 276.9803946615556 285.6822916026641 284.6512648576431 284.0309050217789 286.3372868219776 285.1815118879628 285.686739430766 286.1789187381522 285.7550621679558 285.4330929910413 285.6940781553079 285.226764803291 285.1873389471444 285.6043467415146 285.504861965361 286.1465120082721 285.5056016560688 287.0965696128221 280.3861368869038 280.2819619200009 277.9574100145664 284.5220660472373 282.4119248105533 284.517137484848 280.9524186994617 278.8099372657508 281.4024042135155 285.1328007390168 283.5852418749243 285.382173995184 286.0141696860941 286.879250378292 286.1134582585257 286.6370113087344 286.4932720486353 285.946791351553 286.6234100934228 286.1932014522365 286.0837530650153 286.7087943405729 286.1690788226578 286.6896366903164 287.4417868789843 287.0967510649613 287.4437059779804 275.381711619636 277.9845170773584 275.3532192051894 282.5025267430556 275.7523814749884 278.4688838123614 275.9863121047338 283.1816531016088 287.2109781821736 286.7384892417048 287.0768119687825 286.4532824199457 286.4806689260936 286.569501629119 285.9657582514513 285.5049959625136 286.169190411185 285.505750247377 287.1108260539621 280.3075436520041 280.3361284575523 277.9360857131497 284.554658730703 282.5259322385722 284.5365761082097 280.6742680987416 280.7685415382344 278.3404955012555 284.7995882920108 282.9254740353384 284.9389961054108 286.9144418185118 285.4720598037676 286.0179724335655 285.4424190297499 287.3601083467677 287.0178213557539 286.9575441411621 286.6746243915502 286.6901930615849 286.1473106306002 287.4418843238635 287.1109553110041 287.4440416292164 275.4938083968408 278.0015718642032 275.4258107873372 282.4844496583294 278.1903932375985 275.5956991745692 282.823726839766 287.3073995264992 286.694689500606 286.5947626197661 286.1441055441828 287.4125671877463 286.9974606337393 287.3968843313741 285.5050962842309 286.1473531925913 285.5059330428326 287.0974385084735 280.4696680183964 284.6316890846024 282.5406725209232 284.5867047518741 282.700455798869 284.7004833607347 285.4923892987059 286.1573934107539 285.4866162364605 287.0843749971029 286.7100279162764 286.1699872486901 286.6908474171661 287.442041933909 287.0974476128671 287.4440678707692 286.6815886139378 286.6889041982442 286.1455806684472 287.4300328946861 287.0960406952028 287.4263515945137 285.5051085223925 286.1700084170018 285.5059118967402 287.1115056407979 285.4988257602812 286.149976583619 285.4973408274083 287.0909131433591 286.6754404434343 286.691208319876 286.1478830683712 287.4420105624093 287.1115394712892 287.4442211907725 286.6936051372574 286.6866101712866 286.1563927660176 287.4359445905193 287.0952002222421 287.4358905216482 285.5051451629994 286.1478818013958 285.5060074471941 287.0978445401615 285.5015524559263 286.1583588557233 285.5013048585637 287.1002067540516 286.7110643222437 286.1706777156193 286.6917673660379 287.4420947437197 287.0978096310395 287.444150556709 286.712662035218 286.7018105697081 286.1699505264194 287.4386125675256 287.1020928739788 287.4396867322624 285.505130288563 286.1706781715408 285.5059433873137 287.111952204808 285.5031147158462 286.1710467630491 285.5032625806584 287.1098277351308 286.6761689890426 286.6920907647269 286.1483549098904 287.4420372552745 287.1119631380064 287.4442584697611 286.6783028876168 286.6940916590246 286.1486904945072 287.4401017339828 287.1109260191507 287.4416601269893 285.5051523348473 286.1483455593966 285.5060202831459 287.0981394288567 285.5040197616614 286.1493661206026 285.5045120720812 287.0973537465256 286.7120763746532 286.171331926498 286.6926365743334 287.4421017905787 287.0980983480193 287.4441657081999 286.7149719732159 286.695183446636 286.1726093918414 287.4409519167778 287.0980186805304 287.4427042826718 285.5051339941826 286.1713289449526 285.5059474868967 287.1123546808759 285.5045620813619 286.1730080492027 285.5051451125026 287.1126195591041 286.6768937670788 286.6929619370185 286.1488154240365 287.4420441351149 287.1123607843323 287.4442655927057 286.7037616578815 286.7078697640021 286.1656469594806 287.4415702617716 287.1129255478687 287.4434754849265 285.5051520414847 286.1488056419153 285.5060215546957 287.0984177005044 285.5048353599387 286.1658783898465 285.505572073566 287.1084573277518 286.7131023125673 286.1719915674815 286.6935121748301 287.4421007183002 287.0983785948778 287.4441681138852 286.7152725820324 286.7079673602024 286.1732113444533 287.441776605309 287.10869258979 287.4438192299075 285.5051347053938 286.1719883864454 285.505946882826 287.112756598121 285.5050127263177 286.1733232349038 285.5057639039147 287.1132922462611 286.6776309530898 286.6938469624018 286.1492824620244 287.442047838306 287.1127612705934 287.4442675267172 286.7040300564632 286.7081086209616 286.1660488638357 287.4419860395161 287.1133821120829 287.4440544189748 285.5051504734684 286.1492734822414 285.50602091093 287.098698316398 285.5050643460314 286.1661130779045 285.5058932555053 287.1089055420318 286.7141484579724 286.1726638699251 286.6944044593776 287.4420983779721 287.0986625251031 287.444168414781 286.7147888919444 286.7078391940933 286.1730140552984 287.4419995664686 287.1089801389646 287.4441260313413 285.5051346249314 286.1726608374923 285.5059453325883 287.1131655393023 285.5051166530187 286.1730392937752 285.5059200885424 287.1132690129103 286.6783823319443 286.6947495017469 286.1497583677921 287.4420508504107 287.1131691618963 287.4442684488229 286.7038941728013 286.7077836005308 286.1660171008259 287.4420817021378 287.1132789283132 287.4442033624553 285.5051478155583 286.1497499861467 285.5060194096658 287.0989838133532 285.5051139931264 286.1660362462771 285.5059639966547 287.1089372266288 286.7152137621808 286.1733485118851 286.6953137576162 287.4420950969254 287.0989511740447 287.4441678531351 286.7140931307129 286.7074175697351 286.1725903681665 287.4420505993757 287.1089656809514 287.4441949305975 285.5051320749508 286.1733446614893 285.5059421845731 287.1135812895913 285.5051341657013 286.1725956800616 285.5059516463263 287.1130288681939 286.6791429450379 286.695666883251 286.1502398095438 287.442051648027 287.1135829366899 287.4442678348368 286.7036604133614 286.7073122931927 286.1658790905315 287.4420938995339 287.1130232830888 287.4442321238766 285.5051387048226 286.1502292528149 285.5060139894951 287.0992709640222 285.5051245377246 286.1658871040094 285.5059766282731 287.1088659175867 286.716283930466 286.1740354160252 286.6962315224808 287.442085834133 287.0992387830252 287.4441635758043 286.7133432996462 286.7069248655984 286.1721122171095 287.4420637622164 287.1088813610684 287.4442076429415 285.5051119928661 286.1740230038782 285.5059285855912 287.1139941821405 285.5051349952914 286.1721135837492 285.5059577311167 287.1127385983673 286.6798732785821 286.6965752354884 286.1506989335992 287.4420361159779 287.1139864093976 287.4442573492294 286.7034051354012 286.7068055997601 286.1657188539591 287.4420898639614 287.1127330973959 287.4442361499331 285.50508137564 286.1506649701798 285.5059800194979 287.0995326999078 285.5051283522058 286.1657228206065 285.5059786652276 287.1087738629786 286.7172523553366 286.1746471877199 286.6970925012008 287.4420323324484 287.0994806944859 287.4441326490221 286.7125735438774 286.7064125586881 286.1716179419742 287.442070269197 287.1087832054 287.4442100623161 285.504960871362 286.1745669168042 285.505836661731 287.1143321965107 285.5051332599148 286.1716183507041 285.505959661648 287.1124354908816 286.6802513541843 286.6972918491942 286.1509232514162 287.4419121733175 287.1142632295072 287.4441768554267 286.7032095953277 286.7063191636122 286.1655954112068 287.4420831026616 287.1124327354001 287.4442359550759 285.5047173421051 286.1507146555887 285.5057402370575 287.0995842774448 285.505131050557 286.1655966421233 285.5059790519726 287.1087029598028 286.6915405967215 286.1580804858992 286.6843785393681 287.4416442785698 287.0994271655129 287.4439232263194 286.7121849258834 286.7061217989707 286.1713683041243 287.4420762801552 287.1087063538429 287.4442107452773 285.5039923030395 286.1575853120504 285.5052761264575 287.1039012529978 285.5051310505571 286.1713683041244 285.5059603849502 287.112281476534 286.6785490577064 286.6836335797665 286.1496493711933 287.4409217331259 287.103428941222 287.4435467412964 286.7032095953348 286.706121798974 286.1655966421279 287.442076280155 287.1122814765338 287.4442355428256 285.5023088947755 286.1484361529864 285.5042162013237 287.0982190272464 285.5051332599149 286.1655954112111 285.5059790519727 287.1087063538457 286.6858385616891 286.1539138853603 286.6810447835729 287.4393136928913 287.0969917373804 287.4424659065589 286.7125735439186 286.7063191636362 286.1716183507303 287.4420831026617 287.108702959805 287.4442107452773 285.4982682310807 286.1510585934513 285.5015961134362 287.0997189488291 285.5051283522054 286.1716179420005 285.5059596616478 287.1124327354159 286.6652563249642 286.674954336394 286.1399083782387 287.4353251593836 287.0968840087713 287.4399576737085 286.7034051354136 286.706412558715 286.1657228206145 287.4420702691963 287.1124354908975 287.4442359550758 285.4890421266596 286.1333276471613 285.4955683701073 287.0882980425241 285.5051349952903 286.1657188539662 285.5059786652268 287.1087832054045 286.6537930339663 286.1303958888167 286.6601493873367 287.4262476081016 287.0816858049132 287.4339813928984 286.7133432996821 286.7068055997845 286.1721135837718 287.4420898639607 287.1087738629824 287.4442100623153 285.4681718118621 286.1155305483481 285.4817879475009 287.0762431711821 285.5051245377219 286.1721122171315 285.5059577311148 287.1127330974094 286.592931026372 286.6267584930869 286.0869001070566 287.4055017787514 287.0613442943633 287.4203998548696 286.7036604133679 286.7069248656201 286.1658871040129 287.442063762214 287.11273859838 287.4442361499317 285.4216767534806 286.0536280545328 285.4509428114552 287.0348335680313 285.5051341656958 286.1658790905327 285.5059766282694 287.1088813610692 286.5276495390362 286.0338940310304 286.5702720635697 287.3586589743277 287.0009975189938 287.3895554654358 286.7140931307351 286.7073122932082 286.1725956800747 287.4420938995287 287.108865917585 287.4442076429381 285.3190299684197 285.9593374878483 285.3823913241115 286.9716907516946 285.505113993112 286.1725903681738 285.5059516463174 287.1130232830932 286.1068966071481 286.3405341248073 285.7553623404023 287.2509255249066 286.8956928102716 287.3195442117229 286.7038941727778 286.7074175697368 286.1660362462594 287.442050599362 287.1130288681925 287.4442321238682 285.1029348698208 285.6005197374343 285.2328846085139 286.7012237232613 285.5051166529833 286.1660171007928 285.5059639966328 287.1089656809309 285.4062285221052 285.2845967676921 285.7779034080052 286.9845088995428 286.5165454901537 287.1545810027675 286.7147888918872 286.7077836004972 286.1730392937316 287.4420817021035 287.1089372265933 287.4441949305761 284.7120634057358 285.0274429159869 284.9312073401726 286.0122964078046 285.6980340257587 286.0991708635539 286.4892626190299 285.5050643459363 286.1730140552134 285.5059200884855 287.1132789282627 285.2040986350161 285.3469224011213 284.9517617757127 285.6185286579641 286.1258347296567 286.0651143831264 286.7219452196454 286.7040300562264 286.7078391939654 286.166113077736 287.4419995663766 287.1132690128194 287.4442033624002 285.5108174722707 285.5050127260571 286.1660488635517 285.5058932553511 287.1089801387965 286.7152725813859 286.7081086205725 286.1733232344412 287.4419860392652 287.1089055417511 287.4441260311925 285.5048353592149 286.1732113436692 285.5057639034887 287.1133821116259 286.7037616560035 286.7079673590886 286.1658783885147 287.4417766046172 287.113292245493 287.4440544185661 285.5045620793657 286.1656469572609 285.5055720723845 287.108692588489 286.7149719681207 286.7078697608974 286.1730080455459 287.4415702598689 287.1084573255887 287.4438192287791 285.504019756238 286.172609385799 285.5051451092624 287.1129255443225 286.6783028738868 286.6951834382251 286.1493661107793 287.4409519116339 287.1126195532561 287.4434754818411 285.5031147014754 286.1486904784746 285.5045120633675 287.0980186708694 286.7126619993974 286.6940916367143 286.1710467369401 287.4401017203969 287.0973537308079 287.4427042744178 285.5015524187412 286.1699504844077 285.5032625578327 287.1109259940161 286.6936050450562 286.7018105119166 286.1583587885073 287.4386125327068 287.1098276948147 287.4416601054694 285.498825666072 286.1563926591114 285.5013048001273 287.1020928092127 286.6815883855285 286.6866100254574 286.1499764148222 287.4359445041425 287.1002066518144 287.4396866778924 285.4923890615498 286.1455804016684 285.4973406801577 287.0952000620808 286.6946889461881 286.6889038403669 286.1573929844725 287.4300326898042 287.0909128953735 287.4358903892543 285.47205917798 286.1441048659525 285.4866158612609 287.0960403172962 286.4806675841509 286.5947617507441 286.0179713413888 287.4125667396622 287.0843744310002 287.4263512895957 285.329881971958 285.9657563954259 285.4424178975873 286.9974597623267 286.6234080326486 286.5694998711106 286.0837505965215 287.3601075153971 286.9575429222696 287.3968837060344 285.6940744514892 286.1931986235177 285.6043435029681 287.0178199681204 284.7027106426395 285.1873357364364 285.089411628841 286.1789163972334 286.4532799563859 285.9467877525319 287.210976998452 286.9144401482332 287.3073984942915 284.4393891336092 284.6186589739198 284.7429390842629 284.5480906483073 285.2267582421308 284.6918624020777 285.433088177575 286.7384874280842 283.8800217352966 284.2555030219618 284.2714121507297 283.2289952844305 283.8504451702966 284.0950891331741 285.1891128570621 285.755059312357 284.8273581649461 286.879249226875 286.4932701348436 287.0768107386107 284.0401661303196 283.9835497813531 284.2183834490647 283.628741057699 282.0304031307626 283.4322650534252 282.6980391234702 282.5679355243605 284.026616351334 283.7011248759879 286.1134560756689 283.1874182852881 283.5052149630428 283.7157818909857 282.6403727358298 282.9054382212706 283.3552516564313 282.2323750723964 281.4742106272934 281.7116681769505 282.4300080154314 283.7576655636637 283.0548039540183 284.5198565199854 286.3372873602563 285.6867380914419 286.6370104144391 283.768973608723 283.516399485669 283.892168651419 282.9365974161684 282.1192414998801 279.4804912983183 281.1103957790478 280.8914930022162 278.9145464562083 280.3036774528252 280.5140705768477 285.1815117885523 278.1850542907094 280.7364081290256 281.5112822048025 283.0967889069501 283.1186995225905 283.47615276849 281.8826799959547 282.2467915058538 282.6238587353257 280.6524354689436 281.7453104011443 281.0339361684597 279.1087622460312 278.7784112462742 279.8481463911352 285.6822974140854 284.6512694716353 286.0141716362165 282.0139909349101 282.8493710774221 280.2164549965111 283.580860822237 283.3498133765232 283.6667076495697 281.8924871524062 282.5672288061296 282.5786211688871 281.865501447726 281.3170761283708 275.5131560318246 277.5672841517179 277.377158844477 276.419940844447 277.8000772097731 279.3127240784037 278.2895038015173 284.0309169880833 276.3514635527608 279.4077721054553 276.9804886152143 282.5612590144991 282.825593204758 283.1344366983472 282.2330385288654 280.0918582327475 281.0437998484918 281.082660521659 280.3395560398982 274.4398336492942 276.762361429047 274.890953837628 276.2416335108043 279.034685177108 285.1328100968398 283.5852572177439 285.3821823232442 280.952439898478 281.402430149891 278.8099669901608 283.4539402847279 283.0427944526873 283.5113537250948 281.0202609203927 281.4507877090721 281.8700293521043 279.5664261097369 280.8350323405657 279.8027146400828 273.8229674145182 275.883329202164 274.0931555174985 277.1645747752596 277.4474015688143 278.7108136467727 283.181668667644 275.752395083904 278.4689030763878 275.9863329779144 282.6634421061255 282.6014755774166 283.09027763884 281.2189848596078 281.1084610519871 281.9331409314071 280.3374062204641 278.446757464602 275.593387899191 284.7995953925774 282.9254869644585 284.9390048799446 280.6742783817166 280.7685562586995 278.3405084460828 283.3701892034096 283.0342068761217 283.4084169315477 282.0102373704539 279.2406603297957 280.1787927234622 280.3067224642876 279.3853043365465 276.7331119949664 278.2254371101937 276.9266066084792 273.4357690931483 275.3668175551604 273.6075189588505 282.8237364910193 275.493814615088 278.1904020809653 275.5957082529355 282.2467537543814 282.4540480789993 282.8594068581601 281.7575204935424 279.0119218262059 280.1972997662741 279.1140228650604 278.0645243183441 275.1691035296964 284.6316930746895 282.7004628409907 284.7004887768588 280.3075487668959 280.469675277789 278.0015779653148 283.316744365418 282.820937213473 283.3410539251179 280.589467947786 280.9021199919157 281.4908336318643 276.5032199970675 277.9427903306123 277.8288430464634 279.8424772889309 276.6036585083072 273.1877710940119 275.0237294656964 273.2981195117883 282.5406776104629 275.381714619738 277.9360899626079 275.425815078317 282.4781471545508 282.3592452035473 282.9237359440434 280.9679563708527 280.7764911616275 281.6456975285739 276.3106720158007 277.7304359161544 276.3971243444396 278.8864591093167 279.7807893637304 278.9410412640282 274.9232068824722 284.5546607716443 282.4844532755053 284.5867075974988 280.3861394129376 280.3361320517343 277.9845200679026 283.2829021852617 282.9011973857534 283.2988196229936 281.7868922608616 280.00126757746 273.0296749790632 274.7411653976791 274.8303186257492 277.6693592788162 273.100016863842 282.525934778555 275.3358292430088 277.9574121156369 275.3532213000691 282.120155758538 282.2999791234074 282.7471164629317 281.575684365925 278.7902728717628 279.9553433572746 278.8331480097614 272.9303101542454 274.6828664871719 272.9745830301816 276.2360457578093 276.267030998862 277.6284806772895 284.5220670723339 282.5025285388863 284.5365775434782 280.189915341359 280.2819637068379 277.8533163400118 283.2622043389815 282.7321583879855 283.272078457532 280.4252947253258 280.6982568841383 281.3420289495914 277.580347471309 279.6491460981546 274.6521436879213 282.4119260933434 275.3235392501325 277.8457091717334 275.3266358789379 282.4035641679386 282.2621493371384 282.8571366714241 280.8720215533223 280.6505142193451 281.5330099381792 276.1453393738943 277.5349089894673 276.186528563616 278.7502240356722 279.6291252302513 278.7669282086889 272.8687327617983 274.6159821047752 272.8963204847444 284.5122991669048 282.4048864668885 284.5171382084749 280.3531974239754 280.2669713229084 277.9349359471182 283.2491818632154 282.8485658276708 283.2559634931652 281.6992757774981 279.884142349426 274.5727141674948 277.5160214354052 282.4817937959931 275.3358745099185 277.9412216230509 275.326579133968 282.0717378425049 282.2394336013787 282.7039904779746 281.5063759433125 278.7096814806026 279.8649062136073 278.7278952509942 272.8309833363014 274.5505801674597 272.8481299986565 276.1340415880396 276.1370522578021 277.5082655672779 284.5181838602288 282.4863095878854 284.5154848355205 280.219385373541 280.2805630449412 277.8681946810099 283.2414555354969 282.6982756198205 283.2457003139655 280.3837507673137 280.6308672744498 281.2942429170693 277.4877443264101 279.5889248262419 274.5481701702318 282.4214560810707 275.3817368503962 277.8930278900204 275.353295567439 282.4164958917274 282.2465577543456 282.8502829176082 280.9175737128147 280.6554192745535 281.5266434279857 276.0860187274786 277.4643499685159 276.1082760850871 278.7126117592122 279.5895639919983 278.7098256567565 272.8079336093556 274.5346471473143 272.8186621300737 284.5442386167213 282.4408378754029 284.5299313425868 280.4586509198606 280.3297250179322 278.0214290864355 283.2367324893507 282.8469846802034 283.2396993332763 281.7254242509597 279.8933968577088 274.51080892072 277.4672759733514 282.5483597350717 275.494088889749 278.0823722964213 275.42576235563 282.1923064263117 282.3053060440174 282.7477738302083 281.5955524709064 278.7552455038397 279.9114502464277 278.7330507989107 272.7938787000394 274.5025637953365 272.8006959462357 276.0959745713227 276.0898474266709 277.4708572960774 284.6077559545561 282.5954947082074 284.5710914154511 280.4734664104799 280.4465311048149 278.0856214586191 283.233389437302 282.745899525143 283.235787914758 280.7185410412795 280.8180194503805 281.5086691154131 277.4954015531187 279.7973933988782 274.5093689123024 282.5910768521498 275.7525158906103 278.2255136324093 275.5958031682779 282.0866697459589 282.1391460500372 282.7001692393442 281.4475677754725 276.0678725810362 277.4821439771541 276.0810796552249 278.7182246185615 279.7807848875325 278.7361621797081 272.7852239692949 274.5043196326592 272.7896996368285 284.7487038599211 282.6976920446128 284.6654878096314 280.9929955753591 280.6944191493409 278.5056846517691 283.2314851097557 282.6989563614406 283.2334427110846 280.6865399722946 280.7021288366706 281.4336130699441 274.4899006135333 277.4618639540902 279.7626675931003 282.910191569413 276.3562025082888 278.8256927391222 275.9870077031584 281.9624476037391 282.0243137386148 282.6456692277129 281.362621492623 272.7799799307073 274.4867842590576 272.7829574610565 276.0816543794155 276.0741721581551 277.4678336665881 278.701149196139 279.755000556469 278.7093258410985 285.0353510414562 283.1331745562554 284.8680887432453 281.5377140310788 281.1691731057197 279.1269843917902 283.2302752783957 282.6448913864214 283.2319366348545 280.7318729222802 280.7090313354697 281.3828655971087 274.4947797966169 277.4584803691202 279.7809242235301 283.2977983888471 278.178453344446 279.9154315597946 276.9752977753221 281.9606614758379 281.9608556173644 282.6442234247353 281.3818583802883 272.7766456403884 274.4928717325044 272.7787928959361 276.0583409100183 277.4477430391231 276.0694913148593 278.7074089520631 279.7836704136419 278.7040155398177 285.5382612316185 283.7252744294494 285.2572938737545 283.6949712984047 282.6295986021732 281.4438319453417 283.2295619590688 282.6436919422202 283.2310373507261 280.7384362360951 280.7350295830788 281.3847768702548 274.4805280894522 277.4513646912393 279.7874366344012 284.5543926421894 282.3644985701023 282.939530152658 280.5940472655313 281.9595765499485 281.9594710116439 282.6432725836053 281.3841678876001 272.7746753529985 274.4793247142155 272.7762243964571 276.0761783046561 276.0668542973321 277.4593645209507 278.6925945393549 279.7808541763881 278.6997981374433 286.1879188768003 285.0595611079717 285.858383985697 279.4416067379219 280.9103663080322 278.7628527854587 285.0068933914505 283.8278502654606 284.3789530932598 283.229112361111 282.6429422912939 283.2304691336464 280.7210332402945 280.729649608433 281.3763841885112 274.4892164447849 277.4511528655984 279.7708991474539 285.5350076045245 275.5154653819111 277.5360705645604 276.420213606977 282.0668099826445 280.8929893180083 282.1045754214035 284.1014423559056 284.5232647887468 283.3140336997987 281.9589058562531 281.9586189747646 282.6426826205204 281.3760092359179 272.7733684065627 274.4884946318171 272.7746280323547 276.0540825079374 277.4410756574591 276.0647543334251 278.7003278955227 279.774330629261 278.696295310043 286.7702852442607 285.9811695572501 286.5034026925836 278.9643405195103 279.1147929401232 277.4056457240279 283.1038671135834 280.5484374151006 285.877528609586 285.1102613243654 285.486150670623 283.2288349305676 282.6424787895731 283.2301165347458 280.6919243140787 280.7064215023036 281.363021395737 274.4766113025494 277.4454344222315 279.7577128988076 286.2721040284178 274.4401667416184 276.7845594630929 274.8919541931294 284.4945778545758 284.3116326873567 283.4501724545759 281.4739922473742 281.7239165097738 280.3257618864484 285.2059988299397 281.9584868323953 281.9580943290441 282.6423181220335 281.3627884831885 272.7726479383919 274.4761417550691 272.7736498271296 276.0740726991651 276.0637442479246 277.4544805282107 278.6861571427619 279.7514090052935 278.6931012873358 287.151548616565 286.5699973077295 286.9942396811459 277.7835443783796 278.3026518896235 276.2317866475023 283.276005722608 282.7419431937062 283.8642754318835 280.6491928437333 281.0319613495324 279.8675324889367 282.4595063547375 285.6184750842669 285.7644341774091 285.1390497263799 283.2286655948783 282.6421937382893 283.2298993623612 280.7109227001427 280.7013697032962 281.371264056536 274.487083164027 277.4465805223497 279.7622547268867 286.5597068545699 286.849596557619 286.2990593032503 273.8231677930975 275.8724491316411 274.0935020091335 279.3026999693566 284.7025370809653 284.1134497529335 284.6582479570956 282.6318077294953 282.1135915128992 281.7375356186902 282.9256784885324 285.1494250752748 286.122125075987 281.9582448854044 281.9577732944581 282.6420986001615 281.3711199890843 272.772125777737 274.4868184243072 272.773040950322 276.051778654083 277.4364538366078 276.0625993615367 278.6943761121517 279.7659122847966 278.6901380895733 287.3368229604267 286.9710520771857 287.2698334035609 277.134880285503 277.4234033995274 275.5766743591797 280.081922718375 280.3321306980156 279.02180429028 283.8850002460977 284.2587504504648 283.6498023429301 281.8750699010108 282.2376361932447 281.3112840758318 283.3566527799381 285.3304273008444 285.5718041744922 285.0894312357059 286.0486173312607 283.2285651632609 282.6420248936636 283.229769192978 280.6828340569064 280.6968420407316 281.3585959814914 274.4747495700233 277.4410489994353 279.7498786029805 286.5731158778842 286.5836532881088 286.9814890796595 273.4358880215909 275.350077353381 273.6076892136359 278.6912278612917 281.0345290482076 284.4393976849274 284.2740688550138 284.618634449379 283.1817180521126 282.9294302431943 282.6173481922428 283.5051309764838 284.742981321165 286.0233291878602 281.958093598145 281.9575836322512 282.641967995941 281.3585149560128 272.7718876439919 274.4745658648239 272.7726781357468 276.0732524177154 276.0622094939876 277.450796350336 278.6802219245308 279.7435876030528 278.6871814015076 287.4054324941736 287.0266581974843 287.3838408256995 276.7060807070354 276.8983524510273 275.1540186565661 279.547649554263 279.7882573566149 278.4228455743128 281.8908262257067 281.8604415178755 281.077621196983 284.0401887376455 283.985471430106 284.2184118428879 282.5738229094767 283.7145681327793 285.4724106548322 286.0744976483768 285.4409920574771 283.2285095951826 282.6419271325516 283.2296930002502 280.700521936817 280.6916355407646 281.3664023427035 274.4862663079703 277.4428898164097 279.7536753867544 286.6698178210763 287.0690362130466 286.6265014577589 273.1878295417817 275.0085389650583 273.2982110153424 278.2022730997359 280.8264940272277 283.0779262134747 283.1049590292395 282.5547584838741 283.7689540032461 283.5143352074801 283.8922066243786 286.1280664110782 281.9580264179954 281.957478147212 282.641899847659 281.3663577393042 272.7716761871604 274.4861801843473 272.7724539806652 276.0501627911419 277.4324158949447 276.061399919528 278.6885605157636 279.7573920801485 278.6842766412518 287.4278006066882 287.0834332135753 287.4220587096723 276.4847034294388 276.5808791691157 274.9129416497996 279.2056205291724 279.3583813118293 278.0325695593549 281.0058400523321 281.4433694624432 280.3209092518593 283.468554452198 282.5505388902874 282.8111590071414 282.2263056226116 285.4922890941481 286.1422189197484 285.4865555503166 283.2284859687793 282.6418825369338 283.2296551084932 280.6733526596586 280.6869053451757 281.3542528558311 274.4736480125552 277.4370627281196 279.741888474378 286.7523729005529 286.7122806400624 287.117584333311 273.0297121926928 274.8199541038865 273.1000656886523 277.914319397252 280.1549979302883 281.8574902990893 283.5809720652954 283.3421814134379 283.666739681224 283.130328403517 286.191214987343 281.9579997327876 281.9574340422683 282.6418737554314 281.3542423106241 272.771631009819 274.4735812140215 272.7723357845649 276.0729513212528 276.0612601151836 277.4474195659812 278.6741883600104 279.7355022455337 278.6812648726777 287.4348148034105 287.12286438227 287.4345543151345 276.2959933312236 276.3805527369694 274.7330736865356 279.0013307862804 279.0911658148704 277.8145587603237 281.2059929553835 281.0948297368813 280.2840239596969 281.9213007811784 283.4539382321288 283.0382906553619 283.5113770126106 285.4986104075641 286.1960746399801 285.4970914978319 283.2284881458722 282.6418753817597 283.229644181463 280.6894873392457 280.6813775716224 281.3614330317368 274.4859760112585 277.4393865808021 279.7446957646278 286.6743083046476 286.7130583978188 287.0918862246497 272.9303255475713 274.6746696702252 272.9746113658859 277.7176404563947 280.1850219613407 282.6527945818894 282.5905882074954 281.9984085681333 283.0857806422309 286.1441625896459 281.9580344009222 281.9574387084157 282.6418870465987 281.3614477676236 272.7715598190172 274.4859681702392 272.7722728724002 276.0487845888495 277.4284283655591 276.0605655354954 278.6824276277254 279.748375214079 278.678196456369 287.4381400968231 287.0940685288141 287.4389688920774 276.2276592141695 276.2554557900992 274.6475377589434 278.8620337446871 278.9234701489239 277.6490394849052 280.5772998700461 280.8893949782979 279.8309165314927 282.2392462348297 282.4449154046281 281.7474119341249 283.3702161655145 283.0295180135307 283.4084368951229 285.50152895063 286.1461210858976 285.5012588202904 283.2285033409318 282.6419073261795 283.2296579796928 280.6485679405291 280.6690092185469 281.3432435735662 274.4728356797939 277.4330097081402 279.7250554541459 286.7038048876739 287.1060661018151 286.6877675495858 272.8687491581279 274.6113200035424 272.8963361398743 277.6108353823556 279.7629395380141 281.48122532747 282.8563192373115 286.1643030363206 281.9581729028257 281.9575050916106 282.6419334987821 281.3433032365051 272.7716174954031 274.4728330583147 272.7722724395561 276.0729964477679 276.060595958421 277.4440246104922 278.6668653964643 279.7181386331841 278.6745392774254 287.4397751799303 287.1072552228022 287.441295792715 276.1412652984878 276.1803122727115 274.5704733437024 278.7934076110882 278.8224606627547 277.5783099702312 280.9609197545569 280.7669679851289 279.9865403465129 281.6383488358688 283.3167314721675 282.8177008822639 283.3410642724622 285.5030552885723 286.1654130648198 285.5032166998086 283.2286818664089 282.6418874648436 283.2296890418784 280.6446870638264 280.6465673854133 281.3415714640474 274.485993061616 277.4353336096526 279.7159179172677 286.6708557668135 286.68591879223 287.0943208842164 272.8309848795853 274.5482868423724 272.8481393001967 277.5347302807842 279.9526027182856 282.4743783595343 282.3535449044134 281.7816904780615 282.9220956419649 286.1439870938664 282.0608763051023 282.0092951504603 282.6860237218788 281.4003167182372 272.7716612229766 274.4860525808177 272.7723141849045 276.1088404409989 277.4516524271905 276.0906059388547 278.6192846824659 279.6947711950393 278.6429959280257 287.4408658413455 287.0949743767052 287.4424892661445 276.1336521111126 276.1347970063646 274.5479513249322 278.7342546696291 278.7604787793975 277.5052597434178 280.4202701561691 280.6921207767594 279.6477801966515 282.1175671886011 282.2968078006769 281.5710246045849 283.2829206294615 282.8995211867642 283.2988291535187 285.5040097307387 286.1446465157858 285.5044749888037 283.2287790022062 282.6860793366656 283.2298199636614 280.5650361130349 280.6048771668385 281.365386956016 274.5055462794029 277.4252041219467 279.6494722878131 286.7067947051696 287.1093226548446 286.6874137927697 272.8079447112939 274.5343995992179 272.8186672649309 277.4991121590489 279.6190812395546 281.3383678821428 282.7460213773403 286.1673803190362 282.045304432905 282.0526205150738 282.6793079396562 281.3563618337906 272.7718095338293 274.5056350519021 272.7724149208925 276.073634745963 276.0909172798279 277.4091914451957 278.6106623303818 279.6456482371426 278.6148610630497 287.4413761934005 287.1097508839538 287.4433543838276 276.0843444380927 276.1072526119104 274.509887721492 278.7177782096971 278.7239468859501 277.4920865364363 280.8689593651638 280.6464980873155 279.8753742246223 281.530216256786 283.2621911457767 282.7310321647591 283.2720823034564 285.5045315763387 286.167779399643 285.5051185635149 283.2290004922352 282.6794474526627 283.2299501306504 280.5262416626894 280.5455252728103 281.3394361286139 274.4864536324008 277.4043691941351 279.6236755362247 286.6733945946098 286.688609022275 287.0965696116245 272.7938724776026 274.5016230091342 272.8006997436972 277.4680733264973 279.8666880755579 282.4044435869566 282.2613073125218 281.6984960616365 282.8575345606577 286.1463035156125 282.0759254384496 282.0601742903067 282.6926689628313 281.3572483909244 272.7720812881417 274.4866055147387 272.7726235808145 276.0912765947798 277.4124481541474 276.0821213570941 278.6200626472569 279.6279121624817 278.6152333472697 287.4417868785164 287.0967510641494 287.4437059772936 276.0980720012894 276.0900379762312 274.5105031315442 278.6873758074563 278.7012622209525 277.4524371391987 280.3662651648598 280.6208756108748 279.5829056755439 282.0717100519728 282.2398973126327 281.5049671779151 283.2491964623808 282.8489570775598 283.2559673878178 285.5048619649365 286.1465120075043 285.5056016554452 283.2293227192339 282.6929331237109 283.2302279077019 280.5496178563489 280.5377659917258 281.3674595085262 274.4961550453393 277.4176115378187 279.6410882114396 286.7087943400798 287.1108260534153 286.6896366895926 272.7852580680281 274.5054332553649 272.7897039473546 277.4576759410568 279.5683860494133 281.2867343381674 282.7039729266559 286.1690788221296 282.0465752746059 282.0607807638731 282.6801872591851 281.3503719423206 272.7725407173277 274.4964242174598 272.7729691934052 276.0755456494917 276.083052933368 277.4105059558953 278.6082436181737 279.6358518593032 278.6139934643271 287.4418843236555 287.1109553106378 287.4440416289065 276.06202460805 276.0792236478788 274.4867000058484 278.6892158738495 278.6874700063977 277.4594939926234 280.8525555691097 280.6132103352264 279.8446308939504 281.4977422976287 283.2414659321436 282.6982509735594 283.2457004520054 285.5049959623253 286.1691904108292 285.5057502470959 283.2299266705967 282.6806066251087 283.2306595692419 280.5326449979577 280.5409398853398 281.3430007602431 274.4877874293352 277.4038584042486 279.6261895186595 286.6746243913319 286.6901930612549 287.0974385082303 272.7799507379167 274.4835832980153 272.7829612851316 277.4425202686344 279.8448140036962 282.3991548301988 282.2375400107908 281.6873757616738 282.8425075334739 286.1473106303673 282.0782205938232 282.0619008574517 282.6942357328296 281.3613907135307 272.7733275432856 274.4882431842083 272.773572241584 276.0611895995998 277.3974177910484 276.0679789980886 278.6236250818824 279.6331506066713 278.615722827787 287.4420419338203 287.0974476127062 287.4440678706342 276.0833747140796 276.0720897359716 274.4957282633502 278.6268919793954 278.657492325225 277.4083097524417 280.5823451617273 280.7180282334541 279.690675309202 282.1506297701345 282.2761320398042 281.5430417366566 283.2367577414341 282.8391907294808 283.239696779218 285.5050962841499 286.1473531924361 285.50593304271 283.230893139346 282.6949504100776 283.2314318814288 280.5546819224269 280.5434009761063 281.3710373127286 274.4803039374733 277.405827437264 279.6455120824479 286.7100279161707 287.1115056406899 286.6908474170157 272.7766532229896 274.4938093441469 272.7787919918334 277.4177102781011 279.6626029165777 281.4253336172767 282.72957221426 286.1699872485814 282.0502676127153 282.0636724230099 282.6827530598828 281.3547549181033 272.7746702205114 274.4810848933283 272.774597668986 276.0801435659903 276.0702159390946 277.4146202328699 278.6114302360565 279.6401895943157 278.6172317304205 287.4420105623723 287.111539471217 287.4442211907156 276.073681932077 276.0780235127792 274.4888684102808 278.7039193670605 278.6650835120386 277.4608235986771 280.6153589174538 280.5983580928865 279.6815087525368 282.0832635252168 281.3860084049982 282.1164090161828 283.2333967825338 282.7276822677101 283.2357838845169 285.5051085223583 286.1700084169274 285.5059118966882 283.2325647596384 282.6839409319022 283.2326880810006 280.5440573368303 280.5490160094565 281.3501905066356 274.4911648978507 277.4076238696458 279.6340133228619 286.6754404433866 286.6912083198045 287.0978445401151 272.774664294548 274.4876666794028 272.7762217007776 277.456254426452 279.7158134620079 281.400519286213 282.698724127035 286.1478830683235 282.0844917349874 282.0667244194108 282.6985762676052 281.3700649374057 272.7769317262062 274.4924958229331 272.7763308722139 276.0474959160891 277.3930298582284 276.0632741894522 278.635518929967 279.6449981329877 278.6230299987007 287.4420947437048 287.0978096310083 287.4441505566858 276.0687544227777 276.0708027155509 274.4851812153899 278.7007002703036 278.7020457936356 277.4545837481151 280.6195097047079 280.6171787115569 279.7182136449798 281.9624184277583 281.3309904923239 282.0225720823248 283.2313699549391 282.6975389087646 283.233448005048 285.5051451629857 286.1478818013629 285.5060074471728 283.2353457037642 282.7005698922119 283.2348464262656 280.5686597478551 280.5558115370723 281.3808802138941 274.4743683047306 277.4060491579416 279.6586443052601 286.7110643222107 287.111952204784 286.6917673659997 272.7733563054593 274.4844514583299 272.7746274328773 277.4522521109625 279.7167314794227 281.3329153940238 282.6457240858675 286.1706777155914 282.0606428794997 282.0717218268123 282.6900011848659 281.3669866272082 272.7807977892145 274.4766249307713 272.7792896330078 276.0909287092876 276.0684930282327 277.4262746258846 278.6404405222328 279.6612024647844 278.637279980331 287.4420372552685 287.1119631379887 287.4442584697518 276.0016890673103 276.0348743604068 274.4481484544011 278.6599065982806 278.6801157319934 277.4295566160756 280.6569460031478 280.6380938898292 279.7379995020177 281.9606362960765 281.3318693546475 281.9608605464811 283.23028502522 282.6448967454494 283.2319397280142 285.505130288558 286.1706781715191 285.5059433873054 283.2399864769626 282.6934294207768 283.2384426141246 280.5641761743134 280.5655704937455 281.3651991645496 274.4995984410047 277.4283885044318 279.6581993119079 286.6761689890248 286.6920907647022 287.0981394288456 272.7726816735466 274.4476626285783 272.7736592472924 277.399032649597 279.7198070942836 281.3484967022172 282.6442217270303 286.1483549098764 282.0286733757625 282.0434375882896 282.6792423149247 281.3466212012754 272.7873420065129 274.5034666332959 272.784299607774 276.1396669224345 277.4513569369441 276.1142396595669 278.6863622096007 279.6793351345362 278.6622276162352 287.4421017905765 287.0980983480102 287.4441657081963 276.0464612495778 276.0237614555897 274.4720362077206 278.6459126589514 277.3912803179168 278.6527536962558 280.6594457390414 280.6580845606971 279.7212376597893 281.9595809845961 281.3478570227012 281.9594788788096 283.2295582036013 282.6436876109513 283.231036514458 285.5051523348452 286.1483455593852 285.5060202831429 283.2479135614689 282.6850683544619 283.2445139354546 280.6071602818471 280.5842573014364 281.3657278228314 274.5289008931596 277.4757724538964 279.7028779598812 286.7120763746329 287.1123546808662 286.6926365743147 272.772149566788 274.4717809780134 272.7730470999125 277.4115818930156 279.7150153817626 281.3489670837737 282.6432673092006 286.171331926484 282.0060238104685 282.0155244564806 282.6746010777613 281.3526011746088 272.7986234029992 274.5355249669244 272.7928694144331 276.1191009092622 276.1277578649351 277.4677691287465 278.704532272094 279.7120060374483 278.6934776204342 287.4420441351142 287.1123607843236 287.4442655927042 276.0457195605703 276.0457568836704 274.4714348789363 278.6006735905006 278.623194412082 277.3864572665767 280.6124020652319 280.635872323328 279.6882525859647 281.9925503778518 281.3676902519385 281.9754916508598 283.2291254873213 282.6429082331986 283.2304612909526 285.5051339941816 286.1713289449393 285.5059474868955 283.2613937717289 282.6845432291479 283.2548087252493 280.61225737973 280.6074094245014 281.3551441476887 274.5224059548772 277.4760158896655 279.7135909201078 286.6768937670653 286.6929619370017 287.0984177004987 272.7718668714572 274.4712670280972 272.7726773579853 277.3861148513319 279.6681123890365 281.3468914422592 282.6570266560414 286.1488154240273 282.039691653149 282.0200857331486 282.69747380735 281.3744428313696 272.818306544331 274.5339129932879 272.8077154443359 276.1440199105922 277.4896229443819 276.1288405385746 278.7974292668163 279.7567244798062 278.7475896972664 287.4421007183001 287.098378594872 287.4441681138846 276.0459356507702 276.0455168595136 274.471415881071 278.7686300966843 278.6848914598417 277.4798263291403 280.4332898242545 280.5233374855568 279.5668934765343 282.0343546030861 281.3708596691001 282.0129701534447 283.2289616881801 282.6567412641922 283.2301159911705 285.5051520414844 286.1488056419068 285.5060215546951 283.2843200795622 282.7143506307679 283.2723428730005 280.6713811581342 280.6378293810371 281.4007906312484 274.5441377575384 277.5383680675612 279.788124577515 286.7131023125479 287.1127565981132 286.6935121748137 272.771704452279 274.4713151030514 272.7724570931083 277.4799213379235 279.6428582205439 281.2926097011483 282.6747120266963 286.1719915674688 282.0972038675467 282.064161019411 282.7363028199924 281.4339898662166 272.8532982309987 274.5645750138101 272.8338233353013 276.2060465057481 276.1702925274394 277.5703374786219 278.8742132425752 279.8248610177422 278.8296441106936 287.4420478383064 287.1127612705862 287.4442675267172 276.0408112660527 276.0430757235991 274.4685459460977 278.7588959503826 278.763658718966 277.4744876845542 280.4012077131184 280.4171133585659 279.6250582716473 282.024625818337 281.2869968915651 282.0290323438965 283.2288221939321 282.674575504543 283.2299097311962 285.5051347053939 286.171988386433 285.5059468828259 283.3228045776294 282.7647709308573 283.3020075997148 280.7733129154626 280.7155344693065 281.4789642932335 274.5925090565545 277.6080645312213 279.8797010693376 286.6776309530777 286.6938469623861 287.0986983163937 272.7716167493251 274.4684932191528 272.7723343815659 277.4721570720048 279.6206243035161 281.2731016705662 282.6703955397594 286.1492824620164 282.1939579696871 282.1390131371307 282.8014051014003 281.5355504275842 272.9170011123467 274.6295769842951 272.8807706978212 276.2951081704649 277.6548635759945 276.2418487672379 279.0468683203181 279.9600028941406 278.9496305371713 287.4420983779723 287.0986625250984 287.4441684147811 276.0424019685321 276.0413123283739 274.4693646144804 278.7604947322226 278.7595954515687 277.4730605088577 280.4023198583763 280.4016159874093 279.6212509176902 282.005504329494 281.2618868792358 282.014602341767 283.2285656274016 282.6704269838364 283.2297700456586 285.5051504734683 286.1492734822336 285.50602091093 283.3854861694809 282.8481359950683 283.3512443527426 280.9556821303963 280.8533837962658 281.6148115114753 274.6676877973028 277.743674391353 280.0602654722981 286.7141484579558 287.1131655392961 286.6944044593632 272.7715846556125 274.4693471542107 272.7722759575609 277.4737746220724 279.6219719674324 281.2624431476519 282.6621773453851 286.1726638699147 282.3511135342918 282.2631292544152 282.906913449675 281.7084411976038 273.0362859987298 274.7366942946693 272.9673878166914 276.5144341527503 276.3882218073744 277.8526132352665 279.3016342025944 280.1766998232579 279.1550359672012 287.4420508504108 287.1131691618901 287.4442684488229 276.0440305223457 276.0429229440846 274.4702336964344 278.7619701872962 278.7611344554429 277.4746046927448 280.4383289834468 280.42020916805 279.6419724452298 282.0220818009016 281.2720891131527 282.0133521224224 283.2286050981099 282.6621350053661 283.2296845005401 285.5051346249315 286.1726608374818 285.5059453325883 283.4821381945177 282.9794895549376 283.4295958842218 281.2388102145281 281.0810735224086 281.8289986405871 274.8381923024891 277.9853115759876 280.3376245699167 286.6783823319324 286.6947495017328 287.0989838133488 272.7716011643137 274.4702470531337 272.7722696350411 277.4753414565203 279.6426439140883 281.2877566848354 282.6692504849884 286.1497583677844 282.6678879249138 282.5017854384803 283.101392513927 282.023469838293 273.2682866372899 274.9709718021989 273.1322856941454 276.8848330115209 278.1640326439887 276.6667609526021 279.7584282749349 280.5375646949493 279.4995150758612 287.4420950969254 287.0989511740399 287.4441678531352 276.0533510133294 276.0483966321431 274.4753081854775 278.7670964460324 278.7644362975175 277.4782139551997 280.411325497618 280.4247063415118 279.627640396725 282.0072391787656 281.2790409616167 282.0142007737738 283.2284877597547 282.6692996903558 283.2296596195227 285.5051478155583 286.1497499861391 285.5060194096659 283.6180659650111 283.2016124031489 283.5457705214379 281.6804687349053 281.4409687810818 282.2028593654953 275.1430109026352 278.4171586399378 280.8008410285427 286.7152137621661 287.1135812895855 286.6953137576028 272.7716701223284 274.4753561028217 272.7723125020628 277.4824349622954 279.629970106851 281.267346152799 282.6628717364284 286.1733485118759 282.9900879154117 282.8190382854717 283.3216673711283 282.409668848462 273.7496926335421 275.4122357328804 273.4617176515846 277.6772404746036 277.2158475262339 278.7678382073483 280.4981798025557 281.1095815302709 280.0949432590405 287.4420516480272 287.1135829366846 287.4442678348369 276.0646674993391 276.0587083931856 274.4814952971906 278.7765535363372 278.7717244915697 277.4877284861001 280.4482417727641 280.42966884951 279.6504783757324 282.0253380970418 281.2778900443141 282.0158465468653 283.2285831585724 282.6628647265502 283.229639156742 285.5051320749507 286.1733446614799 285.5059421845731 283.7883035056415 283.4483031069808 283.7005435305371 282.2288157944089 281.9398646884871 282.6277061876093 275.8189567282574 279.2185811572502 281.4492352352123 286.6791429450269 286.6956668832382 287.0992709640184 272.771815745934 274.4815869337448 272.7724183587785 277.4928515902194 279.6547698086995 281.2939576317513 282.6706343822753 286.1502398095366 283.3557836209162 283.1662635352455 283.5822094549841 282.865412901709 275.0457594346859 276.4263503673223 274.2061026438352 279.1087336604976 279.7883186400109 278.3258113327182 281.3779266573367 281.8048794345699 280.9211273637548 287.4420858341335 287.0992387830211 287.4441635758047 276.064592432065 276.0643137585911 274.481514328454 278.6293069794712 278.7030908747723 277.4106663191963 280.4893327848362 280.4686807585539 279.6776577456873 282.010570795792 281.2852867377911 282.017491372828 283.2285275718598 282.6707161157974 283.2296662871078 285.5051387048222 286.1502292528078 285.5060139894949 283.9752524053652 283.7228558690422 283.8819372722381 282.8161635709178 282.5197131229129 283.0999047462104 277.3794891028534 280.3522878468514 282.1722425079379 286.7162839304535 287.1139941821357 286.6962315224691 272.7720854333188 274.4816671290678 272.7726199597021 277.4106381236264 279.6112535965034 281.3032505785422 282.6643142582234 286.174035416017 283.7288648302114 283.5433646553847 283.8601432316021 283.3404829661432 278.0295705924993 276.725064006194 278.4670992199747 280.7792243619908 279.980776194101 281.0445971683769 282.2159201557908 281.8100291348571 282.5222144698342 287.4420361159782 287.1139864093927 287.4442573492296 276.034791243356 276.049371120431 274.4654280979487 278.6214840507413 278.625282175022 277.406251936973 280.521583277234 280.5053298728126 279.629409948573 282.0672438706869 281.3361668874426 282.0385458156939 283.2286245439896 282.6643561401194 283.2296984243923 285.5051119928664 286.1740230038703 285.5059285855914 284.1576742344312 283.9969805046846 284.0690982857752 283.3831741438686 283.104286955513 283.5685723618577 275.6800187538926 275.2603230439061 276.864309877778 279.5249296854077 281.5422363326177 282.8626577462315 286.6798732785737 286.696575235478 287.0995326999048 272.7725540638644 274.4656958391519 272.7729773028298 277.3927246741994 279.6259187836955 281.350216796737 282.6887701441871 286.1506989335939 284.0876252692899 283.9153436732406 284.1297574013999 283.8026614567088 272.6608791705719 274.254365218211 273.5087156418908 277.6687531438115 276.7630441116124 277.7762505886271 279.5829324995879 278.8621843574295 280.1604511455922 282.46680818766 282.337213043885 281.7046693891365 282.9618196487943 287.4420323324486 287.0994806944826 287.4441326490223 276.0741630208749 276.0541377212704 274.4870146986079 278.605999032283 278.6136118917904 277.3840687680387 280.5214128584515 280.5213498302861 279.6258016678213 282.0476470838739 281.3387478898939 282.0570075075379 283.2287567805981 282.6888462511143 283.2298118800342 285.5050813756401 286.1506649701746 285.5059800194981 284.3215394485866 284.2500221473194 284.2434309844119 284.0383866186386 283.7420575662892 284.0673423238476 274.8278965402802 275.197716921454 273.8467736343809 278.6268073598615 276.307553828861 281.2198306784087 280.45640213608 280.9934011868656 281.8630764010589 283.4977151256154 283.4357628077564 283.0284386530496 286.717252355326 287.1143321965064 286.6970925011913 272.7733279042563 274.4874794200335 272.7735689913758 277.4020612972593 279.6188867143894 281.3387197068135 282.6803252091242 286.1746471877129 284.3855968530775 284.2431343655574 284.3615641077648 284.2459626634902 283.8004642034836 271.6444898411174 273.2742054825238 272.07788958339 279.8688096104651 279.7215009225607 278.8575793530892 276.5606559878163 277.0557584840399 275.7621978994208 280.5386411218889 282.6250835435351 282.5423611613907 281.9775125574935 283.0892527471216 287.4419121733173 287.1142632295029 287.4441768554266 276.0403256213069 276.0568642649712 274.46896060985 278.6222017022603 278.6139422921892 277.4109727399162 280.5265111366599 280.5237896199175 279.6217314947646 282.0761195565533 281.355262666585 282.0614474313292 283.2290103168985 282.6804567469979 283.2299490920755 285.5049608713622 286.1745669167973 285.505836661731 284.4622132243056 284.4636007738156 284.3957725341678 284.2893369101794 284.164589032756 284.3607423461435 283.9423971338131 273.9491569251959 272.8754907798885 274.3377342717449 278.6917258562534 278.2135516994936 279.2558121948965 275.3048245581134 277.6818055347562 281.5238435828591 280.7522838613595 281.3740653472864 282.0848833408535 283.6449820722226 283.1767487901824 283.5716754964292 286.6802513541765 286.6972918491851 287.0995842774419 272.7746728711224 274.4697411158821 272.7745999086304 277.3956711051873 279.6290362957098 281.3575123064645 282.6927460475944 286.1509232514115 284.6291166205325 284.5115766164016 284.5570908270323 284.5145813054147 284.0120071656787 271.0441294128513 272.5255892242574 271.3060851413802 280.4241844880497 279.6082203265382 280.1607728611816 275.7307779426546 274.900243070277 276.1058014133861 277.7578185384683 277.200190171848 278.1912242402321 280.964279441907 282.7885451012732 282.7085658421419 282.1983293952041 283.2388698041635 287.4416442785696 287.0994271655094 287.4439232263192 276.080410650817 276.0599299702451 274.4913063252364 278.6082613892431 278.6150218330907 277.3877920416223 280.5255297735587 280.5258168243598 279.6284280392037 282.0484830518821 281.3413893273919 282.0618314333437 283.2293171586118 282.6930165272369 283.2302273221766 285.504717342105 286.150714655584 285.5057402370575 284.5811087825143 284.6439678608053 284.5251037373939 284.6645786640325 284.4919483940292 284.6606758504604 284.3685536219871 284.3321567250288 284.0397592901122 273.3434571681126 273.6100939143201 272.2561226920859 279.4533425928636 279.0963807285495 279.9165183524141 274.5768036438087 276.7880836708219 278.645775999472 281.81298045945 281.1566674298259 281.6746943123982 282.3045574396281 283.7535475347913 283.7014528008112 283.3041838665613 286.6915405967192 287.1039012529967 286.6843785393633 272.7769321793143 274.49263913171 272.7763290968286 277.4062105540441 279.6222509094892 281.3410211745318 282.6810122246313 286.1580804858976 284.8418769244923 284.7371731117298 284.7300105678993 284.5444188392445 284.7824455036638 284.0909899279665 270.6809377734057 272.0422138864508 270.8379528154065 280.8701395730866 280.659040794758 280.1940539675676 275.186826408545 275.4253924449253 274.3186909390141 277.0787016851601 277.3853715031323 276.4470461602172 278.6864056609118 278.2503942577047 279.0425418840037 281.330213251442 282.9314206698691 282.8630978651328 282.4022917391924 283.3576065215138 287.4409217331257 287.1034289412211 287.4435467412962 276.0469973634571 276.0631598688154 274.4741018729693 278.6278173897884 278.6177453289689 277.4168460987773 280.5332079766434 280.5291012192362 279.6264966453834 282.0772709952312 281.3577428670459 282.0623814371276 283.2299352257122 282.6814277215983 283.2306587700004 285.5039923030393 286.1575853120488 285.5052761264574 284.6820718511848 284.8064663691035 284.6345894354113 284.8443371577894 284.7555970074328 284.6340265611694 284.8757281252215 284.4691917417213 284.4214453062078 284.1387447960703 272.9789407071587 271.8814115523016 273.1342671548453 280.0581370852477 279.7721237122302 280.4434347210583 274.1218717731671 276.1704712364129 277.9152406932809 279.3991370704014 282.0550726573833 281.9393870549894 281.4885299446973 282.49202348234 283.8306079377847 283.4058812858683 283.7944099169103 286.6785490577002 286.6836335797621 287.0982190272439 272.7807919925891 274.4763554197702 272.7792879789331 277.4019113783293 279.6353761456159 281.3611378212562 282.6938193725655 286.1496493711891 285.0708883409983 284.9562745111461 284.9088978544614 284.6923855772847 284.9997283566503 284.1744958891837 270.4832844562437 271.7645135047015 270.5634574000292 281.2384427390414 280.6698627630832 281.0623163852683 274.8843170648502 273.9793015989498 275.0079422280824 276.6482633358355 275.9578627345866 276.833891844283 278.1413704723553 278.3856121372887 277.6392334678079 279.4325515661093 279.0782538157828 279.7203219363956 281.6335599145176 283.0517570850332 282.5744942209377 282.9938642139676 283.4496317812323 287.4393136928915 287.0969917373779 287.442465906559 276.0905771935945 276.0680664841578 274.4994114645239 278.6166029034927 278.6217685789372 277.3953104635325 280.5389505003431 280.5357123077097 279.6384656586131 282.0523227057774 281.346573225432 282.0642255080851 283.2308860259639 282.6945412870754 283.2314306989616 285.5023088947751 286.1484361529821 285.5042162013235 284.7698819406056 284.9790664139389 284.7284275141079 284.9738411008498 284.9121427494251 284.7459087739018 285.0843962280953 284.5383105968713 284.2062640803464 284.5064794311027 272.8110244898842 272.8724466650065 271.6910582543741 280.559280537569 280.3189485830188 280.8784234168797 275.8023389874888 273.8882380496165 277.4235515103921 278.8100871173706 280.013907817071 282.2633053711264 282.1622314041269 281.7681654247216 282.6521195365166 283.8917054582581 283.4899881509306 283.8625395955107 286.6858385616871 287.0997189488284 286.6810447835688 272.7873438528985 274.5032607906175 272.7842945460139 277.4156101653126 279.6336399506344 281.3491799623629 282.68364829841 286.1539138853589 285.1956246772655 285.1436030630788 284.9995716663923 284.7889739372775 285.2807963729966 285.1877944425518 285.1483467075545 284.2326331567699 270.4203459090644 271.6538401948899 270.4355384253962 281.5585088599696 281.0728601233484 281.4027238772775 276.4425031865056 275.7011043882522 276.5184131763374 274.7980637924435 274.8158560482238 273.8476223849325 277.823921837454 277.2646680135841 277.9549180472634 279.0138699580908 279.1966932365355 278.5973219977408 280.0597010334508 279.7577403461596 280.2854579836637 281.8959064192779 283.1607777394496 282.726547784041 283.1069085778573 283.5289019503601 287.4353251593837 287.0968840087705 287.4399576737084 276.0709876359859 276.0797355801958 274.4915122188628 278.6760034387564 278.6456060948625 277.4479801308487 280.5866917946913 280.5622893733934 279.6603950567817 282.0688000806391 281.3587344208216 282.0598942593492 283.2325720173634 282.6848415908418 283.2326908277367 285.4982682310804 286.15105859345 285.5015961134358 284.8480062033213 285.0563491267544 284.8109508578273 285.2843872035583 285.0807801694738 284.8309542726299 285.0305841811771 285.2165444142116 284.5909037913959 284.566330305139 284.258385968045 272.814473486414 271.6553345184342 272.7911615714141 280.998233180723 280.7841921796711 281.2577445095228 277.161092301831 275.6562731700791 273.8503648517442 278.4398222343764 279.5522782675514 280.5403443161272 282.4571991976418 282.3609339533703 282.0190945595423 282.8000584365371 283.9482794098411 283.5676779033009 283.9199517896823 286.66525632496 286.6749543363911 287.0882980425228 272.7986399890367 274.4981099915292 272.7928796422414 277.439886990155 279.6873188101979 281.3796804804319 282.6918235423326 286.1399083782362 285.3283649127107 285.2634818341197 285.1052410448601 285.4311210864187 285.3657656752644 285.3269965886857 284.8630866600789 285.4324455677389 285.3611194473843 285.2738031679924 284.2806892757153 270.4833063466991 271.693081411801 270.4355471091166 281.8571252434447 281.4362888799187 281.7090724995414 277.725396902782 277.111530096843 277.7474898308308 276.4454514161209 276.4173387575806 275.6567129970845 274.9018534925025 273.8975910624841 274.8246660541454 278.8091971705309 278.3363587116897 278.8847384498499 279.7592740669687 279.3990177942605 279.8840096977088 280.6157220323648 280.3441585176819 280.783529018547 282.1406518230469 283.2722023269667 283.2154476396383 282.8744285270436 283.6079818275656 287.426247608102 287.0816858049117 287.4339813928987 276.1202964586901 276.0940300979198 274.523059010523 278.6819583463544 278.6778150232001 277.4420984095197 280.594484677631 280.5897532225667 279.6912413560501 281.9747368323321 281.3254138439088 282.0210576160687 283.2352576594092 282.6938990325136 283.2348548222043 285.4890421266596 286.1333276471589 285.4955683701072 284.9186954198556 285.1568455744604 284.8848572459351 285.4068695779793 285.4580876906692 285.1536530053594 285.1199899362842 284.8893936820053 285.3238968978704 284.6319735387523 284.6117848937723 284.3030690898466 272.9847283412291 272.8771451898566 271.767136697511 281.4079433543281 281.2051608431166 281.611719933515 278.2873540903653 277.1138545983918 275.7114687181469 273.9920617960489 279.2981787350904 280.1970235929259 281.0184359235073 282.6540945877194 282.2625713110555 282.5544117181149 282.9514231282101 284.01154836989 283.9783953257819 283.6511030188782 286.6537930339657 287.0762431711819 286.6601493873342 272.8183000391572 274.5345547850916 272.8077078936025 277.4658482527385 279.6945244137006 281.329033111364 282.653243870816 286.1303958888161 285.4537503982805 285.3919532617512 285.2037004931688 285.6391665012583 285.535205898689 285.5126782513793 285.5607632529923 284.9126893003969 285.5706757561354 285.3790421032116 285.5045115692028 284.3268311776067 270.6809683733601 271.8845450074844 270.5634879209366 282.1551614880166 281.7863496921303 282.0053228352101 278.8196398391968 278.2925535811247 278.7876300359956 277.8419614569497 277.1711700368023 277.7564728930346 276.6702503255558 275.8201916246035 276.530097952188 275.2134815390423 274.1371207058037 275.0305775386812 279.6651588035584 279.2502766623084 279.6862574705369 280.4260788179197 280.1000005180179 280.496257956824 281.1348319289203 280.8782683709646 281.2484860104533 282.3870539308277 283.3983329932753 283.0324357587298 283.3327862565217 283.698682763021 287.4055017787521 287.0613442943635 287.4203998548701 276.1236405476465 276.1192638374401 274.5330821379134 278.7181519248544 278.6980900235105 277.4841383146165 280.653892418942 280.6228617457512 279.727415418084 281.9862815143113 281.3355875044001 281.9791963749149 283.2399478573155 282.6567370286019 283.2384135330659 285.4681718118619 286.1155305483475 285.4817879475007 284.9845159423576 285.2516232090925 284.9528534261707 285.5921487234467 285.6493788182627 285.2077032853831 284.9332554598031 285.1820478501681 285.416935355225 284.6760666851111 284.353326701651 284.6528519320661 273.362314664464 272.0513058237178 273.1461790898072 281.8107774733978 281.9621885755865 281.6092887627876 279.255452843608 278.3507974390794 277.2851772343457 275.9825918879104 274.34196175823 280.053833405031 280.7855447275356 281.4759422542808 282.8674646579301 282.5151960199581 282.7581640604411 283.1191232931355 284.0928301246793 284.0493365330302 283.7517683568184 286.5929310263705 286.6267584930856 287.0348335680316 272.8532965585224 274.5534686781626 272.8338219795717 277.4879667175608 279.7446119029291 281.3619960244117 282.661211467036 286.0869001070555 285.5850946972052 285.5193220156412 285.3046521716064 285.7642387920423 285.7096905349511 285.6238487449909 285.8508585982378 285.7520803006684 285.7269495996379 284.9547822258578 285.6741586424331 285.455692210261 285.6247244290028 284.3844002836086 271.0441974264306 272.2662441469915 270.8380082860476 282.4655770519851 282.1402398520211 282.308173528924 279.7787239242467 279.6960372561836 279.3132067997546 279.0446837156106 278.4644978683139 278.9054409730899 278.1815867198756 277.4550715819412 277.9841857962272 277.1219504809289 276.2042202657984 276.8673911631539 275.7502364851962 275.4500785756767 274.5960261564858 280.4352918979966 280.4057499364746 280.0585388008182 281.048384064958 280.7412344760168 281.0678971776686 281.6392061461507 281.3879108456887 281.7028024029231 282.6483109815716 283.5492705100432 283.2119619209431 283.4701949610845 283.8117027587597 287.3586589743289 287.0009975189939 287.3895554654368 276.2145340232727 276.1643706816479 274.5972196458247 278.7494120666557 278.7303230234666 277.502250281262 280.6777719856611 280.6635425422857 279.7568170662831 282.0060010117633 281.3732030067933 281.9942989649704 283.247898407519 282.6670384676432 283.2445040664675 285.4216767534805 286.0536280545318 285.4509428114551 285.0471866219287 285.3507859632788 285.0168727274709 285.6987916958345 285.8393400649476 285.7946548193901 285.2610097885266 284.9789461148729 285.2340818629523 285.4889853679492 284.7359177500176 284.7034103547588 284.421085201221 273.9683152316712 273.6293664553227 272.5350100972487 282.2202569921379 282.0141579864726 282.3225075952445 279.4241027358128 280.1142671522836 278.6329509548602 277.681406000955 276.4797913304537 274.9196719647101 280.7457400118957 281.3455932556652 281.9303509592074 283.1054526304017 282.7871159660129 282.9828606446629 283.3121980040675 284.201828182318 283.8793334034152 284.1433665818816 286.5276495390346 286.9716907516951 286.5702720635684 272.916995097985 274.6342211206086 272.8807615305132 277.5473387247998 279.7724518159063 281.3839649887104 282.6746298846339 286.0338940310292 285.6957850920943 285.6406331622183 285.3912719842742 285.9874317688659 285.8755975780176 285.8169098086555 285.9439032134395 286.0156652794001 285.9358481401287 285.8605835973916 285.0053801115209 285.7575248421015 285.7168089876805 285.5210560861082 284.4646916469579 271.6442240478267 272.8859092118951 271.3061116531561 282.7969141614649 282.5086374217947 282.6281922292933 280.0963458733302 279.5862023619813 279.9123556835895 280.6405213726105 280.2192963952015 280.5135215384136 279.4791910476216 278.8537277496176 279.2357680177173 278.7372627365484 277.9615391792631 278.4314118946231 277.7979416763489 277.4282033133971 276.8161431415045 276.5696500734408 276.1202359282445 275.3181512100237 281.1502151132875 280.7979609834632 281.0757103230455 281.6456298074772 281.3489733371306 281.6197835302518 282.1409506249224 281.8896926946657 282.1592377880739 282.9327903201402 283.7326267069241 283.4205962213433 283.6365116071947 283.955641065678 287.2509255249081 286.8956928102714 287.3195442117243 276.2933290728224 276.2452452342844 274.66688061578 278.841552720783 278.7893467181169 277.5935533698976 280.7291288616859 280.6994614098854 279.7995311085317 282.039687528528 281.403217475652 282.0200728091825 283.2613939214779 282.6845409373382 283.2548126647812 285.3190299684188 285.9593374878467 285.3823913241109 285.1081741028883 285.4359422222589 285.078541625461 285.88778302632 286.0483743326606 285.9159860752264 285.321651999161 285.2894946439603 285.0365090859802 285.5541824205299 284.8219353248255 284.5162852725311 284.7751047241487 274.946060470634 273.332510714782 274.4013401506479 282.6420902261775 282.4289407614324 282.6995921784092 279.7993752622424 280.3747687462787 280.8983271884986 279.1272726735198 278.2967036334962 277.2263045250644 275.8193672745658 281.3986733499684 281.8927201851271 282.3903080688813 283.3746595898942 283.0856247032899 283.2358267295016 283.5376881282416 284.3462615826616 284.0413011608958 284.2692119223908 286.1068966071464 286.3405341248055 286.7012237232622 273.0362926395047 274.7357446535239 272.9673855151708 277.6357495915909 279.8431512903402 281.4261252814665 282.6974681770708 285.7553623404007 285.8250406266844 285.759833033833 285.4885165262092 286.0855396834274 286.0422117029735 285.9083075301261 286.2403400497209 286.1219297602456 286.1425955440416 286.1536660712312 285.9690914464692 286.0868360837439 285.0735782680607 285.8404641996483 285.5902421579714 285.7982617600404 284.5767545874676 272.6585905638886 273.9121320584753 272.0772650648046 283.15388787169 282.896476189375 282.9718023560731 280.6093419065478 280.0623582799582 280.3290769449127 281.0382090538679 280.5787557724581 280.8161465892286 281.4382481882047 281.0461126314635 281.2715312860828 280.1115541369422 279.4514958777026 279.7707678045897 279.5106893919269 279.0969924668353 278.6934123502958 278.7421236688184 278.2371206030133 277.7112527909953 277.7628688583833 276.4318748845209 277.1182399634051 281.8319409502764 281.4943500543047 281.716609570855 282.2331145138901 281.940116293853 282.1655027211307 282.646601961131 282.392500425025 282.6238158002182 283.2460017945348 283.9533927705458 283.6639554381147 283.8379919071409 284.1367594486799 286.9845088995441 286.5165454901532 287.1545810027691 276.532212387958 276.3963079946259 274.848300261217 279.1196312529865 278.9705900748484 277.784540781509 280.850906871208 280.783317591286 279.9095715660121 282.0971897517803 281.4592497062921 282.064146797748 283.2843127387202 282.7143424446442 283.2723383445884 285.102934869821 285.6005197374337 285.2328846085133 285.1681799503615 285.5333224821159 285.1390649580511 285.9821153749418 286.194275431468 286.2300736048319 286.0198544297118 285.403140795996 285.3591352721314 285.1179791498269 285.6303790432501 284.9429564861735 284.6471219929303 284.8776176782451 276.4992150649767 275.6322938724273 274.6886590480037 283.0822639679068 282.8594249755758 283.0987676338548 280.8291613621468 280.3709143708625 281.2402703053189 281.6349769829315 279.8276252738167 279.1505553213664 278.2836447713862 277.168773564168 282.0310588215703 282.4375700558715 282.8617857628658 283.6785919239589 283.4146605009785 283.5219909493735 283.7997092498599 284.5317948514799 284.2428969595763 284.4335645256894 286.0122964078054 286.4892626190313 286.0991708635532 273.2682525976633 274.9808447451599 273.1322875507732 277.901595954867 280.0366516288265 281.512957848871 282.7362907260148 285.406228522105 285.7779034080041 285.2845967676923 286.1034864816997 285.9622293938745 285.6750671443154 286.3212625149707 286.2043158108489 286.1155423149631 286.2986036929279 286.4342813631138 286.3096917019164 286.3393254101823 286.2796582444377 286.0711292154107 286.2172700705487 285.1707108227735 285.9364410134521 285.8861243234952 285.6767178992264 284.7277615722426 275.0394902465584 275.7718283000781 273.5129992568404 283.5404011774482 283.3084915910906 283.3432818967167 281.6099310610332 281.1238240687905 281.3038874332547 281.2956919403456 280.9326588597971 280.7255288709618 281.9003174456088 281.4780565505528 281.6488173358153 282.1894573492833 281.9901611202662 281.8188055123845 280.9319094887337 280.254151046754 280.501587118939 280.4900178425075 279.9786459377231 279.6650859458572 279.9446089386546 278.9281304483576 279.3167725841456 279.3203789068856 278.5042741208542 278.0384707716379 282.4918492841547 282.3421409686958 282.1641106894584 282.8155525737501 282.5244684345963 282.7112267140527 283.1659913784704 283.1050355879938 282.9048466926879 283.5916683738095 284.2159831346896 283.9458825274344 284.0793294392747 284.3599985681144 286.1258347296571 286.0651143831268 286.7219452196465 285.6980340257587 276.9651428722465 276.7157633097615 275.188385965934 279.2082233008343 279.1449556979162 277.9406816661062 280.9952489949275 280.9119659153257 280.1147509404844 282.194036550998 281.5692938061001 282.1390120808192 283.3227728826092 282.764754902411 283.301996181417 284.7120634057359 285.0274429159869 284.9312073401728 285.2283903685096 285.7234137768044 285.1990773043888 286.248877823846 286.4149972924274 286.3885421825428 286.1241814704169 285.5159780767596 285.455119346801 285.2330177931004 285.7297304750716 285.1059325368736 284.8198521901705 285.0188837928806 278.8144772548557 277.2180417015196 277.6136157831382 283.5468449162192 283.5254453836183 283.3118188037504 281.7563958501624 281.4571352634623 281.1218852540825 282.0440608969841 282.3384392300803 280.722795037036 280.2310370365217 279.6396705906818 279.0382641408913 282.6506163272126 282.987182662024 283.3525752191028 284.0203840863833 283.8447238601567 283.7776158077271 284.1020326693487 284.7631353142999 284.4886125824124 284.6416422503775 285.2040986350186 285.6185286579661 285.5108174722727 285.3469224011226 273.7487781634336 275.4575578541591 273.4615518065466 278.1463136138276 280.1587548304564 281.6320377776823 282.8013777145947 284.951761775714 286.0685531134686 286.0920925373954 285.669191412386 286.5792207067383 286.4523667019495 286.4040866988624 286.5248348296417 286.621251768786 286.4636467950313 286.5300715895129 286.4073778555662 286.3424858866336 286.1807378689229 285.305490257361 286.056486608828 285.7912767343178 285.9928198624947 284.9234532144451 279.0387204405818 277.3210408745963 278.8573877460277 283.9585287405454 283.7456478922018 283.7487941669215 282.5123852451833 282.1903165415419 282.0726610420994 282.323571698346 281.9523929070566 281.8273023534614 282.1202173388861 281.6955420317683 281.5525356745717 282.7023822393685 282.4286892808389 282.3085282704852 282.9060876449959 282.6810561848705 282.5518576250953 281.8821819728054 281.3966099341359 281.2250465044212 281.5980558653181 281.035490090498 280.8282459618288 281.2682321586611 280.6004276363588 280.3752963108272 280.9971810235778 280.0071154282069 280.1639700775764 283.1370643050238 282.95809624469 282.8162137341821 283.3995280172379 283.2646606493013 283.1075008695428 283.697839603649 283.6046560919499 283.4304301182747 283.9724334110374 284.5220598026673 284.3635498949386 284.2687510841328 284.6284165097841 277.8243265226284 277.3368992524926 275.9127132299282 279.6942159832029 279.4224522892436 278.4161456450852 281.2374577990107 281.1037252984277 280.2982785639028 282.4777011377125 281.8016639993743 282.3297410355091 283.3855507266103 282.8479682598675 283.3512014570556 285.288747037261 285.7132831069857 285.2595382403697 286.6095537719821 286.3724583288276 286.3881840129864 286.6078684318141 286.6410198587572 286.538464220932 286.2421382416535 285.6689266486502 285.5871770413049 285.3894948044817 285.8621703707599 285.3154587651106 285.0391142093861 285.2047340026646 278.3983524634636 276.5083522134049 280.9488466493139 280.065998103372 279.9314708617486 284.0338071581456 283.979146823461 283.787638125447 282.4187608869528 282.6062126543576 282.2249862696914 282.0065302173405 282.8015799527151 283.0180077839448 281.7461457820654 281.4357109865756 281.1204515627336 280.9408074041999 283.2640769170069 283.5440905487955 283.8610680417181 284.4011529169294 284.2060931162171 284.1761224958886 284.4459872318242 285.0417986088978 284.8965856407287 284.7800214436994 274.2068936969275 278.7966578523306 280.5069619134866 281.9033832969313 282.9609337331842 286.1543432793793 286.1119930099911 285.7406572236814 286.6025274160944 286.6142810444076 286.351277233987 286.847009744416 286.7679000268535 286.7178879516907 286.7490233234308 286.7986594037183 286.6141996576027 286.7105500297608 286.5489127086296 286.3097250706044 286.4757789469141 285.4845190508258 286.2094064281573 285.9427985956011 286.1284272773983 285.1667786047852 280.8663560543499 279.9940169319453 279.5054220636341 280.8620681097122 284.4074121287126 284.2158375141369 284.1793532679096 283.2281416245928 282.7909412366092 282.8622168391739 283.3337960126413 282.9332326795395 283.007027076235 283.1200333021872 282.641873189321 282.7174805530449 282.9969993787459 282.4702800622519 282.5585902252982 283.4492247352673 283.082307858051 283.1643709100418 283.5951889510178 283.2544713272994 283.3512930413092 282.8536503417982 282.2685222360193 282.3730713495679 282.677924419466 282.0302008491384 282.1496016266743 282.5010799678709 281.8161865714962 281.9067797217369 282.4837236633919 281.7863748984589 281.7898356993323 283.7718053810834 283.4561589432084 283.5698921587344 283.985054507712 283.6923464579752 283.8253516920369 284.241575160019 283.968413581339 284.121691254082 284.388287585592 284.87220917083 284.6918576768712 284.633391808678 284.9430222355801 280.2705288733097 281.6603634420525 281.4383488808127 280.7656645079743 282.818446925433 282.1159078578668 282.6414908504228 283.4821013734195 283.030541670711 283.4296668535954 285.3468598455666 285.7831917368589 285.3190001588387 286.4069146232815 286.9509445118853 286.8064719173914 286.7852951307692 286.9134648191468 286.8541197746251 286.6914344436898 286.3843884331363 285.8652259042333 285.7614113015764 285.591377167124 286.0337353324495 285.5731784373093 285.3065472938677 285.4383909518181 282.5387509274986 281.7813084338334 281.8170311015446 284.5413356667081 284.2852054323446 284.4587436927691 283.1748923856739 283.2800302221518 283.3890181830424 283.0609513064214 282.9284192624178 283.518707459207 283.6791304149675 282.767660987306 282.5861918571522 282.479205332857 282.490879206941 283.8734255852311 284.1079858496367 284.3859843758742 284.8186636790604 284.6086118661849 284.6055648276857 284.8306146972143 285.3668543553343 285.1987835988179 285.1170354804167 281.2573630588079 282.2905086033021 283.1658134957677 286.2614213854179 286.2089098444162 285.8241277955437 286.8959097976935 286.7496385362844 286.5624200898787 286.9456478921454 287.0891620139702 287.0536996127128 286.9703329403035 286.957831818657 286.9749864072753 286.7715787670318 286.8863543777748 286.7127020211672 286.4669329078181 286.6277253255075 285.710145900755 286.3999986710315 286.2999897457192 286.1355146114824 285.4579808387787 282.8813464900094 282.0184198393481 282.6935558036735 284.8842514312376 284.7074488659516 284.6426220233627 283.9615899637029 283.5598955653289 283.5990180407535 284.0170644239272 283.6744253041454 283.6363661762438 284.0729398395234 283.7130092125192 283.7557480419376 283.894357434622 283.5171964941093 283.4714518665071 283.8095045849005 283.3654783352521 283.4199476494585 284.1432042226843 283.8606701217005 283.8027418551713 284.2557158831765 283.9295332537708 284.0026580235128 283.6984613658932 283.2314163050164 283.2997938479225 283.5370706270761 283.0666725853239 283.1365814514101 283.483996657533 283.0394214080421 283.0319154659245 283.603207015102 283.1391236830053 283.1262002652117 284.3913177746706 284.0836393779006 284.1754400343642 284.5691491894663 284.3917263999112 284.2775763322405 284.7939197808389 284.5169438365413 284.6536310183424 284.8366060544004 285.2630949901302 285.0371099816323 285.0629108475836 285.3015564649187 282.3267132533982 282.8318881374327 283.6180381951694 283.2617573619029 283.5459307146572 285.3987449120729 285.8621889304284 285.3748782626635 286.6307791290508 287.2559069732114 287.1190304913629 287.1066097313227 287.189197562658 287.0576407801921 286.8556330974432 286.557620994077 286.1066148646346 285.980545347083 285.8405249365338 286.2476179956166 285.8765508065512 285.7196066382711 285.6205704624736 283.4450702420068 283.1755984097684 283.0474061847345 285.0654930297862 284.8016484716237 284.9609921522013 283.9894691764514 283.9295584038525 284.0436113549353 284.1052424236843 283.85437128068 283.7561628127924 284.1958319126024 284.3187434888754 283.6182865858131 283.5068666575141 283.5390682595261 283.5127180513071 284.4748082281907 284.6757468819209 284.9238051714709 285.2687248381118 285.0716489453463 285.0400140078737 285.2521003831034 285.7333929338105 285.4956874267376 285.5455029186808 283.2754290884507 286.3322652748059 286.2999767591671 285.8863403265985 286.8437167912664 286.8828978368153 286.5684277650392 287.2973990242858 287.1050575745426 287.2953904038745 287.3111476034378 287.3165400414466 287.2023817906538 287.1560384615801 287.1570585668427 287.0653340361028 286.9438924996695 286.9009975240857 286.656208230878 286.804058962082 285.9818606697805 286.6258700963612 286.5090468211482 286.3693710315374 285.7932104727483 283.7883606014374 283.6222343948062 283.407634116648 285.3837694704639 285.2190336420338 285.1316408000732 284.6482521305384 284.3224622257106 284.3452812855979 284.5953853899152 284.2677752672807 284.2980591897976 284.6913935504863 284.3887018049493 284.3675992266582 284.7335449497405 284.4132105836466 284.4395084515135 284.5222204702467 284.195233880835 284.2356301929294 284.4160601854744 284.1472302505575 284.0934206952141 284.7929156732123 284.5211362018744 284.475302718451 284.8766411592248 284.570926487737 284.6273985271507 284.2556255294779 283.9368858029413 284.0125940649648 284.0034829758443 283.7645968148972 283.7963503890677 284.092822074962 283.8679200071689 283.8453086916148 283.9752226582324 283.7542762286712 283.811808293149 284.9882366315472 284.6925682135413 284.7696641756385 285.1463468684703 284.8589804911109 284.9594985326842 285.3495116496331 285.0717439548639 285.1959642185947 285.3128567995478 285.6881888854303 285.4747100452933 285.4719877019581 285.6982153993019 283.7003400519144 285.4355246001244 285.913520955073 285.42080589669 286.6131125521886 287.1051428384595 287.5299493375487 287.3989781605294 287.4517907632118 287.4373045394937 287.2531128441676 287.0359279052676 286.7617646803255 286.3870411994174 286.1329284086046 286.2427332884603 286.4994988428936 286.216577741186 285.9745249013955 286.0429057186637 283.8820706127241 285.6006012275512 285.3322860670584 285.4803434900667 284.6704098256984 284.6238155228332 284.5618118842747 284.711543765213 284.7608809382755 284.4721109081844 284.3372754865279 284.8311779482971 284.927695557144 284.1298851953444 284.0550085723698 284.1573580738877 284.1316638822667 283.9567612598092 284.0690061166715 285.0618351607269 285.2420192890327 285.4691408494552 285.7440062312984 285.5039200469707 285.5591826399823 285.7035407622141 286.1306312664955 285.9076203150752 285.9292079416423 286.3899546054869 286.3670235048181 285.9373632962679 287.116866141526 286.9860005425359 286.7625933549695 287.2358849589768 287.5893493471804 287.5817316046291 287.4528706260095 287.513507869358 287.4153768244489 287.5479056564874 287.3485105053094 287.3411555298564 287.2496510750939 287.1308712260086 287.1059517430517 287.0024702281834 286.8728715431511 286.2919979967784 286.875192277685 286.6358429234296 286.7489443683083 286.1624844324684 285.8972749802592 285.6395488279329 285.7436411614989 285.1934929613483 284.9383902918189 284.9638517563291 285.1179535880971 284.8787288081678 284.912588690894 285.0142449494552 284.796510293307 284.8441850930592 285.2570307552566 285.0099972301966 284.9882824466693 285.3121817399985 285.0338784373326 285.0609494099461 284.8613756716304 284.6703854426382 284.735037601333 284.6717141780685 284.5086131451438 284.5949772319316 285.3735883968064 285.1281598312545 285.0914647737176 285.4530388616424 285.1706617791656 285.2193469495135 284.3732549021985 284.2180709505126 284.3350068922198 284.2350880573402 284.3215100847988 284.2508539700985 284.2434348259113 285.5618391100799 285.2789664957134 285.3494351408323 285.7095572357064 285.4303210184056 285.5224777995608 285.9004669094063 285.6262833010054 285.741939859126 285.8089911958115 286.1356014968509 285.9369053744483 285.9102150975803 286.1216333764224 285.4420387892513 285.9435550078584 285.4450314647241 286.7991700830884 287.4024203498481 287.743310743353 287.6448985770319 287.700444865736 287.6470534090448 287.4405057203381 287.2265793957841 286.9869057417235 286.6907478691477 286.4566154311103 286.5374928097373 286.7754514341257 286.575198075793 286.3544008521948 286.3951944306044 286.1355477552265 285.8689234537716 286.0070079475717 285.2268485426511 285.158951761728 285.0708440567229 284.941281350345 285.2846317790277 285.3413333531495 284.7697185141444 284.5243082440951 285.4103017769341 285.5031921387465 284.359619652364 285.630563263509 285.799437417126 286.0126712298821 286.2312222837185 285.9872924626354 286.0605242389428 286.1723541011082 286.5387352290182 286.337402782565 286.3350260751833 286.4122610514839 286.4117261329293 285.9590214376109 287.013857819011 287.0800727151268 286.7269861790635 287.4991581199551 287.3289652000793 287.5681109938009 287.80180545678 287.7116340143178 287.7969589548097 287.6820388672629 287.6035084383917 287.7326173020621 287.5269643147428 287.5096240132444 287.3202537961159 287.4291553080049 287.3054793133028 287.1004117990136 287.2084754846192 286.6235341591395 287.1220379651826 286.9145420016082 287.001261563897 286.5467783201256 286.4103525760818 286.2688520384212 286.1551362166723 285.5914351802633 285.4099989195765 285.4533930698825 285.4590883096365 285.3093098835608 285.3637871144384 285.2916661569415 285.2502552369356 285.1765246562936 285.047168023856 284.9923874757089 285.0907388659248 285.7050485809504 285.4963311020782 285.5318225214995 285.7953922267227 285.5661181810229 285.6007355523681 284.837886193993 284.7707586670414 284.8836947721807 284.4617226006241 284.58624423996 284.4653426404208 285.8821140912505 285.6375456762098 285.6776446145107 285.9788330707376 285.7751269175514 285.7233226705166 284.3957546309829 286.0975397335616 285.8351497885133 285.9040508204633 286.2476616373821 286.0713002692743 285.9826090643532 286.434098538607 286.1704946030812 286.2797593733764 286.3111835462763 286.584262883486 286.4069616561475 286.3615465603166 286.5513397994645 285.3957959501392 285.9284808610087 285.4289837960805 286.7368069511987 287.2867158628238 287.6854307209694 287.8736094022859 287.8640571382243 287.8216425457495 287.8000336429427 287.6041457169632 287.4077021428299 287.2089180098974 286.9888693214881 286.7885733613363 286.8429651356636 287.0479449210758 286.921511915659 286.7352943269631 286.7524370040904 286.6552345847637 286.3987850101761 286.5262950611962 285.6508759144412 285.5298769597217 285.3811852377993 285.1783840141471 284.94179640439 285.751567625712 285.8383447438447 284.5811565664996 284.7171844194344 284.6787644308379 284.5250256093264 285.9284517662703 286.0347995721376 286.1682802870842 286.3363022341293 286.5408553739144 286.7084274468417 286.5579510077882 286.4729421194718 286.6370265339281 286.9256466720023 286.7589538831065 286.7374605483585 286.4664555055301 286.4654532770255 285.9903665345 287.1857164582296 287.114348115252 286.8446571794206 287.369178267448 287.6473827206764 287.5951944427344 287.7539277314503 287.8588082667235 287.853050678858 287.8956138527097 287.7859573370181 287.8436643137147 287.7447815330605 287.6674789634087 287.6273877004419 287.4837923382299 287.5778148291943 287.4602259929561 287.3064438235608 287.391646280657 286.9464790720493 287.3235227050407 287.1699012769051 287.2319073065282 286.9145514420936 286.8995017750693 286.7758136202522 286.6598727088267 285.8431261349376 285.7482913090055 285.8276342980175 285.6349588799973 285.5613698144517 285.6481323325831 285.3721230682606 285.3598851439604 285.4746119440652 285.1354648587254 285.1002529821747 285.2509135029402 284.6824055459908 284.787772835065 284.886419073871 286.0261376008565 285.8816117379455 285.9414394044027 286.1730730269889 285.9982238718293 286.0520657385543 284.6346728663139 286.3059254446823 286.1056039505302 286.1601473630254 286.4376919944462 286.2175792574389 286.2792655706767 286.5809734278373 286.3467332745018 286.4207836419336 286.7446976296819 286.5024633361621 286.5917009332309 286.9312271507825 286.6887280917033 286.7923813460765 286.7967657286191 287.0012519696553 286.8579521787584 286.7994200775476 286.9547920487648 285.2683848670422 285.8930627556807 285.3469295553788 286.8591846074513 287.4527507367267 287.7838952881305 287.8719768368982 287.8845083208527 287.8928817105764 287.857033163864 287.7110472559789 287.5420130323998 287.3865408088632 287.2365238226149 287.0912418352798 287.1226166219946 287.2729653010306 287.2089690636812 287.0782241733253 287.0762177678079 287.1333770636834 286.9015696070348 287.013396658469 285.9452921989405 285.7389280315207 285.5187633763138 285.2534694549421 284.7701680545082 284.964006338421 284.9531476643228 284.7285237110938 286.1020293857392 286.2404671237985 286.3711266363224 286.5072690133583 286.6600002818481 286.8353622756778 287.0314339853676 287.1419250818746 287.023401872503 286.9335098239658 287.0642802190741 287.2437290948776 287.132294833008 287.0969654654167 285.931162732806 286.2214677189632 285.6511287139531 287.2261445206232 287.2346716605608 286.9000137415341 287.4699854933121 287.5902862477565 287.6510702162867 287.7586265066701 287.7057807071386 287.8239379810306 287.8124712595647 287.7768700460807 287.7992314066523 287.8330352301278 287.7281350694599 287.641848353254 287.5742844075069 287.6507418178709 287.5129799034936 287.503407780893 287.4405512774262 287.2150006095279 287.4177705177402 287.3475410261942 287.3875758499625 287.2186683712567 287.3304699603528 287.2348260642768 287.1253599239587 285.9875260276729 285.9220622761368 286.044495715143 285.4899271904698 285.6019405910992 285.7109712617186 285.4352418567868 284.8480194347037 285.0184905801086 285.1433606242044 284.8110114206046 286.2042403137864 286.229170663881 286.1346217799343 286.4298949850374 286.3177410688241 286.401076799226 286.6284207858738 286.4809652130983 286.5590566302602 286.8131277147966 286.6371650653933 286.7163619764841 286.9960881196562 286.7988219078298 286.883808582897 287.182214798642 286.9731358503277 287.0650749826007 287.3662394962311 287.1590443811924 287.2539514866629 287.2318182180063 287.3381044489421 287.2490865341456 287.1835132967248 287.2839935207785 285.0286102452257 285.4756027373963 285.1669901076128 286.6412556617945 286.6221193702267 286.3154226797341 286.961815212395 287.4438617652629 287.6710973665575 287.6772463340696 287.8029180450911 287.7038311812517 287.7627435754288 287.7110472761451 287.5743914968712 287.4601801845612 287.3705027555021 287.3094990602215 287.3221034376643 287.3878132283405 287.373813656698 287.327274579052 287.3112001414614 287.5337959542128 287.3464654499224 287.4331326871543 286.0981512320135 285.618213270152 285.8300148321464 285.7934275380925 285.5544534965974 284.9182929518694 285.1993678426451 285.227495397203 284.8847380670072 286.3212595141916 286.5317453271683 286.7217607341061 286.9044209439894 287.0887479884423 287.2750193500416 287.4539692577285 287.4817462430133 287.3275001890901 287.4150583356899 287.4049199537553 287.4285767837552 287.3574040755645 287.4008358766464 285.3648023613552 285.6595458484194 285.2291530769147 285.9154085635986 286.2993824493195 285.9805240780992 287.0657519604597 286.8845845536327 287.1967914668435 287.3629079668565 287.2405941644817 287.51246919663 287.4591492688115 287.2600398221854 287.5120851972645 287.5230189953423 287.5997414560184 287.7135400284859 287.6430136318521 287.6546690102036 287.4604979741804 287.5265870951447 287.5849638985734 287.3999994021218 287.4367718058265 287.4791500907932 287.3656032760111 287.3393763906861 287.3823400621189 287.4040813282267 287.3950032849106 287.6508101781341 287.6018410944731 287.5083772316631 285.8132742405381 285.9336113227929 286.0653465288793 285.7142317766237 284.9844436803881 285.3249697524233 285.2768291754374 284.952817733167 286.22901845265 286.2364935836918 286.3770120129691 286.5453596127388 286.5070085693562 286.6301280836232 286.8305768542984 286.8564046699726 286.7459131897441 287.0832382395253 286.9628233928769 287.0669598590673 287.3180207554423 287.2716612212187 287.1713371789707 287.525476071722 287.3678373408986 287.4609236656844 287.6969867902913 287.6250925143946 287.5474758937063 287.5651211895495 287.5289501251481 287.5222456219569 287.4563521265441 287.4737328533982 284.6618563806657 284.9823129843961 284.8615549604925 285.650937989122 286.2772216726202 286.5179993444934 286.1170353003656 286.7037010139505 287.173978270913 287.2623555156972 287.161210362605 287.4635673663477 287.2175205679193 287.4340804413157 287.5292573815028 287.4283450432506 287.3649982954312 287.3194296006031 287.3739730438173 287.3722432449864 287.3244285085264 287.3428068836087 287.4120796903688 287.3872559637022 287.8038215289789 287.6890147239597 287.7328154450779 286.0284675718884 285.0468646325941 285.3721941754409 285.4604161715586 285.0168547880701 286.3918452692221 286.6927615585423 286.9599799861978 287.2028470159475 287.4252474081895 287.6172805284903 287.7614630789893 287.6602118657644 287.5954828899039 287.6726232049415 287.5921136608079 287.4059047398135 287.4929988440583 287.4476610328842 285.0331308445407 285.2324449884862 284.8640066132538 285.4708934305375 285.2765151940237 285.7930867296763 285.6499174573582 286.4526841278799 286.3843941368323 286.8157130434305 286.8870168325596 286.4111551844098 286.8860797854445 286.8837586193721 286.6186854688943 286.9187728426026 286.9706325268797 287.2645042183499 287.4571760422572 287.2188611456857 287.3855329494507 287.0857663504879 287.2824347606224 287.2947314513309 287.0284437771585 287.2230739467482 287.2503277922212 287.3259106639473 287.0024855486391 287.1984621885168 287.2078517146886 287.3697534879641 287.7935597532799 287.8169116842199 287.7485847697832 285.7334999133269 285.7814750069676 286.01808530336 285.1081822909665 285.5077538112074 285.0784103981796 286.0120768003243 286.1502931765799 286.3428982495835 286.51561243202 286.5491815696944 286.7212373974132 286.8939754174541 287.0298971752433 286.8802938584073 287.2238932247793 287.1709826914571 287.3046940654436 287.5094907164008 287.4315995772114 287.5468915839862 287.7363224276484 287.738882227362 287.6502370471936 287.8748298271097 287.8086708898695 287.8548004176088 287.7291704542965 287.5000595939927 287.6054637392788 287.5463973126174 287.4499187821199 285.1731431269499 285.4080159537338 285.8939500768254 285.3563650519005 285.9559173901123 286.4427703195036 286.5212869068154 286.3295960788727 286.7919770685963 286.4782090665582 286.5862445377314 286.9693009228398 286.893398142728 287.0692020619238 287.1684707574045 287.3037513428939 287.0774629039834 287.0542720746454 287.0121703255354 287.092327782172 287.2400074631199 287.2294513569241 287.0456552645727 287.0208227903705 287.2510471563201 287.2234546149394 287.879407280984 287.8698631786333 287.8464860862785 285.4337336149005 285.8711201351773 286.27531678638 286.7108974729634 287.0643382556585 287.3723738175424 287.6318472124312 287.819084146486 287.8974460720866 287.6068258348361 287.7262198038989 287.6668841741439 287.5535037959007 287.1868966295153 287.3650672869974 287.3226960726748 285.4615810559748 285.9970997082135 285.4441793845388 285.960316454661 285.4672531360201 285.9665199157946 286.0859243999775 286.4638195303551 285.9243203512764 286.8545742316093 286.440504156493 286.7839442932461 286.8084216974883 286.3823967615177 286.7492362725624 286.7757617955555 286.3216135525979 286.719309856012 286.7085720887995 287.0556131578319 286.3626881522924 286.7870411701803 286.7226010908349 287.1018418879831 287.6925025184462 287.8136529573327 287.7776169109414 285.1684226064964 285.4758760964623 285.1391398273204 285.6180848447074 285.9552424283306 285.98849099056 286.2726454034727 286.3610437192725 286.4543834251293 286.6733870019028 286.7819560477625 286.8626043339704 287.05693916153 287.239783096826 287.2500623288339 287.4109094030231 287.5414263521722 287.5474210534285 287.6753638865601 287.7704316192676 287.7782871881341 287.8514853408188 287.8440580189297 287.8887317634577 287.8822927534436 287.6551859048249 287.1567092117737 287.4188889324314 287.3725638170999 287.1739654185621 285.4701775485817 285.4506448936178 285.9103569203656 286.0665177519162 285.4618747216795 286.5117694506838 286.4089634691156 286.3492245566574 286.3388853827989 286.724306634103 286.4224248804239 286.8633122191716 286.7627800134076 287.7075105573134 287.826792287968 287.7123807722231 285.2287338137522 285.6641535224339 285.1991852945142 285.6076719110922 286.1610319657039 286.574370319218 287.0235141550099 287.3995941325111 287.6721838927197 287.8303751938398 287.8064994982653 287.3436431914676 287.5417905071781 287.5038769186628 287.2527763456493 286.820861125176 285.4254200588867 286.0469353252075 285.4389237223229 285.9722519759466 285.4032135527089 285.9548700276363 285.9289939391218 285.3883238368978 285.8862425200372 285.917498698353 285.3829964974918 285.8822254592197 285.9064910102554 286.1993441969186 286.6681052101459 286.2805307262162 286.3094174647524 287.2459642158993 287.5202507158317 287.5155146258759 285.2879676252961 285.6502670448928 285.2595902609272 285.8777740739637 286.0578370181299 286.2241763242876 286.4525170397863 286.7731511269293 286.7838255441708 287.037734730877 287.0403696922976 287.164027072816 287.3338445438087 287.3848408067142 287.4872042028089 287.6191178148696 287.6134402374328 287.7176737623668 287.7588639536618 287.5281509274816 287.7260981620827 287.6436644627235 287.3056093171044 286.5193200301487 286.989311119625 286.8845149709127 286.2793349299007 286.775881694895 286.3530159180555 285.4144560191937 285.3952974615293 285.3850684537103 285.3883051602512 285.9103280466251 285.385004299539 285.812389855354 285.4032805255637 285.8229927666077 285.9440677377578 287.3296417937911 287.5468161304443 287.2996095315495 285.6828192644052 286.1906720927421 286.1244449353749 286.5249777808947 286.9111373090381 286.4982342110715 287.2283477735938 287.5269579985012 287.6109846286002 287.4600126456186 286.9220070027473 286.4009516494627 285.4256854626141 285.8701840424545 285.9612277504876 285.3954265340786 285.4144301572401 286.608690119894 287.0106836450781 286.9629302819195 285.3471395234693 285.7225045652491 285.3190910575395 285.7835178038472 286.2814479133463 286.5511916241021 286.6963109151255 286.2385170632865 286.5763731641377 286.8371610143486 287.0371144810302 287.1541145083459 287.2879232376904 287.4183110695849 287.3369470556527 287.4944709798245 287.4576216237735 287.0532463184011 287.2038491657916 287.3265765411816 286.3565900871968 286.8536467873709 286.4450318860643 285.4504073322513 285.8878132983913 286.0165619612326 285.4391213217419 286.496208665441 286.8634381733082 285.39885642073 285.8203398148849 285.3748675298134 286.4374887444313 285.8578800090301 286.9046648558298 287.2791170377358 286.9193115506548 287.1579757337815 287.2598070774167 287.0163549333211 285.4678004441826 285.9340306681012 286.0303910966746 285.461781880466 285.4614848732301 285.9307101357969 286.0823185971364 286.3245013060723 286.7143304778023 286.4858941205497 285.4352447308037 285.8847318752345 286.0452946440258 285.4208105041212 286.3601981086425 286.7968613113236 286.4840416318995 286.8535760789142 287.1190009414603 287.0248172956695 286.9356279630953 286.6826628491831 285.4701651426786 285.4076852105587 286.0445795110351 285.444163663321 285.9120027729624 285.4418536184312 286.050592727996 285.44500351741 285.9350897117737 286.6518626133605 286.0860569668063 286.4938842875427 286.5511961417873 285.9672668573568 286.4750631688661 286.1705367920617 285.2764615486333 285.8158279942541 285.3563383102299 285.3964530696043 285.8994515857499 285.4290143577248 286.0826356965616 286.2327038609686 286.4999617641217 286.0886233442821 286.1179567371535 285.6733023739153 285.7665340852496 285.4546010243595 285.7842771893035 285.7243487893489 285.2689371100702 285.6813251843295 285.7280795423406 285.0328389954465 285.4957170252632 285.1731810950486 285.346660357973 285.2759818405246 285.0279147975601 285.2730578436892 285.5526465634774 285.1672934175103 284.6613703835709 285.0219663905619 284.8642147690059 284.8617269385544 </DataArray>
      </PointData>
    </Piece>
  </UnstructuredGrid>
</VTKFile>
