$MeshFormat
4.1 0 8
$EndMeshFormat
$Entities
20 20 1 0
1 -7.32 0 0 1 9 
2 -7.32 -0.2 0 1 1 
3 -3.85 -0.2 0 1 1 
4 -3.85 -6.521000000000001 0 1 8 
5 -1.85 -6.521000000000001 0 1 8 
6 -1.85 -0.2 0 1 1 
7 1.85 -0.2 0 1 1 
8 1.85 -6.521000000000001 0 1 8 
9 3.85 -6.521000000000001 0 1 8 
10 3.85 -0.2 0 1 1 
11 7.32 -0.2 0 1 1 
12 7.32 0 0 1 9 
201 -3.45 -0.2 0 1 2 
202 -3.45 -4.2 0 1 2 
203 -2.25 -4.2 0 1 2 
204 -2.25 -0.2 0 1 2 
205 2.25 -0.2 0 1 3 
206 2.25 -4.2 0 1 3 
207 3.45 -4.2 0 1 3 
208 3.45 -0.2 0 1 3 
1 -7.32 -0.2 0 -7.32 0 0 1 8 2 1 -2 
2 -7.32 -0.2 0 -3.85 -0.2 0 1 8 2 2 -3 
3 -3.85 -6.521000000000001 0 -3.85 -0.2000000000000002 0 1 8 2 3 -4 
4 -3.85 -6.521000000000001 0 -1.85 -6.521000000000001 0 1 8 2 4 -5 
5 -1.85 -6.521000000000001 0 -1.85 -0.2000000000000002 0 1 8 2 5 -6 
6 -1.85 -0.2 0 1.85 -0.2 0 1 8 2 6 -7 
7 1.85 -6.521000000000001 0 1.85 -0.2000000000000002 0 1 8 2 7 -8 
8 1.85 -6.521000000000001 0 3.85 -6.521000000000001 0 1 8 2 8 -9 
9 3.85 -6.521000000000001 0 3.85 -0.2000000000000002 0 1 8 2 9 -10 
10 3.85 -0.2 0 7.32 -0.2 0 1 8 2 10 -11 
11 7.32 -0.2 0 7.32 0 0 1 8 2 11 -12 
12 -7.32 0 0 7.32 0 0 1 9 2 12 -1 
13 -3.45 -4.2 0 -3.45 -0.2000000000000002 0 1 2 2 201 -202 
14 -3.45 -4.2 0 -2.25 -4.2 0 1 2 2 202 -203 
15 -2.25 -4.2 0 -2.25 -0.2000000000000002 0 1 2 2 203 -204 
16 -3.45 -0.2 0 -2.25 -0.2 0 1 2 2 204 -201 
17 2.25 -4.2 0 2.25 -0.2000000000000002 0 1 2 2 205 -206 
18 2.25 -4.2 0 3.45 -4.2 0 1 2 2 206 -207 
19 3.45 -4.2 0 3.45 -0.2000000000000002 0 1 2 2 207 -208 
20 2.25 -0.2 0 3.45 -0.2 0 1 2 2 208 -205 
1 -7.32 -6.521000000000001 0 7.32 0 0 1 1 20 1 2 3 4 5 6 7 8 9 10 11 12 -16 -15 -14 -13 -20 -19 -18 -17 
$EndEntities
$Nodes
41 2611 1 2611
0 1 0 1
1
-7.32 0 0
0 2 0 1
2
-7.32 -0.2 0
0 3 0 1
3
-3.85 -0.2 0
0 4 0 1
4
-3.85 -6.521000000000001 0
0 5 0 1
5
-1.85 -6.521000000000001 0
0 6 0 1
6
-1.85 -0.2 0
0 7 0 1
7
1.85 -0.2 0
0 8 0 1
8
1.85 -6.521000000000001 0
0 9 0 1
9
3.85 -6.521000000000001 0
0 10 0 1
10
3.85 -0.2 0
0 11 0 1
11
7.32 -0.2 0
0 12 0 1
12
7.32 0 0
0 201 0 1
13
-3.45 -0.2 0
0 202 0 1
14
-3.45 -4.2 0
0 203 0 1
15
-2.25 -4.2 0
0 204 0 1
16
-2.25 -0.2 0
0 205 0 1
17
2.25 -0.2 0
0 206 0 1
18
2.25 -4.2 0
0 207 0 1
19
3.45 -4.2 0
0 208 0 1
20
3.45 -0.2 0
1 1 0 1
21
-7.32 -0.09999999999973684 0
1 2 0 34
22
23
24
25
26
27
28
29
30
31
32
33
34
35
36
37
38
39
40
41
42
43
44
45
46
47
48
49
50
51
52
53
54
55
-7.220857142857203 -0.2 0
-7.12171428571446 -0.2 0
-7.02257142857195 -0.2 0
-6.923428571429092 -0.2 0
-6.824285714286582 -0.2 0
-6.725142857143735 -0.2 0
-6.626000000001215 -0.2 0
-6.526857142858706 -0.2 0
-6.427714285716196 -0.2 0
-6.328571428573685 -0.2 0
-6.229428571430828 -0.2 0
-6.130285714288664 -0.2 0
-6.031142857145808 -0.2 0
-5.932000000003645 -0.2 0
-5.832857142860663 -0.2 0
-5.73371428571802 -0.2 0
-5.634571428575737 -0.2 0
-5.535428571432909 -0.2 0
-5.436285714289967 -0.2 0
-5.337142857146501 -0.2 0
-5.23800000000399 -0.2 0
-5.138857142860455 -0.2 0
-5.039714285717582 -0.2 0
-4.94057142857463 -0.2 0
-4.841428571431174 -0.2 0
-4.74228571428846 -0.2 0
-4.643142857144809 -0.2 0
-4.544000000002185 -0.2 0
-4.44485714285852 -0.2 0
-4.345714285715847 -0.2 0
-4.246571428572687 -0.2 0
-4.147428571429439 -0.2 0
-4.048285714286516 -0.2 0
-3.949142857143056 -0.2 0
1 3 0 63
56
57
58
59
60
61
62
63
64
65
66
67
68
69
70
71
72
73
74
75
76
77
78
79
80
81
82
83
84
85
86
87
88
89
90
91
92
93
94
95
96
97
98
99
100
101
102
103
104
105
106
107
108
109
110
111
112
113
114
115
116
117
118
-3.85 -0.2987656249998174 0
-3.85 -0.3975312499996456 0
-3.85 -0.4962968749994197 0
-3.85 -0.595062499999248 0
-3.85 -0.6938281249990871 0
-3.85 -0.792593749998926 0
-3.85 -0.8913593749987649 0
-3.85 -0.9901249999986041 0
-3.85 -1.088890624998356 0
-3.85 -1.187656249998196 0
-3.85 -1.286421874998035 0
-3.85 -1.385187499997743 0
-3.85 -1.483953124997409 0
-3.85 -1.582718749997075 0
-3.85 -1.68148437499674 0
-3.85 -1.780249999996536 0
-3.85 -1.879015624996332 0
-3.85 -1.977781249995997 0
-3.85 -2.076546874995707 0
-3.85 -2.175312499995372 0
-3.85 -2.27407812499495 0
-3.85 -2.372843749994616 0
-3.85 -2.471609374994281 0
-3.85 -2.57037499999412 0
-3.85 -2.669140624993873 0
-3.85 -2.767906249993538 0
-3.85 -2.866671874993203 0
-3.85 -2.965437499992869 0
-3.85 -3.064203124992621 0
-3.85 -3.16296874999246 0
-3.85 -3.261734374992125 0
-3.85 -3.360499999991878 0
-3.85 -3.45926562499215 0
-3.85 -3.558031249992423 0
-3.85 -3.656796874992609 0
-3.85 -3.755562499992795 0
-3.85 -3.854328124993156 0
-3.85 -3.953093749993515 0
-3.85 -4.051859374993614 0
-3.85 -4.150624999993973 0
-3.85 -4.249390624993813 0
-3.85 -4.348156249994172 0
-3.85 -4.446921874994533 0
-3.85 -4.545687499994892 0
-3.85 -4.64445312499525 0
-3.85 -4.743218749995264 0
-3.85 -4.841984374995796 0
-3.85 -4.940749999995982 0
-3.85 -5.039515624996516 0
-3.85 -5.138281249996528 0
-3.85 -5.237046874996888 0
-3.85 -5.335812499996901 0
-3.85 -5.434578124997261 0
-3.85 -5.53334374999762 0
-3.85 -5.632109374997632 0
-3.85 -5.730874999997992 0
-3.85 -5.829640624998005 0
-3.85 -5.928406249998537 0
-3.85 -6.027171874998723 0
-3.85 -6.125937499999256 0
-3.85 -6.224703124999269 0
-3.85 -6.323468749999628 0
-3.85 -6.422234374999642 0
1 4 0 19
119
120
121
122
123
124
125
126
127
128
129
130
131
132
133
134
135
136
137
-3.750000000001028 -6.521000000000001 0
-3.650000000002056 -6.521000000000001 0
-3.550000000003084 -6.521000000000001 0
-3.450000000004111 -6.521000000000001 0
-3.350000000005139 -6.521000000000001 0
-3.250000000006167 -6.521000000000001 0
-3.150000000007194 -6.521000000000001 0
-3.050000000008222 -6.521000000000001 0
-2.950000000009249 -6.521000000000001 0
-2.85000000001019 -6.521000000000001 0
-2.750000000009083 -6.521000000000001 0
-2.650000000007891 -6.521000000000001 0
-2.550000000006698 -6.521000000000001 0
-2.450000000005505 -6.521000000000001 0
-2.350000000004313 -6.521000000000001 0
-2.25000000000312 -6.521000000000001 0
-2.150000000001928 -6.521000000000001 0
-2.050000000000736 -6.521000000000001 0
-1.950000000000082 -6.521000000000001 0
1 5 0 63
138
139
140
141
142
143
144
145
146
147
148
149
150
151
152
153
154
155
156
157
158
159
160
161
162
163
164
165
166
167
168
169
170
171
172
173
174
175
176
177
178
179
180
181
182
183
184
185
186
187
188
189
190
191
192
193
194
195
196
197
198
199
200
-1.85 -6.422234375000326 0
-1.85 -6.323468750000478 0
-1.85 -6.224703125000629 0
-1.85 -6.125937500000782 0
-1.85 -6.027171875000933 0
-1.85 -5.928406250001085 0
-1.85 -5.829640625001584 0
-1.85 -5.730875000001736 0
-1.85 -5.632109375002061 0
-1.85 -5.533343750002386 0
-1.85 -5.434578125002364 0
-1.85 -5.33581250000269 0
-1.85 -5.237046875003015 0
-1.85 -5.13828125000334 0
-1.85 -5.039515625003492 0
-1.85 -4.940750000003991 0
-1.85 -4.841984375004142 0
-1.85 -4.743218750004467 0
-1.85 -4.644453125004793 0
-1.85 -4.545687500005291 0
-1.85 -4.44692187500579 0
-1.85 -4.348156250006115 0
-1.85 -4.249390625006441 0
-1.85 -4.15062500000642 0
-1.85 -4.051859375006744 0
-1.85 -3.953093750006983 0
-1.85 -3.854328125007308 0
-1.85 -3.755562500007634 0
-1.85 -3.656796875007873 0
-1.85 -3.558031250008024 0
-1.85 -3.45926562500835 0
-1.85 -3.360500000008588 0
-1.85 -3.261734375008307 0
-1.85 -3.162968750008024 0
-1.85 -3.064203125007829 0
-1.85 -2.965437500007634 0
-1.85 -2.866671875007266 0
-1.85 -2.767906250006897 0
-1.85 -2.669140625006702 0
-1.85 -2.570375000006506 0
-1.85 -2.471609375006398 0
-1.85 -2.372843750006029 0
-1.85 -2.274078125005661 0
-1.85 -2.175312500005291 0
-1.85 -2.076546875004924 0
-1.85 -1.977781250004901 0
-1.85 -1.87901562500436 0
-1.85 -1.780250000004164 0
-1.85 -1.681484375003622 0
-1.85 -1.5827187500036 0
-1.85 -1.483953125003232 0
-1.85 -1.38518750000321 0
-1.85 -1.286421875002841 0
-1.85 -1.187656250002473 0
-1.85 -1.088890625002451 0
-1.85 -0.9901250000020827 0
-1.85 -0.8913593750020601 0
-1.85 -0.7925937500015188 0
-1.85 -0.693828125001323 0
-1.85 -0.5950625000007816 0
-1.85 -0.496296875000759 0
-1.85 -0.3975312500003909 0
-1.85 -0.2987656250003683 0
1 6 0 36
201
202
203
204
205
206
207
208
209
210
211
212
213
214
215
216
217
218
219
220
221
222
223
224
225
226
227
228
229
230
231
232
233
234
235
236
-1.750000000000254 -0.2 0
-1.650000000000466 -0.2 0
-1.55000000000066 -0.2 0
-1.450000000000808 -0.2 0
-1.350000000001025 -0.2 0
-1.250000000001299 -0.2 0
-1.150000000001598 -0.2 0
-1.050000000001848 -0.2 0
-0.9500000000020788 -0.2 0
-0.8500000000024055 -0.2 0
-0.7500000000027123 -0.2 0
-0.6500000000030324 -0.2 0
-0.550000000003307 -0.2 0
-0.450000000003606 -0.2 0
-0.3500000000039427 -0.2 0
-0.2500000000042171 -0.2 0
-0.1500000000044992 -0.2 0
-0.05000000000483973 -0.2 0
0.04999999999517435 -0.2 0
0.1499999999954138 -0.2 0
0.2499999999956528 -0.2 0
0.3499999999958923 -0.2 0
0.4499999999961313 -0.2 0
0.5499999999963707 -0.2 0
0.6499999999966097 -0.2 0
0.7499999999968492 -0.2 0
0.8499999999972614 -0.2 0
0.9499999999976625 -0.2 0
1.049999999997941 -0.2 0
1.149999999998326 -0.2 0
1.249999999998565 -0.2 0
1.349999999998804 -0.2 0
1.449999999999043 -0.2 0
1.549999999999282 -0.2 0
1.649999999999521 -0.2 0
1.749999999999761 -0.2 0
1 7 0 63
237
238
239
240
241
242
243
244
245
246
247
248
249
250
251
252
253
254
255
256
257
258
259
260
261
262
263
264
265
266
267
268
269
270
271
272
273
274
275
276
277
278
279
280
281
282
283
284
285
286
287
288
289
290
291
292
293
294
295
296
297
298
299
1.85 -0.2987656249998174 0
1.85 -0.3975312499996456 0
1.85 -0.4962968749994197 0
1.85 -0.595062499999248 0
1.85 -0.6938281249990871 0
1.85 -0.792593749998926 0
1.85 -0.8913593749987649 0
1.85 -0.9901249999986041 0
1.85 -1.088890624998356 0
1.85 -1.187656249998196 0
1.85 -1.286421874998035 0
1.85 -1.385187499997743 0
1.85 -1.483953124997409 0
1.85 -1.582718749997075 0
1.85 -1.68148437499674 0
1.85 -1.780249999996536 0
1.85 -1.879015624996332 0
1.85 -1.977781249995997 0
1.85 -2.076546874995707 0
1.85 -2.175312499995372 0
1.85 -2.27407812499495 0
1.85 -2.372843749994616 0
1.85 -2.471609374994281 0
1.85 -2.57037499999412 0
1.85 -2.669140624993873 0
1.85 -2.767906249993538 0
1.85 -2.866671874993203 0
1.85 -2.965437499992869 0
1.85 -3.064203124992621 0
1.85 -3.16296874999246 0
1.85 -3.261734374992125 0
1.85 -3.360499999991878 0
1.85 -3.45926562499215 0
1.85 -3.558031249992423 0
1.85 -3.656796874992609 0
1.85 -3.755562499992795 0
1.85 -3.854328124993156 0
1.85 -3.953093749993515 0
1.85 -4.051859374993614 0
1.85 -4.150624999993973 0
1.85 -4.249390624993813 0
1.85 -4.348156249994172 0
1.85 -4.446921874994533 0
1.85 -4.545687499994892 0
1.85 -4.64445312499525 0
1.85 -4.743218749995264 0
1.85 -4.841984374995796 0
1.85 -4.940749999995982 0
1.85 -5.039515624996516 0
1.85 -5.138281249996528 0
1.85 -5.237046874996888 0
1.85 -5.335812499996901 0
1.85 -5.434578124997261 0
1.85 -5.53334374999762 0
1.85 -5.632109374997632 0
1.85 -5.730874999997992 0
1.85 -5.829640624998005 0
1.85 -5.928406249998537 0
1.85 -6.027171874998723 0
1.85 -6.125937499999256 0
1.85 -6.224703124999269 0
1.85 -6.323468749999628 0
1.85 -6.422234374999642 0
1 8 0 19
300
301
302
303
304
305
306
307
308
309
310
311
312
313
314
315
316
317
318
1.949999999999918 -6.521000000000001 0
2.049999999999263 -6.521000000000001 0
2.14999999999807 -6.521000000000001 0
2.249999999996878 -6.521000000000001 0
2.349999999995686 -6.521000000000001 0
2.449999999994493 -6.521000000000001 0
2.549999999993301 -6.521000000000001 0
2.649999999992109 -6.521000000000001 0
2.749999999990917 -6.521000000000001 0
2.849999999989811 -6.521000000000001 0
2.949999999990752 -6.521000000000001 0
3.04999999999178 -6.521000000000001 0
3.149999999992808 -6.521000000000001 0
3.249999999993836 -6.521000000000001 0
3.349999999994864 -6.521000000000001 0
3.449999999995892 -6.521000000000001 0
3.54999999999692 -6.521000000000001 0
3.649999999997946 -6.521000000000001 0
3.749999999998973 -6.521000000000001 0
1 9 0 63
319
320
321
322
323
324
325
326
327
328
329
330
331
332
333
334
335
336
337
338
339
340
341
342
343
344
345
346
347
348
349
350
351
352
353
354
355
356
357
358
359
360
361
362
363
364
365
366
367
368
369
370
371
372
373
374
375
376
377
378
379
380
381
3.85 -6.422234375000326 0
3.85 -6.323468750000478 0
3.85 -6.224703125000629 0
3.85 -6.125937500000782 0
3.85 -6.027171875000933 0
3.85 -5.928406250001085 0
3.85 -5.829640625001584 0
3.85 -5.730875000001736 0
3.85 -5.632109375002061 0
3.85 -5.533343750002386 0
3.85 -5.434578125002364 0
3.85 -5.33581250000269 0
3.85 -5.237046875003015 0
3.85 -5.13828125000334 0
3.85 -5.039515625003492 0
3.85 -4.940750000003991 0
3.85 -4.841984375004142 0
3.85 -4.743218750004467 0
3.85 -4.644453125004793 0
3.85 -4.545687500005291 0
3.85 -4.44692187500579 0
3.85 -4.348156250006115 0
3.85 -4.249390625006441 0
3.85 -4.15062500000642 0
3.85 -4.051859375006744 0
3.85 -3.953093750006983 0
3.85 -3.854328125007308 0
3.85 -3.755562500007634 0
3.85 -3.656796875007873 0
3.85 -3.558031250008024 0
3.85 -3.45926562500835 0
3.85 -3.360500000008588 0
3.85 -3.261734375008307 0
3.85 -3.162968750008024 0
3.85 -3.064203125007829 0
3.85 -2.965437500007634 0
3.85 -2.866671875007266 0
3.85 -2.767906250006897 0
3.85 -2.669140625006702 0
3.85 -2.570375000006506 0
3.85 -2.471609375006398 0
3.85 -2.372843750006029 0
3.85 -2.274078125005661 0
3.85 -2.175312500005291 0
3.85 -2.076546875004924 0
3.85 -1.977781250004901 0
3.85 -1.87901562500436 0
3.85 -1.780250000004164 0
3.85 -1.681484375003622 0
3.85 -1.5827187500036 0
3.85 -1.483953125003232 0
3.85 -1.38518750000321 0
3.85 -1.286421875002841 0
3.85 -1.187656250002473 0
3.85 -1.088890625002451 0
3.85 -0.9901250000020827 0
3.85 -0.8913593750020601 0
3.85 -0.7925937500015188 0
3.85 -0.693828125001323 0
3.85 -0.5950625000007816 0
3.85 -0.496296875000759 0
3.85 -0.3975312500003909 0
3.85 -0.2987656250003683 0
1 10 0 34
382
383
384
385
386
387
388
389
390
391
392
393
394
395
396
397
398
399
400
401
402
403
404
405
406
407
408
409
410
411
412
413
414
415
3.949142857142832 -0.2 0
4.048285714285377 -0.2 0
4.147428571427892 -0.2 0
4.246571428570516 -0.2 0
4.34571428571322 -0.2 0
4.444857142855438 -0.2 0
4.5439999999983 -0.2 0
4.643142857140814 -0.2 0
4.74228571428333 -0.2 0
4.841428571425845 -0.2 0
4.940571428568573 -0.2 0
5.039714285711068 -0.2 0
5.138857142853484 -0.2 0
5.237999999996252 -0.2 0
5.337142857138767 -0.2 0
5.436285714281629 -0.2 0
5.535428571423798 -0.2 0
5.634571428567121 -0.2 0
5.733714285710127 -0.2 0
5.832857142853301 -0.2 0
5.931999999996634 -0.2 0
6.031142857139482 -0.2 0
6.130285714283053 -0.2 0
6.22942857142522 -0.2 0
6.328571428568752 -0.2 0
6.427714285711639 -0.2 0
6.526857142854933 -0.2 0
6.625999999998058 -0.2 0
6.725142857141114 -0.2 0
6.824285714284773 -0.2 0
6.923428571427403 -0.2 0
7.022571428571073 -0.2 0
7.121714285713756 -0.2 0
7.220857142857258 -0.2 0
1 11 0 1
416
7.32 -0.1000000000002739 0
1 12 0 146
417
418
419
420
421
422
423
424
425
426
427
428
429
430
431
432
433
434
435
436
437
438
439
440
441
442
443
444
445
446
447
448
449
450
451
452
453
454
455
456
457
458
459
460
461
462
463
464
465
466
467
468
469
470
471
472
473
474
475
476
477
478
479
480
481
482
483
484
485
486
487
488
489
490
491
492
493
494
495
496
497
498
499
500
501
502
503
504
505
506
507
508
509
510
511
512
513
514
515
516
517
518
519
520
521
522
523
524
525
526
527
528
529
530
531
532
533
534
535
536
537
538
539
540
541
542
543
544
545
546
547
548
549
550
551
552
553
554
555
556
557
558
559
560
561
562
7.220408163265628 0 0
7.120816326531255 0 0
7.021224489796776 0 0
6.921632653062168 0 0
6.822040816327493 0 0
6.722448979592818 0 0
6.622857142858159 0 0
6.523265306123635 0 0
6.423673469389256 0 0
6.324081632654884 0 0
6.224489795920411 0 0
6.124897959185809 0 0
6.025306122451133 0 0
5.925714285716459 0 0
5.826122448981794 0 0
5.72653061224727 0 0
5.626938775512746 0 0
5.527346938778222 0 0
5.427755102043792 0 0
5.32816326530942 0 0
5.228571428575046 0 0
5.128979591840674 0 0
5.029387755106301 0 0
4.929795918371928 0 0
4.830204081637421 0 0
4.730612244902898 0 0
4.631020408168462 0 0
4.531428571434089 0 0
4.431836734699672 0 0
4.332244897965149 0 0
4.232653061230625 0 0
4.133061224496251 0 0
4.033469387761878 0 0
3.933877551027453 0 0
3.834285714293005 0 0
3.734693877558588 0 0
3.635102040824215 0 0
3.535510204089834 0 0
3.435918367355387 0 0
3.336326530620938 0 0
3.236734693886429 0 0
3.137142857151904 0 0
3.037551020417458 0 0
2.937959183683084 0 0
2.838367346948711 0 0
2.73877551021434 0 0
2.639183673479966 0 0
2.539591836745594 0 0
2.440000000011222 0 0
2.340408163276755 0 0
2.240816326542231 0 0
2.141224489807755 0 0
2.041632653073383 0 0
1.94204081633901 0 0
1.842448979604637 0 0
1.742857142870265 0 0
1.643265306135893 0 0
1.543673469401519 0 0
1.444081632667082 0 0
1.344489795932557 0 0
1.244897959198053 0 0
1.145306122463681 0 0
1.045714285729308 0 0
0.9461224489949345 0 0
0.8465306122605618 0 0
0.7469387755261883 0 0
0.6473469387918156 0 0
0.5477551020574056 0 0
0.4481632653228802 0 0
0.3485714285883574 0 0
0.248979591853975 0 0
0.1493877551196032 0 0
0.04979591838513109 0 0
-0.04979591834954444 0 0
-0.1493877550844234 0 0
-0.2489795918194009 0 0
-0.3485714285543704 0 0
-0.4481632652891951 0 0
-0.5477551020240217 0 0
-0.6473469387589619 0 0
-0.7469387754939394 0 0
-0.846530612228916 0 0
-0.9461224489638926 0 0
-1.045714285698871 0 0
-1.145306122433848 0 0
-1.244897959168824 0 0
-1.344489795903803 0 0
-1.444081632638779 0 0
-1.543673469373756 0 0
-1.643265306108734 0 0
-1.742857142843627 0 0
-1.842448979578302 0 0
-1.942040816312977 0 0
-2.041632653047948 0 0
-2.141224489782926 0 0
-2.240816326517903 0 0
-2.34040816325288 0 0
-2.439999999987856 0 0
-2.539591836722833 0 0
-2.639183673457811 0 0
-2.738775510192786 0 0
-2.838367346927765 0 0
-2.937959183662741 0 0
-3.03755102039772 0 0
-3.137142857132698 0 0
-3.236734693867673 0 0
-3.336326530602651 0 0
-3.435918367337628 0 0
-3.535510204072605 0 0
-3.635102040807311 0 0
-3.734693877541986 0 0
-3.834285714276843 0 0
-3.93387755101182 0 0
-4.033469387746797 0 0
-4.133061224481775 0 0
-4.232653061216752 0 0
-4.332244897951728 0 0
-4.431836734686705 0 0
-4.531428571421682 0 0
-4.63102040815666 0 0
-4.730612244891637 0 0
-4.830204081626613 0 0
-4.92979591836159 0 0
-5.02938775509657 0 0
-5.128979591831545 0 0
-5.228571428566523 0 0
-5.3281632653015 0 0
-5.427755102036317 0 0
-5.527346938770991 0 0
-5.626938775505735 0 0
-5.726530612240714 0 0
-5.826122448975692 0 0
-5.925714285710669 0 0
-6.025306122445643 0 0
-6.124897959180622 0 0
-6.224489795915598 0 0
-6.324081632650577 0 0
-6.423673469385554 0 0
-6.523265306120528 0 0
-6.622857142855505 0 0
-6.722448979590483 0 0
-6.82204081632546 0 0
-6.921632653060438 0 0
-7.021224489795415 0 0
-7.120816326530392 0 0
-7.220408163265324 0 0
1 13 0 39
563
564
565
566
567
568
569
570
571
572
573
574
575
576
577
578
579
580
581
582
583
584
585
586
587
588
589
590
591
592
593
594
595
596
597
598
599
600
601
-3.45 -0.2999999999998395 0
-3.45 -0.3999999999996898 0
-3.45 -0.4999999999995401 0
-3.45 -0.5999999999993904 0
-3.45 -0.6999999999992406 0
-3.45 -0.7999999999989738 0
-3.45 -0.8999999999986852 0
-3.45 -0.9999999999983968 0
-3.45 -1.099999999998108 0
-3.45 -1.19999999999782 0
-3.45 -1.299999999997531 0
-3.45 -1.399999999997243 0
-3.45 -1.499999999996954 0
-3.45 -1.599999999996666 0
-3.45 -1.699999999996377 0
-3.45 -1.799999999996089 0
-3.45 -1.8999999999958 0
-3.45 -1.999999999995512 0
-3.45 -2.099999999995223 0
-3.45 -2.199999999994934 0
-3.45 -2.299999999995114 0
-3.45 -2.39999999999538 0
-3.45 -2.499999999995647 0
-3.45 -2.599999999995913 0
-3.45 -2.69999999999618 0
-3.45 -2.799999999996446 0
-3.45 -2.899999999996712 0
-3.45 -2.999999999996978 0
-3.45 -3.099999999997245 0
-3.45 -3.199999999997511 0
-3.45 -3.299999999997777 0
-3.45 -3.399999999998043 0
-3.45 -3.49999999999831 0
-3.45 -3.599999999998576 0
-3.45 -3.699999999998842 0
-3.45 -3.799999999999109 0
-3.45 -3.899999999999375 0
-3.45 -3.999999999999641 0
-3.45 -4.099999999999907 0
1 14 0 11
602
603
604
605
606
607
608
609
610
611
612
-3.349999999999971 -4.2 0
-3.25000000000026 -4.2 0
-3.150000000000694 -4.2 0
-3.050000000000723 -4.2 0
-2.950000000000723 -4.2 0
-2.850000000000694 -4.2 0
-2.750000000000665 -4.2 0
-2.650000000000666 -4.2 0
-2.550000000000434 -4.2 0
-2.450000000000116 -4.2 0
-2.349999999999971 -4.2 0
1 15 0 39
613
614
615
616
617
618
619
620
621
622
623
624
625
626
627
628
629
630
631
632
633
634
635
636
637
638
639
640
641
642
643
644
645
646
647
648
649
650
651
-2.25 -4.100000000000637 0
-2.25 -4.000000000001205 0
-2.25 -3.900000000000837 0
-2.25 -3.800000000000364 0
-2.25 -3.699999999999978 0
-2.25 -3.600000000000529 0
-2.25 -3.500000000001166 0
-2.25 -3.400000000001803 0
-2.25 -3.300000000002441 0
-2.25 -3.200000000003078 0
-2.25 -3.100000000003715 0
-2.25 -3.000000000004352 0
-2.25 -2.900000000004989 0
-2.25 -2.800000000005626 0
-2.25 -2.700000000006264 0
-2.25 -2.600000000006901 0
-2.25 -2.500000000007538 0
-2.25 -2.400000000008175 0
-2.25 -2.300000000008812 0
-2.25 -2.200000000009362 0
-2.25 -2.100000000008977 0
-2.25 -2.000000000008504 0
-2.25 -1.900000000008032 0
-2.25 -1.800000000007559 0
-2.25 -1.700000000007087 0
-2.25 -1.600000000006615 0
-2.25 -1.500000000006142 0
-2.25 -1.40000000000567 0
-2.25 -1.300000000005197 0
-2.25 -1.200000000004725 0
-2.25 -1.100000000004252 0
-2.25 -1.00000000000378 0
-2.25 -0.900000000003307 0
-2.25 -0.8000000000028344 0
-2.25 -0.7000000000023618 0
-2.25 -0.6000000000018897 0
-2.25 -0.5000000000014171 0
-2.25 -0.4000000000009454 0
-2.25 -0.3000000000004728 0
1 16 0 11
652
653
654
655
656
657
658
659
660
661
662
-2.350000000000029 -0.2 0
-2.44999999999974 -0.2 0
-2.549999999999306 -0.2 0
-2.649999999999277 -0.2 0
-2.749999999999277 -0.2 0
-2.849999999999306 -0.2 0
-2.949999999999335 -0.2 0
-3.049999999999335 -0.2 0
-3.149999999999566 -0.2 0
-3.249999999999885 -0.2 0
-3.350000000000029 -0.2 0
1 17 0 39
663
664
665
666
667
668
669
670
671
672
673
674
675
676
677
678
679
680
681
682
683
684
685
686
687
688
689
690
691
692
693
694
695
696
697
698
699
700
701
2.25 -0.2999999999998395 0
2.25 -0.3999999999996898 0
2.25 -0.4999999999995401 0
2.25 -0.5999999999993904 0
2.25 -0.6999999999992406 0
2.25 -0.7999999999989738 0
2.25 -0.8999999999986852 0
2.25 -0.9999999999983968 0
2.25 -1.099999999998108 0
2.25 -1.19999999999782 0
2.25 -1.299999999997531 0
2.25 -1.399999999997243 0
2.25 -1.499999999996954 0
2.25 -1.599999999996666 0
2.25 -1.699999999996377 0
2.25 -1.799999999996089 0
2.25 -1.8999999999958 0
2.25 -1.999999999995512 0
2.25 -2.099999999995223 0
2.25 -2.199999999994934 0
2.25 -2.299999999995114 0
2.25 -2.39999999999538 0
2.25 -2.499999999995647 0
2.25 -2.599999999995913 0
2.25 -2.69999999999618 0
2.25 -2.799999999996446 0
2.25 -2.899999999996712 0
2.25 -2.999999999996978 0
2.25 -3.099999999997245 0
2.25 -3.199999999997511 0
2.25 -3.299999999997777 0
2.25 -3.399999999998043 0
2.25 -3.49999999999831 0
2.25 -3.599999999998576 0
2.25 -3.699999999998842 0
2.25 -3.799999999999109 0
2.25 -3.899999999999375 0
2.25 -3.999999999999641 0
2.25 -4.099999999999907 0
1 18 0 11
702
703
704
705
706
707
708
709
710
711
712
2.350000000000029 -4.2 0
2.44999999999974 -4.2 0
2.549999999999306 -4.2 0
2.649999999999277 -4.2 0
2.749999999999277 -4.2 0
2.849999999999306 -4.2 0
2.949999999999335 -4.2 0
3.049999999999335 -4.2 0
3.149999999999566 -4.2 0
3.249999999999885 -4.2 0
3.350000000000029 -4.2 0
1 19 0 39
713
714
715
716
717
718
719
720
721
722
723
724
725
726
727
728
729
730
731
732
733
734
735
736
737
738
739
740
741
742
743
744
745
746
747
748
749
750
751
3.45 -4.100000000000637 0
3.45 -4.000000000001205 0
3.45 -3.900000000000837 0
3.45 -3.800000000000364 0
3.45 -3.699999999999978 0
3.45 -3.600000000000529 0
3.45 -3.500000000001166 0
3.45 -3.400000000001803 0
3.45 -3.300000000002441 0
3.45 -3.200000000003078 0
3.45 -3.100000000003715 0
3.45 -3.000000000004352 0
3.45 -2.900000000004989 0
3.45 -2.800000000005626 0
3.45 -2.700000000006264 0
3.45 -2.600000000006901 0
3.45 -2.500000000007538 0
3.45 -2.400000000008175 0
3.45 -2.300000000008812 0
3.45 -2.200000000009362 0
3.45 -2.100000000008977 0
3.45 -2.000000000008504 0
3.45 -1.900000000008032 0
3.45 -1.800000000007559 0
3.45 -1.700000000007087 0
3.45 -1.600000000006615 0
3.45 -1.500000000006142 0
3.45 -1.40000000000567 0
3.45 -1.300000000005197 0
3.45 -1.200000000004725 0
3.45 -1.100000000004252 0
3.45 -1.00000000000378 0
3.45 -0.900000000003307 0
3.45 -0.8000000000028344 0
3.45 -0.7000000000023618 0
3.45 -0.6000000000018897 0
3.45 -0.5000000000014171 0
3.45 -0.4000000000009454 0
3.45 -0.3000000000004728 0
1 20 0 11
752
753
754
755
756
757
758
759
760
761
762
3.349999999999971 -0.2 0
3.25000000000026 -0.2 0
3.150000000000694 -0.2 0
3.050000000000723 -0.2 0
2.950000000000723 -0.2 0
2.850000000000694 -0.2 0
2.750000000000665 -0.2 0
2.650000000000666 -0.2 0
2.550000000000434 -0.2 0
2.450000000000116 -0.2 0
2.349999999999971 -0.2 0
2 1 0 1849
763
764
765
766
767
768
769
770
771
772
773
774
775
776
777
778
779
780
781
782
783
784
785
786
787
788
789
790
791
792
793
794
795
796
797
798
799
800
801
802
803
804
805
806
807
808
809
810
811
812
813
814
815
816
817
818
819
820
821
822
823
824
825
826
827
828
829
830
831
832
833
834
835
836
837
838
839
840
841
842
843
844
845
846
847
848
849
850
851
852
853
854
855
856
857
858
859
860
861
862
863
864
865
866
867
868
869
870
871
872
873
874
875
876
877
878
879
880
881
882
883
884
885
886
887
888
889
890
891
892
893
894
895
896
897
898
899
900
901
902
903
904
905
906
907
908
909
910
911
912
913
914
915
916
917
918
919
920
921
922
923
924
925
926
927
928
929
930
931
932
933
934
935
936
937
938
939
940
941
942
943
944
945
946
947
948
949
950
951
952
953
954
955
956
957
958
959
960
961
962
963
964
965
966
967
968
969
970
971
972
973
974
975
976
977
978
979
980
981
982
983
984
985
986
987
988
989
990
991
992
993
994
995
996
997
998
999
1000
1001
1002
1003
1004
1005
1006
1007
1008
1009
1010
1011
1012
1013
1014
1015
1016
1017
1018
1019
1020
1021
1022
1023
1024
1025
1026
1027
1028
1029
1030
1031
1032
1033
1034
1035
1036
1037
1038
1039
1040
1041
1042
1043
1044
1045
1046
1047
1048
1049
1050
1051
1052
1053
1054
1055
1056
1057
1058
1059
1060
1061
1062
1063
1064
1065
1066
1067
1068
1069
1070
1071
1072
1073
1074
1075
1076
1077
1078
1079
1080
1081
1082
1083
1084
1085
1086
1087
1088
1089
1090
1091
1092
1093
1094
1095
1096
1097
1098
1099
1100
1101
1102
1103
1104
1105
1106
1107
1108
1109
1110
1111
1112
1113
1114
1115
1116
1117
1118
1119
1120
1121
1122
1123
1124
1125
1126
1127
1128
1129
1130
1131
1132
1133
1134
1135
1136
1137
1138
1139
1140
1141
1142
1143
1144
1145
1146
1147
1148
1149
1150
1151
1152
1153
1154
1155
1156
1157
1158
1159
1160
1161
1162
1163
1164
1165
1166
1167
1168
1169
1170
1171
1172
1173
1174
1175
1176
1177
1178
1179
1180
1181
1182
1183
1184
1185
1186
1187
1188
1189
1190
1191
1192
1193
1194
1195
1196
1197
1198
1199
1200
1201
1202
1203
1204
1205
1206
1207
1208
1209
1210
1211
1212
1213
1214
1215
1216
1217
1218
1219
1220
1221
1222
1223
1224
1225
1226
1227
1228
1229
1230
1231
1232
1233
1234
1235
1236
1237
1238
1239
1240
1241
1242
1243
1244
1245
1246
1247
1248
1249
1250
1251
1252
1253
1254
1255
1256
1257
1258
1259
1260
1261
1262
1263
1264
1265
1266
1267
1268
1269
1270
1271
1272
1273
1274
1275
1276
1277
1278
1279
1280
1281
1282
1283
1284
1285
1286
1287
1288
1289
1290
1291
1292
1293
1294
1295
1296
1297
1298
1299
1300
1301
1302
1303
1304
1305
1306
1307
1308
1309
1310
1311
1312
1313
1314
1315
1316
1317
1318
1319
1320
1321
1322
1323
1324
1325
1326
1327
1328
1329
1330
1331
1332
1333
1334
1335
1336
1337
1338
1339
1340
1341
1342
1343
1344
1345
1346
1347
1348
1349
1350
1351
1352
1353
1354
1355
1356
1357
1358
1359
1360
1361
1362
1363
1364
1365
1366
1367
1368
1369
1370
1371
1372
1373
1374
1375
1376
1377
1378
1379
1380
1381
1382
1383
1384
1385
1386
1387
1388
1389
1390
1391
1392
1393
1394
1395
1396
1397
1398
1399
1400
1401
1402
1403
1404
1405
1406
1407
1408
1409
1410
1411
1412
1413
1414
1415
1416
1417
1418
1419
1420
1421
1422
1423
1424
1425
1426
1427
1428
1429
1430
1431
1432
1433
1434
1435
1436
1437
1438
1439
1440
1441
1442
1443
1444
1445
1446
1447
1448
1449
1450
1451
1452
1453
1454
1455
1456
1457
1458
1459
1460
1461
1462
1463
1464
1465
1466
1467
1468
1469
1470
1471
1472
1473
1474
1475
1476
1477
1478
1479
1480
1481
1482
1483
1484
1485
1486
1487
1488
1489
1490
1491
1492
1493
1494
1495
1496
1497
1498
1499
1500
1501
1502
1503
1504
1505
1506
1507
1508
1509
1510
1511
1512
1513
1514
1515
1516
1517
1518
1519
1520
1521
1522
1523
1524
1525
1526
1527
1528
1529
1530
1531
1532
1533
1534
1535
1536
1537
1538
1539
1540
1541
1542
1543
1544
1545
1546
1547
1548
1549
1550
1551
1552
1553
1554
1555
1556
1557
1558
1559
1560
1561
1562
1563
1564
1565
1566
1567
1568
1569
1570
1571
1572
1573
1574
1575
1576
1577
1578
1579
1580
1581
1582
1583
1584
1585
1586
1587
1588
1589
1590
1591
1592
1593
1594
1595
1596
1597
1598
1599
1600
1601
1602
1603
1604
1605
1606
1607
1608
1609
1610
1611
1612
1613
1614
1615
1616
1617
1618
1619
1620
1621
1622
1623
1624
1625
1626
1627
1628
1629
1630
1631
1632
1633
1634
1635
1636
1637
1638
1639
1640
1641
1642
1643
1644
1645
1646
1647
1648
1649
1650
1651
1652
1653
1654
1655
1656
1657
1658
1659
1660
1661
1662
1663
1664
1665
1666
1667
1668
1669
1670
1671
1672
1673
1674
1675
1676
1677
1678
1679
1680
1681
1682
1683
1684
1685
1686
1687
1688
1689
1690
1691
1692
1693
1694
1695
1696
1697
1698
1699
1700
1701
1702
1703
1704
1705
1706
1707
1708
1709
1710
1711
1712
1713
1714
1715
1716
1717
1718
1719
1720
1721
1722
1723
1724
1725
1726
1727
1728
1729
1730
1731
1732
1733
1734
1735
1736
1737
1738
1739
1740
1741
1742
1743
1744
1745
1746
1747
1748
1749
1750
1751
1752
1753
1754
1755
1756
1757
1758
1759
1760
1761
1762
1763
1764
1765
1766
1767
1768
1769
1770
1771
1772
1773
1774
1775
1776
1777
1778
1779
1780
1781
1782
1783
1784
1785
1786
1787
1788
1789
1790
1791
1792
1793
1794
1795
1796
1797
1798
1799
1800
1801
1802
1803
1804
1805
1806
1807
1808
1809
1810
1811
1812
1813
1814
1815
1816
1817
1818
1819
1820
1821
1822
1823
1824
1825
1826
1827
1828
1829
1830
1831
1832
1833
1834
1835
1836
1837
1838
1839
1840
1841
1842
1843
1844
1845
1846
1847
1848
1849
1850
1851
1852
1853
1854
1855
1856
1857
1858
1859
1860
1861
1862
1863
1864
1865
1866
1867
1868
1869
1870
1871
1872
1873
1874
1875
1876
1877
1878
1879
1880
1881
1882
1883
1884
1885
1886
1887
1888
1889
1890
1891
1892
1893
1894
1895
1896
1897
1898
1899
1900
1901
1902
1903
1904
1905
1906
1907
1908
1909
1910
1911
1912
1913
1914
1915
1916
1917
1918
1919
1920
1921
1922
1923
1924
1925
1926
1927
1928
1929
1930
1931
1932
1933
1934
1935
1936
1937
1938
1939
1940
1941
1942
1943
1944
1945
1946
1947
1948
1949
1950
1951
1952
1953
1954
1955
1956
1957
1958
1959
1960
1961
1962
1963
1964
1965
1966
1967
1968
1969
1970
1971
1972
1973
1974
1975
1976
1977
1978
1979
1980
1981
1982
1983
1984
1985
1986
1987
1988
1989
1990
1991
1992
1993
1994
1995
1996
1997
1998
1999
2000
2001
2002
2003
2004
2005
2006
2007
2008
2009
2010
2011
2012
2013
2014
2015
2016
2017
2018
2019
2020
2021
2022
2023
2024
2025
2026
2027
2028
2029
2030
2031
2032
2033
2034
2035
2036
2037
2038
2039
2040
2041
2042
2043
2044
2045
2046
2047
2048
2049
2050
2051
2052
2053
2054
2055
2056
2057
2058
2059
2060
2061
2062
2063
2064
2065
2066
2067
2068
2069
2070
2071
2072
2073
2074
2075
2076
2077
2078
2079
2080
2081
2082
2083
2084
2085
2086
2087
2088
2089
2090
2091
2092
2093
2094
2095
2096
2097
2098
2099
2100
2101
2102
2103
2104
2105
2106
2107
2108
2109
2110
2111
2112
2113
2114
2115
2116
2117
2118
2119
2120
2121
2122
2123
2124
2125
2126
2127
2128
2129
2130
2131
2132
2133
2134
2135
2136
2137
2138
2139
2140
2141
2142
2143
2144
2145
2146
2147
2148
2149
2150
2151
2152
2153
2154
2155
2156
2157
2158
2159
2160
2161
2162
2163
2164
2165
2166
2167
2168
2169
2170
2171
2172
2173
2174
2175
2176
2177
2178
2179
2180
2181
2182
2183
2184
2185
2186
2187
2188
2189
2190
2191
2192
2193
2194
2195
2196
2197
2198
2199
2200
2201
2202
2203
2204
2205
2206
2207
2208
2209
2210
2211
2212
2213
2214
2215
2216
2217
2218
2219
2220
2221
2222
2223
2224
2225
2226
2227
2228
2229
2230
2231
2232
2233
2234
2235
2236
2237
2238
2239
2240
2241
2242
2243
2244
2245
2246
2247
2248
2249
2250
2251
2252
2253
2254
2255
2256
2257
2258
2259
2260
2261
2262
2263
2264
2265
2266
2267
2268
2269
2270
2271
2272
2273
2274
2275
2276
2277
2278
2279
2280
2281
2282
2283
2284
2285
2286
2287
2288
2289
2290
2291
2292
2293
2294
2295
2296
2297
2298
2299
2300
2301
2302
2303
2304
2305
2306
2307
2308
2309
2310
2311
2312
2313
2314
2315
2316
2317
2318
2319
2320
2321
2322
2323
2324
2325
2326
2327
2328
2329
2330
2331
2332
2333
2334
2335
2336
2337
2338
2339
2340
2341
2342
2343
2344
2345
2346
2347
2348
2349
2350
2351
2352
2353
2354
2355
2356
2357
2358
2359
2360
2361
2362
2363
2364
2365
2366
2367
2368
2369
2370
2371
2372
2373
2374
2375
2376
2377
2378
2379
2380
2381
2382
2383
2384
2385
2386
2387
2388
2389
2390
2391
2392
2393
2394
2395
2396
2397
2398
2399
2400
2401
2402
2403
2404
2405
2406
2407
2408
2409
2410
2411
2412
2413
2414
2415
2416
2417
2418
2419
2420
2421
2422
2423
2424
2425
2426
2427
2428
2429
2430
2431
2432
2433
2434
2435
2436
2437
2438
2439
2440
2441
2442
2443
2444
2445
2446
2447
2448
2449
2450
2451
2452
2453
2454
2455
2456
2457
2458
2459
2460
2461
2462
2463
2464
2465
2466
2467
2468
2469
2470
2471
2472
2473
2474
2475
2476
2477
2478
2479
2480
2481
2482
2483
2484
2485
2486
2487
2488
2489
2490
2491
2492
2493
2494
2495
2496
2497
2498
2499
2500
2501
2502
2503
2504
2505
2506
2507
2508
2509
2510
2511
2512
2513
2514
2515
2516
2517
2518
2519
2520
2521
2522
2523
2524
2525
2526
2527
2528
2529
2530
2531
2532
2533
2534
2535
2536
2537
2538
2539
2540
2541
2542
2543
2544
2545
2546
2547
2548
2549
2550
2551
2552
2553
2554
2555
2556
2557
2558
2559
2560
2561
2562
2563
2564
2565
2566
2567
2568
2569
2570
2571
2572
2573
2574
2575
2576
2577
2578
2579
2580
2581
2582
2583
2584
2585
2586
2587
2588
2589
2590
2591
2592
2593
2594
2595
2596
2597
2598
2599
2600
2601
2602
2603
2604
2605
2606
2607
2608
2609
2610
2611
-1.931144629699596 -5.477737993414956 0
3.768855370300319 -5.477737993414765 0
-3.764466459729341 -5.187664062496707 0
1.935533540270659 -5.187664062496707 0
2.799999999990364 -6.434397459622552 0
-2.900000000009719 -6.434397459622409 0
-2.800466051844901 -4.286778786147967 0
2.899533948155045 -4.286778786147963 0
1.939766837863151 -5.580028408111891 0
-3.760233162137101 -5.580028408112033 0
3.771568374775575 -5.091336979948439 0
-1.928431625224359 -5.09133697994849 0
3.204559685892626 -6.423230309551857 0
-2.495420240196066 -6.423225754165976 0
-3.200087257375421 -4.286595022768098 0
2.499912742624582 -4.286595022768092 0
3.772255943857085 -5.880450561694337 0
-1.927744056142872 -5.880450561694399 0
2.399999999995091 -6.434397459622589 0
-3.300000000005652 -6.434397459622447 0
-2.404083336579609 -4.284238120131007 0
3.295916663420356 -4.284238120130987 0
1.938601205016101 -4.891517200838025 0
-3.76139879498409 -4.891517200838081 0
1.920294157821804 -5.88504112913358 0
-3.779705842178608 -5.885041129133603 0
-1.934884503213808 -4.788193159720791 0
3.765115496786033 -4.788193159720633 0
-3.766158960991796 -4.595716007335337 0
1.933841039008229 -4.595716007335331 0
3.511740586022736 -6.436800459078106 0
-2.188259413976471 -6.436800459078214 0
1.92807485332723 -6.188657606676111 0
-3.771925146673253 -6.18865760667628 0
3.772492855457885 -4.497052163630547 0
-1.927507144541995 -4.497052163630558 0
3.76870830779321 -6.167962343978656 0
-1.931291692206714 -6.167962343978914 0
-3.4905104338737 -6.423754963893387 0
-3.100000000007707 -6.434397459622447 0
2.209489566127368 -6.423754963893028 0
2.599999999992706 -6.434397459622589 0
-3.400064090472471 -4.286517053208112 0
2.299935909527536 -4.286517053208107 0
-2.698704484238289 -6.434541918473272 0
3.000919655467459 -6.43449999871226 0
-3.000302874709845 -4.286740681828923 0
2.699697125290116 -4.286740681828945 0
3.099070908715974 -4.286546074263713 0
-2.600929091283928 -4.286546074263756 0
1.94542952942711 -5.394824839933299 0
-3.754570470573161 -5.394824839933422 0
-1.93061809039266 -5.685932016107406 0
3.76938190960732 -5.685932016107341 0
-1.92995713418991 -5.284594403285038 0
3.770042865810034 -5.284594403284983 0
1.943753982306514 -4.388442937689543 0
-3.756246017693483 -4.388442937689532 0
3.769204094830722 -4.30267510335945 0
-1.930795905169279 -4.302675103359451 0
-3.764364727127278 -0.2494300805745448 0
1.935638952244259 -0.2494317948694409 0
-1.93563895224457 -0.2494317948697181 0
3.76436472712699 -0.2494300805748045 0
-3.76296060960869 -0.4518287533737003 0
1.937023178925464 -0.4517962543868977 0
-1.936189544642069 -0.452603322032359 0
3.763810455357928 -0.4526033220323634 0
1.931366231149559 -0.6464932576342675 0
-3.768592556645991 -0.6465341717224424 0
3.769449354283783 -0.6472233455397017 0
-1.93055064571621 -0.6472233455397012 0
-3.76890732243129 -0.8448642391609834 0
1.931042341951043 -0.8448636637347249 0
3.76943522097681 -0.8458128664715451 0
-1.930564779023184 -0.8458128664715466 0
-3.76923734261391 -1.043462723442713 0
1.930736537759248 -1.0434731956279 0
3.769414847126134 -1.044402446250677 0
-1.930585152873863 -1.04440244625068 0
-3.769379142264708 -1.24212816013011 0
1.930614897033364 -1.242136224574919 0
-1.93061173770397 -1.242992099543969 0
3.769388262296032 -1.24299209954397 0
-3.775108982879352 -1.422623772944778 0
1.924891824754886 -1.422627619465329 0
3.777657024165615 -1.42876959674552 0
-1.922342975834385 -1.428769596745519 0
-3.764466459729642 -1.632101562496908 0
1.935533540270358 -1.632101562496908 0
3.764466459729334 -1.632101562503611 0
-1.935533540270666 -1.632101562503612 0
-3.764466459729586 -1.829632812496434 0
1.935533540270414 -1.829632812496434 0
3.764466459729183 -1.829632812504261 0
-1.935533540270817 -1.829632812504261 0
-3.768877290326341 -2.02171932513477 0
1.931122709673661 -2.02171932513477 0
3.764466459729333 -2.027164062504913 0
-1.935533540270667 -2.027164062504913 0
-3.767215900299242 -2.21660951086622 0
1.93278409970076 -2.216609510866219 0
3.764466459729034 -2.224695312505476 0
-1.935533540270966 -2.224695312505476 0
-3.767322293381766 -2.41466992801513 0
1.932677706618236 -2.414669928015134 0
-1.935533540270853 -2.422226562506214 0
3.764466459729147 -2.422226562506215 0
3.764466459729221 -2.619757812506604 0
-1.935533540270779 -2.619757812506604 0
-3.767509810878407 -2.61270343919756 0
1.932490189121596 -2.612703439197562 0
3.769516267925095 -2.814405505794923 0
-1.930483732074907 -2.81440550579492 0
-3.769654837265668 -2.814268775182156 0
1.930345162734333 -2.814268775182159 0
3.769514083296615 -3.012344614509005 0
-1.930485916703385 -3.012344614509008 0
-3.769627114900248 -3.01207845366752 0
1.930372885099755 -3.01207845366752 0
3.769511999496441 -3.210287061967514 0
-1.930488000503558 -3.210287061967517 0
-3.769634694468227 -3.210033787161148 0
1.930365305531772 -3.210033787161154 0
3.769502087216742 -3.408240263050794 0
-1.93049791278326 -3.408240263050795 0
-3.764466459729342 -3.409882812492015 0
1.935533540270658 -3.409882812492015 0
-1.935533540270403 -3.607414062507948 0
3.764466459729597 -3.607414062507949 0
-3.764466459729192 -3.607414062492516 0
1.935533540270809 -3.607414062492516 0
3.764466459729635 -3.804945312507471 0
-1.935533540270365 -3.804945312507471 0
-3.764466459729117 -3.804945312492976 0
1.935533540270884 -3.804945312492977 0
-1.935533540270366 -4.002476562506865 0
3.764466459729634 -4.002476562506865 0
-3.773255441018711 -3.999953150751177 0
1.926744558981293 -3.999953150751181 0
-3.76154296797788 -4.200231336413187 0
1.938457032022119 -4.200231336413194 0
-2.163448005313287 -4.150107835389499 0
3.536551994686718 -4.1501078353895 0
2.200147675513262 -4.290982317754519 0
2.249981395201682 -4.373651702837299 0
-3.499852324486737 -4.290982317754515 0
-3.450018604798327 -4.373651702837303 0
-2.162731656724261 -4.254209762668962 0
3.537268343275643 -4.254209762668918 0
-3.538987703004502 -0.3394890388260932 0
2.161012314172524 -0.3394340402924577 0
-2.161189700439928 -0.3427801518671155 0
3.538813623129145 -0.3427781790363045 0
-3.536552585632926 -0.5498923097897076 0
2.163417674344773 -0.5498280745174722 0
-2.162565133491117 -0.5503718062867845 0
3.537434866508879 -0.5503718062867845 0
2.163059079703393 -0.7495693484446139 0
-3.536866087363932 -0.7495883450664361 0
-2.162565140983382 -0.7503718027737381 0
3.537434859016611 -0.7503718027737379 0
-3.537177474447445 -0.9496151135431936 0
2.162787431526044 -0.9496119874979894 0
3.53743486708033 -0.950371798146336 0
-2.162565132919664 -0.9503717981463367 0
2.162571335595296 -1.149597964467413 0
-3.537416821399227 -1.149596595850635 0
3.537434916483638 -1.150371797999648 0
-2.162565083516363 -1.150371797999648 0
2.162508330478607 -1.349609476915038 0
-3.537492301694151 -1.349607563173721 0
3.537435024351022 -1.350371814298792 0
-2.162564975648978 -1.350371814298791 0
-3.537484022172795 -1.549621096696579 0
2.162519742380494 -1.549622187355239 0
-2.162564854911354 -1.550371860021229 0
3.537435145088646 -1.550371860021229 0
-3.537221002208065 -1.7496340141149 0
2.162781330858823 -1.749634388126088 0
-2.162564909534141 -1.75037192795651 0
3.537435090465858 -1.750371927956509 0
-3.536639401606083 -1.949972262891696 0
2.163360598393915 -1.949972262891694 0
-2.16256549682763 -1.950371951265425 0
3.537434503172371 -1.950371951265425 0
-3.536647339625025 -2.150253848123347 0
2.163352660374971 -2.150253848123347 0
3.537433072025646 -2.150371770656597 0
-2.162566927974358 -2.150371770656598 0
-2.162568775754185 -2.350371185768492 0
3.537431224245819 -2.350371185768492 0
-3.53655258563321 -2.349892309785433 0
2.163447414366792 -2.349892309785434 0
-2.162568732186925 -2.550370216126451 0
3.537431267813083 -2.550370216126451 0
-3.536866087364482 -2.549588345062871 0
2.163133912635525 -2.549588345062872 0
-2.162561941550217 -2.750369639023127 0
3.537438058449788 -2.750369639023127 0
-3.537177474448264 -2.749615113540731 0
2.16282252555174 -2.749615113540732 0
-2.162543270992242 -2.950371538809581 0
3.537456729007761 -2.95037153880958 0
-3.537416821400202 -2.949596595849287 0
2.1625831785998 -2.949596595849287 0
-2.162515987564099 -3.150378890578625 0
3.537484012435903 -3.150378890578624 0
-3.537492301695139 -3.149607563173507 0
2.16250769830486 -3.149607563173507 0
-2.162507631573876 -3.350392425840678 0
3.537492368426125 -3.350392425840678 0
-3.537484022173734 -3.349621096697522 0
2.162515977826266 -3.349621096697522 0
3.537417042074821 -3.550403419676797 0
-2.162582957925186 -3.550403419676797 0
-3.537456754979632 -3.549628454460028 0
2.162543245020367 -3.549628454460028 0
-2.162822155428251 -3.750384969264536 0
3.537177844571755 -3.750384969264535 0
-3.537438075720121 -3.749630359333444 0
2.162561924279881 -3.749630359333444 0
-2.163133608048061 -3.950411896710785 0
3.536866391951954 -3.950411896710787 0
-3.537431414565131 -3.949629532000294 0
2.162568585434872 -3.949629532000295 0
-3.542102678228981 -4.146444042734879 0
2.157897321771013 -4.146444042734886 0
-2.086076518920199 -0.09380857964518075 0
2.086076518940393 -0.09380857964412073 0
2.150297626569904 -4.372951512662493 0
2.200915936528751 -4.458866292886694 0
2.299787408440911 -4.459275397472668 0
2.250023091525813 -4.545358013021484 0
2.349432189790076 -4.545499498796447 0
2.29961709536741 -4.631583527968044 0
2.399038385559797 -4.631693519873426 0
2.349164860579185 -4.717784878487546 0
2.448496952371397 -4.717898612698493 0
2.398745757006821 -4.803879432769429 0
2.498025127369988 -4.80410120853849 0
2.44825607320929 -4.889963538791811 0
2.547655991531925 -4.890087628773663 0
2.497815071183537 -4.975946573362576 0
2.597172427883113 -4.975956096002449 0
2.547566218002404 -5.06175287192699 0
2.646707348929048 -5.061935115301961 0
2.597032347140103 -5.147666684649108 0
2.696213627612118 -5.147851211487723 0
2.646508128440373 -5.233591718682192 0
2.745686437844639 -5.233708905191482 0
2.695924975985414 -5.319549458216565 0
2.795415847633059 -5.147954567504778 0
2.795183187610589 -5.319666822155832 0
2.745310183569469 -5.405502578877358 0
2.844731945198362 -5.405575487540929 0
2.795055793334531 -5.49142298022788 0
2.894282928832723 -5.491545717306117 0
2.944037618739929 -5.405737920440857 0
2.844570845286405 -5.577436335892668 0
2.943833014639966 -5.577549780302982 0
2.745070372993758 -5.577307166436399 0
2.894103265094256 -5.663467062751069 0
2.993390279164717 -5.663575183994782 0
2.646758826988219 -4.890314669243419 0
2.596561167484291 -5.319447259997636 0
2.943653473838534 -5.749514444705453 0
3.04295582816086 -5.749604173216813 0
3.09266781524253 -5.663683547549316 0
3.142245724579243 -5.749694897532141 0
3.191961469777465 -5.663818447356666 0
3.09252573046306 -5.835638194658253 0
3.191835730087794 -5.835701747632482 0
2.44821309596901 -5.061848593106804 0
3.142128135810518 -5.921664130523269 0
3.241437057025113 -5.921717621867633 0
2.498211857190318 -4.632005279990256 0
2.348556123137398 -4.890339201496529 0
3.291119181401275 -5.835782191520668 0
3.340705969205868 -5.921755053645861 0
3.291043850169779 -6.007730570006399 0
2.844303186393323 -5.749421894676222 0
2.893879644181291 -5.835516710568851 0
2.794468594570631 -5.835431889234269 0
2.844073790343282 -5.921528150897314 0
2.744655454874231 -5.921444682893132 0
2.695021274898752 -5.835310212581533 0
2.64516126365744 -5.921333103869543 0
2.595597034347608 -5.835188624794954 0
2.545740967967769 -5.921182247176771 0
2.496222194017578 -5.835092213838577 0
2.446317949930111 -5.921075278144022 0
2.396890812175244 -5.834991411318567 0
2.346513465374285 -5.92103941393554 0
2.446633916438592 -5.74906621693169 0
2.347399854460113 -5.748978776896881 0
2.495334097416751 -6.00730328603276 0
2.397084998269038 -5.663117356999973 0
2.694567237843209 -6.007445217496088 0
3.390364646264001 -6.007745878785983 0
3.390338544692163 -5.835831084914106 0
3.340686859812947 -6.093743934351799 0
3.241357564007964 -6.09372467394237 0
2.29793378654224 -5.66300621979676 0
2.347580727285285 -5.577208863442268 0
2.249878207413497 -4.717687739846885 0
3.440028972542876 -6.093784618530447 0
2.248485396242178 -5.57709328480329 0
2.298105246643274 -5.491339866941688 0
2.247796133124422 -5.748974749965538 0
2.44686720898413 -5.577185526282619 0
3.142395677541374 -5.577823933887297 0
3.241658174448087 -5.578014970310111 0
3.192082003683468 -5.492030891290947 0
3.291188344120675 -5.492137874466423 0
3.241727228593753 -5.406284746951545 0
3.340788385516372 -5.406378458091122 0
3.29134225188437 -5.320570569504672 0
3.390360119212077 -5.492314875974198 0
3.390381327365193 -5.32066059697738 0
3.34095353432174 -5.234862894649797 0
3.241907281744553 -5.234749547202583 0
3.291539064759939 -5.149019145026049 0
3.192464348795469 -5.148901892786888 0
3.242097504707415 -5.063132348575113 0
3.341208721079012 -5.063252766246519 0
3.291761796952314 -4.977330927065598 0
3.192568700516017 -4.97721127944043 0
3.242285995250219 -4.891333225047569 0
3.142995134968615 -4.891219318001487 0
3.192763489739919 -4.805273026164764 0
3.09343239491858 -4.805156126979679 0
3.292099700508777 -4.805382904680176 0
3.242537623915532 -4.719291737854993 0
3.341916248154301 -4.719435444801659 0
3.390910838771373 -4.977470846418486 0
3.043670590417475 -4.891129674789246 0
2.994088677989097 -4.805060677743978 0
3.04382738899645 -4.719045496227088 0
2.944438645524977 -4.718942918186505 0
2.994216956451897 -4.632853849759573 0
2.894706647202734 -4.632757287999492 0
3.439968356928847 -5.2349799743685 0
3.292337022581305 -4.633306618576899 0
3.391707081309053 -4.633464209391402 0
3.441261041889157 -4.71951425154409 0
2.944360224088798 -4.891055740226544 0
2.994094810084698 -4.977064555381411 0
3.489378791709436 -5.320736390937263 0
3.491040059808713 -4.633592741745528 0
3.441507035547875 -4.547520810559836 0
3.489603880850197 -6.007749115904208 0
3.390313330263237 -6.179818322222645 0
3.489707920468653 -6.179828159280768 0
2.199048872436297 -5.491223567176181 0
2.248658202472138 -5.4054870436852 0
2.3477907840176 -5.405495873685847 0
2.298255296116065 -5.319752967702203 0
2.199229018686534 -5.319663351029952 0
2.248806872865716 -5.233975424829502 0
3.142836096061587 -5.234640157730749 0
3.538943039722051 -5.235092939123252 0
2.94457033025535 -4.546732164896977 0
2.845010919090677 -4.546674300206936 0
3.044058378046242 -4.546756465915712 0
2.795157505015262 -4.632713809984935 0
2.745448439426034 -4.546453202711708 0
3.540507673854536 -4.719623199173434 0
3.540846120389253 -4.54767448076451 0
2.14943842548406 -5.57694565319655 0
2.152444261648403 -4.545488348278569 0
2.149818036009226 -5.233893298913432 0
2.199379929811863 -5.148215058029641 0
-3.549702373430102 -4.372951512662486 0
-3.499084063471257 -4.458866292886691 0
-3.4002125915591 -4.459275397472672 0
-3.449976908474202 -4.545358013021482 0
-3.350567810209933 -4.545499498796445 0
-3.40038290463261 -4.631583527968044 0
-3.300961614440217 -4.631693519873427 0
-3.350835139420921 -4.717784878487596 0
-3.251503047628607 -4.717898612698496 0
-3.301254242993306 -4.80387943276949 0
-3.201974872630023 -4.804101208538465 0
-3.251743926790844 -4.889963538791875 0
-3.152344008468128 -4.890087628773656 0
-3.202184928816611 -4.97594657336265 0
-3.102827572116929 -4.975956096002474 0
-3.15243378199766 -5.061752871927026 0
-3.053292651070979 -5.061935115301976 0
-3.102967652859968 -5.14766668464915 0
-3.003786372387938 -5.147851211487762 0
-3.053491871559724 -5.233591718682258 0
-2.954313562155417 -5.233708905191558 0
-3.004075024014678 -5.319549458216662 0
-2.904584152366974 -5.147954567504847 0
-2.904816812389469 -5.319666822155927 0
-2.954689816430627 -5.40550257887749 0
-2.855268054801705 -5.405575487541064 0
-2.904944206665563 -5.491422980228039 0
-2.80571707116734 -5.491545717306289 0
-2.75596238126009 -5.405737920440998 0
-2.855429154713687 -5.577436335892867 0
-2.756166985360089 -5.577549780303195 0
-2.954929627006383 -5.577307166436603 0
-2.805896734905828 -5.66346706275132 0
-2.706609720835317 -5.663575183995048 0
-3.053241173011756 -4.890314669243351 0
-3.103438832515861 -5.319447259997727 0
-2.756346526161535 -5.74951444470576 0
-2.657044171839159 -5.749604173217138 0
-2.607332184757449 -5.663683547549607 0
-2.557754275420722 -5.749694897532494 0
-2.508038530222433 -5.663818447357007 0
-2.607474269536959 -5.835638194658642 0
-2.508164269912169 -5.835701747632902 0
-3.251786904031145 -5.061848593106873 0
-2.557871864189506 -5.921664130523726 0
-2.458562942974848 -5.921717621868121 0
-3.201788142809638 -4.632005279990224 0
-3.35144387686299 -4.890339201496695 0
-2.408880818598624 -5.835782191521127 0
-2.359294030794033 -5.921755053646391 0
-2.408956149830189 -6.007730570006959 0
-2.855696813606797 -5.749421894676525 0
-2.806120355818811 -5.83551671056921 0
-2.905531405429529 -5.835431889234638 0
-2.855926209656867 -5.921528150897718 0
-2.955344545125977 -5.921444682893544 0
-3.004978725101482 -5.835310212581897 0
-3.054838736342865 -5.921333103869959 0
-3.104402965652707 -5.83518862479531 0
-3.154259032032615 -5.921182247177183 0
-3.203777805982809 -5.835092213838932 0
-3.253682050070374 -5.92107527814445 0
-3.303109187825216 -5.834991411318934 0
-3.353486534626411 -5.921039413935961 0
-3.253366083561828 -5.749066216932004 0
-3.352600145540368 -5.748978776897209 0
-3.204665902583881 -6.007303286033251 0
-3.302915001731421 -5.66311735700024 0
-3.005432762157158 -6.007445217496537 0
-2.309635353735901 -6.007745878786587 0
-2.309661455307686 -5.835831084914602 0
-2.359313140187031 -6.093743934352441 0
-2.45864243599208 -6.093724673942969 0
-3.402066213458259 -5.663006219797041 0
-3.352419272715211 -5.577208863442512 0
-3.45012179258653 -4.717687739846883 0
-2.259971027457039 -6.09378461853114 0
-3.451514603758344 -5.577093284803543 0
-3.401894753357248 -5.491339866941914 0
-3.452203866876205 -5.748974749965875 0
-3.253132791016265 -5.577185526282831 0
-2.557604322458549 -5.577823933887563 0
-2.458341825551758 -5.57801497031044 0
-2.507917996316409 -5.492030891291198 0
-2.408811655879171 -5.492137874466702 0
-2.458272771406085 -5.406284746951787 0
-2.359211614483439 -5.406378458091393 0
-2.408657748115435 -5.320570569504913 0
-2.309639880787703 -5.492314875974531 0
-2.309618672634588 -5.320660596977645 0
-2.359046465678033 -5.234862894650035 0
-2.458092718255237 -5.234749547202793 0
-2.408460935239819 -5.149019145026262 0
-2.507535651204303 -5.148901892787068 0
-2.457902495292323 -5.063132348575296 0
-2.358791278920715 -5.063252766246732 0
-2.408238203047389 -4.977330927065786 0
-2.507431299483694 -4.977211279440583 0
-2.457714004749453 -4.891333225047733 0
-2.557004865031064 -4.891219318001612 0
-2.507236510259721 -4.805273026164903 0
-2.606567605081066 -4.805156126979776 0
-2.40790029949086 -4.805382904680348 0
-2.457462376084072 -4.719291737855146 0
-2.358083751845295 -4.719435444801854 0
-2.309089161228321 -4.977470846418699 0
-2.65632940958221 -4.891129674789327 0
-2.705911322010556 -4.805060677744031 0
-2.656172611003159 -4.71904549622716 0
-2.755561354474636 -4.718942918186527 0
-2.705783043547668 -4.63285384975962 0
-2.805293352796836 -4.632757287999484 0
-2.260031643070914 -5.234979974368759 0
-2.407662977418261 -4.633306618577069 0
-2.308292918690507 -4.633464209391605 0
-2.258738958110436 -4.719514251544314 0
-2.755639775910899 -4.891055740226588 0
-2.705905189915026 -4.977064555381486 0
-2.210621208290329 -5.320736390937548 0
-2.208959940190842 -4.633592741745777 0
-2.258492964451641 -4.547520810560057 0
-2.210396119149653 -6.007749115904859 0
-2.309686669736747 -6.179818322223381 0
-2.210292079531255 -6.179828159281549 0
-3.500951127564246 -5.49122356717641 0
-3.451341797528395 -5.405487043685402 0
-3.35220921598288 -5.40549587368604 0
-3.401744703884455 -5.319752967702391 0
-3.500770981314004 -5.319663351030133 0
-3.45119312713481 -5.233975424829675 0
-2.557163903938229 -5.234640157730933 0
-2.161056960277694 -5.235092939123531 0
-2.755429669744167 -4.54673216489697 0
-2.854989080908842 -4.546674300206869 0
-2.655941621953275 -4.546756465915781 0
-2.904842494984314 -4.632713809984859 0
-2.954551560573488 -4.546453202711602 0
-2.159492326145052 -4.719623199173699 0
-2.159153879610259 -4.547674480764785 0
-3.550561574516483 -5.576945653196814 0
-3.547555738351607 -4.545488348278562 0
-3.550181963991312 -5.233893298913594 0
-3.500620070188664 -5.148215058029802 0
2.003945062973099 -6.436755327003862 0
3.702732507471518 -6.439392209380422 0
-3.696054937027944 -6.436755327003937 0
-1.997267492527638 -6.439392209380759 0
-2.208671798213612 -4.46368771568401 0
3.491328201785855 -4.463687715683779 0
-3.351938652124241 -5.234033738364541 0
2.34806134787621 -5.234033738364363 0
3.490660922516235 -4.805600239176528 0
-2.20933907748339 -4.805600239176775 0
-3.300434960501173 -4.459340386711816 0
2.399565039498836 -4.459340386711814 0
-2.359215622821856 -5.749916278774764 0
-2.26006040872008 -5.749996150905717 0
3.340784377177966 -5.749916278774316 0
3.439939591279709 -5.749996150905244 0
-2.21053748194752 -5.83584316300094 0
-2.160974880189257 -5.750039352065515 0
-2.210462773909708 -5.664244302718431 0
3.489462518052279 -5.835843163000417 0
3.539025119810506 -5.750039352065009 0
3.489537226090028 -5.664244302717973 0
-3.05459691342439 -5.749186996048422 0
2.645403086575858 -5.749186996048121 0
-2.606624187837015 -5.148793354909989 0
3.093375812162771 -5.148793354909837 0
-2.25964379373993 -5.063381770861105 0
-2.20998147096982 -4.977635446588963 0
-2.160589148296129 -5.063513438974704 0
-2.110935467125008 -4.977811723364834 0
3.440356206259779 -5.063381770860876 0
3.490018529029864 -4.977635446588721 0
3.539410851703571 -5.063513438974455 0
3.589064532874676 -4.977811723364574 0
-2.557432311663534 -5.406135286871249 0
3.142567688336356 -5.406135286871034 0
3.042780833649102 -5.921633370544445 0
-2.657219166350977 -5.921633370544875 0
-2.308045103266056 -4.461398947598449 0
3.39195489673341 -4.461398947598263 0
3.092379161911786 -6.007730281957104 0
-2.607620838088307 -6.007730281957612 0
-2.656276405726382 -5.23449143006792 0
3.043723594273453 -5.234491430067775 0
2.99296182255647 -6.007677723409706 0
3.042616894116856 -6.093876871045119 0
2.943119972739851 -6.093839935573524 0
2.992826610699086 -6.178502340605722 0
2.89319387231993 -6.17977300498919 0
3.092419373565361 -6.179196619306872 0
-2.707038177443702 -6.007677723410175 0
-2.65738310588331 -6.093876871045687 0
-2.756880027260392 -6.093839935574064 0
-2.707173389489994 -6.178502729580137 0
-2.806806127711887 -6.179773069818769 0
-2.607580628600877 -6.179196341265549 0
-2.705765495949139 -5.148697295537366 0
2.994234504050661 -5.148697295537252 0
-2.805089461634339 -4.976991073604041 0
-2.854983056606275 -4.890925348989327 0
2.894910538365419 -4.976991073604001 0
2.845016943393484 -4.890925348989343 0
-3.004209776527433 -4.632718326310492 0
-2.954511319659431 -4.718772303642073 0
2.695790223472183 -4.63271832631065 0
2.74548868034024 -4.718772303642162 0
-2.90391809371682 -4.460359598516852 0
-3.004169469473704 -4.460280064535553 0
2.796081906282744 -4.460359598516963 0
2.695830530525793 -4.460280064535713 0
-2.705141515766301 -4.460780796552434 0
-2.605009144119704 -4.460600465008438 0
2.994858484233206 -4.460780796552446 0
3.09499085587988 -4.460600465008407 0
3.582385213348459 -0.08217364763479557 0
-3.582385213334013 -0.08217364763270861 0
3.58720363040965 -5.321474108239041 0
3.538718825203909 -5.406758286704104 0
-2.112796369590112 -5.32147410823934 0
-2.161281174795816 -5.406758286704453 0
2.100037765371868 -5.491127783977839 0
-3.599962234628697 -5.491127783978087 0
3.590689957237675 -4.461775050864479 0
-2.109310042761791 -4.46177505086478 0
3.586955576571615 -5.663368888780719 0
-2.113044423428137 -5.663368888781196 0
2.100535014867319 -4.291883049117292 0
-3.599464985132675 -4.291883049117273 0
2.10213423886689 -5.14714193698391 0
2.150230693035209 -5.06227130415408 0
2.249003535762192 -5.062501915576489 0
2.199541274248645 -4.976684151354906 0
2.051545426835885 -5.061986025766314 0
-3.597865761133602 -5.14714193698403 0
-3.549769306965304 -5.062271304154227 0
-3.450996464238325 -5.062501915576645 0
-3.500458725751866 -4.976684151355058 0
-3.648454573164558 -5.061986025766416 0
3.58791314467897 -4.807015421269117 0
-2.11208685532068 -4.807015421269403 0
3.587743708226719 -5.83538842010809 0
-2.112256291773072 -5.83538842010864 0
-2.079592430030561 -4.200671365167265 0
3.620407569969427 -4.200671365167257 0
3.439969850571815 -6.264472713041062 0
3.539419489523548 -6.264206906344634 0
3.34047245608488 -6.265691644345047 0
3.587176530021281 -6.180644825712994 0
3.639422486663643 -6.267341612207701 0
-2.260030149428165 -6.264472713041807 0
-2.160580510476355 -6.264206906345366 0
-2.359527543915194 -6.265691644345827 0
-2.112823469978594 -6.180644825713786 0
-2.060577513336257 -6.267341612208374 0
2.939368267051402 -6.262398101883211 0
2.842676317527339 -6.264022007564925 0
2.793471631619012 -6.179547435978082 0
2.743454287881779 -6.264193986195228 0
2.693832902410649 -6.179469691225212 0
2.643834032587901 -6.264158987206739 0
2.594077851506001 -6.179436878335588 0
2.544142336356989 -6.264074486799985 0
2.494382968115324 -6.179371731501091 0
2.444473237406768 -6.263999861762949 0
2.394748665103698 -6.179224101106701 0
2.344857316708701 -6.263872048619747 0
2.295168863856802 -6.179164194422373 0
2.249704429072449 -6.262780933357967 0
2.196428037754852 -6.178967327898086 0
2.148209380209938 -6.273330635363076 0
2.245911368912702 -6.093141614104402 0
2.146104899534008 -6.093405019284005 0
2.196192690279748 -6.007304597190558 0
2.096695638706967 -6.00744539248827 0
2.146327822086783 -5.921614360583658 0
-2.760628434478555 -6.262400472193208 0
-2.857323132733283 -6.26402241342191 0
-2.906528276763382 -6.179547514426226 0
-2.956545605225786 -6.264194066913132 0
-3.006167064504749 -6.179469717753272 0
-3.056165944083062 -6.264159005081443 0
-3.105922139092238 -6.179436885736448 0
-3.155857658188426 -6.264074491012957 0
-3.205617029409205 -6.179371733437135 0
-3.25552676127218 -6.263999862788165 0
-3.305251334264206 -6.179224101600621 0
-3.355142682966467 -6.263872048873322 0
-3.404831135984439 -6.179164194547351 0
-3.450295570847692 -6.262780933421551 0
-3.503571962206174 -6.178967327929925 0
-3.551790619773916 -6.27333063537706 0
-3.454088631055028 -6.093141614130847 0
-3.553895100467197 -6.093405019284582 0
-3.503807309715797 -6.007304597195362 0
-3.603304361293331 -6.007445392489528 0
-3.553672177913333 -5.92161436058499 0
2.102216690740358 -5.320773586147364 0
-3.597783309260165 -5.320773586147575 0
-2.079992013664163 -4.100652101675951 0
3.620007986335847 -4.100652101675954 0
-2.161183390730551 -5.578345553784308 0
3.538816609269144 -5.578345553783851 0
-2.755564754643361 -5.23431740680366 0
2.944435245356518 -5.23431740680356 0
-2.250477332060335 -4.307548289989994 0
3.44952266793949 -4.307548289989927 0
3.192892787379227 -4.633152532820334 0
3.242756464223715 -4.547201114154161 0
-2.507107212620344 -4.633152532820465 0
-2.457243535775826 -4.547201114154285 0
-2.904394979253551 -4.976638609586436 0
2.795605020746344 -4.976638609586468 0
-3.053453781982835 -4.718701167299481 0
2.646546218016967 -4.718701167299626 0
3.632665382088826 -4.725137466770888 0
-2.067334617910818 -4.725137466771152 0
3.615727089354489 -4.304956668143952 0
-2.084272910645335 -4.304956668144081 0
-2.061016151706098 -5.579181228813505 0
3.638983848293694 -5.579181228813104 0
-3.759400385161679 -0.164025279733425 0
-3.682160191173229 -0.2012076601516281 0
-3.680173444101263 -0.297199847039358 0
3.75940038516473 -0.1640252797330767 0
3.682160191177829 -0.2012076601509925 0
3.680291334531568 -0.2973931987295551 0
-1.936981021585196 -0.1589140224686994 0
1.936981021586967 -0.1589140224705559 0
3.629885346226033 -5.412753603983226 0
-2.0701146537737 -5.412753603983656 0
3.631228928846703 -5.235655830916961 0
-2.068771071153091 -5.23565583091719 0
-2.309790131841295 -6.352175854785403 0
3.390209868158764 -6.352175854784491 0
2.029789207925559 -0.1855760493503715 0
2.021293460235375 -0.2991583652656334 0
-2.029789207915987 -0.1855760493495293 0
-2.021293460235991 -0.2991583652661174 0
3.634881088821995 -4.545728552452011 0
-2.065118911177593 -4.545728552452216 0
-2.004902986125471 -4.150591544501419 0
3.695097013874532 -4.150591544501417 0
2.047790528339123 -6.089193319984568 0
2.00355153823519 -6.002083814180065 0
-3.652209471661708 -6.089193319985204 0
-3.696448461765531 -6.002083814180598 0
2.297850582289743 -6.354281486048603 0
-3.402149417690076 -6.354281486065704 0
2.494204352696011 -6.352325825269632 0
-3.20579564730479 -6.352325825270425 0
3.632316729484235 -5.060200038517273 0
3.680225254019792 -4.97651013961821 0
-2.067683270515527 -5.060200038517499 0
-2.019774745979961 -4.976510139618401 0
2.693611021818831 -6.352572195657602 0
-3.006388978181727 -6.352572195658397 0
2.879765229137391 -6.349393114745611 0
-2.820231956531275 -6.349394806457584 0
3.576584898203439 -6.350275437960146 0
-2.123415101796169 -6.350275437960667 0
7.171285714285504 -0.1141397671106396 0
-7.171285714285824 -0.1141397671107138 0
6.97262585033976 -0.1016446205316992 0
-6.972625850340373 -0.1016446205319021 0
1.237081820000483e-11 -0.09853239363832825 0
6.774126336247985 -0.10173411076846 0
-6.77412633624918 -0.1017341107688694 0
0.1993780369412436 -0.09849037416809513 0
-0.1993780369167869 -0.09849037416363335 0
6.575626822156114 -0.1018219190016 0
-6.575626822158081 -0.1018219190022356 0
0.3987560738700074 -0.09840703264163922 0
-0.3987560738460573 -0.09840703263741271 0
6.377127308064457 -0.1019080452312316 0
-6.377127308067099 -0.1019080452320199 0
0.5981341107988549 -0.09832508595241565 0
-0.5981341107752361 -0.09832508594848094 0
6.178627793972946 -0.1019924894574251 0
-6.17862779397603 -0.1019924894582957 0
0.7975121477275837 -0.09824453410045905 0
-0.7975121477045541 -0.09824453409681681 0
0.9968901846563307 -0.09816537708574494 0
-0.9968901846339011 -0.09816537708240274 0
5.980128279881327 -0.1020752516797069 0
-5.980128279885048 -0.1020752516808883 0
1.196268221585064 -0.098087614908291 0
-1.196268221563268 -0.09808761490524193 0
5.781628765789526 -0.1021563318984803 0
-5.78162876579385 -0.1021563318997795 0
1.395646258513888 -0.09801124756814827 0
-1.395646258492631 -0.09801124756533511 0
1.799999999999879 -0.1139319596754297 0
-1.800000000000126 -0.113931959675405 0
5.583129251697894 -0.1022357301138024 0
-5.583129251702839 -0.1022357301151312 0
1.596394097710659 -0.1003350489586247 0
-1.596394097694519 -0.1003350489598073 0
3.286845418357547 -6.360359891671261 0
3.245540944428225 -6.26283277126416 0
-2.413148279457595 -6.360357261853995 0
-2.454454006411514 -6.26282850214329 0
5.384629737606955 -0.1023134463255098 0
-5.384629737611252 -0.1023134463268231 0
5.186130223516075 -0.102389480533567 0
-5.186130223519553 -0.1023894805349087 0
4.987630709425355 -0.1024638327380635 0
-4.987630709427753 -0.1024638327393594 0
-3.59264989927559 -0.2496715494942003 0
3.592649899274773 -0.24967154949444 0
2.104785584676216 -0.2554657937775581 0
-2.104751743289241 -0.2558870747186897 0
4.789131195334497 -0.1025365029389629 0
-4.789131195335839 -0.102536502940304 0
2.292847424692942 -0.0986246272519727 0
-2.292847424674587 -0.09862462725253841 0
4.590631681243764 -0.102607491136287 0
-4.590631681243896 -0.1026074911376135 0
2.492225461621701 -0.09761615991346123 0
-2.492225461603959 -0.0976161599116399 0
4.392132167152929 -0.1026767973300896 0
-4.392132167151971 -0.1026767973312765 0
2.691603498550368 -0.09754885901553326 0
-2.691603498533389 -0.09754885901389729 0
4.191895529642173 -0.1017384651004129 0
-4.19189552963829 -0.1017384651009966 0
2.89098153547895 -0.09748295295487479 0
-2.890981535462888 -0.09748295295338194 0
3.89754436282146 -0.1042460305134296 0
-3.897544362817023 -0.1042460305141106 0
3.090359572407554 -0.09741844173149385 0
-3.09035957239241 -0.09741844173011438 0
4.086211405363427 -0.09239192713665448 0
-4.086211405351767 -0.09239192713725547 0
3.291389698742333 -0.09832378317261294 0
-3.291389698730337 -0.09832378317200148 0
3.39720073565407 -0.1074179311037053 0
-3.397200735650602 -0.107417931103385 0
2.052005372955342 -4.377640028729535 0
-3.647994627044652 -4.377640028729521 0
2.048490375767801 -5.577361538116102 0
2.099485313832611 -5.662684160318753 0
2.001067900167571 -5.49104755047523 0
-3.651509624232705 -5.577361538116361 0
-3.600514686167915 -5.662684160319039 0
-3.698932099833025 -5.491047550475506 0
3.537822140037163 -4.371320772627275 0
-2.162177859962374 -4.371320772627505 0
2.000830574188704 -4.28998528653258 0
2.011432850270129 -4.468041083388583 0
2.060944622347914 -4.195875727477972 0
1.998906264173649 -4.123487568423853 0
-3.69916942581129 -4.289985286532554 0
-3.688567149729868 -4.468041083388576 0
-3.639055377652081 -4.195875727477961 0
-3.701093735826356 -4.123487568423843 0
-1.697379830898336 -0.09706638794129048 0
1.697379830912804 -0.09706638792917198 0
-2.188915438698094 -0.09302411319715116 0
2.188915438717759 -0.09302411319712851 0
2.000835285884934 -5.662438420795676 0
2.050891149442864 -5.747352782681773 0
-3.699164714115613 -5.662438420796006 0
-3.649108850557818 -5.747352782682005 0
7.071920149011742 -0.09632179682093311 0
-7.071920149012161 -0.09632179682111017 0
0.09976028507482282 -0.0995037946344039 0
-0.09976028505795378 -0.09950379463366027 0
6.873023323614929 -0.1005631218833599 0
-6.873023323615188 -0.1005631218834619 0
0.2992808552075214 -0.09948290113495573 0
-0.2992808551907958 -0.09948290113350766 0
6.674367022999041 -0.1005926716283433 0
-6.674367022999698 -0.1005926716285175 0
0.4988014253402751 -0.09945535309900913 0
-0.4988014253235705 -0.09945535309764893 0
6.47571072238334 -0.1006216607054719 0
-6.475710722384361 -0.1006216607057092 0
0.6983219954729836 -0.09942827000881245 0
-0.6983219954564059 -0.09942827000754963 0
6.277610301261874 -0.0979572546296793 0
-6.277610301264209 -0.09795725463084191 0
0.8978425656057225 -0.09940165186436734 0
-0.8978425655892913 -0.09940165186320324 0
6.079059882454828 -0.09807748402835373 0
-6.079059882457521 -0.09807748402972009 0
1.097363135738442 -0.09937549866567265 0
-1.097363135722222 -0.09937549866460745 0
5.880509463647479 -0.09819529454564643 0
-5.880509463650776 -0.09819529454724835 0
1.296258040640921 -0.1019090856878054 0
-1.29625804062119 -0.1019090856834441 0
5.68195904484014 -0.09831068618154798 0
-5.68195904484396 -0.09831068618330009 0
1.496632576381912 -0.09972438275446213 0
-1.496632576366859 -0.09972438275419039 0
1.95799786415448 -5.741820779696174 0
-3.742002135845949 -5.741820779696345 0
5.483408626033215 -0.09842365893606422 0
-5.483408626037068 -0.09842365893810959 0
5.28485820722674 -0.09853421280935645 0
-5.284858207229744 -0.09853421281132209 0
3.047698741386017 -4.373666841905786 0
-2.652301258613765 -4.373666841905797 0
5.086307788420307 -0.09864234780122717 0
-5.08630778842232 -0.09864234780324609 0
4.887757369613919 -0.09874806391180302 0
-4.887757369614841 -0.09874806391379322 0
2.393091767327167 -0.1014472733355476 0
-2.393091767310469 -0.1014472733329041 0
4.689206950807468 -0.09885136114099458 0
-4.689206950807294 -0.09885136114297258 0
2.592516081270166 -0.1012376077084834 0
-2.59251608125397 -0.1012376077058356 0
4.49065653200105 -0.09895223948887479 0
-4.490656531999736 -0.09895223949076204 0
2.791940395213021 -0.1011418255620652 0
-2.791940395197627 -0.1011418255596445 0
4.291899312787492 -0.09893094223871232 0
-4.291899312784912 -0.09893094224045465 0
2.991364709155853 -0.1010480493244949 0
-2.991364709141309 -0.1010480493222595 0
3.190985700408951 -0.101071571594226 0
-3.190985700395597 -0.1010715715922353 0
-3.453429753200814 -5.921194969500291 0
2.246570246798989 -5.921194969499004 0
-3.503605254652428 -5.835564732782124 0
2.196394745348495 -5.835564732781585 0
-3.401452209272681 -4.976819983747145 0
-3.450918148237906 -4.890983511700097 0
-3.550002414437873 -4.890891162086668 0
-3.500188117482103 -4.804391514100804 0
-3.599529264826555 -4.805081029379076 0
-3.652582952122618 -4.890970494237377 0
-3.698558552365954 -4.805083491536767 0
-3.647090100712977 -4.71966666094444 0
-3.699493215484751 -4.979730143051578 0
-3.751266413228191 -4.712620339550009 0
2.298547790727834 -4.976819983746988 0
2.249081851762606 -4.890983511699946 0
2.149997585562634 -4.890891162086515 0
2.199811882518248 -4.804391514100688 0
2.100470735173955 -4.805081029378932 0
2.047417047877813 -4.890970494237239 0
2.001441447634567 -4.805083491536596 0
2.052909899287299 -4.719666660944371 0
2.000506784515628 -4.979730143051492 0
1.948733586772161 -4.712620339549892 0
-3.351513979099517 -5.062290815876879 0
2.348486020900884 -5.062290815876723 0
-3.255391333448773 -6.093371030449116 0
2.444608666552121 -6.093371030448622 0
3.536101226245789 -4.050321237031587 0
3.62027186946051 -4.000982788916569 0
3.620748122791649 -3.901369358482454 0
3.536532114962955 -3.85058787544303 0
3.619958304848625 -3.801991598885946 0
3.62023764860204 -3.702330894888477 0
3.537147824984822 -3.650643699907715 0
3.618638827646476 -3.603244983986461 0
3.618963068349272 -3.503801358683435 0
3.538571080347829 -3.450233710375606 0
3.617913704101626 -3.402592490527516 0
3.618065098177964 -3.302859654448667 0
3.53643313572386 -3.250868086548128 0
3.617410896040784 -3.202932458396975 0
3.617951252596114 -3.103307512323909 0
3.537004653430219 -3.050727410402243 0
3.617478077764669 -3.003390518856083 0
3.617931853249678 -2.903791758406141 0
3.537932692406695 -2.850426340477247 0
3.617624971075369 -2.803835083738161 0
3.617940872052068 -2.704280684256242 0
3.538460110888281 -2.650225682238252 0
3.619622501847923 -2.607590162015704 0
3.620175818191019 -2.508613887600089 0
3.536736378273541 -2.451811109836923 0
3.619885793054785 -2.409400230833009 0
3.620392428416855 -2.309739223780559 0
3.536773685022302 -2.251999486683584 0
3.620093558205942 -2.210442492557467 0
3.620586373152195 -2.110736175375116 0
3.536807368983696 -2.052166056358232 0
3.620282333452814 -2.011459433491717 0
3.620761756342346 -1.911728626159457 0
3.536837310075148 -1.852331553160386 0
3.62045225466608 -1.812475312509211 0
3.620918473184816 -1.712720799829146 0
3.536863598595632 -1.652496869413379 0
3.620603469315686 -1.61349109313001 0
3.621057008341948 -1.513712957947782 0
3.536886620789184 -1.452662169278081 0
3.622107985772294 -1.408706172515218 0
3.620155802167658 -1.302204321405208 0
3.709483205142968 -1.350635990742989 0
3.536736321470031 -1.25074402998972 0
3.619357285092819 -1.201146518539381 0
3.619656673470728 -1.100943928073311 0
3.705633090188818 -1.147399931088958 0
3.536653076419902 -1.050533955507421 0
3.619219622489693 -1.000900995594445 0
3.619600430314225 -0.9009026597199037 0
3.705576397584443 -0.9481138939934076 0
3.53664368605951 -0.8505270797881093 0
3.619175420058478 -0.8008926152695088 0
3.619567100759683 -0.7009009910409439 0
3.705540813125317 -0.7488675636216937 0
3.536638134231767 -0.6505268059444811 0
3.619142983218991 -0.6008920113977423 0
3.619543031472297 -0.5009006894419246 0
3.709337677686262 -0.5503330439192056 0
3.537648515735426 -0.4497340206670653 0
3.61448099523695 -0.4085680322368116 0
-2.163898773754223 -4.050321237031583 0
-2.079728130539515 -4.00098278891656 0
-2.079251877208368 -3.901369358482451 0
-2.163467885037055 -3.850587875443029 0
-2.080041695151388 -3.801991598885945 0
-2.07976235139797 -3.702330894888477 0
-2.162852175015188 -3.650643699907715 0
-2.081361172353532 -3.603244983986461 0
-2.081036931650735 -3.503801358683436 0
-2.161428919652176 -3.450233710375606 0
-2.082086295898379 -3.402592490527516 0
-2.081934901822039 -3.302859654448668 0
-2.163566864276141 -3.250868086548128 0
-2.082589103959216 -3.202932458396977 0
-2.082048747403887 -3.103307512323913 0
-2.162995346569784 -3.050727410402245 0
-2.082521922235332 -3.003390518856087 0
-2.082068146750327 -2.903791758406142 0
-2.162067307593309 -2.850426340477249 0
-2.082375028924635 -2.803835083738158 0
-2.08205912794794 -2.704280684256241 0
-2.161539889111735 -2.650225682238256 0
-2.080377498152086 -2.607590162015705 0
-2.07982418180899 -2.508613887600089 0
-2.163263621726464 -2.451811109836922 0
-2.080114206945221 -2.409400230833008 0
-2.079607571583151 -2.30973922378056 0
-2.163226314977702 -2.251999486683584 0
-2.079906441794061 -2.210442492557468 0
-2.07941362684781 -2.110736175375117 0
-2.163192631016306 -2.052166056358232 0
-2.079717666547188 -2.011459433491716 0
-2.079238243657654 -1.911728626159458 0
-2.16316268992485 -1.852331553160387 0
-2.079547745333918 -1.81247531250921 0
-2.079081526815182 -1.712720799829145 0
-2.163136401404366 -1.652496869413379 0
-2.079396530684313 -1.61349109313001 0
-2.078942991658052 -1.513712957947781 0
-2.163113379210816 -1.452662169278081 0
-2.077892014227706 -1.408706172515217 0
-2.079844197832344 -1.302204321405206 0
-1.990516794857031 -1.350635990742987 0
-2.16326367852997 -1.250744029989719 0
-2.080642714907182 -1.20114651853938 0
-2.080343326529268 -1.100943928073314 0
-1.994366909811181 -1.147399931088958 0
-2.163346923580094 -1.050533955507422 0
-2.080780377510299 -1.000900995594449 0
-2.080399569685762 -0.9009026597199083 0
-1.99442360241555 -0.9481138939934125 0
-2.163356313940482 -0.850527079788111 0
-2.080824579941512 -0.8008926152695106 0
-2.080432899240304 -0.7009009910409454 0
-1.994459186874674 -0.748867563621698 0
-2.163361865768225 -0.6505268059444822 0
-2.080857016781 -0.6008920113977435 0
-2.080456968527698 -0.500900689441921 0
-1.990662322313727 -0.5503330439191987 0
-2.16235176688099 -0.4497341884247869 0
-2.085520119682355 -0.408569274700318 0
-2.260064623398581 -5.578300190643426 0
3.439935376601151 -5.578300190643009 0
3.440618342816109 -4.891710251325783 0
-2.259381657183557 -4.891710251326002 0
-2.804927154029699 -5.148562204023053 0
2.895072845970114 -5.148562204022985 0
-2.11134367819854 -5.492904223782258 0
3.588656321801081 -5.49290422378179 0
-2.210609777558215 -5.492503670601931 0
-2.359186219025744 -5.578149810332219 0
3.489390222441505 -5.492503670601545 0
3.340813780974039 -5.578149810331849 0
2.102217535068452 -6.434665069965526 0
2.06118929101449 -6.337448700350509 0
1.943842416984883 -6.357382593721614 0
1.997635565455439 -6.262093642045601 0
-3.597782464932705 -6.434665069965657 0
-3.638810708984203 -6.337448700352677 0
-3.756157583015446 -6.357382593722022 0
-3.702364434545536 -6.262093642045717 0
2.163495304120119 -2.250083825369233 0
2.077055232389567 -2.300000083741048 0
2.077001130696413 -2.399643394136641 0
2.163400308480077 -2.449728200610497 0
2.076819393181732 -2.499245154687008 0
2.076485987998618 -2.599034120659636 0
2.162812377788658 -2.649525551695994 0
2.081706607461665 -2.702186066363024 0
2.081994976175266 -2.802727746773548 0
2.163692418686861 -2.850055278968002 0
2.082561150509324 -2.902517255716495 0
2.082031525121636 -3.00224006981486 0
2.163594640932749 -3.049969180030117 0
2.082586533304389 -3.101886728259592 0
2.082012312126265 -3.20174946115378 0
2.163579774718992 -3.249900087106278 0
2.082595122734005 -3.301404388120648 0
2.080837791343439 -3.403173702498411 0
2.163403815147332 -3.450148518305549 0
2.081187481325357 -3.503182885972774 0
2.080873666989453 -3.60265102430466 0
2.163428253538864 -3.650066395301871 0
2.081456135483196 -3.702260195100633 0
2.081184624109079 -3.801674555381257 0
2.163488762690561 -3.849904379710681 0
2.076482070333292 -3.89920900629969 0
2.082761187533037 -3.998290202401215 0
2.161541781203093 -4.049770677615983 0
2.077116517589388 -2.200356710575525 0
2.076778337154093 -2.100682246180995 0
2.163367446324599 -2.050092805581017 0
2.082726949562114 -2.003730559248297 0
2.081160237299843 -1.908807857121209 0
-3.536504695879881 -2.250083825369233 0
-3.622944767610432 -2.300000083741045 0
-3.622998869303594 -2.399643394136635 0
-3.536599691519928 -2.449728200610494 0
-3.623180606818283 -2.499245154687001 0
-3.62351401200139 -2.599034120659633 0
-3.53718762221135 -2.649525551695994 0
-3.61829339253834 -2.70218606636302 0
-3.618005023824736 -2.802727746773544 0
-3.536307581313141 -2.850055278968001 0
-3.617438849490676 -2.902517255716492 0
-3.617968474878364 -3.002240069814859 0
-3.53640535906725 -3.049969180030117 0
-3.617413466695608 -3.101886728259592 0
-3.617987687873732 -3.201749461153775 0
-3.53642022528101 -3.249900087106277 0
-3.617404877265994 -3.301404388120642 0
-3.619162208656559 -3.403173702498409 0
-3.536596184852666 -3.450148518305549 0
-3.618812518674642 -3.503182885972772 0
-3.619126333010546 -3.602651024304662 0
-3.536571746461135 -3.650066395301871 0
-3.618543864516804 -3.702260195100632 0
-3.618815375890926 -3.801674555381257 0
-3.536511237309442 -3.84990437971068 0
-3.623517929666719 -3.899209006299688 0
-3.617238812466967 -3.998290202401212 0
-3.538458218796917 -4.049770677615986 0
-3.622883482410614 -2.200356710575524 0
-3.623221662845905 -2.100682246180992 0
-3.536632553675398 -2.050092805581018 0
-3.617273050437884 -2.003730559248298 0
-3.618840299480397 -1.908807736548579 0
2.163089458936842 -0.4482343469650989 0
2.081063481698242 -0.4995936049629829 0
2.081652154565744 -0.5994997467258425 0
1.990855672119766 -0.5496251297338239 0
2.164130383241325 -0.6496758409455361 0
2.081751243943992 -0.6992975677074387 0
2.081224573462291 -0.7990346453856232 0
1.99518677746777 -0.7471861942492858 0
2.163758105217324 -0.8494696230108474 0
2.081277793771133 -0.8990256435116671 0
2.08067043954437 -0.9989397584619717 0
1.994785786145113 -0.9461578173268808 0
2.163455917027006 -1.049422895486327 0
2.080912454445392 -1.098988776740634 0
2.080364228931244 -1.19898847814214 0
1.994522850885846 -1.145357665485449 0
2.163314490210405 -1.249428941277858 0
2.08074971896602 -1.299036950706984 0
2.080264852405277 -1.39905724819544 0
1.99360127957272 -1.342050431668096 0
2.163291148033162 -1.449452973110985 0
2.082185044021095 -1.504594499915524 0
2.079306520567315 -1.611112222618021 0
2.162700771297313 -1.650990225763863 0
2.079323164690146 -1.712053616753828 0
2.080702874728036 -1.813264389134071 0
2.086312362290627 -0.40646055385587 0
-3.536894756442936 -0.4482896904900832 0
-3.618900172930099 -0.4996828850606936 0
-3.618277291219381 -0.599589437426203 0
-3.709112078906375 -0.5497749687795451 0
-3.535812761838971 -0.649719207828668 0
-3.618174559315464 -0.6993523490442468 0
-3.618687681194933 -0.79906039982086 0
-3.704755168851351 -0.7472347054570623 0
-3.536188399614659 -0.8494838990571659 0
-3.618665959050099 -0.8990368500579689 0
-3.619283402632285 -0.9989350766277287 0
-3.705174246560298 -0.9461683545650416 0
-3.536520644447061 -1.049423167278617 0
-3.619064734446857 -1.098982837878042 0
-3.619623722405369 -1.198978281993062 0
-3.705462659763013 -1.145352584953844 0
-3.536681233654365 -1.249425548727129 0
-3.619247926776429 -1.299029480292667 0
-3.619738551652344 -1.399050738939343 0
-3.706398235083024 -1.342043637839961 0
-3.536712035910081 -1.449450300070227 0
-3.617818586130856 -1.504590421028329 0
-3.62069895556088 -1.611110957984013 0
-3.537303724709229 -1.650989728878806 0
-3.620680666707924 -1.71205314025949 0
-3.61929855512577 -1.81326422728771 0
-3.613675078112149 -0.4065210770273931 0
-3.354803130490495 -6.093240173854669 0
2.345196869474623 -6.093240173826266 0
3.635471569809637 -4.893089778202496 0
3.747880037814765 -4.891936816076814 0
-2.064528430190061 -4.893089778202773 0
-1.952119962185072 -4.891936816076956 0
-3.499467344999328 -4.631525188272638 0
-3.595582893795208 -4.633838667622753 0
-3.54866325240045 -4.718698466694432 0
-3.400793552930626 -4.804177713066927 0
2.200532655000694 -4.631525188272646 0
2.10441710620485 -4.633838667622761 0
2.151336747599757 -4.718698466694381 0
2.299206447069626 -4.804177713066837 0
-3.64937916580927 -5.405432100765759 0
2.050620834191324 -5.405432100765508 0
3.539008505891476 -6.093899109749843 0
3.588779663562754 -6.007742820053869 0
3.631054478941897 -6.099407165015085 0
3.687927039184546 -6.019593330449863 0
3.633123397747688 -5.92515906947412 0
-2.160991494108384 -6.093899109750591 0
-2.111220336437031 -6.007742820054602 0
-2.0689455210579 -6.099407165015863 0
-2.012072960815261 -6.019593330450285 0
-2.066876602252127 -5.925159069474558 0
-3.301838336206457 -4.976230291303528 0
-3.300977461839322 -5.147975897355165 0
2.398161663793899 -4.976230291303363 0
2.39902253816086 -5.147975897355066 0
3.58823784717092 -4.634317700379518 0
3.688155121393439 -4.641305262247243 0
-2.111762152828656 -4.634317700379778 0
-2.011844878606269 -4.641305262247402 0
-3.055660993121917 -6.093533562102527 0
2.644338999797354 -6.093533556447359 0
-3.300101116106374 -4.286534103392372 0
-3.250241631787186 -4.373027676926122 0
-3.150894593384677 -4.37365416745258 0
-3.201274584102116 -4.459856772252598 0
-3.100607989602856 -4.286975100876224 0
2.399898883893634 -4.286534103392365 0
2.449758368212827 -4.373027676926112 0
2.549105406615235 -4.373654167452692 0
2.498725415897786 -4.459856772252694 0
2.599392010397074 -4.2869751008763 0
2.099629529671156 -5.833555883360539 0
-3.600370470329562 -5.833555883360965 0
-3.535333209736719 -1.853613040139129 0
2.164667506880103 -1.853613149544159 0
-2.855074635158079 -4.718867339873549 0
-2.904740183500182 -4.804836937557752 0
2.844925364841558 -4.718867339873581 0
2.795259816499566 -4.804836937557809 0
-2.161902653584116 -5.922269674163492 0
3.538097346415697 -5.922269674162914 0
2.744863589906844 -5.749313717278703 0
-2.955136410093337 -5.749313717279005 0
-3.153952601861542 -5.749052002684188 0
-3.10421526865533 -5.663146525657208 0
2.546047398138772 -5.749052002683928 0
2.595784731344934 -5.663146525656968 0
3.391340968164272 -4.805528832312296 0
-2.30865903183536 -4.805528832312506 0
-3.64476253263709 -5.921434888020256 0
2.055237467363505 -5.921434888019688 0
-3.597707820227347 -6.176630240933878 0
2.102292179766893 -6.176630240927998 0
-2.500824777515257 -4.286165005213098 0
-2.450905064329861 -4.373156767767251 0
-2.550656791028649 -4.37324997142177 0
3.199175222484723 -4.286165005213089 0
3.24909493567009 -4.373156767767249 0
3.149343208971306 -4.373249971421778 0
3.630603286741247 -5.745216025120072 0
-2.069396713258613 -5.745216025120463 0
2.035737987767362 -5.234927091580512 0
-3.664262012232955 -5.234927091580627 0
-3.550031436017462 -5.405617905463894 0
2.149968563983086 -5.405617905463673 0
-2.599027914786794 -6.432590424181619 0
-2.64075219817213 -6.346311850213066 0
-2.554401280741077 -6.35874357664972 0
3.100892460208201 -6.432587394158798 0
3.059184804614945 -6.346308799243038 0
3.145561381477685 -6.35874786851033 0
-2.656876444844826 -5.577701838663171 0
3.043123555155164 -5.577701838662932 0
2.799123517607582 -4.286869516543183 0
2.847051043671592 -4.374203405155431 0
-2.900876482392304 -4.286869516543145 0
-2.852948956328069 -4.37420340515532 0
3.09337688046406 -4.977116578332463 0
-2.606623119535663 -4.977116578332575 0
3.241547909186733 -5.74981912728229 0
-2.458452090813152 -5.7498191272827 0
-3.403072457120239 -5.835124009066732 0
2.296927542880257 -5.835124009066186 0
2.993554763099084 -5.491701749041919 0
3.043398146295392 -5.405975211512204 0
-2.706445236900921 -5.491701749042112 0
-2.656601853704539 -5.405975211512382 0
2.695221285968488 -5.663231316995718 0
2.645606707671485 -5.57720566540236 0
2.546222900162051 -5.577168445571427 0
2.596013250827511 -5.491256329131606 0
2.496683612976724 -5.491239416798415 0
2.546548108148365 -5.40532945838028 0
2.447260513295247 -5.405224414989027 0
2.496882959319953 -5.319619318504293 0
2.546971437323331 -5.233698531860066 0
2.695460148495109 -5.491373055885331 0
-3.004778714031703 -5.66323131699597 0
-3.054393292328712 -5.577205665402561 0
-3.153777099838233 -5.577168445571624 0
-3.103986749172695 -5.491256329131771 0
-3.203316387023596 -5.491239416798587 0
-3.153451891851855 -5.405329458380409 0
-3.252739486705055 -5.405224414989164 0
-3.203117040680356 -5.319619318504439 0
-3.153028562676847 -5.233698531860163 0
-3.004539851505033 -5.491373055885497 0
-2.260155001104895 -5.406480433789947 0
3.439844998894875 -5.406480433789641 0
-2.805318387943438 -4.804948160429629 0
2.894681612056246 -4.804948160429626 0
-2.11303385895866 -5.148881757853822 0
3.586966141041084 -5.148881757853563 0
2.296296796943254 -6.006981399670564 0
-3.403703203048587 -6.006981399678011 0
-2.309605880631075 -5.664109444473953 0
-2.408806694844336 -5.663971346421846 0
3.390394119368686 -5.664109444473523 0
3.291193305155496 -5.663971346421459 0
-2.856544796882412 -6.093684059055047 0
2.84345520311799 -6.093684059054558 0
2.198707343037615 -5.66283865623115 0
-3.501292656962928 -5.66283865623143 0
2.099873135345969 -4.977088880108424 0
1.946581275503082 -5.074233110689748 0
-3.600126864654495 -4.977088880108553 0
-3.753418724497196 -5.074233110689784 0
3.538957840287582 -4.89214380998787 0
-2.161042159712085 -4.892143809988124 0
-3.203559807777436 -5.663122679021349 0
2.496440192222919 -5.6631226790211 0
-2.210629523496639 -5.149171712905333 0
3.489370476503097 -5.149171712905079 0
-2.607146360981463 -5.491894818544613 0
3.092853639018473 -5.491894818544389 0
2.349615390380549 -4.373018929490534 0
-3.350384609619484 -4.373018929490565 0
3.390578263363249 -5.149180396249832 0
-2.30942173663651 -5.149180396250084 0
-2.260237849086484 -5.921865661736145 0
3.439762150913368 -5.92186566173558 0
1.935533540270763 -5.28642968749674 0
-3.764466459729239 -5.286429687496741 0
-1.928911182211713 -5.38151903824747 0
3.771088817788183 -5.381519038247287 0
-1.927702563233581 -5.189057556685926 0
3.772297436766356 -5.189057556685879 0
2.397381348867043 -5.491282327023311 0
-3.302618651133375 -5.491282327023507 0
3.747461321513162 -5.58086378676712 0
-1.952538678486747 -5.580863786767359 0
3.341502940410511 -4.891459497808317 0
-2.358497059589156 -4.891459497808512 0
-3.25127558291433 -4.545785365628563 0
2.448724417085609 -4.545785365628596 0
-3.689402361916843 -0.09865366004884468 0
3.689402361926045 -0.09865366004815937 0
-2.507727650547332 -5.320456190419589 0
3.192272349452506 -5.320456190419375 0
2.646349550080161 -4.546595717267376 0
-3.053650449919455 -4.546595717267184 0
2.794735525025581 -5.663353215334849 0
-2.905264474974553 -5.663353215335087 0
3.772270612705843 -5.781774890989487 0
-1.927729387294139 -5.781774890989576 0
-3.401206625770812 -5.148165475005451 0
2.29879337422962 -5.148165475005297 0
-2.556999898636529 -5.06303770831732 0
3.14300010136323 -5.063037708317179 0
3.76859620820473 -4.400255069788239 0
-1.931403791795204 -4.400255069788239 0
2.993210131794848 -5.835581624535276 0
-2.706789868205216 -5.835581624535643 0
-2.556817435806386 -4.719172148019356 0
3.143182564193224 -4.719172148019242 0
3.191724211779463 -6.007701115911348 0
-2.508275788220552 -6.007701115911853 0
3.747361536519123 -6.269258708670948 0
-1.952638463480805 -6.26925870867129 0
3.772785395960695 -6.073077339328995 0
-1.927214604039204 -6.073077339329227 0
2.148817369076193 -5.748495160889889 0
-3.551182630924476 -5.74849516089024 0
3.764466459729258 -1.730867187503894 0
3.764466459729189 -1.92839843750463 0
-1.935533540270742 -1.730867187503894 0
-1.935533540270817 -1.92839843750463 0
-1.92841813612301 -1.532645376103689 0
3.771581863876989 -1.53264537610369 0
-1.932818688324897 -0.3459433132409045 0
3.767446057364956 -0.3456488331023278 0
-1.928691085637473 -3.308856796384421 0
3.771308914362527 -3.308856796384421 0
-1.935533540270968 -2.323460937505847 0
-1.935533540270794 -2.52099218750645 0
-1.92870071416364 -2.912685780390247 0
3.771299285836362 -2.912685780390246 0
3.76446645972921 -2.52099218750645 0
3.770453714329609 -2.71515928800927 0
-1.929546285670392 -2.715159288009269 0
3.764466459729039 -2.323460937505847 0
-1.928694298592575 -3.110764737210687 0
3.771305701407423 -3.110764737210684 0
3.766942554025696 -3.508548671384665 0
-1.933057445974306 -3.508548671384665 0
1.935533540270799 -3.903710937493331 0
-3.764466459729206 -3.903710937493332 0
-1.935533540270767 -2.125929687505109 0
3.764466459729241 -2.125929687505109 0
1.933586928110336 -1.927887685526569 0
-3.766413071889664 -1.927887685526569 0
-3.764466459729612 -1.730867187496637 0
1.935533540270395 -1.730867187496637 0
-3.768381107163112 -2.511268071168172 0
1.931618892836889 -2.511268071168174 0
-3.771250069427692 -3.110000806307895 0
1.928749930572307 -3.110000806307895 0
-3.764466459729164 -3.508648437492288 0
1.935533540270837 -3.508648437492288 0
-3.766922351267747 -0.3449975623735609 0
1.93331199135079 -0.3453169007500224 0
-3.768190700187776 -2.313021154299714 0
1.931674847741174 -2.115188585917383 0
1.931809299812224 -2.313021154299716 0
-3.768325152258827 -2.115188585917385 0
-3.771368044212678 -1.525331606688627 0
1.928633057512619 -1.52533407037086 0
1.935533540270813 -3.706179687492702 0
-3.764466459729189 -3.706179687492701 0
1.929617600319894 -3.308413116272391 0
-3.770382399680104 -3.308413116272384 0
-1.935533540270389 -3.706179687507752 0
3.764466459729616 -3.706179687507752 0
-3.771310740592231 -2.912074042492423 0
1.928689259407768 -2.912074042492427 0
-3.770832012015618 -2.713365099786433 0
1.929167987984384 -2.713365099786437 0
-1.935533540270366 -3.903710937507151 0
3.764466459729636 -3.903710937507151 0
-2.606855040056022 -5.320282893160275 0
3.093144959943841 -5.320282893160099 0
-3.003697450523173 -4.976297586518749 0
2.696302549476819 -4.976297586518793 0
-3.302777169831167 -5.319803408181863 0
2.397222830169337 -5.319803408181657 0
-2.855175601881027 -5.233892107333884 0
2.844824398118953 -5.233892107333808 0
-2.357841256637258 -4.547482277862948 0
3.342158743362269 -4.547482277862803 0
3.291686339293233 -6.179235249777111 0
-2.40831281918009 -6.179234538257527 0
-2.805560307886845 -5.31989420386542 0
2.894439692113208 -5.319894203865352 0
2.943436126140768 -5.921598560740254 0
-2.756563873859346 -5.921598560740662 0
3.142040681090595 -6.093638285783243 0
-2.557959319270517 -6.093638239443488 0
3.093604541918196 -4.633003123335127 0
-2.606395458081372 -4.633003123335221 0
-2.656195092491128 -5.062946834091869 0
3.043804907508627 -5.062946834091757 0
-3.054030360915124 -5.405409690081592 0
2.645969639085026 -5.405409690081463 0
2.497586989788485 -5.147890199573939 0
-3.202413010211699 -5.147890199574036 0
2.893561340104656 -6.007628736218038 0
-2.806438659895554 -6.007628736218487 0
-2.755252663073396 -5.062971512072478 0
2.944747336926345 -5.062971512072402 0
3.143449176442136 -4.547038247268818 0
-2.556550823557402 -4.547038247268943 0
2.395886206651149 -6.007117073603299 0
-3.304113793347687 -6.00711707360532 0
2.794148867994175 -6.007542120060055 0
-2.905851132006081 -6.007542120060497 0
2.544469545483794 -6.093613602895772 0
-3.155530452904685 -6.093613604171048 0
2.743969140463731 -6.093537013376892 0
-2.956030837572616 -6.093537031815684 0
2.594935352027719 -6.007401835653049 0
-3.105064646523854 -6.007401836808417 0
2.993863209453723 -5.320116510974974 0
-2.706136790546206 -5.320116510975109 0
-2.854461966108686 -5.062742964918771 0
2.84553803389123 -5.062742964918747 0
3.192590720511382 -6.177556280240424 0
-2.50740830622971 -6.177553874141609 0
2.447179762154503 -5.23411200141684 0
-3.252820237845875 -5.234112001417026 0
-2.95411756259593 -5.062399109781594 0
2.745882437404112 -5.062399109781646 0
-2.954129081267948 -4.890589295621838 0
2.745870918731923 -4.890589295621884 0
-3.00373208698608 -4.804556916104928 0
2.696267913013782 -4.804556916104992 0
-3.102914514219193 -4.804353106764293 0
2.597085485780727 -4.804353106764357 0
-3.152629825813581 -4.718359598371038 0
2.547370174186274 -4.71835959837112 0
-2.953018456314672 -4.374083510607432 0
2.746981543684956 -4.374083510607584 0
-3.103036825423351 -4.632642443366982 0
2.596963174576425 -4.632642443367152 0
-2.804209271573743 -4.460701330435598 0
2.895790728425832 -4.460701330435679 0
-2.700776751752831 -4.286628193652289 0
2.999223248247087 -4.286628193652249 0
-2.343171903093592 -4.364239197540559 0
3.356828096906143 -4.364239197540508 0
-3.152478364906455 -4.546324700714341 0
2.54752163509332 -4.546324700714441 0
-2.404014999179833 -4.459220311146366 0
3.295985000819793 -4.45922031114629 0
-2.504063392998545 -4.460077812794508 0
3.195936607001153 -4.46007781279445 0
3.772556951929082 -4.692616965143096 0
-1.927443048070776 -4.692616965143159 0
-3.102385544832134 -4.460694976652523 0
2.597614455167605 -4.460694976652789 0
-3.05202983779378 -4.374058840672833 0
2.647970162205979 -4.374058840673024 0
-2.752640634313268 -4.373793225641567 0
2.947359365686463 -4.373793225641592 0
1.944864470980114 -6.08270822772881 0
-3.755135529020345 -6.082708227729023 0
2.10466978460866 -4.459341702363607 0
-3.595330215391335 -4.459341702363604 0
3.490278315090075 -0.08361401703764916 0
-3.490278315080706 -0.08361401703330737 0
3.683214091918473 -4.457816760416663 0
-2.016785908081265 -4.457816760416807 0
3.991421879733738 -0.09943965960834734 0
-3.991421879726163 -0.09943965960856101 0
3.767389810694222 -6.371605041989318 0
-1.932610189305585 -6.37160504198938 0
3.682536777653947 -5.832876143130099 0
-2.017463222346049 -5.832876143130518 0
3.687517318522718 -5.144081173104219 0
-2.012482681477126 -5.144081173104357 0
2.061653241261166 -4.547704336832332 0
-3.638346758738845 -4.547704336832317 0
3.686762934271862 -5.329233467536873 0
-2.013237065727951 -5.329233467537121 0
1.989909969874263 -0.0851761934814816 0
-1.989909969859918 -0.08517619347894156 0
3.774525487005745 -4.595214562131069 0
-1.925474512994111 -4.595214562131119 0
3.535587045197012 -0.1644569065024901 0
-3.535587045180055 -0.1644569064899648 0
2.08148834703008 -4.096444434047129 0
-3.618511652969921 -4.096444434047123 0
3.611718182145474 -6.435842071663946 0
-2.088281817853758 -6.435842071664247 0
2.148569589281274 -6.361172609766463 0
-3.551430410715898 -6.361172609769955 0
3.482488847919397 -6.349676707812705 0
-2.217511152080383 -6.349676707813124 0
3.343534256122929 -6.426113055477813 0
-2.356464483439816 -6.426112529514509 0
2.301468029680953 -6.450886781912844 0
-3.398531970315736 -6.450886781916307 0
2.396277097819263 -6.333775336264704 0
-3.303722901847833 -6.333775336524013 0
2.498840870534321 -6.452624148902962 0
-3.201159129466301 -6.452624148903064 0
3.773796132280516 -5.977789062501015 0
-1.926203867719489 -5.977789062501016 0
2.595158348690488 -6.333505790911309 0
-3.104841645553142 -6.333505795329134 0
3.142651687185337 -6.273759005908321 0
2.698722204356985 -6.452673422980549 0
-3.001277795643325 -6.452673422980651 0
-2.557329684886543 -6.273756189673142 0
2.791901371271141 -6.332915752757184 0
-2.908097934536358 -6.332916188414686 0
2.904414730498961 -6.438682877760316 0
-2.795551386269628 -6.438687558515972 0
-2.662318918155012 -6.260158558813263 0
3.03767217819676 -6.260156212458931 0
-3.77472586902805 -4.496304687494717 0
1.925274130971944 -4.496304687494717 0
-2.025798429716702 -6.355619180312453 0
3.674201570282903 -6.355619180312081 0
3.678843532756757 -5.660749492515523 0
-2.02115646724314 -5.660749492515871 0
1.997058816581033 -5.839542782303837 0
-3.702941183419534 -5.839542782304106 0
3.770212456833706 -4.995566367079084 0
-1.929787543166172 -4.995566367079146 0
2.013582979330129 -5.141442915565719 0
-3.686417020670173 -5.141442915565764 0
3.677098629322805 -5.498993797395501 0
-2.022901370676963 -5.498993797396112 0
2.013084682263759 -4.634165352196648 0
-3.686915317736288 -4.634165352196618 0
3.678240598316947 -4.812897447484501 0
-2.021759401682816 -4.812897447484872 0
-1.886209726678221 -0.08448935150569632 0
1.886209726680776 -0.08448935151129948 0
-2.254508799319194 -4.393638984688104 0
3.445491200680412 -4.393638984687951 0
3.677036030794346 -6.186482889826341 0
-2.022963969205533 -6.186482889827176 0
2.013907716479383 -5.328477461184684 0
-3.686092283520958 -5.328477461184825 0
-1.928450864080688 -4.198678706471531 0
3.771549135919315 -4.198678706471528 0
3.770993280420286 -4.097657317647649 0
-1.929006719579715 -4.097657317647648 0
3.691057787622969 -4.350853375359123 0
-2.008942212376887 -4.350853375359244 0
-2.006159551404703 -4.251404460500497 0
3.693840448595243 -4.251404460500454 0
-2.005908377045168 -4.051325810137857 0
3.694091622954835 -4.051325810137859 0
-2.006224583956409 -3.952722243418245 0
3.693775416043601 -3.952722243418245 0
3.806425848103316 -0.08956976580275529 0
-3.80642584809943 -0.08956976580380319 0
-2.006822333200741 -3.853383658468148 0
3.693177666799267 -3.853383658468148 0
2.141169126250587 -0.1796457559948497 0
-2.141163486011295 -0.1797159694851312 0
2.004398159456373 -3.953093749993491 0
-3.695601840543633 -3.953093749993485 0
1.921462406565361 -5.977429366451208 0
-3.778537593435143 -5.97742936645129 0
-2.006963257990673 -3.754271337877608 0
3.693036742009333 -3.754271337877609 0
-2.007059791248512 -3.655245369462714 0
3.692940208751495 -3.655245369462714 0
-3.783391682296531 -4.295241287124651 0
1.916608317703468 -4.29524128712466 0
2.004388602351273 -3.755250553169273 0
-3.695611397648727 -3.755250553169265 0
1.917628756179986 -5.483960937497446 0
-3.782371243820345 -5.483960937497447 0
2.00332033061035 -3.854328124993209 0
-3.696679669389663 -3.854328124993222 0
-2.005826082484171 -3.556761317982486 0
3.694173917515837 -3.556761317982485 0
-2.006871096346557 -3.455098134148624 0
3.693128903653447 -3.455098134148623 0
-3.696260263187921 -3.557587485688157 0
2.003739736812082 -3.557587485688154 0
1.918084093135345 -4.797936911627586 0
-3.781915906864878 -4.797936911627653 0
2.004138738774232 -3.656223609582755 0
-3.695861261225768 -3.656223609582756 0
-2.006974538740198 -3.254360403537391 0
3.693025461259801 -3.254360403537388 0
-2.006175971871317 -3.355334623682902 0
3.693824028128684 -3.355334623682901 0
-3.694623215375422 -3.356567543733474 0
2.005376784624576 -3.356567543733481 0
1.913910567153511 -6.271261143488445 0
-3.786089432846847 -6.271261143488584 0
-3.694464998314908 -3.457295281887855 0
2.00553500168509 -3.457295281887858 0
-2.007208648787688 -3.055162073613162 0
3.692791351212311 -3.055162073613156 0
-2.00633388966452 -3.156135707841607 0
3.693666110335479 -3.156135707841603 0
-3.692717557505198 -3.15320841298815 0
2.007282442494799 -3.153208412988155 0
3.692602358210201 -2.855984391679775 0
-2.007397641789803 -2.855984391679775 0
2.007197891401098 -3.253114671981242 0
-3.692802108598898 -3.25311467198123 0
-2.006397165071696 -2.95722652290907 0
3.693602834928305 -2.957226522909068 0
-3.692580114620037 -2.954201990809731 0
2.007419885379962 -2.954201990809733 0
-2.002077895722228 -2.667098251450871 0
3.697922104277775 -2.667098251450869 0
-2.005656618688317 -2.760127200821538 0
3.694343381311686 -2.76012720082154 0
-3.692478112109918 -3.053359666041259 0
2.007521887890082 -3.053359666041257 0
2.007582530872798 -2.754893849764841 0
-3.6924174691272 -2.754893849764835 0
1.919719997580513 -5.669454396719873 0
-3.780280002419733 -5.669454396720002 0
2.010788860677919 -2.550065050158996 0
-3.689211139322086 -2.550065050158996 0
2.012395972625817 -2.449326558956435 0
-3.687604027374186 -2.449326558956423 0
-3.688780306927874 -2.351004976261368 0
2.011219693072127 -2.351004976261382 0
-2.000042730707353 -2.471609375006371 0
3.699957269292658 -2.471609375006381 0
2.008992828366306 -2.651892476176217 0
-3.691007171633694 -2.651892476176209 0
2.007610367846989 -2.854429050409695 0
-3.692389632153008 -2.854429050409689 0
2.012790806011462 -2.250138852770889 0
-3.687209193988536 -2.250138852770895 0
1.917137853006962 -4.985149215914352 0
-3.782862146993208 -4.985149215914388 0
-3.68715328834752 -2.150736962445784 0
2.012846711652485 -2.150736962445781 0
-2.00189654002436 -2.568760062934553 0
3.698103459975648 -2.56876006293455 0
1.91774155001714 -4.099308193418086 0
-3.782258449982868 -4.099308193418085 0
2.015914955475567 -6.171567780796915 0
-3.684085044524567 -6.171567780797643 0
-3.68853744793611 -2.052908036902256 0
2.011462552063893 -2.052908036902255 0
-1.999544010479684 -2.274078125005662 0
3.700455989520319 -2.274078125005669 0
-3.698529610887749 -1.876416139490781 0
2.001470622622434 -1.876416156644511 0
-2.000773773097561 -2.371691970999137 0
3.699226226902443 -2.371691970999132 0
-1.999087721771156 -2.076546875004945 0
3.700912278228852 -2.076546875004957 0
-2.280240111955988 -6.445805836304036 0
3.419759888043474 -6.445805836304397 0
-2.00035301288802 -2.174034979697776 0
3.699646987111985 -2.174034979697768 0
3.701324763379088 -1.879015625004445 0
-1.998675236620911 -1.879015625004446 0
7.254608713715685 -0.07332392609197189 0
-7.254608713715719 -0.07332392609184553 0
-1.999969932921392 -1.976376694595702 0
3.70003006707861 -1.9763766945957 0
3.70169322337771 -1.681484375003705 0
-1.99830677662229 -1.681484375003705 0
2.001633912481291 -1.777037290603929 0
-3.698367949420491 -1.777037234864606 0
3.700718979367443 -1.469531474009786 0
-1.999281020632556 -1.469531474009785 0
3.70207095487884 -1.780250000004031 0
-1.997929045121159 -1.780250000004028 0
-3.512562615654547 -0.2499999999999197 0
3.512562615653979 -0.2500000000002364 0
2.184358924476385 -0.2525046520473795 0
-2.185251570911833 -0.2520687460694949 0
2.003724124993207 -1.571551945912191 0
-3.696279029274512 -1.5715497146293 0
-3.681228828013826 -0.4547597108090693 0
-3.696442525441623 -1.969837249598458 0
2.003557507977196 -1.969837255573673 0
2.018747347238119 -0.4546917471305049 0
-3.683782330987712 -0.6484971264858999 0
-3.788133049032211 -0.547899453774871 0
2.016162415849366 -0.6484203792101316 0
1.911849016438958 -0.5478548033507313 0
-2.000501759515219 -1.578182554312825 0
3.699498240484782 -1.578182554312826 0
-3.788307477174819 -0.7432109374990065 0
-2.015196471022342 -1.2488757722641 0
3.684803528977659 -1.248875772264101 0
1.911625113312839 -0.7432109374990065 0
-1.908694301679077 -1.338801412407705 0
3.791305698320923 -1.338801412407706 0
2.00340183361129 -1.675034086413537 0
-3.696601467198505 -1.675033606871805 0
-3.683238075617594 -0.8472729098123832 0
2.01670345455947 -0.8472535928416364 0
2.005454970284426 -1.457159391926039 0
-3.694547069972803 -1.457153181350809 0
3.683900126171963 -1.048352239000159 0
-2.016099873828032 -1.048352239000163 0
1.909821600272194 -1.335684730140825 0
-3.790177272045417 -1.335680989182126 0
-3.788669305143373 -0.9407421874986849 0
1.911288155186449 -0.9407421874986849 0
-1.911273386692729 -1.138273437502463 0
3.788726613307277 -1.138273437502463 0
3.683865656411855 -0.8489179198152117 0
-2.016134343588137 -0.8489179198152152 0
-3.684022337258509 -1.245506429041929 0
2.015970595077839 -1.245513950115518 0
-3.788782837544608 -1.138273437498276 0
-3.683644477203272 -1.046580315493474 0
1.911204169863476 -1.138273437498276 0
2.016325613755994 -1.046583442728567 0
2.004237228546273 -4.040993043297745 0
-3.695762771453731 -4.040993043297737 0
3.78891965460272 -0.9407421875020711 0
-1.911080345397278 -0.9407421875020712 0
3.684607585814807 -0.6496433911038575 0
-2.015392414185183 -0.6496433911038574 0
3.682155970248353 -0.4563718054040122 0
-2.017844189025832 -0.4563719828987922 0
-2.729697896307481 -6.348582527444393 0
3.789068918236384 -0.7432109375014212 0
-1.910931081763612 -0.7432109375014211 0
2.970220810827819 -6.348573184133894 0
3.789174368667385 -0.5456796875007703 0
-1.91082563133261 -0.5456796875007702 0
2.150181238277979 -4.226754294047273 0
-3.549818761721998 -4.226754294047268 0
1.923410867611229 -6.447913730339344 0
-3.776589132389393 -6.447913730339718 0
3.784024463632942 -6.455046325274013 0
-1.915975536366661 -6.455046325274092 0
-2.323192464173777 -4.273212364944608 0
3.376807535826219 -4.273212364944612 0
-3.614211672863388 -0.1589080471002616 0
3.61421167287264 -0.1589080470986683 0
3.61991517369036 -4.389631767386882 0
-2.080084826309297 -4.389631767387183 0
3.712736293478348 -5.933733477030578 0
-1.987263706521386 -5.93373347703053 0
-3.689700428395882 -0.3777997871358088 0
2.010419126479615 -0.3779667596602544 0
3.614527829655638 -0.3305465815647827 0
-2.085400578686971 -0.3311318765220703 0
-3.613653735142778 -0.3291524704111095 0
2.086296701050181 -0.3296667187984109 0
3.691571534601473 -0.3800500188250346 0
-2.008579759870766 -0.3802750495725382 0
2.216141426746342 -6.335847580497755 0
-3.483858573242157 -6.335847580508206 0
3.706727223893023 -5.741309713572504 0
-1.99327277610692 -5.741309713572766 0
-1.993158222292746 -5.42334553239251 0
3.706841777707048 -5.423345532392119 0
2.071231232682408 -6.248462420085959 0
-3.628768767317273 -6.248462420087637 0
3.713947993254066 -4.550172356755447 0
-1.986052006745623 -4.550172356755513 0
3.707346710102866 -4.732030060273272 0
-1.992653289896897 -4.732030060273475 0
1.984601694684714 -4.540057626045838 0
-3.715398305315294 -4.540057626045837 0
3.710790277802366 -5.237046875003014 0
-1.989209722197481 -5.237046875003025 0
-1.993274003629023 -6.116108571884857 0
3.70672599637071 -6.116108571884217 0
3.275055337112777 -6.450993831215564 0
-2.424943224083779 -6.450993429759731 0
1.979520877313378 -5.925106396017676 0
-3.720479122687181 -5.92510639601797 0
3.212691601029811 -6.335353376163869 0
-2.487287706153411 -6.335344696730964 0
3.70792001736337 -5.050037013033508 0
-1.992079982636493 -5.050037013033646 0
1.915070167711463 -5.805384063225918 0
-3.784929832288818 -5.805384063226011 0
-7.262177851113369 -0.1419872364963574 0
7.262177851113238 -0.1419872364964277 0
$EndNodes
$Elements
41 5244 1 5244
0 1 15 1
1 1 
0 2 15 1
2 2 
0 3 15 1
3 3 
0 4 15 1
4 4 
0 5 15 1
5 5 
0 6 15 1
6 6 
0 7 15 1
7 7 
0 8 15 1
8 8 
0 9 15 1
9 9 
0 10 15 1
10 10 
0 11 15 1
11 11 
0 12 15 1
12 12 
0 201 15 1
13 13 
0 202 15 1
14 14 
0 203 15 1
15 15 
0 204 15 1
16 16 
0 205 15 1
17 17 
0 206 15 1
18 18 
0 207 15 1
19 19 
0 208 15 1
20 20 
1 1 1 2
21 1 21 
22 21 2 
1 2 1 35
23 2 22 
24 22 23 
25 23 24 
26 24 25 
27 25 26 
28 26 27 
29 27 28 
30 28 29 
31 29 30 
32 30 31 
33 31 32 
34 32 33 
35 33 34 
36 34 35 
37 35 36 
38 36 37 
39 37 38 
40 38 39 
41 39 40 
42 40 41 
43 41 42 
44 42 43 
45 43 44 
46 44 45 
47 45 46 
48 46 47 
49 47 48 
50 48 49 
51 49 50 
52 50 51 
53 51 52 
54 52 53 
55 53 54 
56 54 55 
57 55 3 
1 3 1 64
58 3 56 
59 56 57 
60 57 58 
61 58 59 
62 59 60 
63 60 61 
64 61 62 
65 62 63 
66 63 64 
67 64 65 
68 65 66 
69 66 67 
70 67 68 
71 68 69 
72 69 70 
73 70 71 
74 71 72 
75 72 73 
76 73 74 
77 74 75 
78 75 76 
79 76 77 
80 77 78 
81 78 79 
82 79 80 
83 80 81 
84 81 82 
85 82 83 
86 83 84 
87 84 85 
88 85 86 
89 86 87 
90 87 88 
91 88 89 
92 89 90 
93 90 91 
94 91 92 
95 92 93 
96 93 94 
97 94 95 
98 95 96 
99 96 97 
100 97 98 
101 98 99 
102 99 100 
103 100 101 
104 101 102 
105 102 103 
106 103 104 
107 104 105 
108 105 106 
109 106 107 
110 107 108 
111 108 109 
112 109 110 
113 110 111 
114 111 112 
115 112 113 
116 113 114 
117 114 115 
118 115 116 
119 116 117 
120 117 118 
121 118 4 
1 4 1 20
122 4 119 
123 119 120 
124 120 121 
125 121 122 
126 122 123 
127 123 124 
128 124 125 
129 125 126 
130 126 127 
131 127 128 
132 128 129 
133 129 130 
134 130 131 
135 131 132 
136 132 133 
137 133 134 
138 134 135 
139 135 136 
140 136 137 
141 137 5 
1 5 1 64
142 5 138 
143 138 139 
144 139 140 
145 140 141 
146 141 142 
147 142 143 
148 143 144 
149 144 145 
150 145 146 
151 146 147 
152 147 148 
153 148 149 
154 149 150 
155 150 151 
156 151 152 
157 152 153 
158 153 154 
159 154 155 
160 155 156 
161 156 157 
162 157 158 
163 158 159 
164 159 160 
165 160 161 
166 161 162 
167 162 163 
168 163 164 
169 164 165 
170 165 166 
171 166 167 
172 167 168 
173 168 169 
174 169 170 
175 170 171 
176 171 172 
177 172 173 
178 173 174 
179 174 175 
180 175 176 
181 176 177 
182 177 178 
183 178 179 
184 179 180 
185 180 181 
186 181 182 
187 182 183 
188 183 184 
189 184 185 
190 185 186 
191 186 187 
192 187 188 
193 188 189 
194 189 190 
195 190 191 
196 191 192 
197 192 193 
198 193 194 
199 194 195 
200 195 196 
201 196 197 
202 197 198 
203 198 199 
204 199 200 
205 200 6 
1 6 1 37
206 6 201 
207 201 202 
208 202 203 
209 203 204 
210 204 205 
211 205 206 
212 206 207 
213 207 208 
214 208 209 
215 209 210 
216 210 211 
217 211 212 
218 212 213 
219 213 214 
220 214 215 
221 215 216 
222 216 217 
223 217 218 
224 218 219 
225 219 220 
226 220 221 
227 221 222 
228 222 223 
229 223 224 
230 224 225 
231 225 226 
232 226 227 
233 227 228 
234 228 229 
235 229 230 
236 230 231 
237 231 232 
238 232 233 
239 233 234 
240 234 235 
241 235 236 
242 236 7 
1 7 1 64
243 7 237 
244 237 238 
245 238 239 
246 239 240 
247 240 241 
248 241 242 
249 242 243 
250 243 244 
251 244 245 
252 245 246 
253 246 247 
254 247 248 
255 248 249 
256 249 250 
257 250 251 
258 251 252 
259 252 253 
260 253 254 
261 254 255 
262 255 256 
263 256 257 
264 257 258 
265 258 259 
266 259 260 
267 260 261 
268 261 262 
269 262 263 
270 263 264 
271 264 265 
272 265 266 
273 266 267 
274 267 268 
275 268 269 
276 269 270 
277 270 271 
278 271 272 
279 272 273 
280 273 274 
281 274 275 
282 275 276 
283 276 277 
284 277 278 
285 278 279 
286 279 280 
287 280 281 
288 281 282 
289 282 283 
290 283 284 
291 284 285 
292 285 286 
293 286 287 
294 287 288 
295 288 289 
296 289 290 
297 290 291 
298 291 292 
299 292 293 
300 293 294 
301 294 295 
302 295 296 
303 296 297 
304 297 298 
305 298 299 
306 299 8 
1 8 1 20
307 8 300 
308 300 301 
309 301 302 
310 302 303 
311 303 304 
312 304 305 
313 305 306 
314 306 307 
315 307 308 
316 308 309 
317 309 310 
318 310 311 
319 311 312 
320 312 313 
321 313 314 
322 314 315 
323 315 316 
324 316 317 
325 317 318 
326 318 9 
1 9 1 64
327 9 319 
328 319 320 
329 320 321 
330 321 322 
331 322 323 
332 323 324 
333 324 325 
334 325 326 
335 326 327 
336 327 328 
337 328 329 
338 329 330 
339 330 331 
340 331 332 
341 332 333 
342 333 334 
343 334 335 
344 335 336 
345 336 337 
346 337 338 
347 338 339 
348 339 340 
349 340 341 
350 341 342 
351 342 343 
352 343 344 
353 344 345 
354 345 346 
355 346 347 
356 347 348 
357 348 349 
358 349 350 
359 350 351 
360 351 352 
361 352 353 
362 353 354 
363 354 355 
364 355 356 
365 356 357 
366 357 358 
367 358 359 
368 359 360 
369 360 361 
370 361 362 
371 362 363 
372 363 364 
373 364 365 
374 365 366 
375 366 367 
376 367 368 
377 368 369 
378 369 370 
379 370 371 
380 371 372 
381 372 373 
382 373 374 
383 374 375 
384 375 376 
385 376 377 
386 377 378 
387 378 379 
388 379 380 
389 380 381 
390 381 10 
1 10 1 35
391 10 382 
392 382 383 
393 383 384 
394 384 385 
395 385 386 
396 386 387 
397 387 388 
398 388 389 
399 389 390 
400 390 391 
401 391 392 
402 392 393 
403 393 394 
404 394 395 
405 395 396 
406 396 397 
407 397 398 
408 398 399 
409 399 400 
410 400 401 
411 401 402 
412 402 403 
413 403 404 
414 404 405 
415 405 406 
416 406 407 
417 407 408 
418 408 409 
419 409 410 
420 410 411 
421 411 412 
422 412 413 
423 413 414 
424 414 415 
425 415 11 
1 11 1 2
426 11 416 
427 416 12 
1 12 1 147
428 12 417 
429 417 418 
430 418 419 
431 419 420 
432 420 421 
433 421 422 
434 422 423 
435 423 424 
436 424 425 
437 425 426 
438 426 427 
439 427 428 
440 428 429 
441 429 430 
442 430 431 
443 431 432 
444 432 433 
445 433 434 
446 434 435 
447 435 436 
448 436 437 
449 437 438 
450 438 439 
451 439 440 
452 440 441 
453 441 442 
454 442 443 
455 443 444 
456 444 445 
457 445 446 
458 446 447 
459 447 448 
460 448 449 
461 449 450 
462 450 451 
463 451 452 
464 452 453 
465 453 454 
466 454 455 
467 455 456 
468 456 457 
469 457 458 
470 458 459 
471 459 460 
472 460 461 
473 461 462 
474 462 463 
475 463 464 
476 464 465 
477 465 466 
478 466 467 
479 467 468 
480 468 469 
481 469 470 
482 470 471 
483 471 472 
484 472 473 
485 473 474 
486 474 475 
487 475 476 
488 476 477 
489 477 478 
490 478 479 
491 479 480 
492 480 481 
493 481 482 
494 482 483 
495 483 484 
496 484 485 
497 485 486 
498 486 487 
499 487 488 
500 488 489 
501 489 490 
502 490 491 
503 491 492 
504 492 493 
505 493 494 
506 494 495 
507 495 496 
508 496 497 
509 497 498 
510 498 499 
511 499 500 
512 500 501 
513 501 502 
514 502 503 
515 503 504 
516 504 505 
517 505 506 
518 506 507 
519 507 508 
520 508 509 
521 509 510 
522 510 511 
523 511 512 
524 512 513 
525 513 514 
526 514 515 
527 515 516 
528 516 517 
529 517 518 
530 518 519 
531 519 520 
532 520 521 
533 521 522 
534 522 523 
535 523 524 
536 524 525 
537 525 526 
538 526 527 
539 527 528 
540 528 529 
541 529 530 
542 530 531 
543 531 532 
544 532 533 
545 533 534 
546 534 535 
547 535 536 
548 536 537 
549 537 538 
550 538 539 
551 539 540 
552 540 541 
553 541 542 
554 542 543 
555 543 544 
556 544 545 
557 545 546 
558 546 547 
559 547 548 
560 548 549 
561 549 550 
562 550 551 
563 551 552 
564 552 553 
565 553 554 
566 554 555 
567 555 556 
568 556 557 
569 557 558 
570 558 559 
571 559 560 
572 560 561 
573 561 562 
574 562 1 
1 13 1 40
575 13 563 
576 563 564 
577 564 565 
578 565 566 
579 566 567 
580 567 568 
581 568 569 
582 569 570 
583 570 571 
584 571 572 
585 572 573 
586 573 574 
587 574 575 
588 575 576 
589 576 577 
590 577 578 
591 578 579 
592 579 580 
593 580 581 
594 581 582 
595 582 583 
596 583 584 
597 584 585 
598 585 586 
599 586 587 
600 587 588 
601 588 589 
602 589 590 
603 590 591 
604 591 592 
605 592 593 
606 593 594 
607 594 595 
608 595 596 
609 596 597 
610 597 598 
611 598 599 
612 599 600 
613 600 601 
614 601 14 
1 14 1 12
615 14 602 
616 602 603 
617 603 604 
618 604 605 
619 605 606 
620 606 607 
621 607 608 
622 608 609 
623 609 610 
624 610 611 
625 611 612 
626 612 15 
1 15 1 40
627 15 613 
628 613 614 
629 614 615 
630 615 616 
631 616 617 
632 617 618 
633 618 619 
634 619 620 
635 620 621 
636 621 622 
637 622 623 
638 623 624 
639 624 625 
640 625 626 
641 626 627 
642 627 628 
643 628 629 
644 629 630 
645 630 631 
646 631 632 
647 632 633 
648 633 634 
649 634 635 
650 635 636 
651 636 637 
652 637 638 
653 638 639 
654 639 640 
655 640 641 
656 641 642 
657 642 643 
658 643 644 
659 644 645 
660 645 646 
661 646 647 
662 647 648 
663 648 649 
664 649 650 
665 650 651 
666 651 16 
1 16 1 12
667 16 652 
668 652 653 
669 653 654 
670 654 655 
671 655 656 
672 656 657 
673 657 658 
674 658 659 
675 659 660 
676 660 661 
677 661 662 
678 662 13 
1 17 1 40
679 17 663 
680 663 664 
681 664 665 
682 665 666 
683 666 667 
684 667 668 
685 668 669 
686 669 670 
687 670 671 
688 671 672 
689 672 673 
690 673 674 
691 674 675 
692 675 676 
693 676 677 
694 677 678 
695 678 679 
696 679 680 
697 680 681 
698 681 682 
699 682 683 
700 683 684 
701 684 685 
702 685 686 
703 686 687 
704 687 688 
705 688 689 
706 689 690 
707 690 691 
708 691 692 
709 692 693 
710 693 694 
711 694 695 
712 695 696 
713 696 697 
714 697 698 
715 698 699 
716 699 700 
717 700 701 
718 701 18 
1 18 1 12
719 18 702 
720 702 703 
721 703 704 
722 704 705 
723 705 706 
724 706 707 
725 707 708 
726 708 709 
727 709 710 
728 710 711 
729 711 712 
730 712 19 
1 19 1 40
731 19 713 
732 713 714 
733 714 715 
734 715 716 
735 716 717 
736 717 718 
737 718 719 
738 719 720 
739 720 721 
740 721 722 
741 722 723 
742 723 724 
743 724 725 
744 725 726 
745 726 727 
746 727 728 
747 728 729 
748 729 730 
749 730 731 
750 731 732 
751 732 733 
752 733 734 
753 734 735 
754 735 736 
755 736 737 
756 737 738 
757 738 739 
758 739 740 
759 740 741 
760 741 742 
761 742 743 
762 743 744 
763 744 745 
764 745 746 
765 746 747 
766 747 748 
767 748 749 
768 749 750 
769 750 751 
770 751 20 
1 20 1 12
771 20 752 
772 752 753 
773 753 754 
774 754 755 
775 755 756 
776 756 757 
777 757 758 
778 758 759 
779 759 760 
780 760 761 
781 761 762 
782 762 17 
2 1 2 4462
783 2122 527 2385 
784 452 2123 2384 
785 529 530 2299 
786 449 450 2298 
787 792 281 1685 
788 791 100 1675 
789 528 529 1567 
790 450 451 1566 
791 2028 766 2108 
792 2029 765 2109 
793 1473 992 2310 
794 991 1475 2311 
795 1732 1730 2498 
796 1793 1791 2499 
797 531 532 1563 
798 447 448 1562 
799 53 54 1571 
800 383 384 1570 
801 533 534 1559 
802 445 446 1558 
803 535 536 1555 
804 443 444 1554 
805 537 538 1551 
806 441 442 1550 
807 2192 2507 2529 
808 2193 2506 2528 
809 539 540 1545 
810 439 440 1544 
811 541 542 1543 
812 437 438 1542 
813 1567 529 2299 
814 450 1566 2298 
815 531 1563 1571 
816 1562 448 1570 
817 543 544 1541 
818 435 436 1540 
819 1563 53 1571 
820 384 1562 1570 
821 662 661 1573 
822 753 752 1572 
823 545 546 1533 
824 433 434 1532 
825 511 512 1596 
826 467 468 1597 
827 523 524 1575 
828 455 456 1574 
829 2507 1946 2529 
830 547 548 1527 
831 431 432 1526 
832 2506 1919 2528 
833 660 659 1569 
834 755 754 1568 
835 549 550 1523 
836 429 430 1522 
837 551 552 1517 
838 427 428 1516 
839 658 657 1565 
840 757 756 1564 
841 553 554 1513 
842 425 426 1512 
843 555 556 1509 
844 423 424 1508 
845 557 558 1505 
846 421 422 1504 
847 656 655 1561 
848 759 758 1560 
849 419 420 1501 
850 559 560 1502 
851 417 418 1499 
852 561 562 1500 
853 507 508 1531 
854 471 472 1530 
855 654 653 1557 
856 761 760 1556 
857 820 1577 1590 
858 819 1576 1586 
859 652 16 1553 
860 17 762 1552 
861 202 203 1535 
862 234 235 1534 
863 662 1573 1575 
864 1572 752 1574 
865 1573 523 1575 
866 456 1572 1574 
867 204 205 1529 
868 232 233 1528 
869 206 207 1525 
870 230 231 1524 
871 208 209 1521 
872 228 229 1520 
873 210 211 1519 
874 226 227 1518 
875 212 213 1515 
876 224 225 1514 
877 214 215 1511 
878 222 223 1510 
879 216 217 1507 
880 220 221 1506 
881 218 219 1503 
882 849 1732 2498 
883 850 1793 2499 
884 334 335 1955 
885 153 154 1957 
886 286 766 2091 
887 105 765 2093 
888 202 1535 1594 
889 1534 235 1595 
890 1459 2122 2385 
891 2123 1462 2384 
892 528 1567 2385 
893 1566 451 2384 
894 1387 2144 2368 
895 1392 2145 2369 
896 911 1443 1585 
897 912 1444 1584 
898 1493 767 2340 
899 1494 768 2341 
900 767 1493 2337 
901 768 1494 2338 
902 992 1473 2388 
903 1475 991 2389 
904 1458 2116 2358 
905 1457 2117 2359 
906 1487 804 2334 
907 1488 802 2335 
908 804 1487 2330 
909 802 1488 2331 
910 813 1580 1967 
911 814 1583 1966 
912 1485 781 2328 
913 1486 782 2329 
914 781 1485 2326 
915 782 1486 2327 
916 413 414 1602 
917 23 24 1603 
918 411 412 1606 
919 25 26 1607 
920 488 489 1604 
921 490 491 1605 
922 533 1559 1657 
923 1558 446 1656 
924 486 487 1608 
925 492 493 1609 
926 409 410 1610 
927 27 28 1611 
928 535 1555 1653 
929 1554 444 1652 
930 484 485 1612 
931 494 495 1613 
932 407 408 1614 
933 29 30 1615 
934 537 1551 1649 
935 1550 442 1648 
936 482 483 1616 
937 496 497 1617 
938 405 406 1618 
939 31 32 1619 
940 2116 1458 2350 
941 2117 1457 2351 
942 1596 16 2389 
943 17 1597 2388 
944 1456 911 1585 
945 1455 912 1584 
946 2389 16 2505 
947 17 2388 2504 
948 507 1531 1594 
949 1530 472 1595 
950 660 1569 1661 
951 1568 754 1660 
952 539 1545 1645 
953 1544 440 1644 
954 480 481 1620 
955 498 499 1621 
956 403 404 1622 
957 33 34 1623 
958 658 1565 1659 
959 1564 756 1658 
960 541 1543 1643 
961 1542 438 1642 
962 478 479 1624 
963 500 501 1625 
964 401 402 1626 
965 35 36 1627 
966 656 1561 1655 
967 1560 758 1654 
968 543 1541 1639 
969 1540 436 1638 
970 476 477 1628 
971 502 503 1629 
972 399 400 1630 
973 37 38 1631 
974 281 282 1685 
975 100 101 1675 
976 654 1557 1651 
977 1556 760 1650 
978 545 1533 1637 
979 1532 434 1636 
980 474 475 1632 
981 504 505 1633 
982 397 398 1636 
983 39 40 1637 
984 652 1553 1647 
985 1552 762 1646 
986 547 1527 1631 
987 1526 432 1630 
988 395 396 1638 
989 41 42 1639 
990 549 1523 1627 
991 1522 430 1626 
992 393 394 1642 
993 43 44 1643 
994 551 1517 1623 
995 1516 428 1622 
996 2036 2336 2345 
997 2033 2339 2344 
998 2036 2037 2336 
999 2033 2034 2339 
1000 2145 1392 2348 
1001 2144 1387 2349 
1002 391 392 1644 
1003 45 46 1645 
1004 553 1513 1619 
1005 1512 426 1618 
1006 1563 532 1657 
1007 447 1562 1656 
1008 389 390 1648 
1009 47 48 1649 
1010 465 466 1646 
1011 513 514 1647 
1012 555 1509 1615 
1013 1508 424 1614 
1014 204 1529 1633 
1015 1528 233 1632 
1016 1559 534 1653 
1017 445 1558 1652 
1018 463 464 1650 
1019 515 516 1651 
1020 557 1505 1611 
1021 1504 422 1610 
1022 387 388 1652 
1023 49 50 1653 
1024 206 1525 1629 
1025 1524 231 1628 
1026 1555 536 1649 
1027 443 1554 1648 
1028 820 1590 2398 
1029 819 1586 2399 
1030 1551 538 1645 
1031 441 1550 1644 
1032 298 299 1826 
1033 117 118 1830 
1034 559 1502 1607 
1035 1501 420 1606 
1036 208 1521 1625 
1037 1520 229 1624 
1038 461 462 1654 
1039 517 518 1655 
1040 385 386 1656 
1041 51 52 1657 
1042 1545 540 1643 
1043 439 1544 1642 
1044 1543 542 1639 
1045 437 1542 1638 
1046 1573 661 1661 
1047 753 1572 1660 
1048 285 286 2091 
1049 104 105 2093 
1050 235 236 1595 
1051 201 202 1594 
1052 1499 418 1602 
1053 561 1500 1603 
1054 210 1519 1621 
1055 1518 227 1620 
1056 1541 544 1637 
1057 435 1540 1636 
1058 459 460 1658 
1059 519 520 1659 
1060 1569 659 1659 
1061 755 1568 1658 
1062 1533 546 1631 
1063 433 1532 1630 
1064 1527 548 1627 
1065 431 1526 1626 
1066 1565 657 1655 
1067 757 1564 1654 
1068 212 1515 1617 
1069 1514 225 1616 
1070 1523 550 1623 
1071 429 1522 1622 
1072 427 1516 1618 
1073 1517 552 1619 
1074 419 1501 1602 
1075 1502 560 1603 
1076 457 458 1660 
1077 521 522 1661 
1078 425 1512 1614 
1079 1513 554 1615 
1080 421 1504 1606 
1081 1505 558 1607 
1082 423 1508 1610 
1083 1509 556 1611 
1084 1561 655 1651 
1085 759 1560 1650 
1086 991 511 1596 
1087 468 992 1597 
1088 512 1553 1596 
1089 1552 467 1597 
1090 214 1511 1613 
1091 1510 223 1612 
1092 1557 653 1647 
1093 761 1556 1646 
1094 216 1507 1609 
1095 1506 221 1608 
1096 218 1503 1605 
1097 1503 219 1604 
1098 1535 203 1633 
1099 234 1534 1632 
1100 1529 205 1629 
1101 232 1528 1628 
1102 1525 207 1625 
1103 230 1524 1624 
1104 220 1506 1604 
1105 1507 217 1605 
1106 1521 209 1621 
1107 228 1520 1620 
1108 222 1510 1608 
1109 1511 215 1609 
1110 1519 211 1617 
1111 226 1518 1616 
1112 1515 213 1613 
1113 224 1514 1612 
1114 335 790 1955 
1115 154 789 1957 
1116 2028 2108 2370 
1117 2029 2109 2371 
1118 2342 808 2557 
1119 2343 807 2554 
1120 1408 1825 2320 
1121 1429 1829 2321 
1122 771 1578 1580 
1123 772 1581 1583 
1124 17 1552 1597 
1125 1553 16 1596 
1126 791 1675 2361 
1127 792 1685 2360 
1128 2372 161 2375 
1129 2373 342 2374 
1130 1576 819 1587 
1131 1577 820 1591 
1132 2322 1472 2485 
1133 2323 1471 2484 
1134 1588 990 2316 
1135 1592 989 2317 
1136 1485 803 2326 
1137 1486 801 2327 
1138 1825 1408 2588 
1139 1829 1429 2589 
1140 417 1499 2490 
1141 1500 562 2491 
1142 2318 1280 2349 
1143 2319 1282 2348 
1144 766 2028 2356 
1145 765 2029 2357 
1146 414 1499 1602 
1147 1501 413 1602 
1148 1500 23 1603 
1149 24 1502 1603 
1150 1481 2290 2472 
1151 1483 2291 2473 
1152 845 1793 2522 
1153 846 1732 2523 
1154 1487 781 2330 
1155 1488 782 2331 
1156 781 1487 2328 
1157 782 1488 2329 
1158 334 1955 2354 
1159 153 1957 2355 
1160 1465 6 2364 
1161 7 1466 2365 
1162 1793 845 2519 
1163 1732 846 2520 
1164 1495 2342 2557 
1165 1496 2343 2554 
1166 412 1501 1606 
1167 1504 411 1606 
1168 26 1505 1607 
1169 1502 25 1607 
1170 1506 488 1604 
1171 489 1503 1604 
1172 1503 490 1605 
1173 491 1507 1605 
1174 1580 813 2402 
1175 1583 814 2403 
1176 6 1531 2364 
1177 1530 7 2365 
1178 1570 449 2298 
1179 530 1571 2299 
1180 785 1681 1682 
1181 786 1671 1672 
1182 487 1506 1608 
1183 1510 486 1608 
1184 493 1511 1609 
1185 1507 492 1609 
1186 1826 299 2562 
1187 1830 118 2563 
1188 1508 409 1610 
1189 410 1504 1610 
1190 28 1509 1611 
1191 1505 27 1611 
1192 844 1917 2541 
1193 843 1944 2540 
1194 1493 804 2337 
1195 1494 802 2338 
1196 804 1493 2334 
1197 802 1494 2335 
1198 1514 484 1612 
1199 485 1510 1612 
1200 1511 494 1613 
1201 495 1515 1613 
1202 904 1586 1588 
1203 903 1590 1592 
1204 803 1485 2582 
1205 801 1486 2583 
1206 1512 407 1614 
1207 408 1508 1614 
1208 30 1513 1615 
1209 1509 29 1615 
1210 1917 844 2532 
1211 1944 843 2533 
1212 1574 20 2294 
1213 13 1575 2295 
1214 2144 799 2368 
1215 2145 800 2369 
1216 1497 2318 2349 
1217 1498 2319 2348 
1218 483 1514 1616 
1219 1518 482 1616 
1220 1515 496 1617 
1221 497 1519 1617 
1222 1516 405 1618 
1223 406 1512 1618 
1224 32 1517 1619 
1225 1513 31 1619 
1226 1495 767 2342 
1227 1496 768 2343 
1228 1681 785 1684 
1229 1671 786 1674 
1230 767 1495 2340 
1231 768 1496 2341 
1232 481 1518 1620 
1233 1520 480 1620 
1234 499 1521 1621 
1235 1519 498 1621 
1236 404 1516 1622 
1237 1522 403 1622 
1238 1517 33 1623 
1239 34 1523 1623 
1240 1524 478 1624 
1241 479 1520 1624 
1242 1521 500 1625 
1243 501 1525 1625 
1244 903 1592 1593 
1245 904 1588 1589 
1246 402 1522 1626 
1247 1526 401 1626 
1248 1523 35 1627 
1249 36 1527 1627 
1250 236 1530 1595 
1251 1531 201 1594 
1252 1444 2275 2367 
1253 1443 2274 2366 
1254 477 1524 1628 
1255 1528 476 1628 
1256 1525 502 1629 
1257 503 1529 1629 
1258 1532 399 1630 
1259 400 1526 1630 
1260 1527 37 1631 
1261 38 1533 1631 
1262 2275 1444 2567 
1263 2274 1443 2566 
1264 1534 474 1632 
1265 475 1528 1632 
1266 1529 504 1633 
1267 505 1535 1633 
1268 398 1532 1636 
1269 1540 397 1636 
1270 40 1541 1637 
1271 1533 39 1637 
1272 1542 395 1638 
1273 396 1540 1638 
1274 1541 41 1639 
1275 42 1543 1639 
1276 842 1797 2536 
1277 841 1736 2537 
1278 1544 393 1642 
1279 394 1542 1642 
1280 44 1545 1643 
1281 1543 43 1643 
1282 990 1588 2560 
1283 989 1592 2561 
1284 1797 842 2531 
1285 1736 841 2530 
1286 392 1544 1644 
1287 1550 391 1644 
1288 46 1551 1645 
1289 1545 45 1645 
1290 793 2322 2485 
1291 794 2323 2484 
1292 1497 793 2318 
1293 1498 794 2319 
1294 840 1913 2545 
1295 466 1552 1646 
1296 1556 465 1646 
1297 514 1557 1647 
1298 1553 513 1647 
1299 1554 389 1648 
1300 390 1550 1648 
1301 48 1555 1649 
1302 1551 47 1649 
1303 839 1940 2543 
1304 793 1497 2322 
1305 794 1498 2323 
1306 2116 764 2358 
1307 2117 763 2359 
1308 1578 771 1598 
1309 1581 772 1600 
1310 1560 463 1650 
1311 464 1556 1650 
1312 1557 515 1651 
1313 516 1561 1651 
1314 1558 387 1652 
1315 388 1554 1652 
1316 1555 49 1653 
1317 50 1559 1653 
1318 2294 20 2314 
1319 13 2295 2315 
1320 2091 766 2356 
1321 2093 765 2357 
1322 462 1560 1654 
1323 1564 461 1654 
1324 1561 517 1655 
1325 518 1565 1655 
1326 386 1558 1656 
1327 1562 385 1656 
1328 1559 51 1657 
1329 52 1563 1657 
1330 1913 840 2544 
1331 1940 839 2542 
1332 1568 459 1658 
1333 460 1564 1658 
1334 520 1569 1659 
1335 1565 519 1659 
1336 1572 457 1660 
1337 458 1568 1660 
1338 1569 521 1661 
1339 522 1573 1661 
1340 1475 1465 2311 
1341 1466 1473 2310 
1342 383 1570 2298 
1343 1571 54 2299 
1344 2310 470 2365 
1345 509 2311 2364 
1346 1480 2373 2374 
1347 1479 2372 2375 
1348 455 1574 2294 
1349 1575 524 2295 
1350 2202 2447 2459 
1351 2203 2446 2458 
1352 838 1801 2549 
1353 837 1740 2548 
1354 1459 1460 2122 
1355 1463 1462 2123 
1356 1740 837 2538 
1357 1801 838 2539 
1358 776 1538 2605 
1359 775 1536 2604 
1360 2290 795 2472 
1361 2291 796 2473 
1362 1536 775 2600 
1363 1538 776 2601 
1364 836 1909 2527 
1365 835 1936 2526 
1366 2447 1872 2459 
1367 2446 1839 2458 
1368 10 1566 2384 
1369 1567 3 2385 
1370 532 533 1657 
1371 446 447 1656 
1372 1462 10 2384 
1373 3 1459 2385 
1374 471 1530 2365 
1375 1531 508 2364 
1376 1909 836 2535 
1377 1936 835 2534 
1378 534 535 1653 
1379 444 445 1652 
1380 661 660 1661 
1381 754 753 1660 
1382 527 528 2385 
1383 451 452 2384 
1384 1585 1443 2366 
1385 1584 1444 2367 
1386 659 658 1659 
1387 756 755 1658 
1388 536 537 1649 
1389 442 443 1648 
1390 657 656 1655 
1391 758 757 1654 
1392 1481 1482 2290 
1393 1483 1484 2291 
1394 538 539 1645 
1395 440 441 1644 
1396 833 1744 2555 
1397 834 1805 2556 
1398 655 654 1651 
1399 760 759 1650 
1400 1744 833 2550 
1401 1805 834 2551 
1402 540 541 1643 
1403 438 439 1642 
1404 506 507 1594 
1405 472 473 1595 
1406 831 1905 2514 
1407 832 1932 2512 
1408 1535 506 1594 
1409 473 1534 1595 
1410 653 652 1647 
1411 762 761 1646 
1412 1932 832 2518 
1413 1905 831 2521 
1414 813 1967 2370 
1415 814 1966 2371 
1416 542 543 1639 
1417 436 437 1638 
1418 815 2117 2351 
1419 816 2116 2350 
1420 2200 2438 2461 
1421 2201 2439 2460 
1422 1684 1371 2090 
1423 1674 1376 2092 
1424 544 545 1637 
1425 434 435 1636 
1426 1681 1684 2090 
1427 1671 1674 2092 
1428 827 1928 2508 
1429 546 547 1631 
1430 432 433 1630 
1431 828 1901 2511 
1432 1928 827 2513 
1433 2438 1875 2461 
1434 2439 1842 2460 
1435 1901 828 2515 
1436 2432 875 2443 
1437 2433 876 2442 
1438 548 549 1627 
1439 430 431 1626 
1440 830 1748 2558 
1441 829 1809 2559 
1442 1748 830 2552 
1443 1809 829 2553 
1444 203 204 1633 
1445 233 234 1632 
1446 550 551 1623 
1447 428 429 1622 
1448 1640 1352 2025 
1449 1641 1350 2022 
1450 811 1640 2025 
1451 812 1641 2022 
1452 1466 2310 2365 
1453 2311 1465 2364 
1454 205 206 1629 
1455 231 232 1628 
1456 552 553 1619 
1457 426 427 1618 
1458 2183 2431 2445 
1459 2182 2430 2444 
1460 1770 2433 2442 
1461 1709 2432 2443 
1462 207 208 1625 
1463 229 230 1624 
1464 554 555 1615 
1465 424 425 1614 
1466 2041 2040 2267 
1467 2043 2042 2266 
1468 1362 1478 2297 
1469 1361 1477 2296 
1470 209 210 1621 
1471 227 228 1620 
1472 556 557 1611 
1473 422 423 1610 
1474 847 2192 2529 
1475 848 2193 2528 
1476 1546 913 2502 
1477 916 1547 2503 
1478 1548 914 2504 
1479 915 1549 2505 
1480 211 212 1617 
1481 225 226 1616 
1482 1347 2041 2267 
1483 1345 2043 2266 
1484 558 559 1607 
1485 420 421 1606 
1486 2431 1845 2445 
1487 2430 1878 2444 
1488 213 214 1613 
1489 223 224 1612 
1490 771 1580 2402 
1491 772 1583 2403 
1492 1371 1684 2091 
1493 1376 1674 2093 
1494 560 561 1603 
1495 418 419 1602 
1496 215 216 1609 
1497 221 222 1608 
1498 2427 879 2437 
1499 2426 880 2436 
1500 217 218 1605 
1501 219 220 1604 
1502 2273 770 2289 
1503 2272 769 2288 
1504 1215 1664 2048 
1505 1072 1665 2049 
1506 1318 2275 2279 
1507 1317 2274 2278 
1508 974 1700 1701 
1509 973 1761 1762 
1510 972 1845 1846 
1511 971 1878 1879 
1512 934 1942 1943 
1513 933 1915 1916 
1514 2016 2353 2603 
1515 2017 2352 2602 
1516 975 1881 1882 
1517 976 1848 1849 
1518 937 1946 1947 
1519 970 1703 1704 
1520 969 1764 1765 
1521 938 1919 1920 
1522 2024 2025 2281 
1523 2021 2022 2280 
1524 1463 2123 2569 
1525 2122 1460 2568 
1526 1664 1662 2048 
1527 1665 1663 2049 
1528 980 1851 1852 
1529 979 1884 1885 
1530 941 1949 1950 
1531 966 1706 1707 
1532 965 1767 1768 
1533 942 1922 1923 
1534 2279 2024 2281 
1535 2278 2021 2280 
1536 1947 1946 2507 
1537 1920 1919 2506 
1538 1662 1199 2048 
1539 1663 1056 2049 
1540 983 1887 1888 
1541 984 1854 1855 
1542 962 1709 1710 
1543 961 1770 1771 
1544 940 1727 1728 
1545 939 1788 1789 
1546 943 1785 1786 
1547 944 1724 1725 
1548 935 1730 1731 
1549 936 1791 1792 
1550 931 1734 1735 
1551 932 1795 1796 
1552 928 1799 1800 
1553 927 1738 1739 
1554 919 1807 1808 
1555 920 1746 1747 
1556 923 1803 1804 
1557 924 1742 1743 
1558 948 1721 1722 
1559 947 1782 1783 
1560 951 1718 1719 
1561 952 1779 1780 
1562 987 1890 1891 
1563 988 1857 1858 
1564 958 1712 1713 
1565 957 1773 1774 
1566 954 1715 1716 
1567 953 1776 1777 
1568 929 1911 1912 
1569 977 1697 1698 
1570 978 1758 1759 
1571 967 1875 1876 
1572 968 1842 1843 
1573 930 1938 1939 
1574 2146 1971 2599 
1575 2147 1976 2598 
1576 2274 2021 2278 
1577 2275 2024 2279 
1578 1589 1588 2316 
1579 1593 1592 2317 
1580 901 2471 2547 
1581 902 2470 2546 
1582 1949 1947 2525 
1583 1922 1920 2524 
1584 1947 2507 2525 
1585 1920 2506 2524 
1586 2301 2145 2348 
1587 2300 2144 2349 
1588 974 1699 1700 
1589 973 1760 1761 
1590 972 1844 1845 
1591 971 1877 1878 
1592 934 1941 1942 
1593 933 1914 1915 
1594 975 1880 1881 
1595 976 1847 1848 
1596 937 1945 1946 
1597 969 1763 1764 
1598 970 1702 1703 
1599 938 1918 1919 
1600 1950 1897 2000 
1601 1923 1864 2001 
1602 980 1850 1851 
1603 979 1883 1884 
1604 941 1948 1949 
1605 966 1705 1706 
1606 965 1766 1767 
1607 942 1921 1922 
1608 1432 1430 2081 
1609 1411 1409 2080 
1610 722 721 1702 
1611 622 621 1763 
1612 593 592 1880 
1613 693 692 1847 
1614 575 574 1945 
1615 675 674 1918 
1616 673 672 1914 
1617 720 719 1699 
1618 620 619 1760 
1619 591 590 1877 
1620 691 690 1844 
1621 573 572 1941 
1622 983 1886 1887 
1623 984 1853 1854 
1624 962 1708 1709 
1625 961 1769 1770 
1626 940 1726 1727 
1627 939 1787 1788 
1628 943 1784 1785 
1629 944 1723 1724 
1630 935 1729 1730 
1631 936 1790 1791 
1632 931 1733 1734 
1633 932 1794 1795 
1634 916 1749 1750 
1635 915 1810 1811 
1636 919 1806 1807 
1637 920 1745 1746 
1638 928 1798 1799 
1639 927 1737 1738 
1640 923 1802 1803 
1641 924 1741 1742 
1642 948 1720 1721 
1643 947 1781 1782 
1644 929 1910 1911 
1645 951 1717 1718 
1646 952 1778 1779 
1647 954 1714 1715 
1648 953 1775 1776 
1649 987 1889 1890 
1650 988 1856 1857 
1651 958 1711 1712 
1652 957 1772 1773 
1653 977 1696 1697 
1654 978 1757 1758 
1655 967 1874 1875 
1656 968 1841 1842 
1657 930 1937 1938 
1658 695 694 1850 
1659 595 594 1883 
1660 577 576 1948 
1661 724 723 1705 
1662 624 623 1766 
1663 677 676 1921 
1664 697 696 1853 
1665 597 596 1886 
1666 726 725 1708 
1667 626 625 1769 
1668 2197 2420 2435 
1669 2196 2421 2434 
1670 926 1907 1908 
1671 638 637 1787 
1672 738 737 1726 
1673 640 639 1790 
1674 740 739 1729 
1675 636 635 1784 
1676 736 735 1723 
1677 742 741 1733 
1678 642 641 1794 
1679 644 643 1798 
1680 744 743 1737 
1681 650 649 1810 
1682 750 749 1749 
1683 648 647 1806 
1684 748 747 1745 
1685 646 645 1802 
1686 746 745 1741 
1687 734 733 1720 
1688 634 633 1781 
1689 732 731 1717 
1690 632 631 1778 
1691 599 598 1889 
1692 699 698 1856 
1693 728 727 1711 
1694 628 627 1772 
1695 601 600 1892 
1696 701 700 1859 
1697 730 729 1714 
1698 630 629 1775 
1699 1767 2426 2436 
1700 1706 2427 2437 
1701 2376 821 2379 
1702 2377 822 2378 
1703 810 1997 2287 
1704 809 1992 2286 
1705 2297 1478 2591 
1706 2296 1477 2590 
1707 982 1694 1695 
1708 981 1755 1756 
1709 963 1872 1873 
1710 964 1839 1840 
1711 925 1934 1935 
1712 671 670 1910 
1713 1640 811 2273 
1714 1641 812 2272 
1715 718 717 1696 
1716 618 617 1757 
1717 589 588 1874 
1718 689 688 1841 
1719 571 570 1937 
1720 1999 1664 2149 
1721 1998 1665 2148 
1722 1728 1727 2517 
1723 1789 1788 2516 
1724 2040 810 2267 
1725 2042 809 2266 
1726 1601 1999 2149 
1727 1599 1998 2148 
1728 1669 1211 1960 
1729 1679 1068 1964 
1730 926 1906 1907 
1731 2072 2231 2255 
1732 2062 2230 2254 
1733 1670 1669 1960 
1734 1680 1679 1964 
1735 1959 1673 1960 
1736 1963 1683 1964 
1737 941 1950 2000 
1738 942 1923 2001 
1739 982 1693 1694 
1740 981 1754 1755 
1741 963 1871 1872 
1742 964 1838 1839 
1743 925 1933 1934 
1744 1199 1662 2081 
1745 1056 1663 2080 
1746 1664 1215 2149 
1747 1665 1072 2148 
1748 974 720 1699 
1749 973 620 1760 
1750 971 591 1877 
1751 972 691 1844 
1752 934 573 1941 
1753 933 673 1914 
1754 976 693 1847 
1755 975 593 1880 
1756 937 575 1945 
1757 970 722 1702 
1758 969 622 1763 
1759 1285 1979 2132 
1760 1286 1981 2133 
1761 938 675 1918 
1762 980 695 1850 
1763 979 595 1883 
1764 941 577 1948 
1765 965 624 1766 
1766 966 724 1705 
1767 942 677 1921 
1768 983 597 1886 
1769 984 697 1853 
1770 961 626 1769 
1771 962 726 1708 
1772 1666 1183 1667 
1773 1676 1040 1677 
1774 939 638 1787 
1775 940 738 1726 
1776 943 636 1784 
1777 944 736 1723 
1778 936 640 1790 
1779 935 740 1729 
1780 931 742 1733 
1781 932 642 1794 
1782 915 650 1810 
1783 916 750 1749 
1784 928 644 1798 
1785 927 744 1737 
1786 919 648 1806 
1787 920 748 1745 
1788 923 646 1802 
1789 924 746 1741 
1790 948 734 1720 
1791 947 634 1781 
1792 989 601 1892 
1793 990 701 1859 
1794 951 732 1717 
1795 952 632 1778 
1796 987 599 1889 
1797 988 699 1856 
1798 958 728 1711 
1799 957 628 1772 
1800 954 730 1714 
1801 953 630 1775 
1802 929 671 1910 
1803 977 718 1696 
1804 978 618 1757 
1805 967 589 1874 
1806 968 689 1841 
1807 930 571 1937 
1808 2025 1352 2281 
1809 2022 1350 2280 
1810 2498 1728 2517 
1811 2499 1789 2516 
1812 669 668 1906 
1813 2041 1347 2271 
1814 2043 1345 2270 
1815 1149 1147 1978 
1816 1006 1004 1980 
1817 1673 1670 1960 
1818 1683 1680 1964 
1819 716 715 1693 
1820 616 615 1754 
1821 587 586 1871 
1822 687 686 1838 
1823 569 568 1933 
1824 1667 1183 1961 
1825 1677 1040 1965 
1826 1791 1789 2499 
1827 1730 1728 2498 
1828 1430 1952 2081 
1829 1409 1953 2080 
1830 926 669 1906 
1831 982 716 1693 
1832 981 616 1754 
1833 963 587 1871 
1834 964 687 1838 
1835 925 569 1933 
1836 721 974 1702 
1837 621 973 1763 
1838 592 971 1880 
1839 692 972 1847 
1840 574 934 1945 
1841 674 933 1918 
1842 1686 1179 1978 
1843 1687 1036 1980 
1844 1662 1432 2081 
1845 1663 1411 2080 
1846 672 929 1914 
1847 1179 1686 1979 
1848 1036 1687 1981 
1849 719 977 1699 
1850 619 978 1760 
1851 690 968 1844 
1852 590 967 1877 
1853 572 930 1941 
1854 1211 1669 1961 
1855 1068 1679 1965 
1856 694 976 1850 
1857 594 975 1883 
1858 576 937 1948 
1859 723 970 1705 
1860 623 969 1766 
1861 676 938 1921 
1862 1979 1686 2132 
1863 1981 1687 2133 
1864 1861 1862 1863 
1865 1894 1895 1896 
1866 696 980 1853 
1867 596 979 1886 
1868 725 966 1708 
1869 625 965 1769 
1870 637 943 1787 
1871 737 944 1726 
1872 639 939 1790 
1873 739 940 1729 
1874 741 935 1733 
1875 641 936 1794 
1876 635 947 1784 
1877 735 948 1723 
1878 643 932 1798 
1879 743 931 1737 
1880 649 919 1810 
1881 749 920 1749 
1882 647 923 1806 
1883 747 924 1745 
1884 645 928 1802 
1885 745 927 1741 
1886 733 951 1720 
1887 633 952 1781 
1888 598 983 1889 
1889 698 984 1856 
1890 727 962 1711 
1891 627 961 1772 
1892 913 1546 2578 
1893 731 954 1717 
1894 631 953 1778 
1895 729 958 1714 
1896 629 957 1775 
1897 600 987 1892 
1898 700 988 1859 
1899 1971 1970 2599 
1900 1976 1975 2598 
1901 914 1548 2579 
1902 1183 1666 1978 
1903 1040 1676 1980 
1904 1577 1591 2293 
1905 1576 1587 2292 
1906 1943 1942 1944 
1907 1916 1915 1917 
1908 1923 1922 2496 
1909 1950 1949 2497 
1910 670 926 1910 
1911 680 946 1862 
1912 580 945 1895 
1913 717 982 1696 
1914 617 981 1757 
1915 588 963 1874 
1916 688 964 1841 
1917 570 925 1937 
1918 1731 1730 1732 
1919 1792 1791 1793 
1920 1735 1734 1736 
1921 1796 1795 1797 
1922 1800 1799 1801 
1923 1739 1738 1740 
1924 1808 1807 1809 
1925 1747 1746 1748 
1926 1804 1803 1805 
1927 1743 1742 1744 
1928 1912 1911 1913 
1929 921 1902 1903 
1930 1939 1938 1940 
1931 921 1903 1904 
1932 2231 1979 2255 
1933 2230 1981 2254 
1934 1640 2273 2289 
1935 1641 2272 2288 
1936 986 1690 1691 
1937 985 1751 1752 
1938 959 1868 1869 
1939 960 1835 1836 
1940 922 1929 1930 
1941 921 667 1902 
1942 1145 1143 1961 
1943 1002 1000 1965 
1944 681 680 1862 
1945 581 580 1895 
1946 1468 1358 1818 
1947 1467 1356 1819 
1948 1908 1907 1909 
1949 986 714 1690 
1950 985 614 1751 
1951 959 585 1868 
1952 960 685 1835 
1953 922 567 1929 
1954 1989 1289 1991 
1955 1994 1290 1996 
1956 2420 1881 2435 
1957 2421 1848 2434 
1958 1818 1358 1820 
1959 1819 1356 1822 
1960 986 1691 1692 
1961 985 1752 1753 
1962 959 1869 1870 
1963 960 1836 1837 
1964 922 1930 1931 
1965 1935 1934 1936 
1966 1996 1290 2121 
1967 1991 1289 2120 
1968 1895 945 1896 
1969 1862 946 1863 
1970 1179 1149 1978 
1971 1036 1006 1980 
1972 2068 2070 2115 
1973 2058 2060 2114 
1974 1147 1183 1978 
1975 1004 1040 1980 
1976 2070 1262 2115 
1977 2060 1119 2114 
1978 1954 1377 2094 
1979 1956 1378 2095 
1980 1224 1812 1820 
1981 1081 1813 1822 
1982 1378 1288 2095 
1983 1377 1287 2094 
1984 1688 1202 2239 
1985 1689 1059 2238 
1986 2069 1171 2071 
1987 2059 1028 2061 
1988 2071 1171 2072 
1989 2061 1028 2062 
1990 974 1701 1702 
1991 973 1762 1763 
1992 972 1846 1847 
1993 971 1879 1880 
1994 934 1943 1945 
1995 933 1916 1918 
1996 1679 1677 1965 
1997 1669 1667 1961 
1998 976 1849 1850 
1999 975 1882 1883 
2000 937 1947 1948 
2001 970 1704 1705 
2002 969 1765 1766 
2003 938 1920 1921 
2004 1547 916 2576 
2005 1160 1157 2228 
2006 1017 1014 2229 
2007 980 1852 1853 
2008 979 1885 1886 
2009 966 1707 1708 
2010 965 1768 1769 
2011 668 921 1906 
2012 983 1888 1889 
2013 984 1855 1856 
2014 962 1710 1711 
2015 961 1771 1772 
2016 939 1789 1790 
2017 940 1728 1729 
2018 943 1786 1787 
2019 944 1725 1726 
2020 935 1731 1733 
2021 936 1792 1794 
2022 932 1796 1798 
2023 931 1735 1737 
2024 928 1800 1802 
2025 927 1739 1741 
2026 919 1808 1810 
2027 920 1747 1749 
2028 923 1804 1806 
2029 924 1743 1745 
2030 947 1783 1784 
2031 948 1722 1723 
2032 951 1719 1720 
2033 952 1780 1781 
2034 987 1891 1892 
2035 988 1858 1859 
2036 958 1713 1714 
2037 957 1774 1775 
2038 954 1716 1717 
2039 953 1777 1778 
2040 929 1912 1914 
2041 1549 915 2577 
2042 1202 1197 2239 
2043 1059 1054 2238 
2044 1864 1923 2479 
2045 1897 1950 2478 
2046 977 1698 1699 
2047 978 1759 1760 
2048 967 1876 1877 
2049 968 1843 1844 
2050 930 1939 1941 
2051 1216 2068 2115 
2052 1073 2058 2114 
2053 2071 2072 2255 
2054 2061 2062 2254 
2055 1812 1224 1821 
2056 1813 1081 1823 
2057 715 986 1693 
2058 615 985 1754 
2059 586 959 1871 
2060 686 960 1838 
2061 568 922 1933 
2062 1989 1988 2103 
2063 1994 1993 2102 
2064 1216 2066 2068 
2065 1073 2056 2058 
2066 1183 1145 1961 
2067 1040 1002 1965 
2068 1289 1989 2103 
2069 1290 1994 2102 
2070 1224 1820 2074 
2071 1081 1822 2075 
2072 1024 1019 2063 
2073 1167 1162 2073 
2074 667 666 1902 
2075 1143 1211 1961 
2076 1000 1068 1965 
2077 1904 1903 1905 
2078 918 1898 1899 
2079 1220 1218 1821 
2080 1077 1075 1823 
2081 1288 1815 2095 
2082 1287 1814 2094 
2083 1202 1688 2243 
2084 1059 1689 2242 
2085 2250 1449 2256 
2086 2251 1450 2257 
2087 1974 1977 2006 
2088 1969 1972 2007 
2089 2055 1024 2063 
2090 2065 1167 2073 
2091 1313 2053 2100 
2092 1314 2051 2101 
2093 1931 1930 1932 
2094 1162 1160 2073 
2095 1019 1017 2063 
2096 1897 945 2000 
2097 1864 946 2001 
2098 1441 2212 2218 
2099 1442 2213 2219 
2100 2066 1216 2096 
2101 2056 1073 2097 
2102 1977 1380 2006 
2103 1972 1379 2007 
2104 2011 2066 2096 
2105 2013 2056 2097 
2106 926 1908 1910 
2107 1865 949 1893 
2108 1832 950 1860 
2109 1925 913 1951 
2110 945 579 2000 
2111 946 679 2001 
2112 1257 1974 2006 
2113 1114 1969 2007 
2114 1901 831 2514 
2115 1814 1287 2014 
2116 1815 1288 2015 
2117 2064 1167 2065 
2118 2054 1024 2055 
2119 982 1695 1696 
2120 981 1756 1757 
2121 963 1873 1874 
2122 964 1840 1841 
2123 925 1935 1937 
2124 2073 1160 2228 
2125 2063 1017 2229 
2126 1986 1418 2245 
2127 1987 1397 2244 
2128 714 713 1690 
2129 614 613 1751 
2130 585 584 1868 
2131 685 684 1835 
2132 567 566 1929 
2133 2243 1986 2247 
2134 2242 1987 2246 
2135 1676 1687 1980 
2136 1666 1686 1978 
2137 1155 1153 2072 
2138 1012 1010 2062 
2139 2014 1095 2118 
2140 2015 1238 2119 
2141 302 803 1824 
2142 121 801 1828 
2143 1430 1426 1952 
2144 1409 1405 1953 
2145 682 950 1832 
2146 582 949 1865 
2147 564 913 1925 
2148 918 665 1898 
2149 1821 1218 2083 
2150 1823 1075 2085 
2151 1218 1176 2083 
2152 1075 1033 2085 
2153 1962 1963 1964 
2154 1958 1959 1960 
2155 1281 1829 1830 
2156 1279 1825 1826 
2157 1171 1155 2072 
2158 1028 1012 2062 
2159 1586 904 2399 
2160 1590 903 2398 
2161 236 7 1530 
2162 6 201 1531 
2163 1224 1220 1821 
2164 1081 1077 1823 
2165 1820 1358 2074 
2166 1822 1356 2075 
2167 2053 2052 2100 
2168 2051 2050 2101 
2169 809 605 1992 
2170 810 705 1997 
2171 1893 949 1894 
2172 1860 950 1861 
2173 1863 946 1864 
2174 1896 945 1897 
2175 1928 832 2512 
2176 1439 1818 1820 
2177 1440 1819 1822 
2178 2064 2009 2129 
2179 2054 2008 2128 
2180 1441 1816 2212 
2181 1442 1817 2213 
2182 1167 2064 2129 
2183 1024 2054 2128 
2184 2070 2071 2210 
2185 2060 2061 2211 
2186 2002 2003 2076 
2187 2004 2005 2077 
2188 2353 788 2603 
2189 2352 787 2602 
2190 1900 1899 1901 
2191 1211 1958 1960 
2192 1068 1962 1964 
2193 1813 1440 1822 
2194 1812 1439 1820 
2195 1927 1926 1928 
2196 1437 1381 1479 
2197 1438 1382 1480 
2198 1898 914 1924 
2199 2003 1338 2076 
2200 2005 1340 2077 
2201 1449 1338 2258 
2202 1450 1340 2259 
2203 906 912 1382 
2204 905 911 1381 
2205 956 1832 1833 
2206 955 1865 1866 
2207 917 1925 1926 
2208 950 681 1862 
2209 949 581 1895 
2210 1830 1829 1831 
2211 1826 1825 1827 
2212 1211 1141 1958 
2213 1068 998 1962 
2214 1816 1158 2212 
2215 1817 1015 2213 
2216 1477 1982 1983 
2217 1478 1984 1985 
2218 918 1899 1900 
2219 1899 1898 1924 
2220 1279 1824 1825 
2221 1281 1828 1829 
2222 1953 1689 2238 
2223 1952 1688 2239 
2224 1979 1285 2255 
2225 1981 1286 2254 
2226 1204 1986 2245 
2227 1061 1987 2244 
2228 1763 1762 1764 
2229 1702 1701 1703 
2230 1847 1846 1848 
2231 1880 1879 1881 
2232 1945 1943 1946 
2233 1918 1916 1919 
2234 1431 1483 2018 
2235 1410 1481 2019 
2236 1136 1366 1577 
2237 993 1365 1576 
2238 1883 1882 1884 
2239 1850 1849 1851 
2240 1948 1947 1949 
2241 1766 1765 1767 
2242 1705 1704 1706 
2243 1921 1920 1922 
2244 1381 911 1456 
2245 1382 912 1455 
2246 834 1809 2551 
2247 833 1748 2550 
2248 1886 1885 1887 
2249 1853 1852 1854 
2250 1769 1768 1770 
2251 1708 1707 1709 
2252 1426 1424 1952 
2253 1405 1403 1953 
2254 1491 1307 2078 
2255 1489 1311 2079 
2256 2218 1164 2249 
2257 2219 1021 2248 
2258 1889 1888 1890 
2259 1856 1855 1857 
2260 1772 1771 1773 
2261 1711 1710 1712 
2262 1790 1789 1791 
2263 1729 1728 1730 
2264 1787 1786 1788 
2265 1726 1725 1727 
2266 1794 1792 1795 
2267 1733 1731 1734 
2268 1737 1735 1738 
2269 1798 1796 1799 
2270 1741 1739 1742 
2271 1802 1800 1803 
2272 1810 1808 1811 
2273 1749 1747 1750 
2274 1745 1743 1746 
2275 1806 1804 1807 
2276 1784 1783 1785 
2277 1723 1722 1724 
2278 1112 1130 1982 
2279 1255 1273 1984 
2280 1720 1719 1721 
2281 1781 1780 1782 
2282 1714 1713 1715 
2283 1775 1774 1776 
2284 1778 1777 1779 
2285 1717 1716 1718 
2286 1114 1069 1968 
2287 1257 1212 1973 
2288 1914 1912 1915 
2289 1130 1453 1982 
2290 1273 1454 1984 
2291 1815 2015 2119 
2292 1814 2014 2118 
2293 1699 1698 1700 
2294 1760 1759 1761 
2295 1877 1876 1878 
2296 1844 1843 1845 
2297 1941 1939 1942 
2298 1176 2047 2083 
2299 1033 2046 2085 
2300 777 1988 1989 
2301 778 1993 1994 
2302 2080 1953 2238 
2303 2081 1952 2239 
2304 605 604 1992 
2305 705 704 1997 
2306 1114 1968 1969 
2307 1257 1973 1974 
2308 1576 1365 1586 
2309 1577 1366 1590 
2310 955 1866 1867 
2311 956 1833 1834 
2312 917 1926 1927 
2313 1866 1865 1893 
2314 1833 1832 1860 
2315 1926 1925 1951 
2316 1257 2006 2106 
2317 1114 2007 2107 
2318 906 1382 1438 
2319 905 1381 1437 
2320 910 909 1136 
2321 908 907 993 
2322 1279 301 1824 
2323 1281 120 1828 
2324 805 14 909 
2325 806 18 907 
2326 1428 1431 2018 
2327 1407 1410 2019 
2328 2010 2011 2096 
2329 2012 2013 2097 
2330 993 907 1365 
2331 1136 909 1366 
2332 1968 1386 1970 
2333 1973 1391 1975 
2334 300 301 1279 
2335 119 120 1281 
2336 2496 1922 2524 
2337 1262 2070 2210 
2338 1119 2060 2211 
2339 1202 2243 2247 
2340 1059 2242 2246 
2341 1910 1908 1911 
2342 136 137 1282 
2343 317 318 1280 
2344 1436 1966 2030 
2345 1435 1967 2031 
2346 2497 1949 2525 
2347 1179 1979 2231 
2348 1036 1981 2230 
2349 806 907 908 
2350 805 909 910 
2351 1757 1756 1758 
2352 1696 1695 1697 
2353 905 15 911 
2354 906 19 912 
2355 1874 1873 1875 
2356 1841 1840 1842 
2357 1937 1935 1938 
2358 1982 1453 1983 
2359 1984 1454 1985 
2360 1157 1171 2228 
2361 1014 1028 2229 
2362 955 583 1865 
2363 956 683 1832 
2364 664 914 1898 
2365 917 565 1925 
2366 1360 1260 2030 
2367 1359 1117 2031 
2368 777 603 1988 
2369 778 703 1993 
2370 783 2020 2021 
2371 784 2023 2024 
2372 1205 1257 2106 
2373 1062 1114 2107 
2374 1245 2002 2076 
2375 1102 2004 2077 
2376 1962 1133 1963 
2377 1958 1276 1959 
2378 1311 1309 2099 
2379 1307 1305 2098 
2380 1097 1095 2014 
2381 1240 1238 2015 
2382 1200 1196 2010 
2383 1057 1053 2012 
2384 1427 1426 1428 
2385 1406 1405 1407 
2386 1141 1139 1958 
2387 998 996 1962 
2388 996 1133 1962 
2389 1139 1276 1958 
2390 1428 1426 1430 
2391 1407 1405 1409 
2392 1116 1386 1968 
2393 1259 1391 1973 
2394 807 2032 2033 
2395 996 994 1133 
2396 1139 1137 1276 
2397 1428 1430 1431 
2398 1407 1409 1410 
2399 2035 775 2037 
2400 1245 1247 2002 
2401 1102 1104 2004 
2402 2417 883 2429 
2403 2416 884 2428 
2404 1362 1274 1478 
2405 1361 1131 1477 
2406 617 616 981 
2407 717 716 982 
2408 615 614 985 
2409 715 714 986 
2410 633 632 952 
2411 733 732 951 
2412 584 583 955 
2413 684 683 956 
2414 588 587 963 
2415 592 591 971 
2416 688 687 964 
2417 692 691 972 
2418 586 585 959 
2419 686 685 960 
2420 590 589 967 
2421 690 689 968 
2422 635 634 947 
2423 735 734 948 
2424 745 744 927 
2425 645 644 928 
2426 651 650 915 
2427 751 750 916 
2428 639 638 939 
2429 641 640 936 
2430 739 738 940 
2431 741 740 935 
2432 14 601 989 
2433 18 701 990 
2434 647 646 923 
2435 747 746 924 
2436 649 648 919 
2437 749 748 920 
2438 637 636 943 
2439 737 736 944 
2440 594 593 975 
2441 694 693 976 
2442 643 642 932 
2443 743 742 931 
2444 600 599 987 
2445 700 699 988 
2446 582 581 949 
2447 682 681 950 
2448 564 563 913 
2449 664 663 914 
2450 596 595 979 
2451 696 695 980 
2452 580 579 945 
2453 680 679 946 
2454 574 573 934 
2455 576 575 937 
2456 674 673 933 
2457 676 675 938 
2458 566 565 917 
2459 666 665 918 
2460 598 597 983 
2461 698 697 984 
2462 578 577 941 
2463 678 677 942 
2464 570 569 925 
2465 670 669 926 
2466 572 571 930 
2467 672 671 929 
2468 568 567 922 
2469 668 667 921 
2470 613 15 905 
2471 713 19 906 
2472 621 620 973 
2473 721 720 974 
2474 719 718 977 
2475 619 618 978 
2476 629 628 957 
2477 729 728 958 
2478 625 624 965 
2479 725 724 966 
2480 631 630 953 
2481 731 730 954 
2482 623 622 969 
2483 723 722 970 
2484 727 726 962 
2485 627 626 961 
2486 1069 1116 1968 
2487 1212 1259 1973 
2488 1434 1999 2016 
2489 1413 1998 2017 
2490 2078 1307 2098 
2491 2079 1311 2099 
2492 1424 1688 1952 
2493 1403 1689 1953 
2494 1222 1224 2074 
2495 1079 1081 2075 
2496 783 611 2020 
2497 784 711 2023 
2498 666 918 1902 
2499 1368 1370 2090 
2500 1373 1375 2092 
2501 1174 1217 2038 
2502 1031 1074 2039 
2503 1171 2069 2228 
2504 1028 2059 2229 
2505 1259 1389 1391 
2506 1116 1384 1386 
2507 1966 1360 2030 
2508 1967 1359 2031 
2509 2208 1152 2256 
2510 2209 1009 2257 
2511 1201 1215 2048 
2512 1058 1072 2049 
2513 312 775 2035 
2514 1176 1175 2047 
2515 1033 1032 2046 
2516 1425 1424 1426 
2517 1404 1403 1405 
2518 2267 810 2287 
2519 2266 809 2286 
2520 1990 1989 1991 
2521 1995 1994 1996 
2522 1988 805 2103 
2523 1993 806 2102 
2524 807 130 2032 
2525 1906 1904 1907 
2526 921 1904 1906 
2527 910 1136 1137 
2528 908 993 994 
2529 1046 1044 2008 
2530 1189 1187 2009 
2531 1196 1194 2010 
2532 1053 1051 2012 
2533 606 809 2042 
2534 706 810 2040 
2535 1371 1368 2090 
2536 1376 1373 2092 
2537 1274 1255 1984 
2538 1131 1112 1982 
2539 121 122 801 
2540 302 303 803 
2541 1021 1020 2050 
2542 1164 1163 2052 
2543 1693 1692 1694 
2544 1754 1753 1755 
2545 1871 1870 1872 
2546 1838 1837 1839 
2547 1933 1931 1934 
2548 2009 1187 2129 
2549 2008 1044 2128 
2550 2032 776 2034 
2551 1021 2050 2051 
2552 1164 2052 2053 
2553 1424 1422 1688 
2554 1403 1401 1689 
2555 1197 1199 2239 
2556 1054 1056 2238 
2557 2052 2038 2100 
2558 2050 2039 2101 
2559 1294 1300 2084 
2560 1292 1297 2082 
2561 602 805 1988 
2562 702 806 1993 
2563 1233 1235 2045 
2564 1090 1092 2044 
2565 1260 1261 2030 
2566 1117 1118 2031 
2567 530 531 1571 
2568 448 449 1570 
2569 1974 1975 1976 
2570 1969 1970 1971 
2571 1477 1131 1982 
2572 1478 1274 1984 
2573 2023 811 2025 
2574 2020 812 2022 
2575 1112 1108 1130 
2576 1255 1251 1273 
2577 1198 1201 2048 
2578 1055 1058 2049 
2579 1250 1240 1251 
2580 1107 1097 1108 
2581 602 14 805 
2582 702 18 806 
2583 1431 1430 1432 
2584 1410 1409 1411 
2585 777 1989 1990 
2586 778 1994 1995 
2587 1431 1432 1433 
2588 1410 1411 1412 
2589 678 942 2001 
2590 578 941 2000 
2591 1483 1433 1484 
2592 1481 1412 1482 
2593 2053 1313 2206 
2594 2051 1314 2207 
2595 770 2040 2041 
2596 769 2042 2043 
2597 1041 1293 2046 
2598 1184 1291 2047 
2599 1305 1231 2105 
2600 1309 1088 2104 
2601 2033 2032 2034 
2602 1974 1973 1975 
2603 1969 1968 1970 
2604 1134 1367 2028 
2605 1277 1372 2029 
2606 808 2035 2036 
2607 752 20 1574 
2608 13 662 1575 
2609 1273 1288 1378 
2610 1130 1287 1377 
2611 2024 2023 2025 
2612 2021 2020 2022 
2613 1169 1174 2038 
2614 1026 1031 2039 
2615 1140 1139 1141 
2616 997 996 998 
2617 1000 998 1068 
2618 1143 1141 1211 
2619 134 135 794 
2620 315 316 793 
2621 1812 1821 2082 
2622 1813 1823 2084 
2623 683 682 1832 
2624 583 582 1865 
2625 565 564 1925 
2626 665 664 1898 
2627 1678 1680 1681 
2628 1668 1670 1671 
2629 1247 1271 2002 
2630 1104 1128 2004 
2631 1271 1341 1342 
2632 1128 1343 1344 
2633 1431 1433 1483 
2634 1410 1412 1481 
2635 1205 1212 1257 
2636 1062 1069 1114 
2637 986 1692 1693 
2638 985 1753 1754 
2639 1902 1900 1903 
2640 922 1931 1933 
2641 959 1870 1871 
2642 960 1837 1838 
2643 1671 1670 1672 
2644 1681 1680 1682 
2645 995 994 996 
2646 1138 1137 1139 
2647 1130 1377 1453 
2648 1273 1378 1454 
2649 2036 2035 2037 
2650 1250 1251 1255 
2651 1107 1108 1112 
2652 1291 1206 1292 
2653 1293 1063 1294 
2654 301 302 1824 
2655 120 121 1828 
2656 1929 1927 1930 
2657 1868 1867 1869 
2658 1835 1834 1836 
2659 1751 1437 1752 
2660 1690 1438 1691 
2661 566 917 1929 
2662 584 955 1868 
2663 684 956 1835 
2664 713 906 1690 
2665 613 905 1751 
2666 1423 1422 1424 
2667 1402 1401 1403 
2668 1195 1194 1196 
2669 1052 1051 1053 
2670 1974 1976 1977 
2671 1969 1971 1972 
2672 1194 1301 2010 
2673 1051 1302 2012 
2674 1342 1341 1451 
2675 1344 1343 1452 
2676 999 998 1000 
2677 1142 1141 1143 
2678 1194 1192 1301 
2679 1051 1049 1302 
2680 1175 1178 2047 
2681 1032 1035 2046 
2682 1199 1198 2048 
2683 1056 1055 2049 
2684 1197 1196 1198 
2685 1054 1053 1055 
2686 1184 1185 1206 
2687 1041 1042 1063 
2688 2004 1344 2005 
2689 2002 1342 2003 
2690 1420 1418 1986 
2691 1399 1397 1987 
2692 1297 1296 1364 
2693 1300 1299 1363 
2694 1292 1295 1296 
2695 1294 1298 1299 
2696 2046 1293 2085 
2697 2047 1291 2083 
2698 1299 1379 2026 
2699 1296 1380 2027 
2700 1300 1813 2084 
2701 1297 1812 2082 
2702 1178 1184 2047 
2703 1035 1041 2046 
2704 1217 1176 1218 
2705 1074 1033 1075 
2706 1130 1108 1287 
2707 1273 1251 1288 
2708 1198 1200 1201 
2709 1055 1057 1058 
2710 1178 1181 1184 
2711 1035 1038 1041 
2712 1429 1428 2018 
2713 1408 1407 2019 
2714 911 15 1443 
2715 912 19 1444 
2716 1235 1242 2045 
2717 1092 1099 2044 
2718 1312 1489 1490 
2719 1308 1491 1492 
2720 710 811 2023 
2721 610 812 2020 
2722 1312 1311 1489 
2723 1308 1307 1491 
2724 1201 1203 1209 
2725 1058 1060 1066 
2726 2010 1301 2011 
2727 2012 1302 2013 
2728 1001 1000 1002 
2729 1144 1143 1145 
2730 1184 1206 1291 
2731 1041 1063 1293 
2732 1436 1277 2029 
2733 1435 1134 2028 
2734 1049 1046 2008 
2735 1192 1189 2009 
2736 1174 1175 1176 
2737 1031 1032 1033 
2738 131 776 2032 
2739 604 777 1992 
2740 704 778 1997 
2741 1581 1360 1583 
2742 1578 1359 1580 
2743 1275 1260 1360 
2744 1132 1117 1359 
2745 1020 1023 2050 
2746 1163 1166 2052 
2747 808 311 2035 
2748 1439 1364 1457 
2749 1440 1363 1458 
2750 2213 1016 2219 
2751 2212 1159 2218 
2752 1004 1002 1040 
2753 1147 1145 1183 
2754 1433 1434 2016 
2755 1412 1413 2017 
2756 1197 1198 1199 
2757 1054 1055 1056 
2758 1242 1252 1253 
2759 1099 1109 1110 
2760 1425 1426 1427 
2761 1404 1405 1406 
2762 1310 1309 1311 
2763 1306 1305 1307 
2764 1195 1196 1197 
2765 1052 1053 1054 
2766 1209 1210 1213 
2767 1066 1067 1070 
2768 1264 1277 1436 
2769 1121 1134 1435 
2770 1682 1683 1685 
2771 1672 1673 1675 
2772 1140 1141 1142 
2773 997 998 999 
2774 1433 1432 1434 
2775 1412 1411 1413 
2776 1174 1176 1217 
2777 1031 1033 1074 
2778 769 607 2042 
2779 770 707 2040 
2780 1142 1143 1144 
2781 999 1000 1001 
2782 1138 1139 1140 
2783 995 996 997 
2784 1434 1664 1999 
2785 1413 1665 1998 
2786 1391 1389 1392 
2787 1386 1384 1387 
2788 612 611 783 
2789 712 711 784 
2790 1166 2038 2052 
2791 1023 2039 2050 
2792 1292 1296 1297 
2793 1294 1299 1300 
2794 1241 1231 1305 
2795 1098 1088 1309 
2796 1169 1173 1174 
2797 1026 1030 1031 
2798 123 124 782 
2799 304 305 781 
2800 604 603 777 
2801 704 703 778 
2802 1427 1428 1429 
2803 1406 1407 1408 
2804 1200 2010 2096 
2805 1057 2012 2097 
2806 1099 1110 2044 
2807 1242 1253 2045 
2808 1421 1420 1422 
2809 1400 1399 1401 
2810 1339 1450 2251 
2811 1337 1449 2250 
2812 1003 1002 1004 
2813 1146 1145 1147 
2814 2098 1305 2105 
2815 2099 1309 2104 
2816 1213 1214 1260 
2817 1070 1071 1117 
2818 131 132 776 
2819 312 313 775 
2820 1201 1209 1215 
2821 1058 1066 1072 
2822 1275 1360 1581 
2823 1132 1359 1578 
2824 1144 1145 1146 
2825 1001 1002 1003 
2826 1193 1192 1194 
2827 1050 1049 1051 
2828 1213 1260 1275 
2829 1070 1117 1132 
2830 1267 1254 1357 
2831 1124 1111 1355 
2832 1166 1169 2038 
2833 1023 1026 2039 
2834 1310 1311 1312 
2835 1306 1307 1308 
2836 1484 1433 2016 
2837 1482 1412 2017 
2838 1219 1218 1220 
2839 1076 1075 1077 
2840 1253 1252 1337 
2841 1110 1109 1339 
2842 1201 1200 1203 
2843 1058 1057 1060 
2844 1204 1193 2247 
2845 1061 1050 2246 
2846 1296 1295 1380 
2847 1299 1298 1379 
2848 1225 1222 2074 
2849 1082 1079 2075 
2850 1215 1209 2089 
2851 1072 1066 2088 
2852 526 527 2122 
2853 452 453 2123 
2854 1217 1218 1219 
2855 1074 1075 1076 
2856 610 609 812 
2857 710 709 811 
2858 1198 1196 1200 
2859 1055 1053 1057 
2860 1364 1296 2027 
2861 1363 1299 2026 
2862 1271 1342 2002 
2863 1128 1344 2004 
2864 1070 1132 2088 
2865 1213 1275 2089 
2866 606 605 809 
2867 706 705 810 
2868 125 126 802 
2869 306 307 804 
2870 1370 1678 2090 
2871 1375 1668 2092 
2872 2011 2065 2066 
2873 2013 2055 2056 
2874 1264 1265 1277 
2875 1121 1122 1134 
2876 1248 1225 1254 
2877 1105 1082 1111 
2878 1132 1579 2088 
2879 1275 1582 2089 
2880 1292 1206 1295 
2881 1294 1063 1298 
2882 579 578 2000 
2883 679 678 2001 
2884 129 130 807 
2885 310 311 808 
2886 2066 2067 2068 
2887 2056 2057 2058 
2888 1209 1203 1210 
2889 1066 1060 1067 
2890 2068 2069 2070 
2891 2058 2059 2060 
2892 1184 1181 1185 
2893 1041 1038 1042 
2894 1146 1147 1148 
2895 1003 1004 1005 
2896 2038 1217 2100 
2897 2039 1074 2101 
2898 1271 1272 1341 
2899 1128 1129 1343 
2900 1221 1220 1222 
2901 1078 1077 1079 
2902 608 607 769 
2903 708 707 770 
2904 1297 1364 1439 
2905 1300 1363 1440 
2906 1161 1163 1164 
2907 1018 1020 1021 
2908 1193 1194 1195 
2909 1050 1051 1052 
2910 1291 1292 2082 
2911 1293 1294 2084 
2912 1601 1600 1635 
2913 1599 1598 1634 
2914 127 128 768 
2915 308 309 767 
2916 1277 1278 1372 
2917 1134 1135 1367 
2918 1005 1004 1006 
2919 1148 1147 1149 
2920 1008 1006 1036 
2921 1151 1149 1179 
2922 1222 1220 1224 
2923 1079 1077 1081 
2924 2066 2065 2067 
2925 2056 2055 2057 
2926 1261 1263 1264 
2927 1118 1120 1121 
2928 603 602 1988 
2929 703 702 1993 
2930 1355 1356 1467 
2931 1357 1358 1468 
2932 1267 1357 1470 
2933 1124 1355 1469 
2934 1419 1418 1420 
2935 1398 1397 1399 
2936 1241 1305 1306 
2937 1098 1309 1310 
2938 2011 2064 2065 
2939 2013 2054 2055 
2940 1248 1254 1267 
2941 1105 1111 1124 
2942 1005 1006 1007 
2943 1148 1149 1150 
2944 1174 1173 1175 
2945 1031 1030 1032 
2946 1439 1457 1818 
2947 1440 1458 1819 
2948 1582 1581 1600 
2949 1579 1578 1598 
2950 1219 1220 1221 
2951 1076 1077 1078 
2952 1583 1360 1966 
2953 1580 1359 1967 
2954 2068 2067 2069 
2955 2058 2057 2059 
2956 611 610 2020 
2957 711 710 2023 
2958 1213 1210 1214 
2959 1070 1067 1071 
2960 1253 1337 2234 
2961 1110 1339 2235 
2962 55 3 1567 
2963 10 382 1566 
2964 1295 1206 2106 
2965 1298 1063 2107 
2966 1956 1492 1957 
2967 1954 1490 1955 
2968 1302 1049 2008 
2969 1301 1192 2009 
2970 1725 1724 2500 
2971 1786 1785 2501 
2972 1301 2009 2064 
2973 1302 2008 2054 
2974 1372 1373 1376 
2975 1367 1368 1371 
2976 311 312 2035 
2977 1118 1121 2031 
2978 1261 1264 2030 
2979 1260 1214 1261 
2980 1117 1071 1118 
2981 1090 2044 2135 
2982 1233 2045 2134 
2983 130 131 2032 
2984 607 606 2042 
2985 707 706 2040 
2986 2070 2069 2071 
2987 2060 2059 2061 
2988 1007 1008 1009 
2989 1150 1151 1152 
2990 831 1901 2515 
2991 1247 1269 1271 
2992 1104 1126 1128 
2993 1108 1097 2014 
2994 1251 1240 2015 
2995 1007 1006 1008 
2996 1150 1149 1151 
2997 1223 1222 1225 
2998 1080 1079 1082 
2999 1074 1076 2101 
3000 1217 1219 2100 
3001 1339 1340 1450 
3002 1337 1338 1449 
3003 1333 1331 2086 
3004 1327 1325 2087 
3005 1416 1333 2086 
3006 1395 1327 2087 
3007 1009 1010 1011 
3008 1152 1153 1154 
3009 1158 2250 2256 
3010 1015 2251 2257 
3011 1154 1156 1158 
3012 1011 1013 1015 
3013 2006 1295 2106 
3014 2007 1298 2107 
3015 1191 1189 1192 
3016 1048 1046 1049 
3017 1396 1395 1397 
3018 1417 1416 1418 
3019 1590 1366 1592 
3020 1586 1365 1588 
3021 2011 1301 2064 
3022 2013 1302 2054 
3023 1009 1008 1010 
3024 1152 1151 1153 
3025 1076 1314 2101 
3026 1219 1313 2100 
3027 1242 1243 1252 
3028 1099 1100 1109 
3029 1423 1424 1425 
3030 1402 1403 1404 
3031 1357 1254 1358 
3032 1355 1111 1356 
3033 1221 1222 1223 
3034 1078 1079 1080 
3035 1256 1255 1274 
3036 1113 1112 1131 
3037 1264 1263 1265 
3038 1121 1120 1122 
3039 1668 1669 1670 
3040 1678 1679 1680 
3041 1434 1662 1664 
3042 1413 1663 1665 
3043 1249 1240 1250 
3044 1106 1097 1107 
3045 1678 1681 2090 
3046 1668 1671 2092 
3047 1185 1205 2106 
3048 1042 1062 2107 
3049 1226 1225 1248 
3050 1083 1082 1105 
3051 1121 1435 2031 
3052 1264 1436 2030 
3053 1277 1265 1278 
3054 1134 1122 1135 
3055 2045 1253 2226 
3056 2044 1110 2227 
3057 1066 1070 2088 
3058 1209 1213 2089 
3059 1284 1131 1361 
3060 1283 1274 1362 
3061 908 994 995 
3062 910 1137 1138 
3063 1400 1401 1402 
3064 1421 1422 1423 
3065 1235 1237 1242 
3066 1092 1094 1099 
3067 1312 1490 1954 
3068 1308 1492 1956 
3069 1354 526 2122 
3070 453 1353 2123 
3071 1239 1238 1240 
3072 1096 1095 1097 
3073 1672 1670 1673 
3074 1682 1680 1683 
3075 1442 1336 1817 
3076 1441 1335 1816 
3077 1254 1225 2074 
3078 1111 1082 2075 
3079 1132 1578 1579 
3080 1275 1581 1582 
3081 1048 1049 1050 
3082 1191 1192 1193 
3083 1372 1278 1373 
3084 1367 1135 1368 
3085 1062 1064 1069 
3086 1205 1207 1212 
3087 1261 1262 1263 
3088 1118 1119 1120 
3089 1394 1327 1395 
3090 1415 1333 1416 
3091 1579 1598 1599 
3092 1582 1600 1601 
3093 105 106 765 
3094 286 287 766 
3095 328 329 764 
3096 147 148 763 
3097 1072 2088 2148 
3098 1215 2089 2149 
3099 1088 1085 2104 
3100 1231 1228 2105 
3101 2067 2065 2073 
3102 2057 2055 2063 
3103 1337 1252 1338 
3104 1339 1109 1340 
3105 1042 1043 1062 
3106 1185 1186 1205 
3107 1370 1677 1678 
3108 1375 1667 1668 
3109 1441 2218 2249 
3110 1442 2219 2248 
3111 1011 1012 1013 
3112 1154 1155 1156 
3113 1986 1204 2247 
3114 1987 1061 2246 
3115 1023 1025 1026 
3116 1166 1168 1169 
3117 1419 1420 1421 
3118 1398 1399 1400 
3119 1287 1108 2014 
3120 1288 1251 2015 
3121 1013 1014 1016 
3122 1156 1157 1159 
3123 1210 1203 1216 
3124 1067 1060 1073 
3125 1032 1034 1035 
3126 1175 1177 1178 
3127 1297 1439 1812 
3128 1300 1440 1813 
3129 1232 1231 1241 
3130 1089 1088 1098 
3131 1413 1411 1663 
3132 1434 1432 1662 
3133 1018 1019 1020 
3134 1161 1162 1163 
3135 1178 1180 1181 
3136 1035 1037 1038 
3137 1020 1022 1023 
3138 1163 1165 1166 
3139 1016 1017 1018 
3140 1159 1160 1161 
3141 1223 1225 1226 
3142 1080 1082 1083 
3143 1219 1221 1313 
3144 1076 1078 1314 
3145 1861 950 1862 
3146 1894 949 1895 
3147 1026 1029 1030 
3148 1169 1172 1173 
3149 1343 1129 2126 
3150 1341 1272 2127 
3151 1267 1470 2078 
3152 1124 1469 2079 
3153 1014 1012 1028 
3154 1157 1155 1171 
3155 1206 1185 2106 
3156 1063 1042 2107 
3157 1396 1397 1398 
3158 1417 1418 1419 
3159 1271 1269 1272 
3160 1128 1126 1129 
3161 1011 1010 1012 
3162 1154 1153 1155 
3163 287 288 2108 
3164 106 107 2109 
3165 766 287 2108 
3166 765 106 2109 
3167 148 149 2110 
3168 329 330 2111 
3169 763 148 2110 
3170 764 329 2111 
3171 1261 1214 1262 
3172 1118 1071 1119 
3173 1095 1091 2118 
3174 1238 1234 2119 
3175 1241 1306 1815 
3176 1098 1310 1814 
3177 1221 1223 2124 
3178 1078 1080 2125 
3179 1536 1385 1537 
3180 1538 1390 1539 
3181 1322 1336 1442 
3182 1321 1335 1441 
3183 146 147 2117 
3184 327 328 2116 
3185 328 764 2116 
3186 147 763 2117 
3187 1084 1086 1123 
3188 1227 1229 1266 
3189 1379 1298 2007 
3190 1380 1295 2006 
3191 1099 1094 1100 
3192 1242 1237 1243 
3193 1223 1227 2124 
3194 1080 1084 2125 
3195 1243 1245 2076 
3196 1100 1102 2077 
3197 1310 1312 2094 
3198 1306 1308 2095 
3199 777 1990 1992 
3200 778 1995 1997 
3201 1022 1019 1024 
3202 1165 1162 1167 
3203 1312 1954 2094 
3204 1308 1956 2095 
3205 1236 1234 1238 
3206 1093 1091 1095 
3207 918 1900 1902 
3208 288 289 813 
3209 107 108 814 
3210 149 150 817 
3211 330 331 818 
3212 999 1001 1039 
3213 1142 1144 1182 
3214 1356 1111 2075 
3215 1358 1254 2074 
3216 1230 1228 1231 
3217 1087 1085 1088 
3218 1148 1150 1170 
3219 1005 1007 1027 
3220 1227 1228 1229 
3221 1084 1085 1086 
3222 2110 2309 2586 
3223 2111 2308 2587 
3224 1223 1226 1227 
3225 1080 1083 1084 
3226 1676 1369 1687 
3227 1666 1374 1686 
3228 1394 1395 1396 
3229 1415 1416 1417 
3230 1265 1263 1285 
3231 1122 1120 1286 
3232 510 511 991 
3233 468 469 992 
3234 1227 1226 1228 
3235 1084 1083 1085 
3236 2082 1821 2083 
3237 2084 1823 2085 
3238 1069 1115 1116 
3239 1212 1258 1259 
3240 1083 1105 2104 
3241 1226 1248 2105 
3242 1248 1267 2098 
3243 1105 1124 2099 
3244 1293 2084 2085 
3245 1291 2082 2083 
3246 1814 1310 2094 
3247 1815 1306 2095 
3248 917 1927 1929 
3249 955 1867 1868 
3250 956 1834 1835 
3251 906 1438 1690 
3252 905 1437 1751 
3253 1013 1012 1014 
3254 1156 1155 1157 
3255 1252 1243 2076 
3256 1109 1100 2077 
3257 1203 1200 2096 
3258 1060 1057 2097 
3259 326 327 816 
3260 145 146 815 
3261 1085 1083 2104 
3262 1228 1226 2105 
3263 1067 1073 2114 
3264 1210 1216 2115 
3265 1322 1304 1336 
3266 1321 1303 1335 
3267 288 813 2108 
3268 107 814 2109 
3269 149 817 2110 
3270 330 818 2111 
3271 150 151 2112 
3272 331 332 2113 
3273 1668 1667 1669 
3274 1678 1677 1679 
3275 1032 1030 1034 
3276 1175 1173 1177 
3277 1250 1255 1256 
3278 1107 1112 1113 
3279 1123 1304 1322 
3280 1266 1303 1321 
3281 1267 2078 2098 
3282 1124 2079 2099 
3283 1373 1278 1374 
3284 1368 1135 1369 
3285 1138 1140 1289 
3286 995 997 1290 
3287 1052 1054 1059 
3288 1195 1197 1202 
3289 1314 1078 2125 
3290 1313 1221 2124 
3291 1158 1156 2212 
3292 1015 1013 2213 
3293 1159 1161 2218 
3294 1016 1018 2219 
3295 1119 1071 2114 
3296 1262 1214 2115 
3297 1071 1067 2114 
3298 1214 1210 2115 
3299 1016 1014 1017 
3300 1159 1157 1160 
3301 1227 1266 2124 
3302 1084 1123 2125 
3303 1266 1229 1303 
3304 1123 1086 1304 
3305 1158 1816 2250 
3306 1015 1817 2251 
3307 525 526 1354 
3308 453 454 1353 
3309 1324 1326 1328 
3310 1330 1332 1334 
3311 1018 1017 1019 
3312 1161 1160 1162 
3313 1373 1374 1375 
3314 1368 1369 1370 
3315 1020 1019 1022 
3316 1163 1162 1165 
3317 1023 1022 1025 
3318 1166 1165 1168 
3319 1042 1038 1043 
3320 1185 1181 1186 
3321 1073 1060 2097 
3322 1216 1203 2096 
3323 1045 1044 1046 
3324 1188 1187 1189 
3325 1243 1244 1245 
3326 1100 1101 1102 
3327 1022 1024 2128 
3328 1165 1167 2129 
3329 290 291 771 
3330 109 110 772 
3331 1026 1025 1029 
3332 1169 1168 1172 
3333 332 333 773 
3334 151 152 774 
3335 1259 1388 1389 
3336 1116 1383 1384 
3337 1338 1252 2076 
3338 1340 1109 2077 
3339 2227 1110 2235 
3340 2226 1253 2234 
3341 325 326 2130 
3342 144 145 2131 
3343 816 327 2116 
3344 815 146 2117 
3345 832 1928 2513 
3346 283 284 785 
3347 102 103 786 
3348 1029 1044 1045 
3349 1172 1187 1188 
3350 1047 1046 1048 
3351 1190 1189 1191 
3352 1089 1098 2118 
3353 1232 1241 2119 
3354 1029 1025 1044 
3355 1172 1168 1187 
3356 1048 1050 1061 
3357 1191 1193 1204 
3358 1229 1228 1230 
3359 1086 1085 1087 
3360 1233 1234 1235 
3361 1090 1091 1092 
3362 1689 1401 2242 
3363 1688 1422 2243 
3364 1245 1246 1247 
3365 1102 1103 1104 
3366 1008 1036 2230 
3367 1151 1179 2231 
3368 1230 1231 1232 
3369 1087 1088 1089 
3370 1248 2098 2105 
3371 1105 2099 2104 
3372 1087 1089 1090 
3373 1230 1232 1233 
3374 1687 1369 2133 
3375 1686 1374 2132 
3376 1062 1043 1064 
3377 1205 1186 1207 
3378 1236 1238 1239 
3379 1093 1095 1096 
3380 1235 1236 1237 
3381 1092 1093 1094 
3382 1096 1097 1106 
3383 1239 1240 1249 
3384 817 150 2112 
3385 818 331 2113 
3386 1035 1034 1037 
3387 1178 1177 1180 
3388 2241 1204 2245 
3389 2240 1061 2244 
3390 1351 1127 1352 
3391 1349 1270 1350 
3392 1247 1268 1269 
3393 1104 1125 1126 
3394 1319 1315 1323 
3395 1320 1316 1329 
3396 1375 1374 1666 
3397 1370 1369 1676 
3398 2210 2071 2255 
3399 2211 2061 2254 
3400 1272 1345 1346 
3401 1129 1347 1348 
3402 1100 1094 1101 
3403 1243 1237 1244 
3404 1045 1046 1047 
3405 1188 1189 1190 
3406 1268 1246 1270 
3407 1125 1103 1127 
3408 1393 1327 1394 
3409 1414 1333 1415 
3410 2062 1010 2230 
3411 2072 1153 2231 
3412 1129 1348 2126 
3413 1272 1346 2127 
3414 1140 1142 2120 
3415 997 999 2121 
3416 1241 1815 2119 
3417 1098 1814 2118 
3418 1396 1398 1493 
3419 1417 1419 1494 
3420 1370 1676 1677 
3421 1375 1666 1667 
3422 908 995 2102 
3423 910 1138 2103 
3424 324 325 779 
3425 143 144 780 
3426 1326 1325 1327 
3427 1332 1331 1333 
3428 1324 1323 1325 
3429 1330 1329 1331 
3430 1265 1285 2132 
3431 1122 1286 2133 
3432 1034 1030 2138 
3433 1177 1173 2139 
3434 1233 1232 1234 
3435 1090 1089 1091 
3436 1091 1089 2118 
3437 1234 1232 2119 
3438 1278 1265 2132 
3439 1135 1122 2133 
3440 2069 2067 2228 
3441 2059 2057 2229 
3442 1120 1119 2211 
3443 1263 1262 2210 
3444 1283 1362 1585 
3445 1284 1361 1584 
3446 293 294 787 
3447 112 113 788 
3448 1319 1323 1324 
3449 1320 1329 1330 
3450 1187 1168 2129 
3451 1044 1025 2128 
3452 995 1290 2102 
3453 1138 1289 2103 
3454 806 908 2102 
3455 805 910 2103 
3456 280 281 792 
3457 99 100 791 
3458 1374 1278 2132 
3459 1369 1135 2133 
3460 1447 1249 1448 
3461 1445 1106 1446 
3462 1037 1315 1319 
3463 1180 1316 1320 
3464 1256 1274 1283 
3465 1113 1131 1284 
3466 1400 1402 1487 
3467 1421 1423 1488 
3468 1539 1390 2217 
3469 1537 1385 2216 
3470 1030 1029 2138 
3471 1173 1172 2139 
3472 1399 1987 2242 
3473 1420 1986 2243 
3474 1092 1091 1093 
3475 1235 1234 1236 
3476 1102 1101 1103 
3477 1245 1244 1246 
3478 1393 1394 1495 
3479 1414 1415 1496 
3480 1303 1229 2134 
3481 1304 1086 2135 
3482 1037 1034 1315 
3483 1180 1177 1316 
3484 154 155 789 
3485 335 336 790 
3486 1043 1038 2142 
3487 1186 1181 2143 
3488 1326 1327 1393 
3489 1332 1333 1414 
3490 1268 1270 1349 
3491 1125 1127 1351 
3492 151 774 2112 
3493 332 773 2113 
3494 1129 1126 1347 
3495 1272 1269 1345 
3496 1324 1325 1326 
3497 1330 1331 1332 
3498 1142 1182 2120 
3499 999 1039 2121 
3500 326 816 2130 
3501 145 815 2131 
3502 514 515 1557 
3503 491 492 1507 
3504 495 496 1515 
3505 505 506 1535 
3506 499 500 1521 
3507 497 498 1519 
3508 501 502 1525 
3509 503 504 1529 
3510 493 494 1511 
3511 456 457 1572 
3512 516 517 1561 
3513 520 521 1569 
3514 512 513 1553 
3515 518 519 1565 
3516 522 523 1573 
3517 466 467 1552 
3518 489 490 1503 
3519 458 459 1568 
3520 475 476 1528 
3521 485 486 1510 
3522 462 463 1560 
3523 460 461 1564 
3524 483 484 1514 
3525 464 465 1556 
3526 473 474 1534 
3527 481 482 1518 
3528 477 478 1524 
3529 487 488 1506 
3530 479 480 1520 
3531 296 297 795 
3532 115 116 796 
3533 1289 1140 2120 
3534 1290 997 2121 
3535 1025 1022 2128 
3536 1168 1165 2129 
3537 1247 1246 1268 
3538 1104 1103 1125 
3539 1239 1249 1447 
3540 1096 1106 1445 
3541 1266 1321 2206 
3542 1123 1322 2207 
3543 322 323 2146 
3544 141 142 2147 
3545 1349 1350 1641 
3546 1351 1352 1640 
3547 1164 2053 2249 
3548 1021 2051 2248 
3549 1069 1064 1115 
3550 1212 1207 1258 
3551 1170 1150 2208 
3552 1027 1007 2209 
3553 1038 1037 2142 
3554 1181 1180 2143 
3555 2088 1579 2148 
3556 2089 1582 2149 
3557 1315 1034 2138 
3558 1316 1177 2139 
3559 412 413 1501 
3560 414 415 1499 
3561 398 399 1532 
3562 410 411 1504 
3563 40 41 1541 
3564 42 43 1543 
3565 396 397 1540 
3566 394 395 1542 
3567 400 401 1526 
3568 52 53 1563 
3569 24 25 1502 
3570 26 27 1505 
3571 408 409 1508 
3572 38 39 1533 
3573 406 407 1512 
3574 22 23 1500 
3575 384 385 1562 
3576 36 37 1527 
3577 392 393 1544 
3578 402 403 1522 
3579 388 389 1554 
3580 44 45 1545 
3581 390 391 1550 
3582 386 387 1558 
3583 46 47 1551 
3584 50 51 1559 
3585 404 405 1516 
3586 48 49 1555 
3587 30 31 1513 
3588 28 29 1509 
3589 32 33 1517 
3590 34 35 1523 
3591 1229 1230 2134 
3592 1086 1087 2135 
3593 1003 2263 2265 
3594 1146 2262 2264 
3595 2087 1325 2232 
3596 2086 1331 2233 
3597 1404 1406 1485 
3598 1425 1427 1486 
3599 278 279 819 
3600 97 98 820 
3601 157 158 798 
3602 338 339 797 
3603 1064 1043 1065 
3604 1207 1186 1208 
3605 2124 1266 2206 
3606 2125 1123 2207 
3607 1313 2124 2206 
3608 1314 2125 2207 
3609 2208 1449 2258 
3610 2209 1450 2259 
3611 1150 1152 2208 
3612 1007 1009 2209 
3613 1230 1233 2134 
3614 1087 1090 2135 
3615 1250 1256 2214 
3616 1107 1113 2215 
3617 1392 1389 1498 
3618 1387 1384 1497 
3619 1579 1599 2148 
3620 1582 1601 2149 
3621 1101 1094 2141 
3622 1244 1237 2140 
3623 1472 1385 1536 
3624 1471 1390 1538 
3625 1029 1045 2138 
3626 1172 1188 2139 
3627 1156 1159 2212 
3628 1013 1016 2213 
3629 1449 2208 2256 
3630 1450 2209 2257 
3631 339 340 2136 
3632 158 159 2137 
3633 1237 1236 2140 
3634 1094 1093 2141 
3635 1065 1043 2142 
3636 1208 1186 2143 
3637 1116 1115 1383 
3638 1259 1258 1388 
3639 779 325 2130 
3640 780 144 2131 
3641 139 140 2145 
3642 320 321 2144 
3643 1161 1164 2218 
3644 1018 1021 2219 
3645 1397 1395 2244 
3646 1418 1416 2245 
3647 1324 1328 2222 
3648 1330 1334 2223 
3649 321 322 799 
3650 140 141 800 
3651 1285 1263 2210 
3652 1286 1120 2211 
3653 2135 2044 2227 
3654 2134 2045 2226 
3655 183 184 2153 
3656 364 365 2151 
3657 375 376 837 
3658 194 195 838 
3659 366 367 2150 
3660 185 186 2152 
3661 377 378 833 
3662 196 197 834 
3663 169 170 2158 
3664 350 351 2159 
3665 379 380 830 
3666 187 188 2154 
3667 368 369 2155 
3668 373 374 841 
3669 198 199 829 
3670 192 193 842 
3671 359 360 870 
3672 178 179 869 
3673 200 6 825 
3674 381 10 826 
3675 87 88 889 
3676 268 269 890 
3677 355 356 875 
3678 174 175 876 
3679 173 174 2162 
3680 354 355 2163 
3681 347 348 892 
3682 166 167 891 
3683 179 180 2160 
3684 360 361 2167 
3685 351 352 883 
3686 170 171 884 
3687 176 177 872 
3688 357 358 871 
3689 181 182 2174 
3690 362 363 2175 
3691 180 181 866 
3692 361 362 865 
3693 177 178 2161 
3694 358 359 2164 
3695 162 163 899 
3696 343 344 900 
3697 353 354 879 
3698 172 173 880 
3699 190 191 845 
3700 371 372 846 
3701 171 172 2168 
3702 352 353 2169 
3703 175 176 2166 
3704 356 357 2165 
3705 349 350 887 
3706 168 169 888 
3707 273 274 2172 
3708 269 270 2185 
3709 88 89 2184 
3710 91 92 897 
3711 272 273 898 
3712 92 93 2173 
3713 259 260 2181 
3714 65 66 843 
3715 246 247 844 
3716 78 79 2180 
3717 71 72 855 
3718 252 253 856 
3719 251 252 2179 
3720 265 266 2183 
3721 84 85 2182 
3722 70 71 2178 
3723 159 160 822 
3724 340 341 821 
3725 254 255 860 
3726 73 74 859 
3727 348 349 2170 
3728 167 168 2171 
3729 237 238 2187 
3730 242 243 836 
3731 61 62 835 
3732 255 256 2189 
3733 165 166 2198 
3734 56 57 2186 
3735 346 347 2199 
3736 74 75 2191 
3737 63 64 839 
3738 244 245 840 
3739 59 60 832 
3740 240 241 831 
3741 7 237 824 
3742 3 56 823 
3743 248 249 848 
3744 69 70 851 
3745 249 250 2193 
3746 250 251 852 
3747 67 68 847 
3748 57 58 827 
3749 238 239 828 
3750 270 271 894 
3751 89 90 893 
3752 68 69 2192 
3753 75 76 863 
3754 256 257 864 
3755 72 73 2177 
3756 253 254 2176 
3757 257 258 2190 
3758 93 94 901 
3759 274 275 902 
3760 276 277 904 
3761 95 96 903 
3762 271 272 2194 
3763 76 77 2188 
3764 90 91 2195 
3765 163 164 2204 
3766 79 80 873 
3767 260 261 874 
3768 344 345 2205 
3769 83 84 881 
3770 264 265 882 
3771 184 185 858 
3772 365 366 857 
3773 367 368 853 
3774 186 187 854 
3775 182 183 862 
3776 188 189 850 
3777 363 364 861 
3778 369 370 849 
3779 199 200 2156 
3780 380 381 2157 
3781 262 263 878 
3782 77 78 867 
3783 258 259 868 
3784 81 82 877 
3785 85 86 885 
3786 266 267 886 
3787 263 264 2201 
3788 82 83 2200 
3789 261 262 2203 
3790 345 346 895 
3791 164 165 896 
3792 80 81 2202 
3793 267 268 2196 
3794 86 87 2197 
3795 1249 1250 2214 
3796 1106 1107 2215 
3797 1383 1115 1385 
3798 1388 1258 1390 
3799 1383 1385 1472 
3800 1388 1390 1471 
3801 1133 2292 2306 
3802 1276 2293 2307 
3803 1236 1239 2140 
3804 1093 1096 2141 
3805 1239 1447 2140 
3806 1096 1445 2141 
3807 1037 1319 2142 
3808 1180 1320 2143 
3809 1338 2003 2258 
3810 1340 2005 2259 
3811 1473 824 1474 
3812 825 1475 1476 
3813 1101 2141 2224 
3814 1244 2140 2225 
3815 2138 1045 2220 
3816 2139 1188 2221 
3817 1256 1283 1317 
3818 1113 1284 1318 
3819 1208 2143 2223 
3820 1065 2142 2222 
3821 2143 1320 2223 
3822 2142 1319 2222 
3823 1460 823 1461 
3824 826 1463 1464 
3825 1315 2138 2220 
3826 1316 2139 2221 
3827 1127 1103 2224 
3828 1270 1246 2225 
3829 1256 1317 2214 
3830 1113 1318 2215 
3831 1045 1047 2220 
3832 1188 1190 2221 
3833 1352 1127 2236 
3834 1350 1270 2237 
3835 1323 1315 2220 
3836 1329 1316 2221 
3837 1303 2134 2226 
3838 1304 2135 2227 
3839 1448 1249 2214 
3840 1446 1106 2215 
3841 1050 1052 2246 
3842 1193 1195 2247 
3843 2207 1322 2248 
3844 2206 1321 2249 
3845 2220 1047 2232 
3846 2221 1190 2233 
3847 2141 1445 2224 
3848 2140 1447 2225 
3849 2234 1337 2250 
3850 2235 1339 2251 
3851 1335 1303 2226 
3852 1336 1304 2227 
3853 2067 2073 2228 
3854 2057 2063 2229 
3855 1048 1061 2240 
3856 1191 1204 2241 
3857 2051 2207 2248 
3858 2053 2206 2249 
3859 1010 1008 2230 
3860 1153 1151 2231 
3861 1319 1324 2222 
3862 1320 1330 2223 
3863 1152 1154 2256 
3864 1009 1011 2257 
3865 1323 2220 2232 
3866 1329 2221 2233 
3867 1064 1065 2216 
3868 1207 1208 2217 
3869 2087 2240 2244 
3870 2086 2241 2245 
3871 1816 1335 2234 
3872 1817 1336 2235 
3873 1103 1101 2224 
3874 1246 1244 2225 
3875 797 339 2136 
3876 798 158 2137 
3877 799 322 2146 
3878 800 141 2147 
3879 1336 2227 2235 
3880 1335 2226 2234 
3881 1115 1064 2216 
3882 1258 1207 2217 
3883 1325 1323 2232 
3884 1331 1329 2233 
3885 1385 1115 2216 
3886 1390 1258 2217 
3887 1056 2080 2238 
3888 1199 2081 2239 
3889 1342 1451 2260 
3890 1344 1452 2261 
3891 321 799 2144 
3892 140 800 2145 
3893 340 821 2136 
3894 159 822 2137 
3895 2268 2127 2276 
3896 2269 2126 2277 
3897 826 10 1462 
3898 3 823 1459 
3899 1473 1474 1548 
3900 1476 1475 1549 
3901 1460 1461 1546 
3902 1464 1463 1547 
3903 888 169 2158 
3904 887 350 2159 
3905 178 869 2161 
3906 359 870 2164 
3907 869 179 2160 
3908 870 360 2167 
3909 880 173 2162 
3910 180 866 2160 
3911 879 354 2163 
3912 361 865 2167 
3913 876 175 2166 
3914 875 356 2165 
3915 355 875 2163 
3916 174 876 2162 
3917 884 171 2168 
3918 883 352 2169 
3919 170 884 2158 
3920 351 883 2159 
3921 872 177 2161 
3922 871 358 2164 
3923 353 879 2169 
3924 172 880 2168 
3925 176 872 2166 
3926 357 871 2165 
3927 862 183 2153 
3928 861 364 2151 
3929 866 181 2174 
3930 865 362 2175 
3931 892 348 2170 
3932 891 167 2171 
3933 184 858 2153 
3934 365 857 2151 
3935 367 853 2150 
3936 186 854 2152 
3937 381 826 2157 
3938 200 825 2156 
3939 349 887 2170 
3940 168 888 2171 
3941 858 185 2152 
3942 857 366 2150 
3943 166 891 2198 
3944 182 862 2174 
3945 347 892 2199 
3946 363 861 2175 
3947 89 893 2184 
3948 270 894 2185 
3949 274 902 2172 
3950 93 901 2173 
3951 890 269 2185 
3952 889 88 2184 
3953 852 251 2179 
3954 851 70 2178 
3955 854 187 2154 
3956 853 368 2155 
3957 188 850 2154 
3958 829 199 2156 
3959 830 380 2157 
3960 252 856 2179 
3961 369 849 2155 
3962 272 898 2194 
3963 899 163 2204 
3964 900 344 2205 
3965 855 72 2177 
3966 91 897 2195 
3967 856 253 2176 
3968 71 855 2178 
3969 268 890 2196 
3970 87 889 2197 
3971 898 273 2172 
3972 897 92 2173 
3973 860 255 2189 
3974 238 828 2187 
3975 859 74 2191 
3976 57 827 2186 
3977 256 864 2189 
3978 254 860 2176 
3979 824 237 2187 
3980 73 859 2177 
3981 823 56 2186 
3982 75 863 2191 
3983 848 249 2193 
3984 250 852 2193 
3985 847 68 2192 
3986 69 851 2192 
3987 894 271 2194 
3988 864 257 2190 
3989 893 90 2195 
3990 863 76 2188 
3991 868 259 2181 
3992 867 78 2180 
3993 260 874 2181 
3994 79 873 2180 
3995 85 885 2182 
3996 266 886 2183 
3997 896 165 2198 
3998 882 265 2183 
3999 881 84 2182 
4000 895 346 2199 
4001 164 896 2204 
4002 345 895 2205 
4003 874 261 2203 
4004 258 868 2190 
4005 264 882 2201 
4006 77 867 2188 
4007 873 80 2202 
4008 83 881 2200 
4009 878 263 2201 
4010 877 82 2200 
4011 262 878 2203 
4012 81 877 2202 
4013 886 267 2196 
4014 885 86 2197 
4015 1127 2224 2236 
4016 1270 2225 2237 
4017 825 6 1465 
4018 7 824 1466 
4019 2087 2232 2240 
4020 2086 2233 2241 
4021 2224 1445 2236 
4022 2225 1447 2237 
4023 826 1462 1463 
4024 1459 823 1460 
4025 1047 1048 2240 
4026 1190 1191 2241 
4027 1445 1446 2236 
4028 1447 1448 2237 
4029 1401 1399 2242 
4030 1422 1420 2243 
4031 825 1465 1475 
4032 1466 824 1473 
4033 1146 1148 2262 
4034 1003 1005 2263 
4035 825 1476 2156 
4036 1474 824 2187 
4037 826 1464 2157 
4038 1461 823 2186 
4039 1395 2087 2244 
4040 1416 2086 2245 
4041 1322 1442 2248 
4042 1321 1441 2249 
4043 1052 1059 2246 
4044 1195 1202 2247 
4045 2232 1047 2240 
4046 2233 1190 2241 
4047 1285 2210 2255 
4048 1286 2211 2254 
4049 812 609 2272 
4050 811 709 2273 
4051 1537 2216 2252 
4052 1539 2217 2253 
4053 608 769 2272 
4054 708 770 2273 
4055 2222 1328 2252 
4056 2223 1334 2253 
4057 1154 1158 2256 
4058 1011 1015 2257 
4059 1182 1144 2264 
4060 1039 1001 2265 
4061 1816 2234 2250 
4062 1817 2235 2251 
4063 2494 1725 2500 
4064 2495 1786 2501 
4065 1341 2127 2268 
4066 1343 2126 2269 
4067 2216 1065 2252 
4068 2217 1208 2253 
4069 1065 2222 2252 
4070 1208 2223 2253 
4071 2262 1451 2264 
4072 2263 1452 2265 
4073 1788 1786 2495 
4074 1727 1725 2494 
4075 1345 1269 2270 
4076 1347 1126 2271 
4077 1268 1349 2270 
4078 1125 1351 2271 
4079 1170 2208 2258 
4080 1027 2209 2259 
4081 2111 818 2308 
4082 2110 817 2309 
4083 2260 1451 2262 
4084 2261 1452 2263 
4085 1991 2120 2276 
4086 1996 2121 2277 
4087 1990 1991 2284 
4088 1995 1996 2285 
4089 2479 1923 2496 
4090 2478 1950 2497 
4091 1170 2258 2260 
4092 1027 2259 2261 
4093 2003 1342 2260 
4094 2005 1344 2261 
4095 1148 1170 2262 
4096 1005 1027 2263 
4097 1182 2268 2276 
4098 1039 2269 2277 
4099 2258 2003 2260 
4100 2259 2005 2261 
4101 1144 1146 2264 
4102 1001 1003 2265 
4103 1990 2284 2286 
4104 1995 2285 2287 
4105 1346 1345 2266 
4106 1348 1347 2267 
4107 2214 1317 2278 
4108 2215 1318 2279 
4109 1992 1990 2286 
4110 1997 1995 2287 
4111 336 337 2282 
4112 155 156 2283 
4113 1182 2264 2268 
4114 1039 2265 2269 
4115 1451 1341 2268 
4116 1452 1343 2269 
4117 1170 2260 2262 
4118 1027 2261 2263 
4119 1350 2237 2280 
4120 1352 2236 2281 
4121 769 2043 2288 
4122 770 2041 2289 
4123 1269 1268 2270 
4124 1126 1125 2271 
4125 1788 2495 2516 
4126 1727 2494 2517 
4127 609 608 2272 
4128 709 708 2273 
4129 1955 1490 2354 
4130 1957 1492 2355 
4131 2191 2466 2474 
4132 2189 2467 2475 
4133 783 2021 2274 
4134 784 2024 2275 
4135 1932 835 2526 
4136 2270 1349 2288 
4137 2271 1351 2289 
4138 2120 1182 2276 
4139 2121 1039 2277 
4140 1905 836 2527 
4141 1448 2278 2280 
4142 1446 2279 2281 
4143 1448 2214 2278 
4144 1446 2215 2279 
4145 1591 820 2346 
4146 1587 819 2347 
4147 1703 2417 2429 
4148 1764 2416 2428 
4149 838 1805 2539 
4150 837 1744 2538 
4151 2264 1451 2268 
4152 2265 1452 2269 
4153 2237 1448 2280 
4154 2236 1446 2281 
4155 835 1932 2518 
4156 1983 1453 2592 
4157 1985 1454 2593 
4158 1748 833 2558 
4159 1809 834 2559 
4160 836 1905 2521 
4161 785 1682 2412 
4162 786 1672 2413 
4163 295 296 2290 
4164 114 115 2291 
4165 2043 2270 2288 
4166 2041 2271 2289 
4167 1722 1721 2493 
4168 1783 1782 2492 
4169 1859 1858 2316 
4170 1892 1891 2317 
4171 1971 2146 2332 
4172 1976 2147 2333 
4173 1991 2276 2284 
4174 1996 2277 2285 
4175 1827 795 2422 
4176 1831 796 2423 
4177 790 336 2282 
4178 789 155 2283 
4179 860 2189 2475 
4180 859 2191 2474 
4181 2344 1414 2554 
4182 2345 1393 2557 
4183 12 417 2490 
4184 562 1 2491 
4185 2276 2127 2284 
4186 2277 2126 2285 
4187 416 12 2490 
4188 1 21 2491 
4189 2282 1983 2592 
4190 2283 1985 2593 
4191 2127 1346 2284 
4192 2126 1348 2285 
4193 2113 773 2304 
4194 2112 774 2305 
4195 2284 1346 2286 
4196 2285 1348 2287 
4197 1136 1577 2293 
4198 993 1576 2292 
4199 1473 1548 2388 
4200 1549 1475 2389 
4201 2489 1783 2492 
4202 2488 1722 2493 
4203 1380 1977 2303 
4204 1379 1972 2302 
4205 1133 994 2292 
4206 1276 1137 2293 
4207 1785 1783 2489 
4208 1724 1722 2488 
4209 1957 789 2363 
4210 1955 790 2362 
4211 2471 1593 2547 
4212 2470 1589 2546 
4213 454 455 2294 
4214 524 525 2295 
4215 1346 2266 2286 
4216 1348 2267 2287 
4217 2292 1587 2306 
4218 2293 1591 2307 
4219 382 383 2298 
4220 54 55 2299 
4221 2016 1999 2353 
4222 2017 1998 2352 
4223 319 320 2300 
4224 138 139 2301 
4225 841 1740 2530 
4226 842 1801 2531 
4227 1785 2489 2501 
4228 1724 2488 2500 
4229 2283 156 2313 
4230 2282 337 2312 
4231 864 2462 2467 
4232 863 2463 2466 
4233 2408 888 2418 
4234 2409 887 2419 
4235 1349 1641 2288 
4236 1351 1640 2289 
4237 1455 2376 2379 
4238 1456 2377 2378 
4239 1744 837 2555 
4240 1805 838 2556 
4241 2190 2455 2462 
4242 2188 2454 2463 
4243 2079 1469 2304 
4244 2078 1470 2305 
4245 2189 864 2467 
4246 2191 863 2466 
4247 1780 1779 2486 
4248 1719 1718 2487 
4249 296 795 2290 
4250 115 796 2291 
4251 1469 1355 2308 
4252 1470 1357 2309 
4253 469 470 2310 
4254 509 510 2311 
4255 863 2188 2463 
4256 864 2190 2462 
4257 839 1936 2534 
4258 1936 839 2543 
4259 840 1909 2535 
4260 317 1280 2318 
4261 136 1282 2319 
4262 1825 1824 2320 
4263 1829 1828 2321 
4264 1909 840 2545 
4265 779 2130 2302 
4266 780 2131 2303 
4267 867 2453 2454 
4268 868 2452 2455 
4269 793 316 2318 
4270 794 135 2319 
4271 1455 1584 2570 
4272 1456 1585 2571 
4273 338 797 2312 
4274 157 798 2313 
4275 1539 2339 2605 
4276 1537 2336 2604 
4277 795 1827 2472 
4278 796 1831 2473 
4279 803 303 2326 
4280 801 122 2327 
4281 1721 1719 2483 
4282 1782 1780 2482 
4283 1983 2282 2312 
4284 1985 2283 2313 
4285 2482 1780 2486 
4286 2483 1719 2487 
4287 304 781 2326 
4288 123 782 2327 
4289 781 305 2330 
4290 782 124 2331 
4291 306 804 2330 
4292 125 802 2331 
4293 804 307 2337 
4294 802 126 2338 
4295 308 767 2337 
4296 127 768 2338 
4297 310 808 2342 
4298 129 807 2343 
4299 2188 867 2454 
4300 2190 868 2455 
4301 767 309 2342 
4302 768 128 2343 
4303 1497 1384 2322 
4304 1498 1389 2323 
4305 846 1736 2520 
4306 845 1797 2519 
4307 1468 1818 2359 
4308 1467 1819 2358 
4309 1383 1472 2322 
4310 1388 1471 2323 
4311 1487 1402 2328 
4312 1488 1423 2329 
4313 1493 1398 2334 
4314 1494 1419 2335 
4315 324 779 2332 
4316 143 780 2333 
4317 1404 1485 2328 
4318 1425 1486 2329 
4319 1400 1487 2334 
4320 1421 1488 2335 
4321 1495 1394 2340 
4322 1496 1415 2341 
4323 2180 2451 2453 
4324 2181 2450 2452 
4325 2146 323 2332 
4326 2147 142 2333 
4327 1396 1493 2340 
4328 1417 1494 2341 
4329 1332 1414 2344 
4330 1326 1393 2345 
4331 1453 1377 2362 
4332 1454 1378 2363 
4333 1721 2483 2493 
4334 1782 2482 2492 
4335 1684 785 2464 
4336 1674 786 2465 
4337 1761 2408 2418 
4338 1700 2409 2419 
4339 99 791 2346 
4340 280 792 2347 
4341 1363 2026 2350 
4342 1364 2027 2351 
4343 820 98 2346 
4344 819 279 2347 
4345 867 2180 2453 
4346 868 2181 2452 
4347 903 1593 2471 
4348 904 1589 2470 
4349 2309 1468 2586 
4350 2308 1467 2587 
4351 1777 1776 2480 
4352 1716 1715 2481 
4353 1740 841 2548 
4354 1801 842 2549 
4355 1675 1673 2361 
4356 1685 1683 2360 
4357 114 2291 2393 
4358 295 2290 2392 
4359 2028 1367 2356 
4360 2029 1372 2357 
4361 1970 1386 2368 
4362 1975 1391 2369 
4363 773 333 2354 
4364 774 152 2355 
4365 994 993 2292 
4366 1137 1136 2293 
4367 2450 874 2458 
4368 2451 873 2459 
4369 2181 874 2450 
4370 2180 873 2451 
4371 1436 2029 2371 
4372 1435 2028 2370 
4373 1353 454 2294 
4374 525 1354 2295 
4375 1537 2252 2336 
4376 1539 2253 2339 
4377 1779 1777 2476 
4378 1718 1716 2477 
4379 1954 1955 2362 
4380 1956 1957 2363 
4381 2476 1777 2480 
4382 2477 1716 2481 
4383 797 2136 2296 
4384 798 2137 2297 
4385 1283 1585 2366 
4386 1284 1584 2367 
4387 470 471 2365 
4388 508 509 2364 
4389 2036 2345 2557 
4390 2033 2344 2554 
4391 843 1940 2542 
4392 160 161 2372 
4393 341 342 2373 
4394 844 1913 2544 
4395 1944 1942 2540 
4396 1917 1915 2541 
4397 1566 382 2298 
4398 55 1567 2299 
4399 2026 1379 2302 
4400 2027 1380 2303 
4401 320 2144 2300 
4402 139 2145 2301 
4403 161 162 2375 
4404 342 343 2374 
4405 1736 1734 2520 
4406 1797 1795 2519 
4407 1740 1738 2530 
4408 1801 1799 2531 
4409 1805 1803 2539 
4410 1744 1742 2538 
4411 1809 1807 2551 
4412 1748 1746 2550 
4413 1634 292 2608 
4414 1635 111 2609 
4415 1940 843 2540 
4416 1913 1911 2545 
4417 873 2202 2459 
4418 874 2203 2458 
4419 1940 1938 2543 
4420 1913 844 2541 
4421 1479 1381 2378 
4422 1480 1382 2379 
4423 1718 2477 2487 
4424 1779 2476 2486 
4425 2317 1891 2547 
4426 2316 1858 2546 
4427 1774 1773 2468 
4428 1713 1712 2469 
4429 2302 1972 2572 
4430 2303 1977 2573 
4431 2339 2034 2605 
4432 2336 2037 2604 
4433 1371 2091 2356 
4434 1376 2093 2357 
4435 1736 846 2537 
4436 1797 845 2536 
4437 2136 821 2376 
4438 2137 822 2377 
4439 1909 1907 2527 
4440 1599 1634 2352 
4441 1601 1635 2353 
4442 1936 1934 2526 
4443 1840 1839 2446 
4444 1873 1872 2447 
4445 2290 1482 2392 
4446 2291 1484 2393 
4447 1438 1480 2381 
4448 1437 1479 2380 
4449 787 294 2392 
4450 788 113 2393 
4451 1896 1897 2509 
4452 1863 1864 2510 
4453 1489 2079 2304 
4454 1491 2078 2305 
4455 813 289 2402 
4456 814 108 2403 
4457 290 771 2402 
4458 109 772 2403 
4459 278 819 2399 
4460 97 820 2398 
4461 1715 1713 2457 
4462 1776 1774 2456 
4463 903 96 2398 
4464 904 277 2399 
4465 2456 1774 2468 
4466 2457 1713 2469 
4467 8 300 2562 
4468 4 119 2563 
4469 318 9 2564 
4470 137 5 2565 
4471 299 8 2562 
4472 118 4 2563 
4473 9 319 2564 
4474 5 138 2565 
4475 797 2296 2590 
4476 798 2297 2591 
4477 2108 813 2370 
4478 2109 814 2371 
4479 1905 1903 2514 
4480 847 1944 2533 
4481 848 1917 2532 
4482 1928 1926 2508 
4483 1279 1826 2562 
4484 1281 1830 2563 
4485 1932 1930 2512 
4486 1901 1899 2511 
4487 1963 1133 2306 
4488 1959 1276 2307 
4489 1927 1928 2512 
4490 1900 1901 2514 
4491 2303 2131 2585 
4492 2302 2130 2584 
4493 1715 2457 2481 
4494 1776 2456 2480 
4495 751 916 2503 
4496 913 563 2502 
4497 651 915 2505 
4498 914 663 2504 
4499 133 134 2484 
4500 314 315 2485 
4501 785 284 2464 
4502 786 103 2465 
4503 1944 847 2529 
4504 1355 1467 2308 
4505 1357 1468 2309 
4506 1917 848 2528 
4507 2360 2306 2594 
4508 2361 2307 2595 
4509 1931 1932 2526 
4510 992 469 2310 
4511 510 991 2311 
4512 1732 849 2523 
4513 1793 850 2522 
4514 902 275 2470 
4515 901 94 2471 
4516 276 904 2470 
4517 95 903 2471 
4518 1904 1905 2527 
4519 18 990 2560 
4520 14 989 2561 
4521 907 18 2560 
4522 909 14 2561 
4523 1843 1842 2439 
4524 1876 1875 2438 
4525 1444 19 2567 
4526 1443 15 2566 
4527 877 2200 2461 
4528 878 2201 2460 
4529 19 712 2567 
4530 15 612 2566 
4531 990 1859 2316 
4532 989 1892 2317 
4533 1935 1936 2543 
4534 59 832 2513 
4535 827 58 2513 
4536 240 831 2515 
4537 828 239 2515 
4538 61 835 2518 
4539 832 60 2518 
4540 1908 1909 2545 
4541 242 836 2521 
4542 831 241 2521 
4543 849 370 2523 
4544 850 189 2522 
4545 190 845 2522 
4546 371 846 2523 
4547 337 338 2312 
4548 156 157 2313 
4549 844 247 2532 
4550 248 848 2532 
4551 843 66 2533 
4552 67 847 2533 
4553 835 62 2534 
4554 63 839 2534 
4555 836 243 2535 
4556 244 840 2535 
4557 846 372 2537 
4558 845 191 2536 
4559 192 842 2536 
4560 373 841 2537 
4561 876 2166 2442 
4562 875 2165 2443 
4563 65 843 2542 
4564 839 64 2542 
4565 246 844 2544 
4566 840 245 2544 
4567 1592 1366 2561 
4568 1588 1365 2560 
4569 375 837 2548 
4570 194 838 2549 
4571 841 374 2548 
4572 842 193 2549 
4573 838 195 2556 
4574 837 376 2555 
4575 377 833 2555 
4576 196 834 2556 
4577 1773 1771 2440 
4578 1712 1710 2441 
4579 833 378 2558 
4580 834 197 2559 
4581 379 830 2558 
4582 198 829 2559 
4583 1963 2306 2360 
4584 1959 2307 2361 
4585 1792 1793 2519 
4586 1731 1732 2520 
4587 132 133 2601 
4588 313 314 2600 
4589 1735 1736 2530 
4590 1796 1797 2531 
4591 1939 1940 2540 
4592 111 112 2609 
4593 292 293 2608 
4594 1912 1913 2541 
4595 1739 1740 2538 
4596 1800 1801 2539 
4597 1743 1744 2550 
4598 1804 1805 2551 
4599 1916 1917 2528 
4600 1943 1944 2529 
4601 1808 1809 2553 
4602 1747 1748 2552 
4603 1427 1429 2583 
4604 1406 1408 2582 
4605 2304 773 2606 
4606 2305 774 2607 
4607 1824 803 2320 
4608 1828 801 2321 
4609 882 2183 2445 
4610 881 2182 2444 
4611 783 2274 2566 
4612 784 2275 2567 
4613 316 317 2318 
4614 135 136 2319 
4615 1354 2122 2568 
4616 2123 1353 2569 
4617 1773 2440 2468 
4618 1712 2441 2469 
4619 1384 1383 2322 
4620 1389 1388 2323 
4621 796 116 2423 
4622 795 297 2422 
4623 779 2302 2572 
4624 780 2303 2573 
4625 1472 1536 2324 
4626 1471 1538 2325 
4627 303 304 2326 
4628 122 123 2327 
4629 1402 1404 2328 
4630 1423 1425 2329 
4631 1846 1845 2431 
4632 1879 1878 2430 
4633 2027 2303 2585 
4634 2026 2302 2584 
4635 2336 1328 2345 
4636 2339 1334 2344 
4637 305 306 2330 
4638 124 125 2331 
4639 323 324 2332 
4640 142 143 2333 
4641 283 785 2412 
4642 102 786 2413 
4643 1398 1400 2334 
4644 1419 1421 2335 
4645 307 308 2337 
4646 126 127 2338 
4647 880 2162 2436 
4648 879 2163 2437 
4649 1770 1768 2433 
4650 1709 1707 2432 
4651 1394 1396 2340 
4652 1415 1417 2341 
4653 309 310 2342 
4654 128 129 2343 
4655 1334 1332 2344 
4656 1328 1326 2345 
4657 2252 1328 2336 
4658 2253 1334 2339 
4659 2274 1317 2366 
4660 2275 1318 2367 
4661 1685 282 2412 
4662 1675 101 2413 
4663 885 2197 2435 
4664 886 2196 2434 
4665 1600 772 2449 
4666 1598 771 2448 
4667 98 99 2346 
4668 279 280 2347 
4669 1897 2478 2509 
4670 1864 2479 2510 
4671 1673 1959 2361 
4672 1683 1963 2360 
4673 1882 1881 2420 
4674 1849 1848 2421 
4675 292 1634 2448 
4676 111 1635 2449 
4677 1392 1498 2348 
4678 1387 1497 2349 
4679 883 2169 2429 
4680 884 2168 2428 
4681 1767 1765 2426 
4682 1706 1704 2427 
4683 2186 827 2574 
4684 2187 828 2575 
4685 1458 1363 2350 
4686 1457 1364 2351 
4687 1827 1825 2588 
4688 1831 1829 2589 
4689 285 2091 2464 
4690 104 2093 2465 
4691 1998 1599 2352 
4692 1999 1601 2353 
4693 1851 1849 2425 
4694 1884 1882 2424 
4695 1549 2389 2505 
4696 2388 1548 2504 
4697 807 2033 2554 
4698 808 2036 2557 
4699 1353 2294 2314 
4700 2295 1354 2315 
4701 333 334 2354 
4702 152 153 2355 
4703 1885 1884 2410 
4704 1852 1851 2411 
4705 1849 2421 2425 
4706 1882 2420 2424 
4707 1367 1371 2356 
4708 1372 1376 2357 
4709 2034 776 2605 
4710 2037 775 2604 
4711 1377 1954 2362 
4712 1378 1956 2363 
4713 1819 1458 2358 
4714 1818 1457 2359 
4715 888 2158 2418 
4716 887 2159 2419 
4717 1703 1701 2417 
4718 1764 1762 2416 
4719 1698 1697 2407 
4720 1759 1758 2406 
4721 1854 1852 2414 
4722 1887 1885 2415 
4723 1597 992 2388 
4724 991 1596 2389 
4725 298 1826 2422 
4726 117 1830 2423 
4727 2324 314 2485 
4728 2325 133 2484 
4729 314 2324 2600 
4730 133 2325 2601 
4731 1855 1854 2400 
4732 1888 1887 2401 
4733 1546 2315 2568 
4734 2314 1547 2569 
4735 1852 2411 2414 
4736 1885 2410 2415 
4737 1317 1283 2366 
4738 1318 1284 2367 
4739 1386 1387 2368 
4740 1391 1392 2369 
4741 1408 2320 2582 
4742 1429 2321 2583 
4743 1593 2317 2547 
4744 1589 2316 2546 
4745 2372 1479 2378 
4746 2373 1480 2379 
4747 1700 1698 2409 
4748 1761 1759 2408 
4749 1967 1435 2370 
4750 1966 1436 2371 
4751 1756 1755 2394 
4752 1695 1694 2395 
4753 2410 1884 2424 
4754 2411 1851 2425 
4755 1890 1888 2405 
4756 1857 1855 2404 
4757 1698 2407 2409 
4758 1759 2406 2408 
4759 1858 1857 2390 
4760 1891 1890 2391 
4761 1489 2304 2606 
4762 1491 2305 2607 
4763 822 160 2372 
4764 821 341 2373 
4765 1888 2401 2405 
4766 1855 2400 2404 
4767 343 900 2374 
4768 162 899 2375 
4769 1758 1756 2396 
4770 1697 1695 2397 
4771 829 2156 2581 
4772 830 2157 2580 
4773 1753 1752 2382 
4774 1692 1691 2383 
4775 1480 2374 2381 
4776 1479 2375 2380 
4777 772 110 2449 
4778 771 291 2448 
4779 2400 1854 2414 
4780 2401 1887 2415 
4781 2315 1546 2502 
4782 1547 2314 2503 
4783 291 292 2448 
4784 110 111 2449 
4785 1755 1753 2386 
4786 1694 1692 2387 
4787 1756 2394 2396 
4788 1695 2395 2397 
4789 1499 415 2611 
4790 22 1500 2610 
4791 1752 1437 2380 
4792 1691 1438 2381 
4793 1280 2300 2349 
4794 1282 2301 2348 
4795 1382 1455 2379 
4796 1381 1456 2378 
4797 792 2360 2594 
4798 791 2361 2595 
4799 2472 1827 2588 
4800 2473 1831 2589 
4801 2304 1469 2596 
4802 2305 1470 2597 
4803 1758 2396 2406 
4804 1697 2397 2407 
4805 1753 2382 2386 
4806 1692 2383 2387 
4807 2390 1857 2404 
4808 2391 1890 2405 
4809 1755 2386 2394 
4810 1694 2387 2395 
4811 1752 2380 2382 
4812 1691 2381 2383 
4813 1547 1463 2569 
4814 1460 1546 2568 
4815 899 2204 2382 
4816 900 2205 2383 
4817 2381 900 2383 
4818 2380 899 2382 
4819 282 283 2412 
4820 101 102 2413 
4821 2382 2204 2386 
4822 2383 2205 2387 
4823 2204 896 2386 
4824 2205 895 2387 
4825 1472 2324 2485 
4826 1471 2325 2484 
4827 294 295 2392 
4828 113 114 2393 
4829 2091 1684 2464 
4830 2093 1674 2465 
4831 2386 896 2394 
4832 2387 895 2395 
4833 1470 2309 2597 
4834 1469 2308 2596 
4835 2172 902 2390 
4836 2173 901 2391 
4837 896 2198 2394 
4838 895 2199 2395 
4839 297 298 2422 
4840 116 117 2423 
4841 96 97 2398 
4842 277 278 2399 
4843 2198 891 2396 
4844 2199 892 2397 
4845 2394 2198 2396 
4846 2395 2199 2397 
4847 2320 803 2582 
4848 2321 801 2583 
4849 1762 1761 2418 
4850 1701 1700 2419 
4851 289 290 2402 
4852 108 109 2403 
4853 2324 1536 2600 
4854 2325 1538 2601 
4855 2172 2390 2404 
4856 2173 2391 2405 
4857 2195 897 2401 
4858 2194 898 2400 
4859 2396 891 2406 
4860 2397 892 2407 
4861 898 2172 2404 
4862 897 2173 2405 
4863 2401 897 2405 
4864 2400 898 2404 
4865 1765 1764 2428 
4866 1704 1703 2429 
4867 891 2171 2406 
4868 892 2170 2407 
4869 2171 888 2408 
4870 2170 887 2409 
4871 2296 2136 2376 
4872 2297 2137 2377 
4873 1682 1685 2412 
4874 1672 1675 2413 
4875 2406 2171 2408 
4876 2407 2170 2409 
4877 2194 2400 2414 
4878 2195 2401 2415 
4879 2185 894 2411 
4880 2184 893 2410 
4881 2177 859 2509 
4882 2176 860 2510 
4883 1826 1827 2422 
4884 1830 1831 2423 
4885 1707 1706 2437 
4886 1768 1767 2436 
4887 2411 894 2414 
4888 2410 893 2415 
4889 894 2194 2414 
4890 893 2195 2415 
4891 1861 1863 2475 
4892 1894 1896 2474 
4893 2158 884 2416 
4894 2159 883 2417 
4895 2184 2410 2424 
4896 2185 2411 2425 
4897 1771 1770 2442 
4898 1710 1709 2443 
4899 2197 889 2420 
4900 2196 890 2421 
4901 2466 1894 2474 
4902 2467 1861 2475 
4903 2421 890 2425 
4904 2420 889 2424 
4905 889 2184 2424 
4906 890 2185 2425 
4907 2169 879 2427 
4908 2168 880 2426 
4909 1848 1846 2434 
4910 1881 1879 2435 
4911 2182 885 2430 
4912 2183 886 2431 
4913 1837 1836 2450 
4914 1870 1869 2451 
4915 2163 875 2432 
4916 2162 876 2433 
4917 1842 1840 2460 
4918 1875 1873 2461 
4919 1878 1876 2444 
4920 1845 1843 2445 
4921 2451 1869 2453 
4922 2450 1836 2452 
4923 774 2355 2607 
4924 773 2354 2606 
4925 1477 1983 2590 
4926 1478 1985 2591 
4927 2455 1833 2462 
4928 2454 1866 2463 
4929 1634 1598 2448 
4930 1635 1600 2449 
4931 2453 1867 2454 
4932 2452 1834 2455 
4933 2200 881 2438 
4934 2201 882 2439 
4935 1836 1834 2452 
4936 1869 1867 2453 
4937 1834 1833 2455 
4938 1867 1866 2454 
4939 1833 1860 2462 
4940 1866 1893 2463 
4941 1839 1837 2458 
4942 1872 1870 2459 
4943 2165 871 2441 
4944 2166 872 2440 
4945 1893 1894 2466 
4946 1860 1861 2467 
4947 2113 2304 2596 
4948 2112 2305 2597 
4949 1837 2450 2458 
4950 1870 2451 2459 
4951 2019 1481 2472 
4952 2018 1483 2473 
4953 2203 878 2446 
4954 2202 877 2447 
4955 2463 1893 2466 
4956 2462 1860 2467 
4957 916 1750 2576 
4958 915 1811 2577 
4959 284 285 2464 
4960 103 104 2465 
4961 275 276 2470 
4962 94 95 2471 
4963 2161 869 2456 
4964 2164 870 2457 
4965 2440 872 2468 
4966 2441 871 2469 
4967 872 2161 2468 
4968 871 2164 2469 
4969 2161 2456 2468 
4970 2164 2457 2469 
4971 134 794 2484 
4972 315 793 2485 
4973 2160 866 2476 
4974 2167 865 2477 
4975 1464 2576 2580 
4976 1476 2577 2581 
4977 2457 870 2481 
4978 2456 869 2480 
4979 2352 1634 2608 
4980 2353 1635 2609 
4981 855 2177 2478 
4982 856 2176 2479 
4983 870 2167 2481 
4984 869 2160 2480 
4985 2160 2476 2480 
4986 2167 2477 2481 
4987 2174 862 2482 
4988 2175 861 2483 
4989 2477 865 2487 
4990 2476 866 2486 
4991 866 2174 2486 
4992 865 2175 2487 
4993 2174 2482 2486 
4994 2175 2483 2487 
4995 2151 857 2488 
4996 2153 858 2489 
4997 1899 1924 2511 
4998 1926 1951 2508 
4999 856 2479 2496 
5000 855 2478 2497 
5001 827 2508 2574 
5002 2483 861 2493 
5003 2482 862 2492 
5004 828 2511 2575 
5005 1930 1927 2512 
5006 1903 1900 2514 
5007 563 13 2502 
5008 20 751 2503 
5009 663 17 2504 
5010 16 651 2505 
5011 1795 1792 2519 
5012 1734 1731 2520 
5013 2151 2488 2493 
5014 2153 2489 2492 
5015 861 2151 2493 
5016 862 2153 2492 
5017 2150 853 2494 
5018 2152 854 2495 
5019 2179 856 2496 
5020 2178 855 2497 
5021 2489 858 2501 
5022 2488 857 2500 
5023 1919 1916 2528 
5024 1946 1943 2529 
5025 58 59 2513 
5026 1738 1735 2530 
5027 1799 1796 2531 
5028 1934 1931 2526 
5029 239 240 2515 
5030 1907 1904 2527 
5031 2155 849 2498 
5032 2154 850 2499 
5033 60 61 2518 
5034 2150 2494 2500 
5035 2152 2495 2501 
5036 857 2150 2500 
5037 858 2152 2501 
5038 1742 1739 2538 
5039 1803 1800 2539 
5040 1942 1939 2540 
5041 1915 1912 2541 
5042 241 242 2521 
5043 1938 1935 2543 
5044 1911 1908 2545 
5045 2193 852 2506 
5046 2192 851 2507 
5047 189 190 2522 
5048 370 371 2523 
5049 1746 1743 2550 
5050 1807 1804 2551 
5051 2495 854 2516 
5052 2494 853 2517 
5053 1811 1808 2553 
5054 1750 1747 2552 
5055 247 248 2532 
5056 66 67 2533 
5057 62 63 2534 
5058 2154 2499 2516 
5059 2155 2498 2517 
5060 243 244 2535 
5061 854 2154 2516 
5062 853 2155 2517 
5063 191 192 2536 
5064 372 373 2537 
5065 2179 2496 2524 
5066 2178 2497 2525 
5067 64 65 2542 
5068 245 246 2544 
5069 1454 2363 2593 
5070 1453 2362 2592 
5071 138 2301 2565 
5072 319 2300 2564 
5073 2506 852 2524 
5074 2019 2472 2588 
5075 2018 2473 2589 
5076 2507 851 2525 
5077 374 375 2548 
5078 193 194 2549 
5079 852 2179 2524 
5080 851 2178 2525 
5081 376 377 2555 
5082 195 196 2556 
5083 1414 1496 2554 
5084 1393 1495 2557 
5085 378 379 2558 
5086 197 198 2559 
5087 2576 1750 2580 
5088 2577 1811 2581 
5089 1468 2359 2586 
5090 1467 2358 2587 
5091 300 1279 2562 
5092 119 1281 2563 
5093 2309 817 2597 
5094 2308 818 2596 
5095 1280 318 2564 
5096 1282 137 2565 
5097 2350 2026 2584 
5098 2351 2027 2585 
5099 1365 907 2560 
5100 1366 909 2561 
5101 612 783 2566 
5102 712 784 2567 
5103 1361 2296 2570 
5104 1362 2297 2571 
5105 1476 1549 2577 
5106 1464 1547 2576 
5107 2157 1464 2580 
5108 2156 1476 2581 
5109 1970 2368 2599 
5110 1975 2369 2598 
5111 1977 1976 2573 
5112 1972 1971 2572 
5113 788 2393 2603 
5114 787 2392 2602 
5115 2314 20 2503 
5116 13 2315 2502 
5117 1546 1461 2578 
5118 799 2146 2599 
5119 800 2147 2598 
5120 1548 1474 2579 
5121 2332 779 2572 
5122 2333 780 2573 
5123 1584 1361 2570 
5124 1585 1362 2571 
5125 764 2111 2587 
5126 763 2110 2586 
5127 1951 913 2578 
5128 1924 914 2579 
5129 1461 2186 2574 
5130 1474 2187 2575 
5131 822 2372 2378 
5132 821 2373 2379 
5133 21 2 2610 
5134 11 416 2611 
5135 1474 2575 2579 
5136 1461 2574 2578 
5137 2347 792 2594 
5138 2346 791 2595 
5139 2374 900 2381 
5140 2375 899 2380 
5141 2312 797 2590 
5142 2313 798 2591 
5143 1486 1427 2583 
5144 1485 1406 2582 
5145 2 22 2610 
5146 415 11 2611 
5147 1408 2019 2588 
5148 1429 2018 2589 
5149 2130 816 2584 
5150 2131 815 2585 
5151 2575 1924 2579 
5152 2574 1951 2578 
5153 818 2113 2596 
5154 817 2112 2597 
5155 1484 2016 2603 
5156 1482 2017 2602 
5157 775 313 2600 
5158 776 132 2601 
5159 2490 1499 2611 
5160 1500 2491 2610 
5161 1490 1489 2606 
5162 1492 1491 2607 
5163 1536 1537 2604 
5164 1538 1539 2605 
5165 293 787 2608 
5166 112 788 2609 
5167 2553 829 2581 
5168 2552 830 2580 
5169 1983 2312 2590 
5170 1985 2313 2591 
5171 2158 2416 2418 
5172 2159 2417 2419 
5173 787 2352 2608 
5174 788 2353 2609 
5175 790 2282 2592 
5176 789 2283 2593 
5177 2416 1762 2418 
5178 2417 1701 2419 
5179 2377 1456 2571 
5180 2376 1455 2570 
5181 2301 1282 2565 
5182 2300 1280 2564 
5183 2478 2177 2509 
5184 2479 2176 2510 
5185 2296 2376 2570 
5186 2297 2377 2571 
5187 2354 1490 2606 
5188 2355 1492 2607 
5189 2168 2426 2428 
5190 2169 2427 2429 
5191 2426 1765 2428 
5192 2427 1704 2429 
5193 1353 2314 2569 
5194 2315 1354 2568 
5195 2431 886 2434 
5196 2430 885 2435 
5197 1846 2431 2434 
5198 1879 2430 2435 
5199 2162 2433 2436 
5200 2163 2432 2437 
5201 2433 1768 2436 
5202 2432 1707 2437 
5203 860 2475 2510 
5204 859 2474 2509 
5205 1976 2333 2573 
5206 1971 2332 2572 
5207 2307 1591 2595 
5208 2306 1587 2594 
5209 2390 902 2546 
5210 2391 901 2547 
5211 1858 2390 2546 
5212 1891 2391 2547 
5213 2438 881 2444 
5214 2439 882 2445 
5215 1876 2438 2444 
5216 1843 2439 2445 
5217 816 2350 2584 
5218 815 2351 2585 
5219 2165 2441 2443 
5220 2166 2440 2442 
5221 2441 1710 2443 
5222 2440 1771 2442 
5223 1840 2446 2460 
5224 1873 2447 2461 
5225 2447 877 2461 
5226 2446 878 2460 
5227 2358 764 2587 
5228 2359 763 2586 
5229 2368 799 2599 
5230 2369 800 2598 
5231 1591 2346 2595 
5232 1587 2347 2594 
5233 2362 790 2592 
5234 2363 789 2593 
5235 2474 1896 2509 
5236 2475 1863 2510 
5237 2392 1482 2602 
5238 2393 1484 2603 
5239 2508 1951 2574 
5240 2511 1924 2575 
5241 1750 2552 2580 
5242 1811 2553 2581 
5243 2491 21 2610 
5244 416 2490 2611 
$EndElements
